2-4_2050_area_ratio,2-4_2050_bearing_err,2-4_2050_change_err,2-4_2050_class_agree,2-4_2050_commission,2-4_2050_fast_disp_area_ratio,2-4_2050_fast_disp_sorensen,2-4_2050_gain_sorensen,2-4_2050_loss_sorensen,2-4_2050_none_disp_area_ratio,2-4_2050_none_disp_sorensen,2-4_2050_novel_err,2-4_2050_novel_share,2-4_2050_omission,2-4_2050_other_err,2-4_2050_pred_change,2-4_2050_pred_shift,2-4_2050_sens,2-4_2050_shift_err_km,2-4_2050_slow_disp_area_ratio,2-4_2050_slow_disp_sorensen,2-4_2050_sorensen,2-4_2050_spec,2-4_2050_true_change,2-4_2050_true_shift,2-4_2050_tss,2-4_2050_unlimited_disp_area_ratio,2-4_2050_unlimited_disp_sorensen,5-8_2100_area_ratio,5-8_2100_bearing_err,5-8_2100_change_err,5-8_2100_class_agree,5-8_2100_commission,5-8_2100_fast_disp_area_ratio,5-8_2100_fast_disp_sorensen,5-8_2100_gain_sorensen,5-8_2100_loss_sorensen,5-8_2100_none_disp_area_ratio,5-8_2100_none_disp_sorensen,5-8_2100_novel_err,5-8_2100_novel_share,5-8_2100_omission,5-8_2100_other_err,5-8_2100_pred_change,5-8_2100_pred_shift,5-8_2100_sens,5-8_2100_shift_err_km,5-8_2100_slow_disp_area_ratio,5-8_2100_slow_disp_sorensen,5-8_2100_sorensen,5-8_2100_spec,5-8_2100_true_change,5-8_2100_true_shift,5-8_2100_tss,5-8_2100_unlimited_disp_area_ratio,5-8_2100_unlimited_disp_sorensen,background,bias_power,cv_auc,cv_auc_dom,cv_boyce,cv_folds,cv_tss,exp,grid_km,kept,n,n_bg,n_rec,n_req,now_area_ratio,now_auc_truth,now_commission,now_omission,now_rank_r,now_sens,now_sorensen,now_spec,now_tss,predictors,secs,seed,species,thr,thr_maxtss_change_err,thr_maxtss_fut_sorensen,thr_maxtss_now_area_ratio,thr_maxtss_now_tss,thr_minpres_change_err,thr_minpres_fut_sorensen,thr_minpres_now_area_ratio,thr_minpres_now_tss,thr_p05_change_err,thr_p05_fut_sorensen,thr_p05_now_area_ratio,thr_p05_now_tss,thr_p10_change_err,thr_p10_fut_sorensen,thr_p10_now_area_ratio,thr_p10_now_tss
1.4721985760718155,5.291626919521605,-2.1329650530134803,0.6655690956835714,0.48322628076149204,1.478921692484111,0.7978642497040214,0.004863449307893753,0.14328936221711244,1.544462686256988,0.7740143910745935,0.3488372093023256,0.0013232397833579518,0.01102770468967652,0.26193777668217627,-3.0834479596515307,38.396884049855984,0.9889722953103235,49.32039507559603,1.5288234701078738,0.781791942081217,0.8000751273643599,0.45465065502183405,-0.9504829066380505,217.15741981288664,0.4436229503321576,1.4721985760718155,0.8000751273643599,1.4347267680324813,11.549931453893066,-4.295961939759007,0.6227022813064172,0.4529767576749389,1.4348159350334568,0.8064255387940203,0.0006222775357809583,0.383725008768853,1.6764902880107166,0.7294887480072665,0.4112370160528801,0.02172575086164451,0.018249989642457637,0.22939079375065535,-11.788680014264607,132.54240351645768,0.9817500103575424,212.38609837086742,1.5802432512607534,0.759538001662628,0.8064560042200555,0.5556752143698948,-7.4927180745056,553.820280942773,0.5374252247274371,1.4347267680324813,0.8064560042200555,target,1.0,0.7643484093183479,0.7206662495462355,0.7406445644402515,5,0.34104440317798124,E1,15.0,"gbm,rf",50,10000,50,50,1.5045991108385712,0.9591690376672565,0.5150045991108386,0.010405488272267362,0.7375200309369737,0.9895945117277326,0.7902218821729151,0.4067852728235917,0.3963797845513244,"mat,lpann",35.0,0,broad,0.3639,1.1338935589019332,0.852447008194845,0.8001111451785988,0.7127731532501751,-0.4009019566161953,0.7637928579339588,1.625555725892994,0.27944552357407737,-4.295961939759007,0.8064560042200555,1.5045991108385712,0.3963797845513244,0.8099571834708108,0.9086990674535237,1.0477924267974859,0.8185198889683849
1.1147268224733013,3.5877933238605806,-1.761255577760168,0.8796056950599048,0.11492029097662901,1.119570076383355,0.9434041850826196,0.12490193001726031,0.4224188790560472,1.1391342297221472,0.9347633897778166,0.0,0.0009847365829640572,0.00019346850332765825,0.06109331361918843,-2.7117384843982184,170.92428520192777,0.9998065314966723,31.06959579369567,1.14636556104446,0.9316198367293258,0.9455656597076099,0.8703056768558952,-0.9504829066380505,217.15741981288664,0.8701122083525674,1.1147268224733013,0.9455656597076099,1.1184488544558147,2.6879339241389175,-1.3415383080420114,0.8714918759231906,0.11853171479471351,1.1177104265501026,0.9443379245578338,0.5744350758853288,0.7509492218467059,1.1691597826895885,0.9219244976612802,0.010858324715615306,0.01983833907763007,8.28603388987861e-05,0.05970446030516776,-8.834256382547611,485.56460151067523,0.9999171396611012,56.192462861637544,1.1830545603906624,0.9160638876113225,0.9440087614651986,0.8837322713049133,-7.4927180745056,553.820280942773,0.8836494109660145,1.1184488544558147,0.9440087614651986,target,1.0,0.7797773932084754,0.7491635788342962,0.780205188702603,5,0.3534781848555664,E1,15.0,"gam,maxent,gbm,rf",100,10000,100,100,1.1349072512647556,0.995562823887217,0.13504139199754714,0.0001341407327916603,0.9389672943551326,0.9998658592672084,0.9366831825362631,0.844450821119548,0.8443166803867563,"mat,lpann",37.6,0,broad,0.39858,-0.47908235933388177,0.967407871385322,0.9894220450712862,0.9315678417305975,5.091192736704997,0.7056106527125098,1.7387321784455005,0.14908175878509633,-1.3415383080420114,0.9440087614651986,1.1349072512647556,0.8443166803867563,1.0051808683582353,0.9628084736970262,0.946401195768818,0.9174947121324513
0.9963434452871073,3.153527905952558,0.5174067122951098,0.9579025110782866,0.01895991332611051,0.9958018308682047,0.9782833102857255,0.8154008438818565,0.6820809248554913,0.9868035495334483,0.9734840956873738,0.0,0.0016720006564910554,0.02261646803900325,0.022080657590547136,-0.43307619434294065,229.4892940635204,0.9773835319609967,15.475416185771717,0.9911684645629599,0.9750081011017498,0.9791737331252968,0.9786026200873362,-0.9504829066380505,217.15741981288664,0.9559861520483328,0.9963434452871073,0.9791737331252968,0.9849608484898703,2.0325555080448225,-0.579126172734501,0.9565177252584933,0.015702034221319966,0.9815417124153218,0.975839248936237,0.9227272727272727,0.8791298994459266,0.9732083054253181,0.9676145935480627,0.0,0.022371984244214674,0.03074118573144964,0.02352398040018047,-8.0718442472401,576.543930466905,0.9692588142685503,24.70478082569044,0.9808091641375534,0.9721559817982836,0.9766024503767402,0.984597878652416,-7.4927180745056,553.820280942773,0.9538566929209664,0.9849608484898703,0.9766024503767402,target,1.0,0.7745886574272498,0.7384860284174377,0.8687934303867891,5,0.4692747758381152,E1,15.0,"gam,maxent,gbm,rf",500,10000,496,500,0.9911658745975778,0.9984556625574256,0.01510041391997547,0.02393453932239767,0.9630071757043422,0.9760654606776024,0.9803959309767388,0.9826063923715346,0.9586718530491369,"mat,lpann",42.1,0,broad,0.476784375,-1.1026740863978368,0.9537401893575446,0.9299018856354438,0.9216546720444689,10.000866618454296,0.6695608754750478,1.7931741529970873,0.08637206427688504,-0.579126172734501,0.9766024503767402,0.9911658745975778,0.9586718530491369,-0.4241240540876712,0.923481145834493,0.86461367468956,0.8616034417288541
0.9665879894753134,1.3431421418003993,-0.936717124782549,0.9680986377810602,0.00048367125831914567,0.9669977259917203,0.9827279554167819,0.8431703204047217,0.7686924063921614,0.9645670109520148,0.981498524324839,0.0,0.0009847365829640572,0.03389568178300573,0.018245851815344175,-1.8872000314205994,233.37537156074234,0.9661043182169943,26.6344813111757,0.9673354168767013,0.982781592702675,0.9825182736672274,0.9994541484716157,-0.9504829066380505,217.15741981288664,0.9655584666886101,0.9665879894753134,0.9825182736672274,0.9627542776649957,0.2712878170319186,-1.2382822789762002,0.9674216313802725,0.00031072627087044786,0.9627933956205589,0.9807274185717603,0.9408095802407535,0.9086883431054984,0.952742427625214,0.9753420480963452,0.0,0.01983833907763007,0.0375564486058748,0.019130543985599765,-8.7310003534818,581.174137101934,0.9624435513941252,38.139837792025425,0.9592907833785912,0.9787799026344599,0.980707124010554,0.9996952086804568,-7.4927180745056,553.820280942773,0.9621387600745819,0.9627542776649957,0.980707124010554,target,1.0,0.7816493212748539,0.7261080479977875,0.8306679303242586,5,0.49130135824495325,E1,15.0,"gam,maxent,gbm,rf",5000,10000,4910,5000,0.9758163421738464,0.9997048445361661,0.0008240073585773417,0.02500766518473095,0.9776013021108684,0.974992334815269,0.986926076077047,0.9990508564365177,0.9740431912517868,"mat,lpann",57.4,0,broad,0.48167687500000006,-1.2750820966873082,0.9842494037049101,0.9850528897746436,0.97969220094051,9.043775898024586,0.6623674208641485,1.8396251724666564,0.0328668550238389,-1.2382822789762002,0.980707124010554,0.9758163421738464,0.9740431912517868,-1.0862030044154753,0.9528416485900217,0.9207419898819561,0.920741989881956
0.9840195016251354,0.9884210050863089,0.24765990089833378,0.9220006564910553,0.029329825104472993,0.9873666206682086,0.9621132104995501,0.5742776783431347,0.5782438349850196,0.9686194642448929,0.9527066970695043,0.0,0.001261693746922698,0.04531032347933756,0.039624094900631644,-0.7028230057397167,239.08576485169164,0.9546896765206624,50.41110562132273,0.9873374332089928,0.9605933321158255,0.9623793271574842,0.9668995633187772,-0.9504829066380505,217.15741981288664,0.9215892398394396,0.9840195016251354,0.9623793271574842,1.0058416538923645,2.0753784244269013,2.287923259777558,0.9190567044149024,0.0417201806355388,1.0057591514573967,0.9614129312125594,0.8291676491393539,0.7983857264231096,0.9812458137977227,0.9413016803145269,0.0,0.020423026423764975,0.03587852674317438,0.039226363131826134,-5.204794814728042,573.6770036943607,0.9641214732568256,44.59544977483307,1.022248590922575,0.9594565622143736,0.9613136424661778,0.9590766854959971,-7.4927180745056,553.820280942773,0.9231981587528226,1.0058416538923645,0.9613136424661778,target,1.0,0.7723472823536834,0.7535943565306561,0.740331586027982,5,0.3035569336329006,E1,15.0,"gam,maxent,gbm",50,10000,50,50,0.9815652307220604,0.9924848829085845,0.03309443507588533,0.05152920435382493,0.9568789450144887,0.9484707956461751,0.9572945477051622,0.9618797457178174,0.9103505413639925,"mat,lpann",18.7,1,broad,0.48268833333333333,0.31760794234700906,0.9599878597804644,1.0439981603556645,0.8993007979020107,0.3187210544735919,0.9605922805027497,1.041756093821861,0.8999452561250485,2.287923259777558,0.9613136424661778,0.9815652307220604,0.9103505413639925,4.62718858787875,0.9568282859982217,0.9335620113444734,0.8905115563995847
1.1194281071041634,10.464169691594975,-1.286570400787812,0.8753487608731331,0.12329747717071661,1.1245262482750578,0.9377269941175932,0.3507875691783738,0.33765647907973384,1.1301772688542988,0.9351427289223625,0.0,0.0016925160019694732,0.0038693700665531653,0.0675379920471009,-2.2370533074258625,181.3739203135208,0.9961306299334468,72.26970122329105,1.155257586450247,0.9243147160632426,0.939999452299884,0.8608515283842795,-0.9504829066380505,217.15741981288664,0.8569821583177264,1.1194281071041634,0.939999452299884,1.119940340555993,4.598351801761055,-1.1598121274036703,0.8686812735926474,0.12321332394249493,1.1200099438586315,0.9403039038452142,0.7123361344537815,0.6680331297582197,1.1697055394309246,0.9183311800418462,0.00241196333815726,0.02126415558838011,0.003272983386502051,0.06394172823979458,-8.65253020190927,494.49322237892187,0.9967270166134979,94.50255406996051,1.2110079182164617,0.9014892716708122,0.9403349684379214,0.879140082090462,-7.4927180745056,553.820280942773,0.8758670987039601,1.119940340555993,0.9403349684379214,target,1.0,0.7642876566846726,0.7242558801304705,0.7995421232354464,5,0.3003533710527114,E1,15.0,"gam,gbm,rf",100,10000,100,100,1.1341598957534877,0.9906502048528403,0.13686187337114825,0.002701977617660586,0.8877830383765564,0.9972980223823394,0.9346047823002811,0.842353876037436,0.8396518984197754,"mat,lpann",25.0,1,broad,0.40329083333333327,-0.6125031959407057,0.9181452181745179,0.9149739383719148,0.8739440507568148,6.37292178767912,0.6750569842401868,1.8362141652613828,0.03679586791453282,-1.1598121274036703,0.9403349684379214,1.1341598957534877,0.8396518984197754,-0.02012399143257504,0.9545031548160798,1.0258891614287904,0.916778525620193
0.9522326265284011,0.2391028313563197,-0.5780367900588224,0.9387822090924011,0.007409843677449311,0.9538590114866572,0.9687649212159797,0.5600447364742066,0.6808510638297872,0.9483779795922609,0.9670840710796339,0.0,0.0016720006564910554,0.055177217149048136,0.033239147187259184,-1.5285196966968728,233.90050722525035,0.9448227828509519,14.024558671536491,0.9578183284605303,0.9705658200992812,0.9679407771512383,0.9916375545851528,-0.9504829066380505,217.15741981288664,0.9364603374361047,0.9522326265284011,0.9679407771512383,0.9497866346273356,1.1192557559298848,-0.7760933213689984,0.9383206138191367,0.007540290839789535,0.9498249466553417,0.9665320866978325,0.8274143302180685,0.865396588220645,0.9367914465034358,0.9591669441811614,0.0,0.021223124897423274,0.05775365621245391,0.033033253335289614,-8.268811395874598,601.2762962436852,0.9422463437875461,20.180020373689565,0.9529927207174315,0.9674245787862501,0.9665122604224214,0.9926037306457512,-7.4927180745056,553.820280942773,0.9348500744332973,0.9497866346273356,0.9665122604224214,target,1.0,0.7790319278282095,0.744115045362953,0.9015626891898407,5,0.4190972170215884,E1,15.0,"gam,maxent,gbm,rf",500,10000,500,500,0.9578223210179365,0.9982882061712168,0.006611221830446113,0.048788900812509584,0.9609874355200942,0.9512110991874905,0.9717031918329794,0.9923847783860145,0.9435958775735049,"mat,lpann",29.3,1,broad,0.494664375,-0.8495576697017064,0.9679866098858027,0.9643185650774183,0.9481952625070624,-0.1818446579004096,0.7500679775324545,1.6697071899432776,0.22858908705633052,-0.7760933213689984,0.9665122604224214,0.9578223210179365,0.9435958775735049,-1.4486936601665672,0.9390735311878959,0.9007741836578261,0.897186645745752
0.9737076303977712,0.6024436270760702,-0.6372842469178019,0.9708579517479075,0.0017025228292833928,0.975141396668675,0.9850132351928205,0.8266740916051789,0.8128606760098929,0.9708223362912779,0.982980787481283,0.0,0.0016104546200558017,0.02799489243151215,0.015770926015349684,-1.5877671535558524,228.80168369614242,0.9720051075684879,14.868760214676882,0.9759048291158383,0.9851931220980662,0.9849534881441329,0.9980786026200873,-0.9504829066380505,217.15741981288664,0.9700837101885753,0.9737076303977712,0.9849534881441329,0.9700252724033641,0.5719759330866623,-0.9427837733268607,0.9704784178565568,0.0011600447445830053,0.970085558616975,0.9836379313970851,0.9314160675211004,0.9265452743713614,0.9623923990970207,0.9784339999494349,0.0,0.02086410635155096,0.031134772341218874,0.016332474280805413,-8.43550184783246,571.9432817272804,0.9688652276587811,19.72122083076708,0.9709056887935559,0.9825751699065659,0.9836069021356242,0.9988621124070386,-7.4927180745056,553.820280942773,0.9677273400658197,0.9700252724033641,0.9836069021356242,target,1.0,0.7825858607579352,0.725689898862075,0.8191055617519177,5,0.4873170107131771,E1,15.0,"gam,maxent,gbm,rf",5000,10000,4911,5000,0.9800130308140427,0.9996425746389073,0.002701977617660586,0.02268894680361797,0.9759741277115916,0.977311053196382,0.9871763851923542,0.9968876920360233,0.9741987452324055,"mat,lpann",43.3,1,broad,0.48495,-0.7205855158099688,0.990833715261864,0.9964931779855895,0.9825966230847967,7.6303600820245565,0.6623674208641485,1.8655909857427564,0.0029577962210842745,-0.9427837733268607,0.9836069021356242,0.9800130308140427,0.9741987452324055,-0.4503786485498207,0.9551440908156309,0.9186915529664265,0.9180730119471034
0.9763388020430274,1.564141073371843,-0.8418340668566726,0.9495630231413097,0.012672186967961616,0.9790674622456318,0.9761257058679106,0.6219070609535304,0.7505282784338099,0.9851825682162971,0.9750745878042397,0.0,0.002143853602494666,0.03633338492493422,0.026038507797160743,-1.792316973494723,210.1801469658059,0.9636666150750658,41.50220854215115,0.9869744933965118,0.9780605617795096,0.9752038608753536,0.9856986899563319,-0.9504829066380505,217.15741981288664,0.9493653050313977,0.9763388020430274,0.9752038608753536,0.9780627252765464,0.44751544373042407,-0.624278772884745,0.9520248645987198,0.00876248083854663,0.9781235110107518,0.980080849548625,0.851234328551118,0.8999363192528126,0.9849420753640445,0.9768168468412173,0.0,0.023141309699655343,0.030699755562000247,0.020003780241935484,-8.116996847390345,564.6869315974185,0.9693002444379998,23.699377000708026,0.9890240284781964,0.982894510411289,0.980050058121878,0.9914048847888812,-7.4927180745056,553.820280942773,0.9607051292268811,0.9780627252765464,0.980050058121878,target,1.0,0.7640725574206912,0.7295773639340357,0.706080958532979,5,0.32730522515020544,E1,15.0,"gam,maxent",50,10000,50,50,0.9847079564617507,0.997828911378093,0.0191054729418979,0.034397516480147175,0.9860864876388834,0.9656024835198528,0.973042386791542,0.9779931131908882,0.943595596710741,"mat,lpann",18.3,2,broad,0.477355,-0.7518297927200592,0.9813616710944418,0.9964356891001073,0.9438184663896878,4.796523967892174,0.7502894755247472,1.5835313506055495,0.32785184531167233,-0.624278772884745,0.980050058121878,0.9847079564617507,0.943595596710741,0.6532472871252804,0.9630830684649085,0.9226391231028668,0.9177320310162367
0.9455966568642625,4.371275651981989,-1.6209798370528938,0.9252831117676021,0.010485992880359077,0.9488639676585489,0.9616738638290233,0.6356275303643725,0.4865548149850609,0.9461751075458759,0.9556424056039637,0.0,0.002287461020843591,0.06488933601609657,0.040055518429034084,-2.5714627436909443,225.81345895769408,0.9351106639839034,67.48184606529523,0.9656820243976207,0.9587641555883801,0.9612585020484468,0.9881659388646288,-0.9504829066380505,217.15741981288664,0.9232766028485322,0.9455966568642625,0.9612585020484468,0.9313709243070805,0.0802960460538884,-2.8828350889915875,0.9157332184473986,0.012201184902846253,0.9302272586024736,0.9524545474059287,0.8656957928802589,0.7594806019934083,0.9142913844856243,0.934751901719647,0.0,0.023746512391268668,0.08083026059576584,0.04718775282905866,-10.375553163497187,604.5799072123633,0.9191697394042342,111.84236019279648,0.9473107728818201,0.9421235806273949,0.9518313937898858,0.988031860852603,-7.4927180745056,553.820280942773,0.9072016002568373,0.9313709243070805,0.9518313937898858,target,1.0,0.7856844363586669,0.7453826003569822,0.8166332250998163,5,0.34442570167555125,E1,15.0,"gam,maxent,gbm,rf",100,10000,100,100,0.9613291430323471,0.9950218428663389,0.016518473095201595,0.055189330062854515,0.9551092094531943,0.9448106699371455,0.9634391792867611,0.9809729825181,0.9257836524552454,"mat,lpann",25.6,2,broad,0.49663125,-2.89658118682401,0.9514598540145985,0.9598727579334662,0.9254818772591009,-1.1232259026551112,0.8068864652542727,1.4968381112984823,0.42771057743245633,-2.8828350889915875,0.9518313937898858,0.9613291430323471,0.9257836524552454,-3.1601812518181394,0.933305447620725,0.9130959681128316,0.8996942460274973
0.981001392973224,0.5309510554277495,-1.1577065987482538,0.9552150008206138,0.011782231852654389,0.9821966531262755,0.9788598435079324,0.8371376557905056,0.6410814526291672,0.9795299154180261,0.9750244086800416,0.0,0.002143853602494666,0.03078083887943043,0.022615364055962747,-2.1081895053863042,232.68392255767262,0.9692191611205696,43.9159719448402,0.9837080350841819,0.9768860157345856,0.9785143660761373,0.986703056768559,-0.9504829066380505,217.15741981288664,0.9559222178891287,0.981001392973224,0.9785143660761373,0.9717031942660646,1.0749550297443875,-1.947800864449567,0.951050385688495,0.01209760947922277,0.9717014356445899,0.9734386820206775,0.9355416846919227,0.8507265521796565,0.959787651013371,0.9644181719218744,0.0,0.023141309699655343,0.04039441521315822,0.026608702956989246,-9.440518938955167,592.3605615177353,0.9596055847868418,68.2622051962041,0.9647901786732994,0.9712553569562036,0.973377319241033,0.9881334579591173,-7.4927180745056,553.820280942773,0.9477390427459591,0.9717031942660646,0.973377319241033,target,1.0,0.7549256296435486,0.7009457510769009,0.8755669250268305,5,0.3829898593687377,E1,15.0,"gam,gbm",500,10000,498,500,0.9926030967346313,0.9978235176709647,0.017744902652153918,0.025141805917522613,0.9437535522266544,0.9748581940824774,0.9784770441037872,0.9795603037259403,0.9544184978084176,"mat,lpann",22.6,2,broad,0.47242249999999997,-2.1438510769781978,0.9742563468530296,1.0002491185037559,0.9543533748699808,7.4927180745056,0.6623674208641485,1.8681588226276253,0.0,-1.947800864449567,0.973377319241033,0.9926030967346313,0.9544184978084176,-0.5579714521436685,0.9575960293482952,0.9254560784914917,0.9215798881037336
0.9607452406748181,1.4404039835307003,-0.45519938533883364,0.9596565731166913,0.0003869370066553165,0.961128063594488,0.9797823630849736,0.6794125796619562,0.8112087390168606,0.9561711590016417,0.9772121237875682,0.0,0.0020617922205809947,0.03964169633183718,0.021266972976862274,-1.405682291976884,236.15559876247175,0.9603583036681628,3.321874523979697,0.9587055146688174,0.9785056926972885,0.9795849901822452,0.9995633187772925,-0.9504829066380505,217.15741981288664,0.9599216224454552,0.9607452406748181,0.9795849901822452,0.9608692049550482,0.9184580710972909,-0.4132521043813675,0.9609490398818316,0.00024858101669635827,0.9609082057550082,0.9798108921874175,0.8735151104819351,0.9273789303616554,0.945176254620327,0.9715349691373769,0.0,0.02220786148038733,0.03937937606164809,0.0200686088352234,-7.905970178886967,587.8551852104654,0.9606206239383519,12.816842019284282,0.9546813317207858,0.9765351389213168,0.9797906168457304,0.9997561669443654,-7.4927180745056,553.820280942773,0.9603767908827172,0.9608692049550482,0.9797906168457304,target,1.0,0.7787641742670733,0.7277117346345855,0.8386081617575835,5,0.4797224261779447,E1,15.0,"gam,maxent,gbm,rf",5000,10000,4926,5000,0.9651808983596505,0.9996896216897684,0.0007473555112678216,0.03556645715161735,0.9780534462405872,0.9644335428483827,0.9815213893574904,0.9991391488610277,0.9635726917094103,"mat,lpann",48.6,2,broad,0.492309375,-0.4702520764861333,0.9881814476942851,0.9873907711175839,0.9768755737890911,7.443321637223644,0.6640210730472699,1.8621224896520006,0.006953028430160657,-0.4132521043813675,0.9797906168457304,0.9651808983596505,0.9635726917094103,0.04094358873345527,0.9470515742750264,0.8990303541315345,0.8990303541315345
2.1228199822642626,14.41790295730658,-15.687648792255235,0.8682607090103397,1.1782441619864026,2.226881552182757,0.5842021044464918,0.19230769230769232,0.5713798396725226,3.2986018641810917,0.42546271199566327,0.0,0.0013232397833579518,0.055424179722140116,0.0857342413130784,7.960012026458219,418.7850271734726,0.9445758202778599,541.924806142366,2.9489117983963347,0.47328421419040434,0.6049505419092243,0.9121271576905271,23.647660818713454,450.1325985028951,0.856702977968387,2.1228199822642626,0.6049505419092243,1.6428244972577697,7.700870150417245,-51.86876039567749,0.860464877728541,0.7074954296160878,1.7384089799902391,0.6805382284797719,0.5929263114287194,0.677141137928729,47.34177215189873,0.027755957056821157,0.0,0.02172575086164451,0.0646709323583181,0.07086085771206878,8.072760072158758,1266.7539364112208,0.9353290676416819,543.6162331434641,7.464777947932618,0.18091361374943465,0.7078253350626892,0.930219978362784,59.94152046783625,1669.9262134486328,0.8655490460044659,1.6428244972577697,0.7078253350626892,target,1.0,0.9503814896109661,0.951781770711871,0.5020266154704419,5,0.8292987967921022,E1,15.0,"gam,maxent,gbm,rf",50,10000,50,50,2.431286549707602,0.9911486698124455,1.4671052631578947,0.035818713450292396,0.8474371443918151,0.9641812865497076,0.561994034938219,0.912754303599374,0.8769355901490816,"mat,lpann",21.6,0,narrow,0.8401874999999999,-26.344195582232594,0.805115339900875,1.0383771929824561,0.8441801311442405,-55.75806389988769,0.1974662409891362,14.013706140350877,0.22610198226395406,-51.86876039567749,0.7078253350626892,2.431286549707602,0.8769355901490816,-25.761468170488477,0.7956827309236948,0.9784356725146199,0.8264469451537031
2.3380135973987586,9.111144490485572,-16.19622758953263,0.8481761857869686,1.3387525864617205,2.4058832733531528,0.5867597739697707,0.18427707531610776,0.42422434367541767,3.4906790945406123,0.4452186805040771,0.0,0.0009847365829640572,0.0007389890629618681,0.09305692459339576,7.451433229180826,422.3742024529413,0.9992610109370381,393.8995410365756,3.175028636884307,0.478819139596137,0.5987159619216293,0.9001565221225282,23.647660818713454,450.1325985028951,0.8994175330595664,2.3380135973987586,0.5987159619216293,2.045475319926874,8.828396540018957,-38.341194425179,0.8277326440177253,1.0470749542961608,2.144582723279649,0.6349280254529934,0.5150460786157608,0.6717990275526742,67.17721518987342,0.028963980690679538,0.0,0.01983833907763007,0.0015996343692870202,0.09605040082047847,21.600326042657247,1186.0550586992638,0.998400365630713,502.2115592842687,9.319295558958652,0.1918824664242784,0.6556614391836122,0.8967273710782546,59.94152046783625,1669.9262134486328,0.8951277367089676,2.045475319926874,0.6556614391836122,target,1.0,0.857943101888367,0.8623975027256323,0.5560681663777369,5,0.637748855464587,E1,15.0,"gam,maxent,gbm,rf",100,10000,99,100,2.690423976608187,0.9959006501602569,1.6913377192982457,0.0009137426900584795,0.8754845922418351,0.9990862573099415,0.5414479548380707,0.8994196661450182,0.8985059234549597,"mat,lpann",22.4,0,narrow,0.8158025,-11.352096507726039,0.8079298665072724,1.3927266081871346,0.9292093937896384,-61.3937939549643,0.1698197411568388,17.49122807017544,0.01930099113197703,-38.341194425179,0.6556614391836122,2.690423976608187,0.8985059234549597,-5.612763793541809,0.9012763431285248,0.9583333333333334,0.8793379183482966
1.0614838900384274,3.663420539411163,-3.8678075832231364,0.9844185951091416,0.08986107005616317,1.0661868252229698,0.9405528209011738,0.8725673153825646,0.8805256869772998,1.1458055925432757,0.9066087496121625,0.0,0.0015796816018381749,0.02837718001773574,0.008219121786837076,19.779853235490318,422.7295535381367,0.9716228199822643,33.22836409247432,1.120733104238259,0.9149832559144431,0.9426441066819615,0.9932982077114703,23.647660818713454,450.1325985028951,0.9649210276937346,1.0614838900384274,0.9426441066819615,1.065585009140768,3.13386149275226,-4.404495784714179,0.9813618086328574,0.09403564899451554,1.083577354807223,0.9313111202201791,0.938560627275273,0.9355269008448199,1.8227848101265822,0.600896860986547,0.0,0.022125800098473657,0.028450639853747715,0.01124503047277381,55.53702468312207,1579.0624923104494,0.9715493601462523,111.24676661126104,1.2350689127105665,0.8406988694758479,0.9407014050226795,0.9907252975117201,59.94152046783625,1669.9262134486328,0.9622746576579724,1.065585009140768,0.9407014050226795,target,1.0,0.911905849509866,0.9082693227498593,0.24359955273931028,5,0.7844632727605004,E1,15.0,"gam,maxent,gbm,rf",500,10000,494,500,1.0957602339181287,0.9994295840902574,0.11695906432748537,0.021198830409356724,0.9451045620880598,0.9788011695906432,0.9340774328566446,0.9930446878803686,0.9718458574710118,"mat,lpann",31.9,0,narrow,0.931904375,-4.712612184265595,0.9107464266807835,1.193530701754386,0.974357148413548,-58.29724070868849,0.20996821207940983,13.414839181286549,0.261715353851504,-4.404495784714179,0.9407014050226795,1.0957602339181287,0.9718458574710118,-3.37305650637618,0.9433786768980351,0.9862938596491229,0.9493131629281863
1.352054389595034,6.732731546286743,-8.766334685346642,0.9530301165271623,0.352054389595034,1.3755280863714598,0.8419180608615465,0.6521959888296522,0.7138358955362104,1.6750998668442076,0.7476356396217023,0.0,0.0026362218939766945,0.0,0.02449835957667822,14.881326133366812,374.09631030086746,1.0,54.999845064495446,1.5585337915234823,0.7816977077363897,0.850320472539902,0.9737439650801349,23.647660818713454,450.1325985028951,0.9737439650801349,1.352054389595034,0.850320472539902,1.4347577696526508,8.715269006001051,-2.24969577864875,0.936566551780732,0.43475776965265084,1.4439970717423134,0.8183315860416355,0.8161201791131013,0.8252811167119039,5.8354430379746836,0.29259259259259257,0.0,0.02796241588708354,0.0,0.04015322597665731,57.6918246891875,1413.0326014074165,1.0,297.5195147959056,1.9180704441041347,0.6853844135397533,0.8214369515228307,0.9571199963937973,59.94152046783625,1669.9262134486328,0.9571199963937973,1.4347577696526508,0.8214369515228307,target,1.0,0.9425814237642927,0.936493870277466,0.4485385268559897,5,0.8670419732883932,E1,15.0,"gam,maxent,gbm,rf",5000,10000,4659,5000,1.4552266081871346,0.9989641399528406,0.4552266081871345,0.0,0.8529905058037648,1.0,0.814588760699665,0.9729286211093723,0.9729286211093724,"mat,lpann",73.7,0,narrow,0.8991,-0.4919144464320411,0.7845809054235768,1.5539108187134503,0.9670600765084334,-60.04614872977618,0.16491737172360513,17.81578947368421,0.0,-2.24969577864875,0.8214369515228307,1.4552266081871346,0.9729286211093724,-4.507269205004235,0.9199059646820841,1.1215277777777777,0.9616007856757178
3.0966597694354125,8.522683720569034,-5.201168648438134,0.7931027408501559,2.0968075672480047,3.2395556250977937,0.4716737405425355,0.04684548545523234,0.3687613994362461,4.702396804260985,0.35061295971978984,0.0,0.001261693746922698,0.00014779781259237365,0.14571971447645457,18.44649217027532,394.14256778647797,0.9998522021874077,147.5296439965854,4.060252004581901,0.39514668598333935,0.4881304567429107,0.8436211723727431,23.647660818713454,450.1325985028951,0.8434733745601508,3.0966597694354125,0.4881304567429107,2.7287477148080437,9.121032663560811,-24.931061990816623,0.7476817659609388,1.7316042047531992,2.9012933138116153,0.5110867865519938,0.4710059171597633,0.4711217484411413,91.20253164556962,0.02086765513454146,0.0,0.020423026423764975,0.002856489945155393,0.15895787302218917,35.010458477019625,1141.9786094728902,0.9971435100548446,430.8601595076269,11.795558958652373,0.15510741427802047,0.534840963412392,0.8292124954922466,59.94152046783625,1669.9262134486328,0.8263560055470913,2.7287477148080437,0.534840963412392,target,1.0,0.9460927294847632,0.9504655060374516,0.5511673697295174,5,0.739300086770795,E1,15.0,"gam,maxent,gbm,rf",50,10000,50,50,3.232638888888889,0.9929128339045536,2.2359283625730995,0.003289473684210526,0.903921601846516,0.9967105263157895,0.4709641207201762,0.8670339940879846,0.8637445204037741,"mat,lpann",38.1,1,narrow,0.78272875,-3.7703802980725456,0.7433272231412349,1.593201754385965,0.9196109486679662,-69.08334920087208,0.30061655245848146,9.951206140350877,0.4676904016692749,-24.931061990816623,0.534840963412392,3.232638888888889,0.8637445204037741,-5.183553768089851,0.7314696976346162,1.6573464912280702,0.9183134054489379
1.9203369790127107,9.453614415181448,-17.20873233505653,0.8868168389955687,0.9212237658882648,2.0192458144265375,0.6617951907131011,0.23055555555555557,0.306640625,3.180758988015979,0.47790429174297316,0.0,0.0016925160019694732,0.0008867868755542418,0.06410612085529628,6.438928483656925,415.0498523411346,0.9991132131244458,80.90723429904575,2.706987399770905,0.5390272541870095,0.6842451541069893,0.9312956063578846,23.647660818713454,450.1325985028951,0.9304088194823303,1.9203369790127107,0.6842451541069893,1.9445840950639854,7.334631163044207,-20.52151555262367,0.8579209748892171,0.946526508226691,1.9649829184968277,0.6732233241430394,0.6251463129145532,0.5989365130518852,65.67088607594937,0.02999810138598823,0.0,0.02126415558838011,0.0019424131627056673,0.08699889954409684,39.42000491521258,1210.5269127537733,0.9980575868372943,404.96935818422105,7.737366003062787,0.22872666725089827,0.677893756548058,0.906644428416877,59.94152046783625,1669.9262134486328,0.9047020152541712,1.9445840950639854,0.677893756548058,target,1.0,0.9433827107991952,0.9516330660460095,0.5103575265125548,5,0.8475743591404219,E1,15.0,"gam,maxent,gbm,rf",100,10000,100,100,2.230811403508772,0.9986063576948478,1.2317251461988303,0.0009137426900584795,0.9099528835824963,0.9990862573099415,0.6184738955823293,0.9267518692401322,0.9258381265500737,"mat,lpann",39.5,1,narrow,0.8417300000000001,-3.913996318041363,0.8428175047461423,1.381030701754386,0.9695962487073186,-51.63707341917161,0.1812965437239122,14.814510233918128,0.1784798295948531,-20.52151555262367,0.677893756548058,2.230811403508772,0.9258381265500737,4.901823828511347,0.9150205198358413,1.0557383040935673,0.9366643329764162
1.0418267809636417,3.6306742955689515,-4.435754848816618,0.9851571475463646,0.07493349098433343,1.0411516194648724,0.946262935990801,0.8762342756661707,0.8873665121902076,1.1378162450066578,0.9018997197134849,0.0,0.0017232890201870998,0.033106710020691696,0.007511302918207973,19.211905969896836,423.01386955609945,0.9668932899793083,16.405076947388196,1.10446735395189,0.9150881776616591,0.9470865001809627,0.9944114988646635,23.647660818713454,450.1325985028951,0.9613047888439719,1.0418267809636417,0.9470865001809627,1.05827239488117,2.4905593542005136,-3.3036040125681936,0.9809925324142459,0.09323583180987204,1.071986334797462,0.9298080320339183,0.935266351989211,0.9368675561923525,1.759493670886076,0.5504587155963303,0.0,0.021428278352207453,0.03496343692870201,0.011761129571588801,56.637916455268055,1588.6132663365202,0.965036563071298,73.46873371906806,1.175344563552833,0.8433650123196058,0.9377151104696347,0.9908041831950956,59.94152046783625,1669.9262134486328,0.9558407462663936,1.05827239488117,0.9377151104696347,target,1.0,0.9479524086778625,0.9571560324760149,0.470913404060372,5,0.8742674628410534,E1,15.0,"gam,maxent,gbm,rf",500,10000,495,500,1.080592105263158,0.9994345015543953,0.10818713450292397,0.027595029239766082,0.9373268411480629,0.9724049707602339,0.9347386912604304,0.993566336289341,0.9659713070495748,"mat,lpann",52.1,1,narrow,0.934995,-3.3146152325811187,0.9311216082610129,1.1030701754385965,0.9688941396919528,-52.51603832637823,0.1671393241475455,16.326937134502923,0.08853894974786991,-3.3036040125681936,0.9377151104696347,1.080592105263158,0.9659713070495748,-1.660359397830554,0.9636735887686458,0.9632675438596491,0.9435186901133898
1.2490393142181495,4.244966150671701,-8.683710335785964,0.9642520105038569,0.24903931421814957,1.260053199812236,0.8849349210744946,0.6916590997535348,0.8063969896519285,1.4993342210386151,0.8002131060202451,0.0,0.0011078286558345643,0.0,0.017303347710002054,14.96395048292749,398.2556372742668,1.0,44.453581175616,1.4050400916380297,0.831586968946466,0.8892685811920878,0.981426776305637,23.647660818713454,450.1325985028951,0.981426776305637,1.2490393142181495,0.8892685811920878,1.3112431444241317,5.924173152696483,-3.826706156858158,0.953358362054817,0.31124314442413165,1.3108833577354808,0.8654699049630412,0.8570995298994086,0.865567943124899,4.632911392405063,0.3550561797752809,0.0,0.020269161332676842,0.0,0.028519976547449536,56.11481431097809,1483.205903760628,1.0,184.946264821934,1.6125574272588055,0.7655334114888629,0.8653351789598577,0.9693021997836279,59.94152046783625,1669.9262134486328,0.9693021997836277,1.3112431444241317,0.8653351789598577,target,1.0,0.9478905234374924,0.9493268028084652,0.5860017161133404,5,0.870946917346093,E1,15.0,"gam,maxent,gbm,rf",5000,10000,4627,5000,1.3433845029239766,0.9989944332002139,0.3433845029239766,0.0,0.9177001940649702,1.0,0.8534664275130625,0.9795796383237698,0.9795796383237698,"mat,lpann",68.8,1,narrow,0.90973625,-4.117819210374037,0.8327307326355852,1.438779239766082,0.9739067118761955,-59.94152046783625,0.16475903614457832,17.81578947368421,0.0,-3.826706156858158,0.8653351789598577,1.3433845029239766,0.9795796383237698,-3.2817005910784616,0.9249477687898431,1.1566154970760234,0.9763588025881083
2.2505172923440733,16.25935428291325,-12.135394249691121,0.8372107336287543,1.3962459355601538,2.380222187451103,0.5077072628801556,0.17391304347826086,0.012401969724603319,3.5419440745672435,0.39548519495749046,0.0,0.002143853602494666,0.1457286432160804,0.10724822417993606,11.512266569022334,367.22117148998683,0.8542713567839196,431.9913428633332,3.154410080183276,0.43321936693503915,0.5256217887509662,0.8958686977800313,23.647660818713454,450.1325985028951,0.7501400545639509,2.2505172923440733,0.5256217887509662,1.774337294332724,8.003798770174797,-46.217609812398685,0.8246861152141802,0.9614945155393053,1.8795754026354319,0.5692979111054617,0.4866349951347948,0.49395144921653,85.20253164556962,0.02261380323054332,0.0,0.023141309699655343,0.18715722120658135,0.1055632560483871,13.723910655437566,1096.3952027087828,0.8128427787934186,610.4785392998571,9.94333843797856,0.17982087881332215,0.5859725711461636,0.905168139199423,59.94152046783625,1669.9262134486328,0.7180109179928416,1.774337294332724,0.5859725711461636,target,1.0,0.9460689336223004,0.9516645052183998,0.5625542216831916,5,0.7441494727162409,E1,15.0,"gam,maxent,gbm,rf",50,10000,50,50,2.4954312865497075,0.977706368492614,1.5893640350877194,0.0939327485380117,0.7861220357579956,0.9060672514619883,0.5184294452867674,0.9054838288993219,0.8115510803613102,"mat,lpann",37.7,2,narrow,0.845568125,-48.07687570512915,0.5774933160495828,2.6030701754385963,0.8074734142345954,-62.98050367944585,0.292391213563852,9.633589181286549,0.48657842114414884,-46.217609812398685,0.5859725711461636,2.4954312865497075,0.8115510803613102,-32.25066674526984,0.6699502677888294,1.74031432748538,0.8473563522133452
0.9958616612474135,7.154643107645825,-7.675199545047359,0.9709502708025604,0.12385456695240911,1.0170552339227037,0.8720812970289349,0.7575799916165992,0.7756838905775076,1.112849533954727,0.841972585473452,0.0,0.002287461020843591,0.12799290570499558,0.017519148717421478,15.972461273666095,408.8671039093966,0.8720070942950044,86.61619651861089,1.1415807560137456,0.8446726572528883,0.8738151658767772,0.9907629902339014,23.647660818713454,450.1325985028951,0.8627700845289059,0.9958616612474135,0.8738151658767772,0.9601234003656307,3.7039504550401148,-15.311572102948134,0.9662522566880026,0.10226234003656307,0.9692532942898975,0.8706319702602231,0.8719432959243946,0.8969883331825993,1.8481012658227849,0.39111111111111113,0.0,0.023746512391268668,0.14213893967093236,0.022474861567881647,44.629948364888115,1586.895912354039,0.8578610603290676,143.48656145369787,1.3629402756508422,0.7096565132858069,0.8753133197318566,0.9899139019112874,59.94152046783625,1669.9262134486328,0.847774962240355,0.9601234003656307,0.8753133197318566,target,1.0,0.9611133297437263,0.965848928496252,0.5765448993680955,5,0.8647977891683583,E1,15.0,"gam,maxent,gbm,rf",100,10000,100,100,1.0617690058479532,0.9946309364914034,0.13925438596491227,0.07748538011695906,0.9110024779910607,0.922514619883041,0.8948767948945222,0.9917188315075639,0.9142334513906047,"mat,lpann",34.5,2,narrow,0.924015625,-14.949331611734884,0.8776381175095002,1.05281432748538,0.9124425729163805,-64.57699846805036,0.24616076953366708,11.94937865497076,0.34886324117544776,-15.311572102948134,0.8753133197318566,1.0617690058479532,0.9142334513906047,-14.586212248658164,0.8434665122563212,0.8538011695906432,0.8297927591540144
1.1449896541531186,7.749223616928589,-2.2593812825179,0.9782229607746594,0.15563109665976943,1.1273666092943202,0.9299794057075611,0.7836363636363637,0.9089466375719103,1.26797603195739,0.8706883898429473,0.0,0.002287461020843591,0.010641442506650901,0.011566339382100447,21.388279536195554,414.2705536545279,0.9893585574933491,49.53976027666298,1.2300114547537229,0.8843229915759194,0.9224832908426928,0.9883931130266088,23.647660818713454,450.1325985028951,0.9777516705199578,1.1449896541531186,0.9224832908426928,1.1612202925045705,3.677618078158332,-0.6967696060374351,0.973535204332841,0.17024680073126142,1.1804538799414348,0.9085109954675172,0.9075340621465884,0.9261383385470977,3.3797468354430378,0.45664739884393063,0.0,0.023746512391268668,0.009026508226691042,0.01648576802244334,59.24475086179881,1539.8603264832677,0.990973491773309,79.64871893437932,1.4073506891271057,0.8110687022900763,0.9170499603489294,0.9832086188243779,59.94152046783625,1669.9262134486328,0.9741821105976869,1.1612202925045705,0.9170499603489294,target,1.0,0.9538669244735448,0.9594592934446637,0.5367960501317454,5,0.8738718301355497,E1,15.0,"gam,maxent,gbm,rf",500,10000,500,500,1.1663011695906433,0.9992386689074415,0.17671783625730994,0.010416666666666666,0.9446487918139808,0.9895833333333334,0.9136156571621393,0.9894909580942445,0.9790742914275778,"mat,lpann",41.5,2,narrow,0.9287537499999999,0.6817089939201324,0.8921895006402049,1.2256944444444444,0.9815443996009847,-52.08093089562877,0.16655882464887908,16.322916666666668,0.0887780386019823,-0.6967696060374351,0.9170499603489294,1.1663011695906433,0.9790742914275778,-1.1221372079243537,0.9518716577540107,1.0370979532163742,0.9532621329013717
1.9308306237067692,6.920115038088738,-8.016575670899682,0.8890324963072378,0.9308306237067692,1.9763730245657956,0.6719587845652403,0.28751242133156674,0.4899116224779056,2.5862183754993344,0.5576905226028033,0.0,0.0016514853110126374,0.0,0.06470969001407625,15.631085147813772,384.55206132270007,1.0,109.8260104028334,2.2460481099656358,0.6161338132542875,0.6824004034291478,0.9305791318533542,23.647660818713454,450.1325985028951,0.9305791318533543,1.9308306237067692,0.6824004034291478,2.018967093235832,10.820039178067702,-3.542157748770933,0.8557771212867225,1.018967093235832,2.0173255246461688,0.6628386575010109,0.6436921578178275,0.6931393486385478,21.60759493670886,0.08846584546472565,0.0,0.022259149844083375,0.0,0.09356050273820264,56.399362719065316,1320.8356663296254,1.0,388.4357794304884,3.9150076569678407,0.4069169652593862,0.6624782378321096,0.8994996393797331,59.94152046783625,1669.9262134486328,0.8994996393797332,2.018967093235832,0.6624782378321096,target,1.0,0.9367968645731517,0.9340687740634559,0.3324398336742213,5,0.846856406143333,E1,15.0,"gam,maxent,gbm,rf",5000,10000,4684,5000,2.0646929824561404,0.999156493037125,1.0646929824561404,0.0,0.8233925037957249,1.0,0.6525939177101968,0.9366849243609807,0.9366849243609807,"mat,lpann",63.0,2,narrow,0.852790625,-3.7539656913244173,0.6587137319835924,2.0851608187134505,0.9354677447400452,-59.94152046783625,0.16475903614457832,17.81578947368421,0.0,-3.542157748770933,0.6624782378321096,2.0646929824561404,0.9366849243609807,-2.1182292080124725,0.7954194310642552,1.5347222222222223,0.9682011824030603
0.9487531542229479,5.681037874239223,1.1037527309497133,0.9498912686689643,0.002950126168917916,0.9527389299238874,0.9717078041147048,0.7529095792300806,0.0,0.9335274753102051,0.963765743347958,0.02,0.0010257672739208928,0.054196971945970014,0.03160553661642091,14.789206662775566,190.74435773220054,0.9458030280540299,32.89263838687383,0.9561564557972461,0.9712210399600094,0.9706750452251738,0.9963525417507799,13.685453931825853,190.40704759362447,0.9421555698048099,0.9487531542229479,0.9706750452251738,0.9464900803716857,1.5686504825068823,1.1534158496098144,0.9343406367963236,0.0006808896958692692,0.9511160588467392,0.9736745173661517,0.9068491642661872,0.1422087745839637,0.9351166882167158,0.9644551060869946,0.010660980810234541,0.009621697029377974,0.0541908093241836,0.04246504401864319,59.14784716921832,755.7460543642363,0.9458091906758164,30.162456646147234,0.961087996480874,0.9745315201644936,0.9718099261982496,0.9977419640485257,57.99443131960851,769.6957034423068,0.943551154724342,0.9464900803716857,0.9718099261982496,target,1.0,0.5969322547120137,0.7751070759233285,0.7756328611210535,5,0.06456659773098154,E1,15.0,"gam,maxent,gbm",50,10000,50,50,0.9396304421194736,0.9955872277070154,0.0025944988187647654,0.06296405669929125,0.9664456084828379,0.9370359433007087,0.9662004915501229,0.9975439297124601,0.9345798730131687,"tcold,lpann",37.8,0,cold_limited,0.5339583333333334,-0.8534128288967722,0.9763630718557216,0.9833361457981775,0.9259731779810418,-0.7124186328006488,0.9763586993231833,0.9809525818427269,0.9269566600964612,1.1534158496098144,0.9718099261982496,0.9396304421194736,0.9345798730131687,0.88529078199808,0.9357790344122077,0.8744093823827203,0.8744093823827201
0.961407154519816,5.707890128404017,0.7289604825885707,0.9155690956835714,0.025233783583197267,0.9679802032169772,0.9578570339887212,0.4855787333383538,0.0,0.9505571030640668,0.9514350935272035,0.0125,0.0008206138191367143,0.06382662906338132,0.04926700065703022,14.414414414414424,183.35176509915496,0.9361733709366187,125.93373638632464,0.9849930153661943,0.9629428559938875,0.9545936128348721,0.9688016149752248,13.685453931825853,190.40704759362447,0.9049749859118434,0.961407154519816,0.9545936128348721,0.9487597126912499,5.500566575159894,-1.0786920509280549,0.8798723945511242,0.028263597767749858,0.9673637337241419,0.9530412858493539,0.8058382731238116,0.0,0.9568857706085593,0.9494150779896013,0.008018327605956471,0.008954948301329394,0.07950388507649996,0.08347565077886457,56.915739268680454,705.9049654773794,0.9204961149235,187.13074746197515,1.0128301471801169,0.9645413320220729,0.944699450556979,0.9062693704064465,57.99443131960851,769.6957034423068,0.8267654853299464,0.9487597126912499,0.944699450556979,target,1.0,0.6545718894971688,0.8121289996332918,0.8647777403858206,5,0.12483514662915525,E1,15.0,"gam,maxent,gbm,rf",100,10000,100,100,0.9552818089773878,0.9922890328309669,0.02613482956463044,0.07085302058724266,0.9453103656191184,0.9291469794127574,0.950396996634159,0.9752595846645368,0.904406564077294,"tcold,lpann",49.2,0,cold_limited,0.5361756249999999,16.92094841383765,0.6126047696225978,0.39883563955450557,0.3988356395545056,-7.833367309015827,0.9566225933658083,1.0673515018562267,0.8848740294300634,-1.0786920509280549,0.944699450556979,0.9552818089773878,0.904406564077294,0.6102082039269447,0.9050491025585398,0.8429168072899089,0.8296949922311274
0.8708438474098263,4.736280356550026,0.5727864888372736,0.8955153454784178,0.0,0.8758389261744967,0.9338103756708408,0.44143132220795894,0.0,0.8647547902422554,0.927472925413333,0.2571428571428571,0.0010770556376169375,0.12915615259017366,0.07120339278929587,14.258240420663126,178.47228703063863,0.8708438474098263,190.18526669902437,0.8835162642187189,0.9381562357627963,0.9309636917217919,1.0,13.685453931825853,190.40704759362447,0.8708438474098263,0.8708438474098263,0.9309636917217919,0.8773864516301301,3.12119648537049,1.9890148072720706,0.8545564582307567,0.0,0.8904374048813483,0.9420437858266308,0.7693239687257445,0.04354136429608128,0.8610127816520762,0.9253163547729422,0.08461538461538462,0.009334482192680125,0.12261354836986996,0.09429683778914452,59.98344612688058,724.3904767761294,0.8773864516301301,189.21057519401896,0.9041221430011547,0.9496472128370248,0.9346892333949651,1.0,57.99443131960851,769.6957034423068,0.8773864516301302,0.8773864516301301,0.9346892333949651,target,1.0,0.6108616719367284,0.6989784591833418,0.929275458315636,5,0.12138015013602596,E1,15.0,"gam,maxent",500,10000,499,500,0.866478231522106,0.9951973347453389,0.0,0.13352176847789402,0.9686970054256379,0.866478231522106,0.9284632597247022,1.0,0.866478231522106,"tcold,lpann",44.2,0,cold_limited,0.57993,0.9437091915657021,0.92431640625,0.8541807289908876,0.8541807289908876,-37.56876165868756,0.9123931103369308,1.5639132635842052,0.4661741214057509,1.9890148072720706,0.9346892333949651,0.866478231522106,0.866478231522106,-3.010773359839149,0.8755732696825719,0.7938111711103611,0.7938111711103613
0.9160048983226956,0.3563827893349867,-0.10211101223538499,0.9301247333005088,0.0,0.9185444865209403,0.9575430676477198,0.6520770943714966,0.012678288431061807,0.9043217692242762,0.9497573192083508,0.009523809523809525,0.0010770556376169375,0.08399510167730444,0.04647628436174692,13.583342919590468,189.14220288474687,0.9160048983226956,85.74327111213407,0.9278986230293355,0.9626010537538687,0.9561613324940686,1.0,13.685453931825853,190.40704759362447,0.9160048983226956,0.9160048983226956,0.9561613324940686,0.9168380016554966,1.1363831547468521,0.0016574874776438264,0.9056806991629739,0.0,0.9197198579561467,0.9581813243681687,0.872983312080723,0.0454222853087296,0.8963477965957988,0.9453411428060449,0.009564293304994687,0.009652470047595601,0.08316199834450348,0.06442458077413074,57.99608880708615,761.6082469182674,0.9168380016554966,73.94329195213423,0.9332832346633919,0.9654904340241567,0.9566150095768762,1.0,57.99443131960851,769.6957034423068,0.9168380016554964,0.9168380016554966,0.9566150095768762,target,1.0,0.6222741210791628,0.8045838910170386,0.9715599529618499,5,0.1373388063389424,E1,15.0,"gam,maxent,gbm,rf",5000,10000,4900,5000,0.9168283833952076,0.9998726451279033,0.0,0.08317161660479244,0.93373584604189,0.9168283833952076,0.9566097740803099,1.0,0.9168283833952076,"tcold,lpann",140.9,0,cold_limited,0.57735125,-0.846716234202141,0.8901598779060291,0.806382888963888,0.806382888963888,-53.9195308701631,0.8689831196705146,1.975847958150523,0.0762180511182109,0.0016574874776438264,0.9566150095768762,0.9168283833952076,0.9168283833952076,-0.6588718771958213,0.8843160473966828,0.7959416132298346,0.7959416132298345
0.8963744990351789,7.367525492065681,0.2851516498108886,0.8976797144263909,0.007236158527534511,0.9018784447527277,0.9406209955643174,0.5038972607824215,0.01885014137606032,0.8725415717059171,0.927335016227912,0.8082191780821918,0.0014976202199245036,0.11086165949235564,0.06417579256641531,13.970605581636741,203.61232412204313,0.8891383405076444,70.81931429789634,0.9194172819796448,0.9480568089663347,0.9377244220063206,0.991053404294366,13.685453931825853,190.40704759362447,0.8801917448020102,0.8963744990351789,0.9377244220063206,0.8839416838001656,3.77886170354833,-1.8006074502084246,0.859531429509273,0.005046594216442818,0.9014288935234767,0.9394291981946595,0.8080811870415877,0.14636591478696742,0.8611187655001378,0.9192729095009226,0.7876712328767124,0.010483341539471525,0.12110491041627727,0.08960670080650178,56.193823869400084,759.2867344516762,0.8788950895837228,77.73314244575423,0.9407430488095456,0.9486140624262172,0.9330385299515984,0.9832639688302488,57.99443131960851,769.6957034423068,0.8621590584139716,0.8839416838001656,0.9330385299515984,target,1.0,0.636066340965338,0.8093315560661292,0.7996616604252739,5,0.09692725409794796,E1,15.0,"gam,maxent,gbm,rf",50,10000,50,50,0.8941317921025987,0.9917732935099992,0.010694397570030375,0.11656260546743166,0.9154382113594588,0.8834373945325683,0.9328151274541465,0.989876198083067,0.8733135926156352,"tcold,lpann",74.8,1,cold_limited,0.595923125,-1.9029540628051649,0.8516734687626821,0.7526366857914276,0.7466417013237812,-8.095344342193812,0.9651441914616677,1.0973886263921702,0.8715912319566455,-1.8006074502084246,0.9330385299515984,0.8941317921025987,0.8733135926156352,-1.2582102806100863,0.8409863945578231,0.7328931825852177,0.7293208288270998
0.8742949383998813,0.688336234803046,0.6997869954711522,0.8852371573937305,0.0021151848003562418,0.879588316898504,0.9336830871425579,0.4057905790579058,0.023965141612200435,0.8503629610871951,0.9183098591549296,0.7236842105263158,0.0023387493845396356,0.12782024640047498,0.07030639522928234,14.385240927297005,200.7706833901007,0.872179753599525,43.462700016078905,0.8956695270405108,0.9426478019201617,0.9306750348951167,0.9973848412552762,13.685453931825853,190.40704759362447,0.8695645948548012,0.8742949383998813,0.9306750348951167,0.8435155269552215,4.304800369462498,-4.623876640642614,0.8337436402429017,0.0019358628608047849,0.8625923003212896,0.9236856639203492,0.7732462664940786,0.06663743971942131,0.8297475464739174,0.9060726118486596,0.8774805867126834,0.011888642704743147,0.1584203359055833,0.11412970133604626,53.370554678965895,738.6869030087222,0.8415796640944168,64.85362061099977,0.8944078887076377,0.9409328831138675,0.9130160845288703,0.9935800938634552,57.99443131960851,769.6957034423068,0.835159757957872,0.8435155269552215,0.9130160845288703,target,1.0,0.6366814483881357,0.8120707737976792,0.8874513605664311,5,0.09036093689632567,E1,15.0,"gam,maxent,gbm,rf",100,10000,100,100,0.8689461694228822,0.9943991516206536,0.003670266621667229,0.134724097198785,0.9396761494825702,0.865275902801215,0.9259505885805221,0.9965255591054313,0.8618014619066463,"tcold,lpann",80.0,1,cold_limited,0.59621625,-1.796110802250638,0.7865208586472257,0.6556066486668917,0.6556066486668917,-9.756812116661287,0.9669359025755953,1.0993292271346609,0.8798553094663792,-4.623876640642614,0.9130160845288703,0.8689461694228822,0.8618014619066463,-3.5724938798951342,0.855881589197611,0.7653771515356058,0.7653771515356058
0.876317351937064,0.8283464810807004,-0.7949503106293054,0.9065833743640243,0.0,0.8768137677627386,0.9343641684896068,0.5826459390862944,0.016506189821182942,0.8679412509496075,0.9293025147427642,0.9139784946236559,0.0019079271294928607,0.12368264806293602,0.06676121765225791,12.890503621196547,203.6020888001757,0.876317351937064,63.835821819931425,0.8804629814408301,0.9364321341398705,0.9340822340446572,1.0,13.685453931825853,190.40704759362447,0.876317351937064,0.876317351937064,0.9340822340446572,0.8778537288723932,0.29016257923080957,-0.8297206567980737,0.8759129328737896,0.0,0.8778676512034271,0.934962217002724,0.8728482943514838,0.029158878504672896,0.8350043453377706,0.9100843248238419,0.9954545454545455,0.01128344001312982,0.12214627112760675,0.08355811926795867,57.164710662810435,803.969284500784,0.8778537288723932,65.1722193990938,0.8741545849447387,0.9328521691507257,0.9349543208559952,1.0,57.99443131960851,769.6957034423068,0.8778537288723931,0.8778537288723932,0.9349543208559952,target,1.0,0.5963626897548323,0.6956394065977363,0.9272577303239679,5,0.09412693236484751,E1,15.0,"gam,maxent",500,10000,499,500,0.8824881876476544,0.9942421902630445,0.0,0.11751181235234559,0.9330890813342512,0.8824881876476544,0.9375763348086728,1.0,0.8824881876476542,"tcold,lpann",77.2,1,cold_limited,0.570495,-1.9657219090052394,0.8768630979157295,0.7905627742153223,0.7905627742153223,-28.966919181900685,0.9211571813384829,1.4337242659466756,0.5887599483081543,-0.8297206567980737,0.9349543208559952,0.8824881876476544,0.8824881876476542,-2.3101895334796367,0.8699922304611184,0.78132382720216,0.7813238272021601
0.9103272970164762,1.3891327986951296,0.08645961979274475,0.9228007549647136,0.0,0.9132765925537101,0.9546728330949068,0.5642589118198874,0.010958904109589041,0.9027390900649953,0.9488837379529096,0.0825242718446602,0.0021130805842770393,0.08967270298352382,0.04950556115211447,13.771913551618598,175.84517944695122,0.9103272970164762,121.39629333145045,0.9238076232288964,0.9603950125516069,0.953058984644373,1.0,13.685453931825853,190.40704759362447,0.9103272970164762,0.9103272970164762,0.953058984644373,0.9104830311607167,1.7423135502528453,0.14720674736115313,0.8959974560971606,0.0,0.9208612817766755,0.9588003990844534,0.8430687613247904,0.08074534161490683,0.8985098670962546,0.9465422146796776,0.049565217391304345,0.011796323650090267,0.08951696883928333,0.06900703772135607,58.14163806696966,734.8353424338139,0.9104830311607167,119.82101504428627,0.9401015414505398,0.9691261218705716,0.9531443266549732,1.0,57.99443131960851,769.6957034423068,0.9104830311607168,0.9104830311607167,0.9531443266549732,target,1.0,0.6259597990043776,0.798760482632289,0.961331135947586,5,0.128114546531861,E1,15.0,"gam,maxent,gbm,rf",5000,10000,4916,5000,0.909635504556193,0.9996835412647898,0.0,0.09036449544380695,0.950009226699135,0.909635504556193,0.952679715459727,1.0,0.909635504556193,"tcold,lpann",139.7,1,cold_limited,0.5789031250000001,0.29982766749112244,0.9506437467602517,0.9042144785690179,0.9042144785690178,-55.838947252586266,0.8689831196705146,2.0129724940938236,0.04107428115015965,0.14720674736115313,0.9531443266549732,0.909635504556193,0.909635504556193,-1.9561284621745898,0.8998913139265047,0.8282568342895714,0.8282568342895713
0.7885742912275494,1.8692951033310692,1.7656095511828571,0.8272095027080256,0.0009648211370046015,0.7929211503130741,0.8837282251824589,0.17840159533670807,0.0,0.7590740271798767,0.8627742655262179,0.8247422680412371,0.001989988511406532,0.21239052990945526,0.11654367175776513,15.45106348300871,213.33726415958057,0.7876094700905447,100.14748805917436,0.7996008780682499,0.887888398500743,0.8807120553544198,0.9988071205725821,13.685453931825853,190.40704759362447,0.7864165906631269,0.7885742912275494,0.8807120553544198,0.764131798883875,5.682627411729015,-2.519463237680931,0.7476612506154604,0.00018691089690528958,0.7833267572290176,0.8779316012390164,0.6403193297237482,0.0044609665427509295,0.728193823261335,0.8424525640553899,0.922739244951712,0.011683489249958968,0.23605511201303037,0.17274699270360874,55.47496808192758,793.276882510838,0.7639448879869697,67.59792887000488,0.8046701735735625,0.8903017438376616,0.8660859562423848,0.9993801469937129,57.99443131960851,769.6957034423068,0.7633250349806826,0.764131798883875,0.8660859562423848,target,1.0,0.6669968246305225,0.8199414419136339,0.8380142716620522,5,0.20625715381892173,E1,15.0,"gam,maxent,gbm,rf",50,10000,50,50,0.776514512318596,0.9861294726277983,0.0003374957813027337,0.2238229834627067,0.925193265287534,0.7761770165372933,0.8738200686289642,0.9996805111821087,0.775857527719402,"tcold,lpann",81.8,2,cold_limited,0.632495625,-2.009895506432599,0.8866850894395911,0.8075008437394533,0.8049139668801266,-2.3050305400273743,0.9517922513204075,0.9578341208234897,0.8769839535851647,-2.519463237680931,0.8660859562423848,0.776514512318596,0.775857527719402,-2.384052263475688,0.8343241308475209,0.7267549780627742,0.7267549780627742
0.8667804660828262,1.6811190013977466,0.5709111719968796,0.897238634498605,0.0005937360843105239,0.8671403396947996,0.928200648613914,0.5802167607998778,0.02038216560509554,0.8466700430488732,0.9169694892012341,0.5251141552511416,0.0022464303298867553,0.13381327000148435,0.07329159341619632,14.256365103822732,191.6775169536243,0.8661867299985156,108.57884123372996,0.8816204350429057,0.93678941116579,0.928000636107025,0.9992659203523583,13.685453931825853,190.40704759362447,0.8654526503508739,0.8667804660828262,0.928000636107025,0.8822461349496675,0.2726721877414775,3.626621826868373,0.874364024290169,9.345544845264479e-05,0.8825038047460684,0.9374803503256232,0.8536982851216711,0.05500381970970206,0.8438222014964919,0.9152737222081714,0.46476510067114096,0.012227145905137042,0.11784732049878507,0.08598487995347678,61.62105314647688,774.0560184070059,0.8821526795012149,100.36553841167171,0.8896790630326802,0.9416192203610122,0.9373404074221188,0.9996900734968565,57.99443131960851,769.6957034423068,0.8818427529980712,0.8822461349496675,0.9373404074221188,target,1.0,0.6290707844979582,0.7896541439795867,0.8824009218986788,5,0.10218945285342929,E1,15.0,"gam,maxent,gbm,rf",100,10000,100,100,0.8624493756328045,0.9961405886592253,0.00021093486331420858,0.13776155923050962,0.9092731549542494,0.8622384407694904,0.9259187949487514,0.9998003194888179,0.8620387602583084,"tcold,lpann",88.2,2,cold_limited,0.5941387499999999,2.945767550658985,0.9579150793871479,0.9036871414107324,0.8998684184279166,-9.503159979672482,0.9773896792703631,1.0947097536280797,0.8853780357098571,3.626621826868373,0.9373404074221188,0.8624493756328045,0.8620387602583084,4.000269763783848,0.9037876126917223,0.8041047924400945,0.8040637309026448
0.9672146355944783,0.03216008579994423,0.45730937012291584,0.9570716395864106,0.0064012171589728365,0.9752727681751715,0.9744412281118018,0.7507274490785645,0.017543859649122806,0.9545454545454546,0.9726846753471098,0.18556701030927836,0.001989988511406532,0.03918658156449458,0.02488334326885522,14.142763301948769,199.83837435350262,0.9608134184355054,32.132809748842384,0.9750947914587906,0.9788020854383058,0.9768262202310776,0.9920857037988622,13.685453931825853,190.40704759362447,0.9528991222343675,0.9672146355944783,0.9768262202310776,0.9646070865931484,0.9400038202782639,0.20788967885876275,0.9510298703430166,0.0012015700515340044,0.9969562031452568,0.9698402393586993,0.9286780500236648,0.22118742724097787,0.9547448968777158,0.972597837755777,0.16505706760316066,0.011683489249958968,0.036594483458385625,0.02743152497690687,58.20232099846727,764.6344443237094,0.9634055165416143,21.937939425488498,1.0000366575633717,0.9711326979472141,0.9807615203223855,0.9960152306738688,57.99443131960851,769.6957034423068,0.959420747215483,0.9646070865931484,0.9807615203223855,target,1.0,0.6106080275854437,0.7851737926496849,0.926761582494539,5,0.0636952206679767,E1,15.0,"gam,maxent,gbm,rf",500,10000,500,500,0.9633395207559905,0.9992892177443529,0.004134323320958488,0.04079480256496794,0.9239700519072176,0.9592051974350321,0.9771159672532714,0.9960862619808307,0.9552914594158628,"tcold,lpann",89.3,2,cold_limited,0.5560475,0.11549025018840098,0.8289334823836587,0.7073278771515356,0.7073278771515357,-16.668013875188706,0.9497375294803845,1.236268140398245,0.7763378594249202,0.20788967885876275,0.9807615203223855,0.9633395207559905,0.9552914594158628,2.1322752907441114,0.9304556354916067,0.8590111373607829,0.8577382296998444
0.8954282321508089,4.64846490505613,0.7588060695969947,0.9006544395207615,0.0,0.9011285666079262,0.9479932945468889,0.3563352826510721,0.024390243902439025,0.8850974930362117,0.9390469154045068,0.19217081850533807,0.002882406039717709,0.10457176784919103,0.05742384807678459,14.444260001422847,181.35863380987144,0.8954282321508089,126.9565166417354,0.921392935541808,0.9590885013657938,0.9448294764869415,1.0,13.685453931825853,190.40704759362447,0.8954282321508089,0.8954282321508089,0.9448294764869415,0.8798162932898989,3.4385393767411188,-1.7184940196962586,0.8588646807812244,0.0,0.8961867989403077,0.9452515959304701,0.7546289152908502,0.10914927768860354,0.8855374440935202,0.9392944668030667,0.06230529595015576,0.013170851797144265,0.1201837067101012,0.09274042659348884,56.27593729991225,705.0066647594076,0.8798162932898989,166.7602089783968,0.9379754027749776,0.9679951576597877,0.9360662490589622,1.0,57.99443131960851,769.6957034423068,0.879816293289899,0.8798162932898989,0.9360662490589622,target,1.0,0.625151151391443,0.7913737384258235,0.9413371276858875,5,0.1327152263894435,E1,15.0,"gam,maxent,gbm,rf",5000,10000,4921,5000,0.8894912251096861,0.9998201285385165,0.0,0.11050877489031387,0.9532071655356533,0.8894912251096861,0.9415140047110307,1.0,0.889491225109686,"tcold,lpann",139.8,2,cold_limited,0.5869875,-2.032736874437262,0.886290136719476,0.8061719541005737,0.8061719541005736,-57.99443131960851,0.8689831196705146,2.0563617954775566,0.0,-1.7184940196962586,0.9360662490589622,0.8894912251096861,0.889491225109686,-2.0361288537390934,0.8807901500209192,0.7972494093823828,0.7972494093823828
1.1619528194777344,6.133521763997351,-1.2092612936385638,0.8031244871163631,0.2320676170051722,1.2248078508550304,0.8360289283366207,0.12053135378003517,0.6790203029326458,1.203077551973838,0.8225735908072789,0.12280701754385964,0.0011693746922698178,0.07011479752743786,0.12285620391480272,-3.029920198766134,360.68512214843264,0.9298852024725621,183.54482093590445,1.2716776028612464,0.8115291638256988,0.86022710032793,0.841010837813078,-1.8206589051275701,449.75910574258063,0.7708960402856402,1.1619528194777344,0.86022710032793,1.004311944944173,4.908167192912174,-12.692089413737362,0.8338769899885115,0.0781004597504212,1.0907117382539928,0.8957353704665134,0.4561117724453355,0.853991378028839,1.2282121872046678,0.7886331784318065,0.043222003929273084,0.010442310848514689,0.07378851480624804,0.05468021146470405,-25.946981660455226,741.3384960775503,0.926211485193752,61.23597090360712,1.3611553243526535,0.7848604922641851,0.9242188946985995,0.9562182842689975,-13.254892246717864,1037.4235233257118,0.8824297694627494,1.004311944944173,0.9242188946985995,target,1.0,0.7693366041793814,0.7857514958585952,0.806564396474081,5,0.3194742306183754,E1,15.0,"gam,maxent,gbm",50,10000,50,50,1.1764429031459005,0.9635591000601487,0.2551647262818925,0.07872182313599208,0.8992639197952046,0.9212781768640079,0.8465907150905386,0.8196540495115375,0.7409322263755453,"wbal,tcold",37.4,0,drought_limited,0.5266216666666667,-12.805914234897577,0.9196671987343381,1.1984889769630913,0.7322841198864285,3.220892088577598,0.67785878184089,1.8796631161753778,0.3781427117972438,-12.692089413737362,0.9242188946985995,1.1764429031459005,0.7409322263755453,-10.063557990931573,0.9419530188312949,1.031904879861283,0.7963714384199039
1.0741264034313107,0.02486231533453065,0.604797012188385,0.9229443623830625,0.09206509398259115,1.125767931703944,0.930752774267806,0.5459708910188144,0.8916739841941407,1.071361831347816,0.945277699464336,0.12149532710280374,0.0010975709830953553,0.017938690551280435,0.04463909797599121,-1.2158618929391851,432.82384026039085,0.9820613094487196,86.70356613318961,1.14140077163536,0.92223727297834,0.9469637991436357,0.9369263478125595,-1.8206589051275701,449.75910574258063,0.9189876572612792,1.0741264034313107,0.9469637991436357,0.9912904423313058,0.18307539192943523,-6.196577693185146,0.9485885442310849,0.007281761329563951,1.076570010854396,0.9567048492360997,0.78973185088293,0.9640920142135777,1.1113941734807085,0.9257565437384451,0.04060913705583756,0.010103807648120794,0.015991318998258088,0.008030838419530999,-19.45146993990301,896.757203988386,0.9840086810017419,37.349073898433396,1.31367677316666,0.8593241383939059,0.9883125636355814,0.9959179753157567,-13.254892246717864,1037.4235233257118,0.9799266563174984,0.9912904423313058,0.9883125636355814,target,1.0,0.7656314927318745,0.7980584541724445,0.7878947951965509,5,0.2500704754097053,E1,15.0,"gam,maxent,gbm,rf",100,10000,100,100,1.0675501610106515,0.9951966901923863,0.0858062918008422,0.018256130790190735,0.9111483241155333,0.9817438692098093,0.9496687313549067,0.9393536188241886,0.9210974880339977,"wbal,tcold",64.1,0,drought_limited,0.5380312500000001,-2.2412496906684787,0.9899001541631247,1.0080257617042359,0.937462969787944,13.254892246717864,0.5285607552808531,2.414862521674511,0.0,-6.196577693185146,0.9883125636355814,1.0675501610106515,0.9210974880339977,0.7421037961097046,0.9356574068445688,0.871637354471142,0.8698616580897853
0.9168411757285228,1.9084050805911374,-1.9909824829451694,0.9317454455933037,0.009259492872461209,0.9407994468232228,0.9594387195790397,0.5798319327731093,0.8316433419927931,0.933426769446391,0.9547541379726954,0.13131313131313133,0.0010155096011816838,0.09241831714393844,0.04124695807534732,-3.8116413880727396,421.4340393683653,0.9075816828560616,142.0357376260554,0.9364104874820468,0.9564863292611984,0.9469555374206966,0.9936563358857795,-1.8206589051275701,449.75910574258063,0.9012380187418412,0.9168411757285228,0.9469555374206966,0.9642194237413976,1.510876165935315,2.6325888506512616,0.949183489249959,0.008081327279476856,0.9643975810203133,0.9729405449780556,0.8663559760862402,0.9305714379063613,0.9534864609442413,0.9656303899709731,0.04179728317659352,0.009816592811422945,0.04386190353807933,0.018429312863225286,-10.622303396066602,1086.2915839321493,0.9561380964619207,53.549652151881844,0.9802399161458131,0.9789252876943284,0.9735552809478811,0.9954697529974867,-13.254892246717864,1037.4235233257118,0.9516078494594074,0.9642194237413976,0.9735552809478811,target,1.0,0.75600862936766,0.7761650454513762,0.796417436652703,5,0.3814112328093088,E1,15.0,"gam,maxent,gbm,rf",500,10000,498,500,0.935818677235571,0.9956329284140261,0.007257864751052762,0.0714391875154818,0.920564449663877,0.9285608124845182,0.9593468886358111,0.9948702685668266,0.9234310810513446,"wbal,tcold",75.5,0,drought_limited,0.621355625,2.7052445173461503,0.9733306248004875,0.9387416398315581,0.923690499075297,13.32263875161409,0.5285607552808531,2.4132276442903144,0.0011555026436500526,2.6325888506512616,0.9735552809478811,0.935818677235571,0.9234310810513446,2.9603246408098194,0.9586585202693663,0.8905375278672282,0.8902838569556057
0.9613220638324713,1.1773038596229526,-0.24837751505388805,0.9470704086656819,0.01983095748706951,0.9737772931570969,0.9689824296647623,0.693606526275849,0.867571594106936,0.9620123802849802,0.9658456730411489,0.11428571428571428,0.0010770556376169375,0.05850889365459821,0.03176119035149872,-2.069036420181458,458.1282086793236,0.9414911063454018,46.44203947221846,0.9694725280914698,0.9695713100923729,0.9600576302146983,0.9864138419788083,-1.8206589051275701,449.75910574258063,0.9279049483242101,0.9613220638324713,0.9600576302146983,0.969445158342614,1.2643991412218725,0.5116840836623773,0.9632980469391105,0.0021702504354778832,0.9893937044503024,0.9808879466234333,0.9091352009744215,0.9452552377245897,0.9905082795743108,0.9771896868484611,0.0368474923234391,0.010021746266207122,0.032725092092863874,0.012288754649729047,-12.743208163055487,1015.6748938419132,0.9672749079071361,33.577207276190734,1.0104817733607672,0.982235266857187,0.982281637861037,0.9987833965646961,-13.254892246717864,1037.4235233257118,0.966058304471832,0.969445158342614,0.982281637861037,target,1.0,0.7858100897633652,0.7823811991892454,0.7888553101250153,5,0.511473641479539,E1,15.0,"gam,maxent,gbm,rf",5000,10000,4860,5000,0.9637602179836512,0.99821392351499,0.01141937081991578,0.047659152836264554,0.9430589142653704,0.9523408471637355,0.9699156123465822,0.991928989110263,0.9442698362739983,"wbal,tcold",118.6,0,drought_limited,0.606681875,0.21108426370515154,0.9827710392117318,0.979910824869953,0.9478637330349924,12.690770006405938,0.5350169584746539,2.3887292543968295,0.01847053468258686,0.5116840836623773,0.982281637861037,0.9637602179836512,0.9442698362739983,3.5140173512037904,0.9610609229673802,0.8890265048303195,0.8874199223900445
1.1797653588999621,4.173504572605964,5.262832164131193,0.8340000820613819,0.2281064715529204,1.2403127576394244,0.8706996842280206,0.4041913735683535,0.5147084421235857,1.163162812427003,0.8780573403163976,0.02857142857142857,0.00143607418348925,0.04834111265295824,0.11251386777334922,3.4421732590036225,348.0809182860203,0.9516588873470417,134.98748760676773,1.2500492832802952,0.8660900909921524,0.8731755309913768,0.8437246123796519,-1.8206589051275701,449.75910574258063,0.7953834997266935,1.1797653588999621,0.8731755309913768,1.2753076901110825,11.401645023521382,12.051458922233305,0.8117614475627769,0.2886433079185585,1.3850209334780585,0.8331317859697028,0.7019761513504403,0.6354124476846227,1.298804289764556,0.8387731026346834,0.04127579737335835,0.010934679139996718,0.013335617807475941,0.10921781336209578,-1.2034333244845596,959.4895938382824,0.9866643821925241,270.4103212910665,1.6457160604060717,0.750509897140174,0.8672799608428821,0.8381917431045799,-13.254892246717864,1037.4235233257118,0.8248561252971038,1.2753076901110825,0.8672799608428821,target,1.0,0.7596036436989563,0.8017565716609075,0.7682403845761374,5,0.18723450438624734,E1,15.0,"gam,maxent,gbm,rf",50,10000,50,50,1.1197423829576418,0.9816660522593615,0.16574188754025265,0.04599950458261085,0.8674517524185124,0.9540004954173892,0.9001098464486876,0.8828565425960293,0.8368570380134184,"wbal,tcold",58.4,1,drought_limited,0.5175725,10.910984967663484,0.9479086625588982,0.861307901907357,0.8315861267622682,6.6760460717434125,0.5834069137859226,2.254619767153827,0.11312993123770054,12.051458922233305,0.8672799608428821,1.1197423829576418,0.8368570380134184,11.772907622308336,0.942146784604351,0.8023036908595492,0.7936788798643883
1.0224044405197426,3.748455399818795,3.7319835033721604,0.8576953060889545,0.11734578024473319,1.0746256748490732,0.9080607117218746,0.3693464974141984,0.43317624882186617,1.0299871525344546,0.8894898091279145,0.08994708994708994,0.0019387001477104875,0.09494133972499054,0.08630098973267968,1.9113245982445903,357.1689485381,0.9050586602750095,225.1502351858289,1.0837252527528232,0.8992715330242868,0.8950323111854088,0.9196065891137883,-1.8206589051275701,449.75910574258063,0.8246652493887978,1.0224044405197426,0.8950323111854088,1.0863816785173763,3.8143992478670157,8.93177779358304,0.8876477104874446,0.10759873211685085,1.1798418359435572,0.9132296660928453,0.8379495295876198,0.750737858867722,1.06751037514895,0.8879305205000299,0.04003481288076589,0.011786065977351058,0.02121705359947457,0.04634675468917053,-4.323114453134824,1047.3207521418317,0.9787829464005254,125.64967127073523,1.2691874684576265,0.8698419215766783,0.9382587629853688,0.9396820823128271,-13.254892246717864,1037.4235233257118,0.9184650287133524,1.0863816785173763,0.9382587629853688,target,1.0,0.7848952977181266,0.8297092164354506,0.8482060113256077,5,0.3284281123442494,E1,15.0,"gam,maxent,gbm,rf",100,10000,100,100,0.9849640822392866,0.9826333729695579,0.0750309635868219,0.0900668813475353,0.9058379625946708,0.9099331186524647,0.9168257771454956,0.9469694317027907,0.8569025503552554,"wbal,tcold",61.5,1,drought_limited,0.5718293750000001,15.584827757431407,0.9008724218616831,0.714441416893733,0.7025611625327515,10.476598249319613,0.5899278151663957,2.132672776814466,0.19944675934031308,8.93177779358304,0.9382587629853688,0.9849640822392866,0.8569025503552554,15.687268006835296,0.8984439366382192,0.7087936586574188,0.6975898600607637
0.9354863126024978,1.0670457930524435,-0.9561719939992663,0.9545174790743476,0.0007569067743156302,0.9525278583016409,0.9752237220262338,0.7417960306543525,0.8879051119278316,0.9427411819668302,0.9698053655970542,0.02857142857142857,0.00143607418348925,0.06527059417181784,0.02684184574927066,-2.7768308991268364,427.0365999537315,0.9347294058281822,47.837172132074684,0.948041341631699,0.9726049181038845,0.9658858342132364,0.9994814443503361,-1.8206589051275701,449.75910574258063,0.9342108501785185,0.9354863126024978,0.9658858342132364,0.9721579713869614,0.7877566485721559,2.5225325959849823,0.966713851961267,2.8555926782603728e-05,0.9684602263916886,0.983725363540403,0.9284602688045273,0.9440438513491468,0.9664708057689937,0.9823227046679761,0.0300187617260788,0.010934679139996718,0.02787058453982124,0.009800667897367821,-10.732359650732882,1020.2508744821782,0.9721294154601787,20.101717863510924,0.983073877091502,0.9912297874006499,0.9858534960832863,0.9999839920600618,-13.254892246717864,1037.4235233257118,0.9721134075202404,0.9721579713869614,0.9858534960832863,target,1.0,0.7723169892791334,0.7881896606368818,0.8509034800712525,5,0.4405491627059538,E1,15.0,"gam,maxent,gbm,rf",500,10000,500,500,0.9446866485013624,0.9990917641321609,0.000594500866980431,0.05590785236561803,0.9432744212402686,0.944092147634382,0.9709452660272332,0.9995798172204909,0.943671964854873,"wbal,tcold",75.6,1,drought_limited,0.61331625,2.4907395733623545,0.9861470984178452,0.945578399801833,0.9443523237289915,11.85355102220268,0.5381494629108847,2.3898687143918753,0.017665184355194485,2.5225325959849823,0.9858534960832863,0.9446866485013624,0.943671964854873,4.5856691250022,0.9573334127314953,0.8720584592519197,0.8720584592519196
0.9127034186955973,2.12844130991715,-1.7692350237674792,0.9368024782537338,0.0024221016778100163,0.9335655966596633,0.9623129401408451,0.5965700285830952,0.8556996127294157,0.9275286148096239,0.9600387796528009,0.07731958762886598,0.001989988511406532,0.0897186829822127,0.037381544596789114,-3.5898939288950493,433.4299979404925,0.9102813170177874,107.78505408097443,0.9444647835759948,0.9691220345856386,0.9518269357604537,0.9983406219210759,-1.8206589051275701,449.75910574258063,0.9086219389388632,0.9127034186955973,0.9518269357604537,0.9515977041034867,1.9486788985256567,2.0667892671325507,0.9531019202363368,0.0,0.9617615134129323,0.9771566783122816,0.911158219310079,0.9141725787823791,0.9553354973908041,0.9738794208502322,0.03626943005181347,0.01187838503200394,0.04840229589651332,0.017159763313609466,-11.188102979585313,1059.8360504309344,0.9515977041034867,36.927198117293294,0.9729803175589115,0.9821730746527094,0.9751986304376454,1.0,-13.254892246717864,1037.4235233257118,0.9515977041034867,0.9515977041034867,0.9751986304376454,target,1.0,0.7770957841488201,0.770673834344338,0.8500641003242524,5,0.49712528234538417,E1,15.0,"gam,maxent,gbm,rf",5000,10000,4888,5000,0.9294525637849889,0.998790670002883,0.0019321278176864009,0.07247956403269755,0.9410217966627865,0.9275204359673025,0.9614337801057875,0.9986344059665955,0.9261548419338981,"wbal,tcold",113.3,1,drought_limited,0.627289375,1.8593255904581039,0.9854795512124502,0.9520931384691602,0.9443561756646779,13.254892246717864,0.5285607552808531,2.414862521674511,0.0,2.0667892671325507,0.9751986304376454,0.9294525637849889,0.9261548419338981,1.8755720279508665,0.9383034198399224,0.8650730740648996,0.8643543398153031
1.0013372019679576,4.441329681681452,3.8044187982306577,0.8449655342195963,0.123729027374795,1.0529773144331267,0.8543928284581703,0.3304501041166106,0.7406217366856775,0.9515592151366503,0.8649999251911367,0.11538461538461539,0.001866896438536025,0.12239182540683739,0.10003494131913757,1.9837598931030875,470.6334518491821,0.8776081745931626,176.16889054551007,1.071559322988538,0.8396253347652904,0.8770217969567464,0.9152334364682904,-1.8206589051275701,449.75910574258063,0.7928416110614531,1.0013372019679576,0.8770217969567464,0.8621605414203718,7.1321190492873825,-9.162622400213992,0.8790107500410307,0.0038550501156515036,0.9363312141417274,0.8920031391642775,0.7035551403923292,0.862613868748838,0.9317089205736122,0.8371479622224113,0.12445604873803308,0.011786065977351058,0.1416945086952797,0.0514225806786452,-22.417514646931856,843.8240836585967,0.8583054913047203,134.54655935474963,1.1444543654644979,0.791506001194808,0.9218383401573355,0.9978389281083417,-13.254892246717864,1037.4235233257118,0.8561444194130621,0.8621605414203718,0.9218383401573355,target,1.0,0.8209144633599628,0.8335822872264324,0.7755468197100732,5,0.3117254745973932,E1,15.0,"gam,maxent,gbm,rf",50,10000,50,50,0.9639831558087689,0.9680168549811613,0.09321278176864008,0.1292296259598712,0.8867744220887662,0.8707703740401288,0.8867391468859571,0.9341188416961378,0.8048892157362666,"wbal,tcold",55.6,2,drought_limited,0.60579375,-4.157497338179086,0.899118326549215,0.8581124597473372,0.7959630863998544,-1.6923915017379993,0.7320096358947692,1.7244983898934854,0.48015801141517356,-9.162622400213992,0.9218383401573355,0.9639831558087689,0.8048892157362666,-0.30207855850314935,0.8782612873776767,0.7856824374535546,0.767375853331473
0.8820234641100038,1.4533229497431535,-0.33445318868977614,0.8921508288199573,0.016475337454270215,0.9178479295763411,0.9351157211598463,0.4181975569875926,0.7039153083515376,0.8744744218640504,0.9200741467669828,0.0196078431372549,0.0020925652387986213,0.13445187334426642,0.06144895357921138,-2.1551120938173463,428.1983689836236,0.8655481266557336,88.83660171819572,0.9078261849108676,0.9299874529485571,0.9198058825106576,0.9887127720256512,-1.8206589051275701,449.75910574258063,0.8542608986813849,0.8820234641100038,0.9198058825106576,0.9405180045118364,1.8993848009238832,5.43771292459858,0.9245240439849007,0.0,0.9937044503023724,0.9419944934434644,0.8661350844277673,0.8540591908770024,0.9162181041212968,0.9384367963975555,0.05293631100082713,0.012401526341703594,0.05948199548816357,0.02097030505094569,-7.817179322119284,999.1420766481261,0.9405180045118364,29.927601221371333,1.0024457471175123,0.9404237994610418,0.9693473622250018,1.0,-13.254892246717864,1037.4235233257118,0.9405180045118364,0.9405180045118364,0.9693473622250018,target,1.0,0.818937223339189,0.8281301696076909,0.8810505140901721,5,0.4416719529092366,E1,15.0,"gam,maxent,gbm,rf",100,10000,100,100,0.8850383948476591,0.9906139592136997,0.010378994302700026,0.12534059945504086,0.9379921633851649,0.8746594005449592,0.9280016820194746,0.9926643089744038,0.8673237095193631,"wbal,tcold",56.7,2,drought_limited,0.6400275,-0.9198551767476424,0.9824347295471385,0.9758236314094625,0.9033583076560028,-10.427676126315943,0.9709445847402322,1.151176616299232,0.8494773454096822,5.43771292459858,0.9693473622250018,0.8850383948476591,0.8673237095193631,5.890426016420524,0.9480466813860227,0.8439187515481793,0.8368159660227525
0.8885076321433076,2.1245915619959987,-1.942355879120783,0.9176821762678483,0.0029771666456414785,0.9174755990532166,0.9540215536969999,0.47711762344439984,0.8110301424312686,0.8946215837421163,0.9425308613435666,0.08771929824561403,0.0029234367306745445,0.1144695345023338,0.04763227472403115,-3.763014784248353,430.0180559480549,0.8855304654976662,115.87439008102682,0.9057985299501535,0.9471724321368936,0.9378097821004395,0.997960347777989,-1.8206589051275701,449.75910574258063,0.8834908132756554,0.8885076321433076,0.9378097821004395,0.9421171364116623,1.2787497032886677,3.414212335259391,0.9409568357131134,8.56677803478112e-05,0.9303147774848813,0.959047603746606,0.8767162066525124,0.9017149301754736,0.9236553396063607,0.9576213260423787,0.0954290296712109,0.012791317905793534,0.05796853136868557,0.019887573903014308,-9.840679911458473,1064.3481726944249,0.9420314686313145,46.558202949455094,0.9506192010559417,0.9660470485212753,0.9701077766831836,0.9999519761801854,-13.254892246717864,1037.4235233257118,0.9419834448114999,0.9421171364116623,0.9701077766831836,target,1.0,0.7811640219109712,0.7896929088252354,0.8702410888820769,5,0.37450768359259606,E1,15.0,"gam,maxent,gbm,rf",500,10000,496,500,0.9064404260589547,0.9973258287778766,0.0015605647758236314,0.09512013871686896,0.9411368223541287,0.904879861283131,0.9492873198809818,0.9988970202037887,0.9037768814869196,"wbal,tcold",66.8,2,drought_limited,0.632565625,2.635144347558205,0.9836796756208819,0.9432747089422838,0.9254331881581765,15.443455379180115,0.5415155755893518,2.2863017091899924,0.09086452606883988,3.414212335259391,0.9701077766831836,0.9064404260589547,0.9037768814869196,4.546619387501604,0.9362393681652491,0.8362893237552638,0.8362893237552638
0.9079601362432194,2.198965336441688,-1.606241051935542,0.9319300837026095,0.0033556200327992934,0.927475333102843,0.9584546395308727,0.6092289132401729,0.8152855589932269,0.9176302265825742,0.9546707270650933,0.1111111111111111,0.001292466765140325,0.09539548378957992,0.040056695630738895,-3.426899957063112,437.54596913779045,0.90460451621042,76.88991055840164,0.9359880593652313,0.9645501491017529,0.9482425749120627,0.9977010699531571,-1.8206589051275701,449.75910574258063,0.9023055861635771,0.9079601362432194,0.9482425749120627,0.9519118192980953,1.2474868808972701,2.7112039684868634,0.9504041523059248,0.0,0.9588153202046829,0.9756815806972546,0.9098659593615308,0.907182574935018,0.9411184616016764,0.9663639635062763,0.041069723018147083,0.010739783357951747,0.04808818070190468,0.017015584657977416,-10.543688278231,1030.196719008633,0.9519118192980953,34.36043225704006,0.967273574284716,0.9788653182042427,0.9753635485853059,1.0,-13.254892246717864,1037.4235233257118,0.9519118192980953,0.9519118192980953,0.9753635485853059,target,1.0,0.7821009918659275,0.7936121333958208,0.798094097448293,5,0.49702562622452506,E1,15.0,"gam,maxent,gbm,rf",5000,10000,4885,5000,0.9230616794649492,0.9981401183108906,0.0019321278176864009,0.07887044835273718,0.9443829008279447,0.9211295516472628,0.9579823273308087,0.9986344059665955,0.9197639576138583,"wbal,tcold",109.4,2,drought_limited,0.63234,1.7258482248371667,0.9837206268211008,0.9509536784741145,0.9389465886573218,13.554315009021455,0.5286006475618316,2.407406489967798,0.005269792359676506,2.7112039684868634,0.9753635485853059,0.9230616794649492,0.9197639576138583,4.6026554307410095,0.9580779529901815,0.8731979192469655,0.8731979192469654
1.023838373847029,1.6468497233622088,-0.3089431664701987,0.9090452158214344,0.07732634338138926,1.030756151230246,0.9369074297534907,0.5230283911671925,0.6613846903949293,1.0440197087010668,0.9320282906413075,0.0,0.0013540128015755786,0.05348796953436039,0.05433666132544476,-11.106578495362418,261.96882663922474,0.9465120304656396,96.49303990940412,1.0627514925176866,0.9326040391676866,0.9353632609173774,0.9451874704201652,-10.79763532889222,325.7846026543496,0.8916995008858049,1.023838373847029,0.9353632609173774,1.1320094819881086,0.14664508397362397,5.779804734013069,0.8890632693254554,0.19943263513776086,1.1495458001520669,0.8689192962859537,0.8549854439592431,0.8080517912529404,1.2072348561078687,0.8125641084087438,0.0,0.025798046939110454,0.06742315314965219,0.07230476030029587,-37.45705942974923,673.6163312374384,0.9325768468503478,102.49350793210121,1.206800894854586,0.8399902680345485,0.8748336766126533,0.9284788516479687,-43.2368641637623,753.9608866598114,0.8610556984983164,1.1320094819881086,0.8748336766126533,target,1.0,0.8913402177602873,0.7274904601750087,0.5974275876675458,5,0.5315571361922447,E1,15.0,"gam,gbm,rf",50,10000,50,50,1.0273966559315304,0.9923335122448457,0.05724180526756959,0.029845149336039177,0.8816914654533703,0.9701548506639608,0.957044935262757,0.9502435096061663,0.9203983602701271,"mat,twarm",51.7,0,heat_limited,0.5311733333333333,5.626411279253382,0.882330025044059,0.9960515286539904,0.9282653251598298,37.80503233193046,0.4926814792123376,1.836370053381568,0.2729991946926411,5.779804734013069,0.8748336766126533,1.0273966559315304,0.9203983602701271,4.286014414824486,0.9011406844106464,0.9137512683637006,0.8898776601987863
1.0616978659215115,3.6264643443097953,0.9137069448693858,0.9277039225340554,0.07643611365266204,1.0713892778555711,0.95686814181726,0.6896142433234421,0.7011747430249633,1.0746385835724728,0.9491733326373756,0.012738853503184714,0.0032209092401116034,0.014738247731150622,0.037901084652273244,-9.883928384022834,300.03173458725473,0.9852617522688494,106.85795450891268,1.0961523288535886,0.948558379965371,0.9557770501241409,0.9458185068975793,-10.79763532889222,325.7846026543496,0.9310802591664287,1.0616978659215115,0.9557770501241409,1.1099366572105855,3.7799456350492733,3.186909291063266,0.9301042179550304,0.12058446352932033,1.1184521189323302,0.9372851259964486,0.8449631653008857,0.9026653271083269,1.1238679814852084,0.9097929596816222,0.011571841851494697,0.031911619891678976,0.0106478063187347,0.03540057429246533,-40.04995487269903,694.7912074797925,0.9893521936812653,134.0433456072333,1.163668903803132,0.9185243393027007,0.9378027442674279,0.9567556267855899,-43.2368641637623,753.9608866598114,0.9461078204668552,1.1099366572105855,0.9378027442674279,target,1.0,0.8961309201865222,0.7273018453112687,0.7411489486671583,5,0.6479830805710245,E1,15.0,"gam,gbm,rf",100,10000,100,100,1.05093307451361,0.9977101364893172,0.06337406802841135,0.012440993514801253,0.8964639608570439,0.9875590064851988,0.9630338685911569,0.9449131418491391,0.9324721483343379,"mat,twarm",56.4,0,heat_limited,0.5036675,3.2069549445614243,0.938511207453187,1.0472713636564168,0.9318204088001822,42.81884103314907,0.49322446476146664,1.7413640975868,0.35558154695708866,3.186909291063266,0.9378027442674279,1.05093307451361,0.9324721483343379,1.9682190253505425,0.9623985296370041,0.9952574226849605,0.9507263400975559
0.9646875540938203,0.9153077647429768,-1.387219704423103,0.9733505662235352,0.00044511486436360937,0.9634676935387078,0.9801714147447245,0.8196380895876595,0.9194134897360704,0.9683794466403162,0.9807724046872421,0.0,0.0010975709830953553,0.03575756077054329,0.01503373347983693,-12.184855033315323,321.4024451877362,0.9642424392294567,7.90019087583569,0.9637324777108592,0.9777277780009911,0.9815733165512901,0.9996844817612929,-10.79763532889222,325.7846026543496,0.9639269209907497,0.9646875540938203,0.9815733165512901,0.965724944623635,1.6495513668065769,-0.8226532142315719,0.978889709502708,0.0006606303190455835,0.9510584657249189,0.9742180289201108,0.9446617292169427,0.9727881854232189,0.94038035822097,0.9633624601343117,0.0,0.023992696537009684,0.034935685695410564,0.009627006064173034,-44.05951737799387,759.6700459741049,0.9650643143045894,14.12277696414722,0.9350782997762863,0.959328539388194,0.9818915071959513,0.9997630827120061,-43.2368641637623,753.9608866598114,0.9648273970165955,0.965724944623635,0.9818915071959513,target,1.0,0.8993061092895607,0.7437007691143843,0.8253862948754499,5,0.7668785393078561,E1,15.0,"gam,maxent,gbm,rf",500,10000,500,500,0.9799267657828561,0.9996480321447714,0.0025587859002073497,0.022632020117351215,0.9579148720085188,0.9773679798826488,0.9872769001091825,0.9977758177704491,0.9751437976530979,"mat,twarm",66.0,0,heat_limited,0.5699831249999999,0.49457914295786054,0.9845074203320934,1.017867384303172,0.9758514832322782,40.82549757329124,0.45615776645247064,1.9685886972250408,0.15807033017601713,-0.8226532142315719,0.9818915071959513,0.9799267657828561,0.9751437976530979,-1.0351682517455814,0.9694226956887403,0.9581329686328143,0.9581329686328144
0.9808106036252133,0.24638621845525677,-1.557073647109906,0.9745096832430659,0.0037834763470906796,0.98624724944989,0.9848679406803132,0.8257191201353637,0.9229410725849179,0.9925550923168552,0.9756117444056467,0.0,0.00296446742163138,0.022972872721877396,0.011131801767507896,-12.354708976002126,322.3223039368205,0.9770271272781226,15.53890397753073,1.0000525997422614,0.9771986114033242,0.9864922224164191,0.9973180949709899,-10.79763532889222,325.7846026543496,0.9743452222491125,0.9808106036252133,0.9864922224164191,0.9697275871449113,0.4483619400529619,-1.6210489488907243,0.9736890694239291,0.006606303190455835,0.9702669174436752,0.9782065603737179,0.9091548058337726,0.9701460522980325,0.977510565506138,0.9486833736165882,0.0,0.030413999671754472,0.03687871604554463,0.011838388540355257,-44.85791311265302,756.9142022537803,0.9631212839544554,16.0477179647891,0.9896196868008948,0.9641989745434919,0.9779233333990964,0.9976308271200613,-43.2368641637623,753.9608866598114,0.9607521110745167,0.9697275871449113,0.9779233333990964,target,1.0,0.9005923541803155,0.7371198697552901,0.7524892041809575,5,0.7830272463910622,E1,15.0,"gam,maxent,gbm,rf",5000,10000,4941,5000,0.9982353200688225,0.9993691837689934,0.015065954912427758,0.016830634843605242,0.9463101692056819,0.9831693651563947,0.9840376208769374,0.986904168424282,0.9700735335806767,"mat,twarm",107.3,0,heat_limited,0.5473,-0.7086223926312911,0.9865300260083071,1.0148453699210305,0.9734067236244177,43.2368641637623,0.41767231234935603,2.1504389641328805,0.0,-1.6210489488907243,0.9779233333990964,0.9982353200688225,0.9700735335806767,-3.3725559237365346,0.9426822253266497,0.9478978250319848,0.9438570416120164
1.1023516902000543,3.740957196763759,3.7556167698264318,0.9149023469555227,0.11345483320556889,1.110747149429886,0.9405186404937628,0.8061968408262454,0.5327140549273021,1.1233688884076019,0.9330256397179758,0.0,0.0011180863285737731,0.011103143005514479,0.05172573142053215,-7.042018559065788,257.218013344807,0.9888968569944855,143.27786478172501,1.120453409778292,0.9316349564656562,0.9407530258654152,0.9195779067117741,-10.79763532889222,325.7846026543496,0.9084747637062596,1.1023516902000543,0.9407530258654152,1.191116465239187,7.313237420732605,7.153035574459828,0.9120917446249794,0.1970232775035946,1.19212453479531,0.9025356432209424,0.9203129029485085,0.8425563476039392,1.2515093580197223,0.870684453978682,0.0,0.024197849991793863,0.00590681226440757,0.05489388094061748,-36.08382858930247,736.542269852937,0.9940931877355924,118.52947999769815,1.2281431767337807,0.881945420590775,0.9073850737797957,0.9293429029335935,-43.2368641637623,753.9608866598114,0.9234360906691859,1.191116465239187,0.9073850737797957,target,1.0,0.9010479583732813,0.7372958339136252,0.7832408315216453,5,0.4391781907885234,E1,15.0,"gam,maxent,gbm,rf",50,10000,50,50,1.0578153262452024,0.998368600071855,0.06584461993205983,0.008029293686857546,0.961614766888611,0.9919707063131424,0.9641008050252441,0.9427656555585382,0.9347363618716806,"mat,twarm",49.2,1,heat_limited,0.52473625,5.532368479104306,0.9306836654550769,1.0274407729298098,0.9464601745949366,52.276391673262935,0.4443312497841627,1.8226055499183835,0.28496376116884603,7.153035574459828,0.9073850737797957,1.0578153262452024,0.9347363618716806,1.6481124686655804,0.9456895694541115,0.9271848943397891,0.9210412542420823
1.0203516407428472,6.621104338894213,-1.5097627116152914,0.9608054324634827,0.031974084423452606,1.0300810162032406,0.9780137214085999,0.7630402384500745,0.8792825112107623,1.0483512913530781,0.9664032142951547,0.013986013986013986,0.00440054160512063,0.011622443680605356,0.018102391328985463,-12.307398040507511,290.6436180962112,0.9883775563193946,16.259188529405513,1.0447097809220736,0.9661718930877473,0.978421316752549,0.9773352731862084,-10.79763532889222,325.7846026543496,0.965712829505603,1.0203516407428472,0.978421316752549,1.0575136983639684,4.549654864151876,1.071646218041522,0.9529070244542918,0.07204756538297129,1.0889991596302373,0.943756944178384,0.8414251781472684,0.9418004242885162,1.134282551821292,0.9105395912401877,0.0,0.03581979320531758,0.014533867019002836,0.023703136303672497,-42.16521794572078,708.0440829950829,0.9854661329809972,50.229215890580534,1.1723489932885907,0.9009309606195419,0.9579193895667284,0.9741620792976099,-43.2368641637623,753.9608866598114,0.9596282122786071,1.0575136983639684,0.9579193895667284,target,1.0,0.8806551455471249,0.7083113503939205,0.6331318621005709,5,0.5060472720294705,E1,15.0,"gam,gbm,rf",100,10000,100,100,1.0379185600211762,0.9992297244763104,0.04577138571491596,0.007852825693739797,0.8857591217654845,0.9921471743062602,0.973686774113241,0.9602139816696705,0.9523611559759306,"mat,twarm",56.1,1,heat_limited,0.5100308333333333,1.2120313079838851,0.9576986879806967,1.0392861869678387,0.9517083912126094,42.59305180090882,0.42281245122121536,2.131115718886487,0.0167964106300571,1.071646218041522,0.9579193895667284,1.0379185600211762,0.9523611559759306,-1.8897615867971567,0.9652468365710212,0.9955662416729166,0.9707442863788263
0.9738371374168501,0.7493673573231376,-1.9179105729651305,0.9758534383719022,0.003832933554242192,0.9791958391678336,0.9820345664038811,0.9124962541204675,0.8977233329481105,0.9802371541501976,0.9776064309736691,0.0,0.0010770556376169375,0.02999579613739212,0.014047626382428145,-12.71554590185735,332.01478036662144,0.9700042038626079,23.367040674101304,0.9838518791257923,0.9773305758829144,0.9828614382360311,0.9972830373889113,-10.79763532889222,325.7846026543496,0.9672872412515192,0.9738371374168501,0.9828614382360311,0.9713985932460265,0.15862576649169569,-1.3595275202662478,0.9778844575742656,0.00843275171958186,0.9707071111288967,0.9763229500873167,0.9607570758812294,0.9667447306791569,0.972831555644999,0.9599102315617668,0.0,0.024197849991793863,0.03703415847355536,0.012299088605998171,-44.596391684028546,758.0352815786043,0.9629658415264446,17.676133402452866,0.9821476510067114,0.9644929008374529,0.976936723832052,0.9969758205003135,-43.2368641637623,753.9608866598114,0.959941662026758,0.9713985932460265,0.976936723832052,target,1.0,0.9059981247962672,0.7428771201780465,0.8274739449161954,5,0.7537083844150068,E1,15.0,"gam,maxent,gbm,rf",500,10000,500,500,0.9952353641858208,0.9995883402490426,0.008492522168791636,0.013257157982970839,0.9685228612495436,0.9867428420170291,0.9890991907309954,0.9926180158760594,0.9793608578930884,"mat,twarm",64.4,1,heat_limited,0.5421506250000001,-0.3867564095568099,0.9819498779873727,1.0134336259760885,0.9782623172288143,37.27410270554863,0.444500103641263,2.1123439361185863,0.03311347164167655,-1.3595275202662478,0.976936723832052,0.9952353641858208,0.9793608578930884,-3.5713515329315584,0.9444170973828863,0.9547580182644373,0.9542219959740335
0.9692376171517595,0.37722967753234116,-1.498180289814421,0.9732479894961431,0.002151388511090779,0.9752450490098019,0.982732865787275,0.826940501359106,0.9152363037855631,0.976609453679138,0.9787980058072645,0.0,0.001302724437879534,0.03291377135933134,0.014564353283142121,-12.29581561870664,325.21153385569653,0.9670862286406686,16.63198254119462,0.9779344081214002,0.97815362931642,0.9821935354245674,0.9984749951795825,-10.79763532889222,325.7846026543496,0.9655612238202511,0.9692376171517595,0.9821935354245674,0.9714374538530292,0.5214870099289328,-0.8266847286073542,0.9779357459379616,0.004002642521276183,0.9669454560006403,0.97900390625,0.9366400543570579,0.9724871247576713,0.9600020124773596,0.9612136458146161,0.0,0.024290169046446743,0.032565188668247,0.009892767031118587,-44.06354889236965,759.040494105743,0.967434811331753,13.708553550494647,0.9691722595078299,0.966940083161028,0.981451183694388,0.9985645599609784,-43.2368641637623,753.9608866598114,0.9659993712927313,0.9714374538530292,0.981451183694388,target,1.0,0.9067977234619905,0.7441634111153043,0.7872218762819766,5,0.7825387078295335,E1,15.0,"gam,maxent,gbm,rf",5000,10000,4926,5000,0.9857943265540212,0.9996630417704466,0.006242555256540345,0.02044822870251908,0.9585612967204038,0.9795517712974809,0.9865591397849462,0.9945737623192852,0.9741255336167662,"mat,twarm",103.8,1,heat_limited,0.55184375,2.032091676761503,0.9684055563943832,1.0223893766268144,0.9755080424584075,42.964662734704795,0.42028157052329,2.1393876560638816,0.009606166353491652,-0.8266847286073542,0.981451183694388,0.9857943265540212,0.9741255336167662,-3.584473923879628,0.9366968307094748,0.9403097013279217,0.9396499815858861
1.1971364277059275,2.2984887234218263,-0.5878417811734913,0.8504636468078123,0.19713642770592746,1.210117023404681,0.9049294579519612,0.0,0.4732510288065844,1.2984189723320159,0.8701633705932932,0.0,0.0012822090924011161,0.0,0.08187915327177675,-11.385477110065711,192.1061547170186,1.0,108.80991119567707,1.2661020960997291,0.8825727682094611,0.9102757456387169,0.8602604778348437,-10.79763532889222,325.7846026543496,0.8602604778348437,1.1971364277059275,0.9102757456387169,1.2642521276182335,15.40237189718323,2.787302559544912,0.8362875430822255,0.2642521276182334,1.3018928328464525,0.8688501790619242,0.005509641873278237,0.7976603300605808,1.621000201247736,0.7630674728860736,0.0,0.026536599376333497,0.0,0.0716536179808432,-40.449561604217386,590.6795852469058,1.0,165.13584733473635,1.4515436241610737,0.8158125273762593,0.8832938591974736,0.9052330848024528,-43.2368641637623,753.9608866598114,0.9052330848024528,1.2642521276182335,0.8832938591974736,target,1.0,0.8774491637539704,0.6981341080501471,0.5645772612951141,5,0.38028917971758414,E1,15.0,"gam,gbm,rf",50,10000,50,50,1.2050778665019632,0.9973650633425236,0.20507786650196322,0.0,0.9153225310458023,1.0,0.9069974491071875,0.8217394638953868,0.8217394638953868,"mat,twarm",51.4,2,heat_limited,0.48331416666666666,2.5862206948595627,0.9470921768446863,0.983853178629726,0.94930035714061,41.60226685884221,0.49389658746305326,1.759716768871046,0.3396287916554819,2.787302559544912,0.8832938591974736,1.2050778665019632,0.8217394638953868,1.5302072009020975,0.9426446538431587,0.9698901486742842,0.9429653367024553
0.9996785281535152,1.5093251062878608,-0.15046582539450704,0.9748584441161989,0.014515690298968818,0.9992748549709942,0.9862797823775874,0.8506258692628651,0.9197302843740839,0.9945584492934105,0.9810111978282999,0.0,0.0013232397833579518,0.014837162145453647,0.01219199046826693,-10.948101154286727,337.9777754869448,0.9851628378545464,17.311130643154574,1.0003681981958288,0.9840389166447542,0.9853212143696284,0.9897105996599415,-10.79763532889222,325.7846026543496,0.9748734375144879,0.9996785281535152,0.9853212143696284,1.0244821824116892,1.2388759509813099,1.310262701078365,0.9749712785163303,0.034935685695410564,1.0255712513505943,0.9772210917280756,0.941962077493817,0.9658025372311086,1.0107667538740188,0.9562127808637342,0.0,0.02701870999507632,0.010453503283721292,0.012313660994791996,-41.926601462683934,760.3937094010099,0.9895464967162787,20.99257138295562,1.0218791946308725,0.9692624311226183,0.9775798525798526,0.9874712563584419,-43.2368641637623,753.9608866598114,0.9770177530747206,1.0244821824116892,0.9775798525798526,target,1.0,0.9011964616384303,0.7370860787864316,0.7711680413009765,5,0.557740145504061,E1,15.0,"gam,maxent,gbm,rf",100,10000,100,100,1.0013676269466625,0.999090651970786,0.014713018926192261,0.013345391979529712,0.9684892811382044,0.9866546080204703,0.985980381351262,0.987210952180082,0.9738655602005524,"mat,twarm",54.2,2,heat_limited,0.5329950000000001,1.4371309705699176,0.9438626735378803,1.0913221864384348,0.9201249133801896,16.24325114597945,0.6367347948730638,1.6646666960779988,0.4222494918894044,1.310262701078365,0.9775798525798526,1.0013676269466625,0.9738655602005524,0.7445298239453351,0.9613136654606179,0.942405258746195,0.9319322078413794
0.9768292984495166,0.11675343005936156,-0.7003258666089636,0.9732172164779255,0.00712183782981775,0.9780456091218244,0.9816195990190377,0.9095607235142119,0.8880322209436133,0.9651307596513076,0.9743208243786852,0.0,0.0014565895289676677,0.030292539380301194,0.01554249789410967,-11.497961195501183,335.5923184929491,0.9697074606196988,6.380433483965923,0.9758304184309496,0.9801003633846687,0.9810735417370311,0.9949517081806868,-10.79763532889222,325.7846026543496,0.9646591688003856,0.9768292984495166,0.9810735417370311,0.9740022539152061,2.7899357784277754,-0.60863478322878,0.9760483341539472,0.011036412388761513,0.9733482732402257,0.9749756651524983,0.9563007296876281,0.9649197944245445,0.9420406520426645,0.9554404145077721,0.0,0.02796241588708354,0.03703415847355536,0.013053755724868618,-43.84549894699108,766.7090046245016,0.9629658415264446,39.679157550185124,0.9662639821029083,0.9699176261775816,0.9756481681989094,0.9960420876593965,-43.2368641637623,753.9608866598114,0.9590079291858411,0.9740022539152061,0.9756481681989094,target,1.0,0.8723026748557616,0.6954911457957867,0.7605039953429106,5,0.6846395781846125,E1,15.0,"gbm,rf",500,10000,498,500,0.9845590506021971,0.9996777272054638,0.004389641328803988,0.01983059072660696,0.875127521908608,0.980169409273393,0.9877956606793526,0.9961843770372358,0.9763537863106289,"mat,twarm",60.4,2,heat_limited,0.549315,0.45046745940608446,0.984009413035511,1.006661666740195,0.9859629598338273,29.587776715548216,0.5409444929105223,1.773040102351436,0.3280477048740269,-0.60863478322878,0.9756481681989094,0.9845590506021971,0.9763537863106289,-0.3781868267429118,0.9649686646312068,0.940905280804694,0.9395033763528684
0.9880066272657583,0.06927069909818329,-1.0134230531848125,0.9840595765632694,0.0014837162145453647,0.9921984396879376,0.9907872276332965,0.9129511677282378,0.9423990498812351,0.9979154258487195,0.9858670171682543,0.0,0.0013232397833579518,0.013477088948787063,0.00621411477110488,-11.811058382077032,320.4678189715281,0.9865229110512129,13.075819505168813,0.9997370012886937,0.9863222683991794,0.9924744691702014,0.9989482725376431,-10.79763532889222,325.7846026543496,0.9854711835888561,0.9880066272657583,0.9924744691702014,0.9706213811059728,1.0990413573817364,-1.6323555691590101,0.9812592319054653,0.0021761939921501575,0.9696266357197166,0.982628659663951,0.9529681169631847,0.9747869664411208,0.9800764741396659,0.9652911881288749,0.0,0.02701870999507632,0.03155481288617728,0.009150905602294052,-44.86921973292131,755.6816123436463,0.9684451871138228,19.477387377423188,0.983758389261745,0.9718745066197533,0.9828830605403274,0.9992195665807261,-43.2368641637623,753.9608866598114,0.9676647536945489,0.9706213811059728,0.9828830605403274,target,1.0,0.9049960240829522,0.7347150537922004,0.7854890917396997,5,0.7818529489238305,E1,15.0,"gam,maxent,gbm,rf",5000,10000,4922,5000,0.9993603035249482,0.9996653299262994,0.010257202099969118,0.010896898575020955,0.9614733716855626,0.989103101424979,0.9894195655291872,0.9910840970970587,0.9801871985220378,"mat,twarm",92.7,2,heat_limited,0.5382043750000001,0.7470159055874745,0.9775464458037308,1.0321171747474303,0.9711755635768891,43.04466518128632,0.41896435229280127,2.146181673798915,0.0037005790543391814,-1.6323555691590101,0.9828830605403274,0.9993603035249482,0.9801871985220378,-4.165536488842292,0.9344513457556936,0.9464199055896236,0.9444407463635169
1.830594460761706,3.9171000315174638,0.883126834882586,0.5934063679632365,0.8307643760467995,1.8386813615527162,0.7044322281394949,0.0,0.0754559376305165,1.851747121793577,0.7012890431333664,0.046511627906976744,0.0013232397833579518,0.00016991528509357478,0.3515442845551002,-2.6187002053122965,120.40607754083284,0.9998300847149064,870.4757585639209,1.8743812809359532,0.6957671267426793,0.7064453058004322,0.39199872093229826,-3.5018270401948826,182.26926168811906,0.3918288056472048,1.830594460761706,0.7064453058004322,1.8714810605059342,11.244576801450933,2.808286362512325,0.5667159034958149,0.8742565620787185,1.8903103466695155,0.6904332880547778,0.24539415966913147,0.45937483960375713,1.9963978446607722,0.6672892739339507,0.02785646836638338,0.02172575086164451,0.0027755015727842247,0.3472790185592954,-8.577921826375523,386.19948043716846,0.9972244984272157,856.2592090867346,2.024540761888283,0.6610857916515703,0.6945715311467261,0.4455973314112342,-11.386208188887847,556.8435335963633,0.44282182983844987,1.8714810605059342,0.6945715311467261,target,1.0,0.6227185184381205,0.6168982070597498,0.40728229829679663,5,0.11707063614497995,E1,15.0,"gam,maxent,gbm,rf",50,10000,50,50,1.8139932540054342,0.8488398613996346,0.8140166775976764,2.342359224210625e-05,0.46609276848347597,0.9999765764077579,0.710717109918009,0.3657931235856632,0.36576969999342124,"mat,lpann",52.9,0,region_excluded,0.27236437500000005,7.893012812303213,0.650169097975872,1.0051531902932633,0.5195365617567189,2.220380006242072,0.6656695670534827,1.9554951747399982,0.25556609971530775,2.808286362512325,0.6945715311467261,1.8139932540054342,0.36576969999342124,2.9980302897838254,0.7052006703212429,1.7332755551391361,0.4226982487934925
1.4749860426730101,27.34350439250096,1.1853302392432097,0.709738634498605,0.5519091195960871,1.481078708670633,0.7455431727499656,0.12071330589849108,0.45494605683026895,1.48225106039184,0.7586887313485969,0.0,0.0009847365829640572,0.07692307692307693,0.265997207162806,-2.316496800951673,151.63053234134534,0.9230769230769231,858.5787284801221,1.5104494775261237,0.7513219083277736,0.7459249524332594,0.5960810786804285,-3.5018270401948826,182.26926168811906,0.5191580017573516,1.4749860426730101,0.7459249524332594,1.534138669345246,22.31646928401625,4.68588989161749,0.6522033481043821,0.656049271761254,1.5491426740024572,0.6925035360678925,0.14459601259181531,0.6587639420227382,1.5703015688726147,0.7350328356826,0.0,0.01983833907763007,0.12191060241600804,0.30800385122548507,-6.700318297270358,440.91124996872185,0.878089397583992,893.5230140565297,1.6307927444703982,0.7145393957995352,0.6930081673950912,0.5839717049130865,-11.386208188887847,556.8435335963633,0.46206110249707844,1.534138669345246,0.6930081673950912,target,1.0,0.6733303951336412,0.7030336782601916,0.7831296402212121,5,0.21572920586348432,E1,15.0,gam,100,10000,100,100,1.4570879790124613,0.8266454494757031,0.5084090696149162,0.051321090602454794,0.46389065068404767,0.9486789093975452,0.772197754008656,0.603894444849989,0.5525733542475342,"mat,lpann",37.9,0,region_excluded,0.36104250000000004,4.986194384598164,0.6884387727396144,1.3574674412067835,0.5461338669359534,8.287540072551892,0.613188968401261,2.0682095006090133,0.16774947076428948,4.68588989161749,0.6930081673950912,1.4570879790124613,0.5525733542475342,5.186534487503714,0.6865498357064622,1.3352150285767825,0.5428843876804197
1.3843726484938224,29.242784288098335,2.0639727611958536,0.7209502708025604,0.48520523339078087,1.3891787769433337,0.7547481757411849,0.13505908835115363,0.41525202402716116,1.3454352656029085,0.7700273418157549,0.0,0.0012411784014442803,0.10083258489695851,0.24795875399262585,-1.437854278999029,180.4682822226879,0.8991674151030414,793.8049304882379,1.4030548472576372,0.759807338208828,0.7542171863706237,0.6448988292977563,-3.5018270401948826,182.26926168811906,0.5440662444007978,1.3843726484938224,0.7542171863706237,1.4422299172636197,22.9716084760542,5.677995828871252,0.6751907927129492,0.5819037297454469,1.4566529565728326,0.7040073057772173,0.06548607268031728,0.7513416815742398,1.42773361912417,0.7583813611281423,0.0,0.020238388314459215,0.1396738124818271,0.2857980421923258,-5.708212360016596,503.6644736104124,0.8603261875181729,841.4394910728955,1.5382241831761687,0.7309868436001727,0.7045415187462118,0.6309904956668958,-11.386208188887847,556.8435335963633,0.4913166831850688,1.4422299172636197,0.7045415187462118,target,1.0,0.6317980667924038,0.659529759322149,0.8490165308196838,5,0.19776262685823487,E1,15.0,"gam,maxent,gbm,rf",500,10000,499,500,1.355382741497236,0.8550384152042398,0.42570036540803896,0.07031762391080296,0.48549378228633644,0.929682376089197,0.7894108755320418,0.668333454996715,0.598015831085912,"mat,lpann",66.2,0,region_excluded,0.4209275,17.09378021980843,0.6865504967080008,1.0666166963365502,0.5461196835139774,10.760712274705476,0.5635189584931517,2.2730956619507166,0.008121030732170187,5.677995828871252,0.7045415187462118,1.355382741497236,0.598015831085912,9.8072003799765,0.6956326887310372,1.2238358474655673,0.5922800244610766
1.3724057577008035,25.415923321620937,1.1023380105206315,0.7403885606433612,0.4695487535500158,1.3775236516141618,0.7622427107797389,0.032692307692307694,0.6520936834634492,1.3625530195920017,0.7826152004787552,0.0,0.0015489085836205483,0.09714299584921232,0.2398471290465085,-2.399489029674251,188.36602555046687,0.9028570041507877,794.3617568702489,1.4024048797560122,0.7702937534468944,0.7611320291397233,0.6563571441260593,-3.5018270401948826,182.26926168811906,0.5592141482768471,1.3724057577008035,0.7611320291397233,1.4220348391530755,24.745314387547864,4.253338641683513,0.6871512391268669,0.5621580185562105,1.4335238502216763,0.7124105535800518,0.061878658366626406,0.8210164000809881,1.407341252121104,0.7648055400976936,0.0,0.02065895289676678,0.14012317940313498,0.27827471353457484,-7.132869547204335,504.8138073677419,0.859876820596865,856.8826877802984,1.510165239207544,0.7373657303693492,0.7100449644213559,0.6435120773756642,-11.386208188887847,556.8435335963633,0.5033888979725292,1.4220348391530755,0.7100449644213559,target,1.0,0.7019920747227074,0.7466702885671028,0.97635911003243,5,0.31727178002255696,E1,15.0,"gam,maxent,gbm,rf",5000,10000,4900,5000,1.3569052749929729,0.8638460847158644,0.4220228614260283,0.06511758643305537,0.4978833390772227,0.9348824135669447,0.7933135230220332,0.6711986276370538,0.6060810412039985,"mat,lpann",80.7,0,region_excluded,0.41289875,4.260296268369856,0.7077275609294875,1.3131968518692028,0.6130887801783123,14.262096999123553,0.559621899084333,2.2170195821231142,0.05181035112051968,4.253338641683513,0.7100449644213559,1.3569052749929729,0.6060810412039985,4.670280130524351,0.7014194196708956,1.2489693619413473,0.6142463833744456
1.3853193193679152,14.831091048525366,6.042387975926244,0.6563679632365009,0.541981212224191,1.3909099775675413,0.7080851758179,0.0,0.39620772605065796,1.3046354271864269,0.7124296137245021,0.0,0.001261693746922698,0.15666189285627594,0.29560930519180406,2.540560935731362,266.8615235278612,0.843338107143724,843.0471350634543,1.3882055897205139,0.7078810463400081,0.7071070948833802,0.6033468938196159,-3.5018270401948826,182.26926168811906,0.4466850009633401,1.3853193193679152,0.7071070948833802,1.490946578203061,14.136236330256054,12.72835742438383,0.5790558838010832,0.6610451745922656,1.5050745152502538,0.6683725145263607,0.006110487591969073,0.6166137356093688,1.3279152153850733,0.6777753622261724,0.0,0.020423026423764975,0.17009859638920463,0.3292564164319298,1.3421492354959819,668.2889866292843,0.8299014036107953,885.9029228741354,1.5064451942209534,0.6713838648810345,0.6663341645885287,0.5808035938783378,-11.386208188887847,556.8435335963633,0.41070499748913303,1.490946578203061,0.6663341645885287,target,1.0,0.6893549099012105,0.7625395709942595,0.7599725149269078,5,0.10212117926108659,E1,15.0,"gam,maxent,gbm",50,10000,50,50,1.3036868734189075,0.8092646359851339,0.4676520191136513,0.16396514569474374,0.38146859581252274,0.8360348543052563,0.7258233433995261,0.6356485874881378,0.47168344179339394,"mat,lpann",48.8,1,region_excluded,0.4438783333333333,14.669300264697437,0.6659084324939109,1.2556919329148317,0.47465470198443493,7.410221264070149,0.6689779952088787,1.4904900215497048,0.46062271347250405,12.72835742438383,0.6663341645885287,1.3036868734189075,0.47168344179339394,16.04877547429291,0.6653761301206904,1.2227817858146726,0.4717075134286657
1.560429157462922,17.421956369954046,0.893012823520889,0.649156819300837,0.6300944243512877,1.5674436750219447,0.7244719647469989,0.049070900234530035,0.14360730593607307,1.5232023833568975,0.7335474639530113,0.0,0.0016925160019694732,0.06966526688836566,0.2962095290938421,-2.6088142166739936,145.2552065340062,0.9303347331116344,851.764469071041,1.596495175241238,0.7158523082847927,0.7267021861549838,0.5388605638556785,-3.5018270401948826,182.26926168811906,0.469195296967313,1.560429157462922,0.7267021861549838,1.5455314424678175,18.74782159368442,-0.033792720106651686,0.6323444936812735,0.6539346038962756,1.5615885903530795,0.696770964748569,0.12940917107583774,0.5455730985981091,1.596766991158346,0.7204338056587334,0.0,0.02126415558838011,0.10840316142845814,0.3022585547345805,-11.4200009089945,390.8330560400157,0.8915968385715418,835.3528828419393,1.680566369639819,0.7003894399380338,0.7005192107995847,0.5853127042928743,-11.386208188887847,556.8435335963633,0.4769095428644161,1.5455314424678175,0.7005192107995847,target,1.0,0.6840614440027768,0.7389416044929034,0.7743294510113482,5,0.1352882293540691,E1,15.0,"gam,gbm",100,10000,100,100,1.5461210531247072,0.8357652797329546,0.5916799400356039,0.04555888691089666,0.4429465934654339,0.9544411130891034,0.749721708571376,0.5390174465289437,0.49345855961804697,"mat,lpann",40.7,1,region_excluded,0.32633875,12.436853045761076,0.6746805863957125,1.1169539960648365,0.5090268204799133,6.11146639678547,0.6002062509915913,2.1817202286142603,0.07931235856631869,-0.033792720106651686,0.7005192107995847,1.5461210531247072,0.49345855961804697,0.733349264184902,0.692149297728455,1.427246322496018,0.5023535520729454
1.443236157972668,21.419218373752187,0.8653785491931965,0.7291769243394058,0.5169308444789669,1.4487467082805032,0.7577568008921814,0.18168778388716234,0.5315587266739846,1.4356443142799435,0.7742637683863545,0.0,0.0016720006564910554,0.073694686506299,0.25000770613922424,-2.636448491001686,172.84854449242079,0.926305313493701,811.7335387265069,1.4741762911854408,0.7629430546013014,0.7582609732350428,0.6216801975449006,-3.5018270401948826,182.26926168811906,0.5479855110386016,1.443236157972668,0.7582609732350428,1.4748222357326002,22.598335431468342,2.751429994445676,0.6803298867552929,0.5996933731595782,1.4901447572245072,0.7066798232442404,0.09627267291209886,0.7913526378421262,1.4884939418296568,0.760775681592516,0.0,0.021223124897423274,0.12487113742697788,0.28726983095609887,-8.634778194442172,486.96967982862634,0.8751288625730221,864.4944351033622,1.579115840470629,0.7303546670244644,0.7072256341789052,0.619709338384431,-11.386208188887847,556.8435335963633,0.494838200957453,1.4748222357326002,0.7072256341789052,target,1.0,0.6497074035569116,0.6718712352662386,0.8136299550489607,5,0.21288025470802202,E1,15.0,"gam,maxent,gbm,rf",500,10000,499,500,1.4304085074487023,0.8599832722738869,0.4693853649395671,0.0389768574908648,0.48921626804759905,0.9610231425091352,0.7908326024730384,0.6342981239506533,0.5953212664597887,"mat,lpann",41.0,1,region_excluded,0.38937125,11.422727030327607,0.6549350967425912,1.0262578469034012,0.5500593388550794,3.808350091150558,0.666862227437176,1.8923451700552796,0.3047667712971749,2.751429994445676,0.7072256341789052,1.4304085074487023,0.5953212664597887,2.2176198547500974,0.6961632616224631,1.3103391736156658,0.6005212697400149
1.4026021312231474,24.83102384243756,2.308276998300929,0.7467380600689315,0.47787460251960096,1.4049058812055009,0.7707391260265639,0.13288590604026845,0.7029866426534594,1.3861341143203394,0.7846153846153846,0.0,0.0015283932381421302,0.07527247129645362,0.23410965799936306,-1.1935500418939538,172.47575520936272,0.9247275287035464,802.3242003435457,1.423778811059447,0.7744337637691324,0.7697716710446555,0.6502638077134888,-3.5018270401948826,182.26926168811906,0.5749913364170351,1.4026021312231474,0.7697716710446555,1.4305463773096139,24.80563881506106,3.9273754055907055,0.6987321516494338,0.557637915994819,1.4422306500721116,0.7198661446600031,0.11604641856742696,0.8302200946979551,1.4397606501741538,0.7695048441808819,0.0,0.02078204496963729,0.12709153868520526,0.2713540466363579,-7.458832783297142,461.72863692103624,0.8729084613147947,848.3742978613384,1.5281887129797849,0.741439488992814,0.7182816748232735,0.6463784635499606,-11.386208188887847,556.8435335963633,0.5192869248647554,1.4305463773096139,0.7182816748232735,target,1.0,0.7024810637867567,0.7509281032313808,0.9686598690969749,5,0.29685061156705844,E1,15.0,"gam,maxent,gbm,rf",5000,10000,4911,5000,1.3698350979106155,0.8633831883494079,0.42778506511758646,0.05794996720697086,0.5046046670875578,0.9420500327930291,0.7950342482678185,0.666709248850281,0.6087592816433101,"mat,lpann",55.6,1,region_excluded,0.41545624999999997,4.008086158514724,0.7094279743879136,1.3064040101189918,0.6123802109558913,13.28345378550102,0.5591710947373089,2.2408179518410942,0.033268851741002914,3.9273754055907055,0.7182816748232735,1.3698350979106155,0.6087592816433101,4.6694105408978,0.7015390252839868,1.2428792279583998,0.6091564037796275
1.2522028303031774,9.316935134965604,11.142932934821914,0.6224560971606762,0.48437993057746925,1.2470008777918657,0.6809254074701044,0.0,0.13308040274332408,1.1148252878206424,0.657561721025739,0.0,0.002143853602494666,0.2321771002742918,0.30345706678728196,7.641105894627032,342.5691247988932,0.7678228997257082,733.3857671207564,1.1624418779061048,0.6618575293056808,0.6818416968442835,0.645502833490256,-3.5018270401948826,182.26926168811906,0.4133257332159641,1.2522028303031774,0.6818416968442835,1.47019639977796,11.700506163247383,27.440459623420963,0.5201665846052848,0.6577410060532367,1.4608728166230436,0.6471673540264814,0.0,0.5046691232143758,1.1078860409038136,0.6155693020365506,0.0,0.023141309699655343,0.1875446062752769,0.33579049059139787,16.054251434533118,877.7264012071448,0.8124553937247231,802.2043023889489,1.259047783833665,0.6274940321942377,0.6578063135366506,0.5828989054092563,-11.386208188887847,556.8435335963633,0.39535429913397935,1.47019639977796,0.6578063135366506,target,1.0,0.6900807814726396,0.776903348945614,0.7435312866819216,5,0.1780165039600421,E1,15.0,"gam,maxent",50,10000,50,50,1.122575658202942,0.7863355501608662,0.4024641619038696,0.27988850370092755,0.39980383392851776,0.7201114962990725,0.6785261043733516,0.6864369662019125,0.406548462500985,"mat,lpann",20.1,2,region_excluded,0.5135812500000001,46.25895038921626,0.6588967886624995,0.7988381898247915,0.39610935620450793,12.616483663613721,0.6350449693755249,1.5764546050782349,0.36205881239107796,27.440459623420963,0.6578063135366506,1.122575658202942,0.406548462500985,38.806422980570375,0.6612965529778,0.9225850276398389,0.40538018967819367
1.6403378886812146,11.066854050262634,1.000059643966289,0.6578553257836862,0.6735684637230867,1.645762215936799,0.7308769860286799,0.03296391020176186,0.15085951393005334,1.6574176933952738,0.7330958149256568,0.0,0.002287461020843591,0.03323057504187198,0.29936770678044516,-2.5017673962285936,154.30935587079026,0.966769424958128,867.7309014430929,1.6780410979451028,0.7259794449578537,0.7323073528600584,0.5070437547742979,-3.5018270401948826,182.26926168811906,0.47381317973242587,1.6403378886812146,0.7323073528600584,1.6433348312230711,12.20224657116836,1.081927483083577,0.6232561956343344,0.7155771721603975,1.658618663532931,0.6994293980551314,0.1908953722334004,0.5484339764470058,1.7402578071507249,0.711737354423779,0.0,0.023746512391268668,0.07224234093732654,0.3131560421548128,-10.30428070580427,418.0332104608408,0.9277576590626735,837.4875955040253,1.7772010266170661,0.6971600643787965,0.70196,0.5462225723720603,-11.386208188887847,556.8435335963633,0.47398023143473367,1.6433348312230711,0.70196,target,1.0,0.6725207980771957,0.7077222318810461,0.7516686755851071,5,0.2052331682616976,E1,15.0,gam,100,10000,100,100,1.6235126018926263,0.8344914588253601,0.6467488053967957,0.0232362035041694,0.46166587136131926,0.9767637964958306,0.7446229118862887,0.4961128549529163,0.4728766514487468,"mat,lpann",20.2,2,region_excluded,0.2914875,7.182491133692781,0.6715539783339559,1.1695868078328493,0.5440319111571377,0.40808828264268193,0.67163768386106,1.968729504356788,0.24525512811154093,1.081927483083577,0.70196,1.6235126018926263,0.4728766514487468,4.362019657398841,0.680639848385714,1.280193010400075,0.5606652743396636
1.3627205864504697,19.147596511672475,0.9721813989288397,0.7351058591826687,0.456950748840935,1.3671120647615331,0.7680469715698393,0.09265734265734266,0.5098299681190224,1.3419763684104222,0.7775465982471081,0.0,0.002154111275233875,0.09423016239046532,0.23342379571948438,-2.529645641266043,177.7021338020527,0.9057698376095347,805.6500220378223,1.3882305884705766,0.7709506563108423,0.7667176921417344,0.6655770904762751,-3.5018270401948826,182.26926168811906,0.5713469280858097,1.3627205864504697,0.7667176921417344,1.365837540641273,26.31712002216443,1.0974778730727834,0.6834379615952733,0.5364648039967223,1.377917846268896,0.7025406024664734,0.1695364238410596,0.7228424424813125,1.372272334851597,0.7499843136270659,0.0,0.02315156737239455,0.17062726335544923,0.2808959267465426,-10.288730315815064,478.7889289656148,0.8293727366445508,876.3852334997155,1.4627274562390056,0.7174004683840749,0.7011239972291122,0.6598052198400858,-11.386208188887847,556.8435335963633,0.4891779564846366,1.365837540641273,0.7011239972291122,target,1.0,0.6468245737977056,0.6697010691503353,0.8947179679294777,5,0.1850392351950585,E1,15.0,"gam,maxent,gbm,rf",500,10000,499,500,1.3491286423685938,0.8570980812594936,0.42181204909584935,0.07268340672725569,0.48345457166503736,0.9273165932727443,0.7894983497691671,0.6713628732024235,0.5986794664751678,"mat,lpann",48.8,2,region_excluded,0.44673375000000004,1.0920647479182417,0.6993874683899972,1.3354492644992035,0.5973769991588846,10.464438740206216,0.5875975614491515,2.1498172959805117,0.10416818745893863,1.0974778730727834,0.7011239972291122,1.3491286423685938,0.5986794664751678,4.4766580463341255,0.6903250424948832,1.2241403541647147,0.5872503744235316
1.3481321455445785,29.92908758770318,1.7383489023711896,0.754759560150993,0.43974075782217154,1.3516775577879645,0.7750370669901604,0.09302325581395349,0.6581011631052205,1.318572005655423,0.7951956791602239,0.0,0.002154111275233875,0.09160861227759302,0.2250251855506898,-1.763478137823693,185.2035598344335,0.908391387722407,743.590029321272,1.3668316584170792,0.7815331967299689,0.7737140258021833,0.6781723543728128,-3.5018270401948826,182.26926168811906,0.5865637420952199,1.3481321455445785,0.7737140258021833,1.391134254976078,29.39054213755844,4.4737983968969,0.698055145248646,0.5414078401311094,1.4052133967202607,0.7113573776316958,0.0658554044380816,0.8338932063173727,1.3602453038016136,0.7804951881235573,0.0,0.025531347447891022,0.15027358515503159,0.2754450046842598,-6.912409791990948,520.5076313798963,0.8497264148449684,846.9216394973861,1.483721198488912,0.7378320639048858,0.7107308283310672,0.6566706337898319,-11.386208188887847,556.8435335963633,0.5063970486348004,1.391134254976078,0.7107308283310672,target,1.0,0.697684142649909,0.7529717453702591,0.9673305183178387,5,0.31286658401961204,E1,15.0,"gam,gbm,rf",5000,10000,4892,5000,1.3242762109997188,0.8757224455079083,0.3841000655860583,0.05982385458633936,0.4926130726751564,0.9401761454136607,0.8090055226347402,0.7007445798963428,0.6409207253100035,"mat,lpann",71.0,2,region_excluded,0.43181833333333336,4.476949782623452,0.7105790189981964,1.3221680876979294,0.6406878914859573,12.25878818422277,0.5690070089943747,2.209266373090977,0.057850938024673226,4.4737983968969,0.7107308283310672,1.3242762109997188,0.6409207253100035,5.627963082634513,0.6998843374597757,1.2301133701864517,0.6287288712238781
1.4922691830586567,5.680573087404184,-0.45609706990392684,0.681314623338257,0.5472266524898104,1.4973549677706157,0.7566841112179145,0.04012036108324975,0.3924050632911392,1.5142332415059687,0.7453067932797662,0.0,0.0013232397833579518,0.05495746943115364,0.27922431413634075,-2.5234767258468294,111.21443993500478,0.9450425305688464,15.48944737043124,1.5259637188208617,0.7492616365186947,0.7583791807023313,0.5280452391869174,-2.0673796559429025,156.5106633471575,0.4730877697557636,1.4922691830586567,0.7583791807023313,1.4795600453172206,6.718045369083427,-1.2071752180047852,0.6551780731987527,0.5374811178247734,1.4889432555046198,0.7572885949592983,0.12759394279304542,0.5410158509776698,1.5610566235124885,0.7379138497988195,0.0,0.02172575086164451,0.05792107250755287,0.26450665827828457,-9.296638740576757,308.58092059504673,0.9420789274924471,127.28916700989551,1.585523317636336,0.7527980964131489,0.7598758733603671,0.5868650217706821,-8.089463522571972,481.55764271618096,0.5289439492631294,1.4795600453172206,0.7598758733603671,target,1.0,0.693875535473099,0.6687736523058614,0.47672295492202554,5,0.13581634551939975,E1,15.0,gam,50,10000,50,50,1.4992515781938087,0.7667050959971532,0.5602533787448207,0.061001800551011995,0.37744597487491,0.938998199448988,0.7514235122560933,0.4974606448599949,0.43645884430898296,"mat,lpann",31.0,0,patchy,0.290375,1.0916407281759142,0.6387157603438354,0.9166757055773694,0.35013549155303747,2.207251065560124,0.6955919000544617,1.8166908909473503,0.2653410697597809,-1.2071752180047852,0.7598758733603671,1.4992515781938087,0.43645884430898296,-2.059206148494374,0.7530413748945555,1.3526476777230623,0.43380479991850907
1.3505892255892256,12.598895682167779,0.04896321291977257,0.6855612998522895,0.45755803650540494,1.3552122693931985,0.7585621124753447,0.10621605310802655,0.26295264623955433,1.3219467401285583,0.7511468796962746,0.0,0.0009847365829640572,0.10696881091617934,0.26167447018235584,-2.01841644302313,160.1719156050773,0.8930311890838206,39.1250363706045,1.374172335600907,0.7592477626765742,0.7598360269518918,0.6053797952009782,-2.0673796559429025,156.5106633471575,0.4984109842847988,1.3505892255892256,0.7598360269518918,1.3616644637462236,6.654937464234763,0.8000232474502438,0.6648920892827835,0.4666021525679758,1.3702999928742785,0.7569544652877986,0.2373145979703357,0.5928806784421757,1.3489211455472734,0.7528253777376936,0.000517063081695967,0.01983833907763007,0.10493768882175226,0.2534064508026875,-7.289440275121728,427.3481869787192,0.8950623111782477,84.54516013427131,1.4507823180920554,0.7628226981126228,0.7579927842572882,0.6413461538461539,-8.089463522571972,481.55764271618096,0.5364084650244016,1.3616644637462236,0.7579927842572882,target,1.0,0.7125130476762637,0.7169037984842889,0.758429444114537,5,0.20693298126940274,E1,15.0,"gam,gbm",100,10000,100,100,1.3499143111265375,0.7903323756155155,0.459270668373213,0.10935635724667549,0.38636155173842707,0.8906436427533245,0.7580222296074739,0.5880407075168804,0.47868435027020495,"mat,lpann",38.6,0,patchy,0.3672975,0.10437781488550435,0.7519181585677749,1.314901186628197,0.477992031938516,4.334864048906562,0.6773978829794143,1.8217454498123522,0.2580088628500081,0.8000232474502438,0.7579927842572882,1.3499143111265375,0.47868435027020495,-0.7133595606984571,0.7314792234368539,1.2356335553289801,0.4645676738606932
1.3300327839801525,3.87399065460221,2.012449234476754,0.7118722304283605,0.4266126174020911,1.3278728606356969,0.7754724007218493,0.001093693036820999,0.5580964153275649,1.288820018365473,0.7671738498109347,0.0,0.0009847365829640572,0.09657983342193868,0.24251478560867423,-0.05493042146614835,225.93113989697662,0.9034201665780613,63.33433431339722,1.30718820861678,0.772209500034399,0.775457043170734,0.6320686229558307,-2.0673796559429025,156.5106633471575,0.535488789533892,1.3300327839801525,0.775457043170734,1.3598234516616314,4.066991010752474,3.98965661132622,0.6813248810109962,0.44425037764350456,1.3666183701099737,0.7771008761805354,0.20663009041032376,0.7256572414153557,1.2764482803713875,0.7598575367647059,0.0,0.01983833907763007,0.08442692598187311,0.23441195554346234,-4.099806911245752,573.3158346530626,0.9155730740181269,45.95942234711554,1.3308268773102436,0.7715151580982588,0.7759674338124244,0.6585268505079825,-8.089463522571972,481.55764271618096,0.5740999245261094,1.3598234516616314,0.7759674338124244,target,1.0,0.6832138726918385,0.7194477864134401,0.8846348254004097,5,0.20674019382657888,E1,15.0,"gam,gbm",500,10000,500,500,1.303251838514437,0.7959243330131421,0.4143219732303621,0.11107013471592511,0.42309623462292223,0.8889298652840749,0.7718911587691786,0.6283590511957347,0.5172889164798096,"mat,lpann",45.5,0,patchy,0.38355875,3.8922023279151627,0.7734567590682698,1.291081849144196,0.5149954180927776,6.439611519403588,0.6197187218886443,2.0814369698678874,0.02996633651806735,3.98965661132622,0.7759674338124244,1.303251838514437,0.5172889164798096,4.376211114508089,0.7512376752506552,1.211662364145172,0.49080197850819784
1.4005847953216375,0.570894945998873,0.6562496604647583,0.7323157721976038,0.4517986886407939,1.4046454767726162,0.7914960484355502,0.2872793670115642,0.4935906880801532,1.374724517906336,0.7883762071865665,0.0,0.0009847365829640572,0.051213893319156475,0.23316083456546738,-1.4111299954781442,204.27067624373788,0.9487861066808435,92.79103910258223,1.3957369614512471,0.7927157081740053,0.7904624810836748,0.6103469356564267,-2.0673796559429025,156.5106633471575,0.5591330423372702,1.4005847953216375,0.7904624810836748,1.4208128776435045,0.7276481047289849,1.9522174869896718,0.7152572624322994,0.4703313821752266,1.4243842189021638,0.7871341935357454,0.616154280642298,0.6905972679230232,1.3583627566365895,0.7780464002129264,0.0,0.01983833907763007,0.04951850453172205,0.2304979383385311,-6.1372460355823,551.7618440781786,0.950481495468278,115.42530635261184,1.4083244721251709,0.7847861738362558,0.7852581289913714,0.6384796806966618,-8.089463522571972,481.55764271618096,0.5889611761649398,1.4208128776435045,0.7852581289913714,target,1.0,0.6924430127096911,0.6721594053178385,0.8426690102999446,5,0.29722286275260984,E1,15.0,"gam,maxent,gbm,rf",5000,10000,4901,5000,1.3912619042453955,0.8047992490200788,0.4401587955832267,0.048896891337831094,0.46805977806393234,0.9511031086621689,0.795482173636941,0.6051837870444241,0.556286895706593,"mat,lpann",72.5,0,patchy,0.36191249999999997,2.056416056106359,0.7832043290636345,1.3811310931297047,0.5529461721418585,9.688146224700079,0.6058803340578881,2.0815671301820076,0.029849584557607445,1.9522174869896718,0.7852581289913714,1.3912619042453955,0.556286895706593,2.673056734008794,0.7708862531751906,1.3216912163481354,0.5347406452151873
1.6419900762006026,5.524262455355085,-0.07005515823624853,0.6385606433612342,0.663565479354953,1.6472549455434542,0.7391603694374476,0.03007159904534606,0.30139012126589765,1.6418732782369145,0.7397636426833507,0.008130081300813009,0.001261693746922698,0.021575403154350522,0.3176603502285215,-2.137434814179151,174.5624877962937,0.9784245968456495,190.32153911444647,1.6578458049886622,0.7359206900376245,0.7406724239121322,0.4277090019868562,-2.0673796559429025,156.5106633471575,0.40613359883250566,1.6419900762006026,0.7406724239121322,1.6419703549848943,2.0984762722055734,-0.06685042554341791,0.600350812407681,0.6746837235649547,1.6523835538348257,0.7292509940179819,0.23222703222703223,0.5462516008275047,1.6556819667843599,0.7254284025999606,0.0045203415369161224,0.020423026423764975,0.03271336858006042,0.31374807585578607,-8.15631394811539,515.000115261628,0.9672866314199395,204.51990723819856,1.6954782520633955,0.7159844457385457,0.7322463929959352,0.48140420899854863,-8.089463522571972,481.55764271618096,0.44869084041848817,1.6419703549848943,0.7322463929959352,target,1.0,0.6079175775983737,0.547375221998063,0.40987209818599524,5,0.18270132994762336,E1,15.0,"gam,maxent,gbm,rf",50,10000,49,50,1.6431654988394038,0.7827100454745259,0.6554222617523917,0.01225676291298783,0.3988687400831611,0.9877432370870122,0.7473941662152623,0.4120955031036563,0.39983874019066845,"mat,lpann",38.7,1,patchy,0.3043275,27.442235070152876,0.7270572800947968,0.94787079419485,0.37075450440933166,1.1147543133093523,0.6541198993376666,2.0328871727010434,0.0735148177696483,-0.06685042554341791,0.7322463929959352,1.6431654988394038,0.39983874019066845,1.1835515273605939,0.7337885833546922,1.5583877475757641,0.44752942423932085
1.4928672691830587,3.1420089041447454,1.5948038222895922,0.6847304283604135,0.5404261917419813,1.4976216937097133,0.7627794389861883,0.2960514233241506,0.2086930634117297,1.4585169880624427,0.7661004920956552,0.0,0.0016925160019694732,0.04755892255892256,0.2727412841774298,-0.47257583365331035,176.41455830639876,0.9524410774410774,187.01900949383545,1.4998412698412698,0.7614633128634017,0.7641330039631058,0.53391028580162,-2.0673796559429025,156.5106633471575,0.48635136324269745,1.4928672691830587,0.7641330039631058,1.5077416918429003,0.0031138112701682985,2.427414315613297,0.664133021500082,0.5578738670694864,1.5171848649675779,0.7546991771721899,0.5442957297641811,0.5142887954275854,1.4915653197332288,0.7556605259014328,0.0,0.02126415558838011,0.050132175226586105,0.26997851490855734,-5.662049206958675,460.8351727036955,0.9498678247734139,144.97584710988963,1.5690667881918072,0.7402757383737546,0.7575483773812213,0.5711901306240929,-8.089463522571972,481.55764271618096,0.5210579553975068,1.5077416918429003,0.7575483773812213,target,1.0,0.6483531059864295,0.667312681953021,0.6343904017244814,5,0.16900456052873342,E1,15.0,"gam,maxent,gbm,rf",100,10000,100,100,1.468945918389483,0.786564492524057,0.5152829902162831,0.04633707182680001,0.4189986585791028,0.9536629281732,0.7725263814569769,0.5377984471989259,0.491461375372126,"mat,lpann",46.1,1,patchy,0.340778125,1.0075170968309681,0.7565105455985741,1.3686357029741631,0.5039077653484432,1.8658432766468955,0.6814204837879567,1.896544243660108,0.19581249635150133,2.427414315613297,0.7575483773812213,1.468945918389483,0.491461375372126,0.9683338757466968,0.7561116534836922,1.355012256762913,0.5039879503763958
1.3764619883040936,3.9767400487145323,0.10006826225975596,0.7252687510257673,0.44298245614035087,1.3801289175372304,0.7866868381240545,0.07085201793721974,0.5102102102102102,1.3604912764003674,0.7824319461599059,0.0,0.0023797800754964712,0.06652046783625731,0.23649954758575306,-1.9673113936831466,187.19026391144433,0.9334795321637427,12.845282558767524,1.390453514739229,0.7886054696022539,0.7856044294063365,0.6179504814305364,-2.0673796559429025,156.5106633471575,0.5514300135942791,1.3764619883040936,0.7856044294063365,1.4029928247734138,3.3808585561908444,1.8672693472020168,0.7054304119481372,0.4626132930513595,1.4112016341654592,0.7845420336111275,0.4686926031056938,0.7088697776194596,1.3494703805413888,0.7756033484727046,0.0,0.02680329886755293,0.05962046827794562,0.2332121212121212,-6.222194175369955,543.3181144349661,0.9403795317220544,48.33146614178037,1.4111347409995443,0.785236520186906,0.7826736077006188,0.6444121915820029,-8.089463522571972,481.55764271618096,0.5847917233040572,1.4029928247734138,0.7826736077006188,target,1.0,0.673802394497678,0.6899891496471232,0.8060716008169686,5,0.21696526778486774,E1,15.0,"gam,maxent,gbm,rf",500,10000,500,500,1.3750569451374275,0.7974623708837099,0.43944291385556544,0.06438596871813784,0.4378454793132451,0.9356140312818622,0.7878666094279477,0.6058259228269541,0.5414399541088164,"mat,lpann",45.1,1,patchy,0.37582000000000004,1.9432166097636436,0.7860169905282687,1.3878126559212096,0.5441957177720991,2.6492873405916004,0.7654547269279278,1.5563702627069007,0.4891331078796308,1.8672693472020168,0.7826736077006188,1.3750569451374275,0.5414399541088164,0.6024186339522846,0.755223206031596,1.2893680716749463,0.5146808101794826
1.39874623427255,0.6554957540970463,0.9059540137934863,0.7351981782373215,0.4472133616870459,1.4021782618359635,0.7942890982104854,0.34310618066561016,0.49354886549013793,1.370087235996327,0.7889113821059462,0.0,0.0017848350566223535,0.04846712741449583,0.2299463592083359,-1.1614256421494162,204.26470345427543,0.9515328725855041,87.01161716758536,1.3928571428571428,0.7938782279080786,0.793358512868343,0.6143015436344185,-2.0673796559429025,156.5106633471575,0.5658344162199227,1.39874623427255,0.793358512868343,1.4025443731117824,2.503399531265586,1.1021265056514693,0.7162625143607418,0.46020581570996977,1.4062611339398114,0.7857382583460012,0.5811079422694667,0.6958105646630237,1.3596181509088532,0.7798270893371758,0.0,0.02498769079271295,0.05766144259818731,0.23083154483861465,-6.9873370169205025,528.1472122019385,0.9423385574018127,88.40225683997775,1.4069319965567877,0.7856819783525649,0.7844504916937647,0.6462626995645864,-8.089463522571972,481.55764271618096,0.588601256966399,1.4025443731117824,0.7844504916937647,target,1.0,0.6799198893115299,0.667649452477134,0.7734621785959697,5,0.2876959075820497,E1,15.0,"gam,maxent,gbm,rf",5000,10000,4922,5000,1.3859253313664663,0.8027837046562455,0.43727357528689503,0.05134824392042866,0.4615666791722186,0.9486517560795713,0.7952065755018912,0.6077717888346208,0.5564235449141921,"mat,lpann",59.1,1,patchy,0.37295875,0.5769426544584455,0.7909570430348211,1.4163828448705988,0.5673749887264867,8.220941104617076,0.6059019956954187,2.11195956352908,0.0025880017901966923,1.1021265056514693,0.7844504916937647,1.3859253313664663,0.5564235449141921,2.8695553450485143,0.7661707567491394,1.3041195739419051,0.5268808856091125
1.655701754385965,1.6402653255607333,-0.8536271757582647,0.6111931724930247,0.6866250221513379,1.6593687486108024,0.7287224706423169,0.005426590292432921,0.045405737076238684,1.6761248852157944,0.7192464742819888,0.1291866028708134,0.002143853602494666,0.03092326776537303,0.3327131241069501,-2.9210068317011673,145.14479056609377,0.969076732234627,43.48453486717473,1.6835600907029478,0.7225484811356627,0.7298084061089841,0.4078213357786948,-2.0673796559429025,156.5106633471575,0.3768980680133218,1.655701754385965,0.7298084061089841,1.6060234138972809,2.0365799558138065,-3.534818889044521,0.5736193172493025,0.660616503021148,1.614260943920572,0.7238399825554456,0.1778138089447372,0.30637450199203187,1.6941545704197725,0.7115939074467775,0.040336879432624116,0.023141309699655343,0.05459308912386707,0.31723580309139787,-11.624282411616493,396.10874071474944,0.9454069108761329,80.81372411017973,1.708440933718163,0.7237562863392473,0.7255551932760932,0.49221698113207546,-8.089463522571972,481.55764271618096,0.4376238920082085,1.6060234138972809,0.7255551932760932,target,1.0,0.6750332844525179,0.7044234730578671,0.5539491274425664,5,0.2423031397633038,E1,15.0,gam,50,10000,50,50,1.6702605375620974,0.7741407218628986,0.70460116710415,0.03434062954205263,0.3809719410005282,0.9656593704579474,0.7232697760193678,0.36798272070985194,0.3336420911677993,"mat,lpann",23.1,2,patchy,0.21362,8.549200462331996,0.6988594575013447,1.0522593661192703,0.4084356101513271,0.14917236364305797,0.6798514108746059,1.9386727986636874,0.15802377848261373,-3.534818889044521,0.7255551932760932,1.6702605375620974,0.3336420911677993,0.890403041068744,0.7145840584754611,1.2930342538559993,0.4344379710490216
1.5018164097111466,1.876208591584998,-0.22126646863553923,0.7009478089611029,0.5314992025518341,1.5068015114469882,0.7750064283877603,0.2906714736367733,0.318670296604098,1.490909090909091,0.7763400427634004,0.0,0.002287461020843591,0.029682792840687578,0.2604636816943402,-2.2886461245784417,175.29028259212015,0.9703172071593125,110.1062640875932,1.515578231292517,0.7721139024851943,0.7756901772591241,0.5416093535075653,-2.0673796559429025,156.5106633471575,0.5119265606668777,1.5018164097111466,0.7756901772591241,1.524759252265861,0.47161026734710276,1.1932596774158926,0.6811094698834729,0.5522328172205438,1.5339065580390014,0.7684476940382452,0.537407042379715,0.6328843710292249,1.505766967438211,0.7718562124248497,0.0,0.023746512391268668,0.02747356495468278,0.2580668887184391,-6.896203845156079,513.4381071353303,0.9725264350453172,122.86319187405078,1.5651678566003342,0.7577255993446441,0.7703914218137965,0.5755261248185777,-8.089463522571972,481.55764271618096,0.548052559863895,1.524759252265861,0.7703914218137965,target,1.0,0.6408265478065063,0.6495414029654454,0.6917780803721109,5,0.15370107525132676,E1,15.0,"gam,maxent,gbm,rf",100,10000,100,100,1.5052172592576523,0.7920211563660106,0.5270841920298501,0.021866932772197756,0.4159288978229798,0.9781330672278022,0.7808768390152663,0.527212936117219,0.5053460033450212,"mat,lpann",30.2,2,patchy,0.32554375,9.693384642456028,0.7412774588835566,1.137470985096644,0.45023182084834423,0.3076934771861888,0.7038341418034421,1.8354339761806626,0.2506275417874726,1.1932596774158926,0.7703914218137965,1.5052172592576523,0.5053460033450212,2.917777953545764,0.764348898404653,1.3867496800225612,0.5002934622337811
1.4217836257309941,5.598346425401019,1.1779554654578916,0.7278126538650911,0.4654660641502747,1.425250055567904,0.7902338881149644,0.37426086956521737,0.4734166781151257,1.3778466483011937,0.7872638276098437,0.0,0.0025644181848022323,0.043682438419280524,0.23637878195767087,-0.8894241904850109,200.26695486108562,0.9563175615807195,83.5536818077313,1.4190702947845806,0.7940682970725809,0.7897630088997429,0.5985595292679199,-2.0673796559429025,156.5106633471575,0.5548770908486393,1.4217836257309941,0.7897630088997429,1.4421025302114803,2.2548407408206117,2.4348257004259253,0.715534219596258,0.4791587990936556,1.4441462198047552,0.79023527468149,0.6190589542172499,0.6926077823347004,1.3764613573950568,0.7833025180489522,0.0,0.02680329886755293,0.037056268882175225,0.23052437417654809,-5.6546378221460465,529.7251067255221,0.9629437311178247,88.96346790131317,1.4413641197022633,0.7879164981488971,0.7886185933679337,0.6316944847605225,-8.089463522571972,481.55764271618096,0.5946382158783472,1.4421025302114803,0.7886185933679337,target,1.0,0.680668721536758,0.7059510433308864,0.8620512546470469,5,0.2502882772031416,E1,15.0,gbm,500,10000,500,500,1.4048853504566459,0.8148924959347971,0.4483805887584875,0.043495238301841765,0.3843465968864443,0.9565047616981582,0.7954680762777607,0.5978089548753673,0.5543137165735255,"mat,lpann",23.5,2,patchy,0.33793249999999997,7.679071563472052,0.7704891707982898,1.2474998372996073,0.5105490017691552,3.1334903046340123,0.6485129570954065,2.0152721435234398,0.08931524975190208,2.4348257004259253,0.7886185933679337,1.4048853504566459,0.5543137165735255,7.679071563472052,0.7704891707982898,1.2474998372996073,0.5105490017691552
1.377591706539075,1.9900694300363284,0.6893051542857243,0.729033316921057,0.4392610313662945,1.3818181818181818,0.7903656283245302,0.036424534226501985,0.5661463858160327,1.354384756657484,0.7864699630449409,0.0,0.0015489085836205483,0.06166932482721956,0.23232686439894387,-1.3780745016571783,200.46178555432599,0.9383306751727805,33.640592093696256,1.3765759637188208,0.7904243037201714,0.7893118676281514,0.621160018340211,-2.0673796559429025,156.5106633471575,0.5594906935129913,1.377591706539075,0.7893118676281514,1.3971629531722054,4.215763171788467,1.961868730393224,0.7101489414081733,0.4580815709969788,1.4046697228094345,0.7854680508499688,0.45732473406482954,0.7290600040958427,1.344030338694913,0.7788985093278586,0.0,0.022084769407516823,0.06091861782477341,0.2306498138144438,-6.127594792178748,541.322727538742,0.9390813821752266,53.21911181583639,1.3922730264823535,0.7869615832363213,0.7834939889526698,0.6478955007256894,-8.089463522571972,481.55764271618096,0.5869768829009159,1.3971629531722054,0.7834939889526698,target,1.0,0.6948953858099288,0.6896620750417239,0.8415823724279499,5,0.30078475239442487,E1,15.0,"gam,maxent,gbm,rf",5000,10000,4925,5000,1.3679632080178754,0.8062301040640842,0.4308089463522572,0.06284573833438185,0.464889260915291,0.9371542616656181,0.7915277217926637,0.6135704695374676,0.5507247312030858,"mat,lpann",32.6,2,patchy,0.3768075,2.0136985112531267,0.7844128260848189,1.3703494804434129,0.5513003136150347,8.227897564949316,0.6083030028930574,2.099854654315899,0.013445934112976898,1.961868730393224,0.7834939889526698,1.3679632080178754,0.5507247312030858,2.328729883555714,0.7665237440336542,1.30106080656008,0.5334928489816795
