2-4_2050_area_ratio,2-4_2050_bearing_err,2-4_2050_change_err,2-4_2050_class_agree,2-4_2050_commission,2-4_2050_fast_disp_area_ratio,2-4_2050_fast_disp_sorensen,2-4_2050_gain_sorensen,2-4_2050_loss_sorensen,2-4_2050_none_disp_area_ratio,2-4_2050_none_disp_sorensen,2-4_2050_novel_err,2-4_2050_novel_share,2-4_2050_omission,2-4_2050_other_err,2-4_2050_pred_change,2-4_2050_pred_shift,2-4_2050_sens,2-4_2050_shift_err_km,2-4_2050_slow_disp_area_ratio,2-4_2050_slow_disp_sorensen,2-4_2050_sorensen,2-4_2050_spec,2-4_2050_true_change,2-4_2050_true_shift,2-4_2050_tss,2-4_2050_unlimited_disp_area_ratio,2-4_2050_unlimited_disp_sorensen,5-8_2100_area_ratio,5-8_2100_bearing_err,5-8_2100_change_err,5-8_2100_class_agree,5-8_2100_commission,5-8_2100_fast_disp_area_ratio,5-8_2100_fast_disp_sorensen,5-8_2100_gain_sorensen,5-8_2100_loss_sorensen,5-8_2100_none_disp_area_ratio,5-8_2100_none_disp_sorensen,5-8_2100_novel_err,5-8_2100_novel_share,5-8_2100_omission,5-8_2100_other_err,5-8_2100_pred_change,5-8_2100_pred_shift,5-8_2100_sens,5-8_2100_shift_err_km,5-8_2100_slow_disp_area_ratio,5-8_2100_slow_disp_sorensen,5-8_2100_sorensen,5-8_2100_spec,5-8_2100_true_change,5-8_2100_true_shift,5-8_2100_tss,5-8_2100_unlimited_disp_area_ratio,5-8_2100_unlimited_disp_sorensen,background,bias_power,cv_auc,cv_auc_dom,cv_boyce,cv_folds,cv_tss,exp,grid_km,kept,label,n,n_bg,n_rec,n_req,now_area_ratio,now_auc_truth,now_commission,now_omission,now_rank_r,now_sens,now_sorensen,now_spec,now_tss,predictors,secs,seed,species,thr,thr_maxtss_change_err,thr_maxtss_fut_sorensen,thr_maxtss_now_area_ratio,thr_maxtss_now_tss,thr_minpres_change_err,thr_minpres_fut_sorensen,thr_minpres_now_area_ratio,thr_minpres_now_tss,thr_p05_change_err,thr_p05_fut_sorensen,thr_p05_now_area_ratio,thr_p05_now_tss,thr_p10_change_err,thr_p10_fut_sorensen,thr_p10_now_area_ratio,thr_p10_now_tss
0.9983942114223804,3.999570641177854,0.8633580276448227,0.9622825373379288,0.01716065624516329,1.0006608229188938,0.9830962928421544,0.7353221631930255,0.7774676478051256,0.9940564018371122,0.9797815574453893,0.0,0.001589939274577384,0.018766444822782852,0.019078832461755006,-0.08712487899322774,220.9939776933636,0.9812335551772171,39.23500487262204,1.0011896360520214,0.9827403802557204,0.9820220150445819,0.9806331877729257,-0.9504829066380505,217.15741981288664,0.9618667429501429,0.9983942114223804,0.9820220150445819,0.999047106102664,0.4119996005365465,0.8673550541764659,0.9658009190874774,0.014376268798939388,0.999088479625448,0.9851603142034032,0.9122142071157843,0.9199662304769946,0.9881421944382427,0.976716909562787,0.0,0.02403372722796652,0.015329162696275428,0.015071732618634716,-6.625363020329134,579.0646013342651,0.9846708373037246,17.462134692573628,0.997763731373936,0.9830264540594874,0.9851402043480965,0.9858983216158004,-7.4927180745056,553.820280942773,0.9705691589195249,0.999047106102664,0.9851402043480965,uniform,0.0,0.7144770223151042,0.7119917153538117,0.9170206496979076,5,0.3115705521590429,E2,15.0,"gam,maxent,gbm",none/uniform,500,10000,499,500,0.989766978384179,0.9986169871257788,0.013126628851755327,0.02335965046757627,0.9865460915777123,0.9766403495324237,0.981663039081611,0.9848799223026664,0.9615202718350901,"mat,lpann",41.7,0,broad,0.47168166666666667,1.0216585912290128,0.9772672233161004,0.9568066840410854,0.9477347490910129,11.545632709207766,0.6916293563523049,1.6818181818181819,0.21463888398375408,0.8673550541764659,0.9851402043480965,0.989766978384179,0.9615202718350901,1.531491667468277,0.9538984813362508,0.8975164801471716,0.8969391751958034
0.9820654697415261,15.757544700984965,5.263910221586066,0.7807114721811915,0.10236418511066399,0.98406250607374,0.888305479908309,0.026030799801291606,0.10683053651619002,0.9199068974833225,0.8471380325597506,0.0,0.0022669456753651733,0.1202987153691379,0.11832378915767938,4.313427314948015,288.6434304625166,0.8797012846308621,337.16448129593596,0.9965117451355984,0.8913822878899583,0.8876611777567375,0.8844759825327511,-0.9504829066380505,217.15741981288664,0.7641772671636131,0.9820654697415261,0.8876611777567375,1.0373492977586278,6.411067264916028,10.40053115247197,0.7548313638601674,0.12284045241745038,1.0356943092125708,0.8968401770722028,0.3772175536881419,0.5126947995097181,0.9350053335317904,0.8160303581959437,0.0,0.026741752831117675,0.08549115465882255,0.10599593174608193,2.9078130779663702,698.6118199155186,0.9145088453411775,259.7559489771552,1.0695296990164982,0.9028260174434631,0.8977437951825604,0.8795058316739139,-7.4927180745056,553.820280942773,0.7940146770150913,1.0373492977586278,0.8977437951825604,uniform,1.0,0.8219879874695675,0.8194266353756395,0.9510729925485659,5,0.5075069178575948,E2,15.0,"gam,maxent,gbm,rf",bias/uniform,500,10000,496,500,0.9325080484439675,0.9454570237723462,0.10087383105932853,0.16836578261536103,0.8315090445686448,0.8316342173846389,0.8606786585486782,0.8838071693448702,0.7154413867295091,"mat,lpann",45.1,0,broad,0.48808125,44.80928793081867,0.8395976581519351,0.5014563850988809,0.48026104617007537,14.766619883291131,0.6915699069530897,1.6315345699831365,0.2725587144622992,10.40053115247197,0.8977437951825604,0.9325080484439675,0.7154413867295091,20.793818276784947,0.8997282493312386,0.7768281465583321,0.6741915734186499
0.9963434452871073,3.153527905952558,0.5174067122951098,0.9579025110782866,0.01895991332611051,0.9958018308682047,0.9782833102857255,0.8154008438818565,0.6820809248554913,0.9868035495334483,0.9734840956873738,0.0,0.0016720006564910554,0.02261646803900325,0.022080657590547136,-0.43307619434294065,229.4892940635204,0.9773835319609967,15.475416185771717,0.9911684645629599,0.9750081011017498,0.9791737331252968,0.9786026200873362,-0.9504829066380505,217.15741981288664,0.9559861520483328,0.9963434452871073,0.9791737331252968,0.9849608484898703,2.0325555080448225,-0.579126172734501,0.9565177252584933,0.015702034221319966,0.9815417124153218,0.975839248936237,0.9227272727272727,0.8791298994459266,0.9732083054253181,0.9676145935480627,0.0,0.022371984244214674,0.03074118573144964,0.02352398040018047,-8.0718442472401,576.543930466905,0.9692588142685503,24.70478082569044,0.9808091641375534,0.9721559817982836,0.9766024503767402,0.984597878652416,-7.4927180745056,553.820280942773,0.9538566929209664,0.9849608484898703,0.9766024503767402,target,1.0,0.7745882145947158,0.738485078437375,0.8688579051607533,5,0.4692747758381152,E2,15.0,"gam,maxent,gbm,rf",bias/target,500,10000,496,500,0.9911658745975778,0.998455660019509,0.01510041391997547,0.02393453932239767,0.963006957404926,0.9760654606776024,0.9803959309767388,0.9826063923715346,0.9586718530491369,"mat,lpann",48.8,0,broad,0.476784375,-1.1026740863978368,0.9537401893575446,0.9299018856354438,0.9216546720444689,10.000866618454296,0.6695608754750478,1.7931741529970873,0.08637206427688504,-0.579126172734501,0.9766024503767402,0.9911658745975778,0.9586718530491369,-0.4241240540876712,0.923481145834493,0.86461367468956,0.8616034417288541
0.7411004488469277,21.05890883804699,13.307858320945975,0.6163014935171508,0.13382216375174122,0.7345824182231638,0.6921766801873473,0.00035391966023712616,0.22201713909030982,0.6353623308880069,0.6151324149850048,0.0,0.001446331856228459,0.3927217149048135,0.27957718265585996,12.357375414307924,324.23494134087747,0.6072782850951866,797.5417339871645,0.68748865813086,0.6501296435697984,0.6975798386559104,0.8489737991266375,-0.9504829066380505,217.15741981288664,0.45625208422182406,0.7411004488469277,0.6975798386559104,0.9616978083440362,14.685097021166541,43.66436621341974,0.5423129000492368,0.1721630691469528,0.9373744069938472,0.7900426651268726,0.0478,0.39290017610529243,0.604996154895686,0.5353405771341133,0.0,0.021766781552601346,0.2104652608029167,0.1936853805339429,36.171648138914136,995.194569148069,0.7895347391970833,470.0345540843455,0.7209456221618785,0.6207353779651803,0.8049504218629553,0.8311252895517536,-7.4927180745056,553.820280942773,0.6206600287488369,0.9616978083440362,0.8049504218629553,uniform,2.0,0.8665046380137046,0.8638961154235844,0.8235968484110543,5,0.5900291367698901,E2,15.0,"gam,maxent,gbm,rf",strong/uniform,500,10000,497,500,0.6533228575808677,0.798000225059055,0.11840794113138127,0.4650850835505136,0.5851834387065414,0.5349149164494864,0.6470785956859881,0.8636102772382129,0.39852519368769945,"mat,lpann",45.0,0,broad,0.6265325,56.14059968812815,0.7874920530269137,0.4726544534723287,0.37896610707885436,13.38782043027702,0.6818698664482001,1.6887168480760386,0.20669256577785622,43.66436621341974,0.8049504218629553,0.6533228575808677,0.39852519368769945,56.87361188344369,0.7866553336166596,0.46738463896979915,0.3765415812652111
0.9953374090698034,2.027494748486788,-2.1880493070909113,0.9480756605941244,0.020701129856059434,0.9984256865755767,0.9766292877914045,0.6137710898312814,0.730267673301304,1.006608616139155,0.9715812585442645,0.03862660944206009,0.0023900377482356802,0.025363720786255997,0.024389491542851267,-3.1385322137289617,210.17194648300642,0.974636279213744,8.69554292160961,1.0145377558221595,0.9721251914203641,0.9769137538178116,0.9766375545851529,-0.9504829066380505,217.15741981288664,0.9512738337988969,0.9953374090698034,0.9769137538178116,1.0042880225380122,0.8378270155939731,-1.2300292237585104,0.9494707040866568,0.023863777602850397,1.004350438151271,0.9783570365470481,0.8469641831066845,0.8981244319590185,1.011659348564908,0.9664085236521481,0.0,0.022033481043820777,0.019575755064838215,0.02199496538703587,-8.72274729826411,566.4978351829491,0.9804242449351618,14.566764735236314,1.0336581247290235,0.9659676170599522,0.9783267014624567,0.9765920266590807,-7.4927180745056,553.820280942773,0.9570162715942425,1.0042880225380122,0.9783267014624567,target,2.0,0.810048256204882,0.7323768370038433,0.8873560522471292,5,0.5097853587702791,E2,15.0,"gam,gbm,rf",strong/target,500,10000,497,500,1.0178215544994635,0.9959043967871167,0.036639583013950636,0.0188180285144872,0.8829737131979887,0.9811819714855128,0.9725160971718361,0.957796221084231,0.9389781925697438,"mat,lpann",29.1,0,broad,0.44891,-2.1965882838759008,0.9728910145517452,1.060861566763759,0.9157106075626014,7.466038546938469,0.6626447313333471,1.867488118963667,0.0007725587144622459,-1.2300292237585104,0.9783267014624567,1.0178215544994635,0.9389781925697438,1.3544507910951742,0.961080988405735,0.9197071899432776,0.900614890480171
0.9667427642779756,3.16063859980585,-0.5146535502163485,0.9508554899064501,0.00853196099674973,0.9670754698645313,0.9741522409295708,0.8623828647925034,0.5729704902973936,0.957376504083626,0.9718963338889656,0.0,0.001292466765140325,0.04178919671877419,0.026714734701423555,-1.465136456854399,234.32721708126527,0.9582108032812258,49.20945859713486,0.9657425143663676,0.9739770850642624,0.9744139606716704,0.9903711790393013,-0.9504829066380505,217.15741981288664,0.948581982320527,0.9667427642779756,0.9744139606716704,0.9491858971703194,0.9093756538840694,-2.1519419665103285,0.9432545544066963,0.008472469652400878,0.9487476953035985,0.9654080027214356,0.9369911061004634,0.8158436629385877,0.9381558383567761,0.9589781003212635,0.0,0.021561628097817167,0.059286572482081454,0.03429224414484306,-9.644660041015928,580.3066327060843,0.9407134275179185,58.99019785097518,0.9508020902265933,0.9639723944320974,0.9652372602157394,0.9916893566871215,-7.4927180745056,553.820280942773,0.9324027842050402,0.9491858971703194,0.9652372602157394,uniform,0.0,0.6785061108690835,0.6761956042714382,0.8642610236651288,5,0.24966923443812744,E2,15.0,"gam,maxent,gbm,rf",none/uniform,500,10000,499,500,0.9717921201900965,0.9981481334814971,0.008182584700291278,0.036390464510194696,0.9751102442204294,0.9636095354898053,0.9773946509096564,0.99057478368356,0.9541843191733652,"mat,lpann",33.3,1,broad,0.49494625000000003,-1.5743760762607408,0.9704814955479597,0.9802238233941438,0.9574615138830531,4.369061752579306,0.773138583257259,1.5152920435382493,0.40645417623167934,-2.1519419665103285,0.9652372602157394,0.9717921201900965,0.9541843191733652,-2.2836610597711253,0.9425987812069982,0.9194963973631765,0.9158263873151928
0.9481504411081876,9.5635012308922,6.203693679371181,0.8083559002133596,0.07289893205386164,0.9523235699986394,0.900556501309122,0.01481172420986753,0.2466937279036271,0.8934100874914275,0.8653590753932103,0.0,0.001292466765140325,0.12474849094567404,0.10492800065734065,5.25321077273313,265.0742238646076,0.8752515090543259,279.1084526689557,0.9662667607621737,0.9056062019955495,0.8985461190116787,0.9177292576419214,-0.9504829066380505,217.15741981288664,0.7929807666962474,0.9481504411081876,0.8985461190116787,1.0170899448978747,6.489162888163889,12.941367187516217,0.7993599212210734,0.09064921075527199,1.0171531561392968,0.9186196980589504,0.435080275782267,0.6359772090078684,0.9010195728213143,0.8462000208790061,0.0,0.021561628097817167,0.07355926585739736,0.08310443880653345,5.448649113010617,688.1193971221323,0.9264407341426026,193.10274706022346,1.0398877301873446,0.9216502226100186,0.9185913959721894,0.9110822123785914,-7.4927180745056,553.820280942773,0.8375229465211942,1.0170899448978747,0.9185913959721894,uniform,1.0,0.8182506882670303,0.8185989084713527,0.964333607095168,5,0.46225030263261113,E2,15.0,"gam,maxent,gbm,rf",bias/uniform,500,10000,500,500,0.8922658286064694,0.9617961886225864,0.06120650007665185,0.16894067147018244,0.8628411516426929,0.8310593285298176,0.8783748202458834,0.9294984990287833,0.7605578275586009,"mat,lpann",30.0,1,broad,0.53026625,41.02481696909011,0.8716947566624695,0.5495362563237775,0.5260729336574539,3.219271140385116,0.8071293022011553,1.4282155449946343,0.5067543704750133,12.941367187516217,0.9185913959721894,0.8922658286064694,0.7605578275586009,21.652031981724896,0.9171112804878049,0.7753525984976238,0.6872723573460122
0.9522326265284011,0.2391028313563197,-0.5780367900588224,0.9387822090924011,0.007409843677449311,0.9538590114866572,0.9687649212159797,0.5600447364742066,0.6808510638297872,0.9483779795922609,0.9670840710796339,0.0,0.0016720006564910554,0.055177217149048136,0.033239147187259184,-1.5285196966968728,233.90050722525035,0.9448227828509519,14.024558671536491,0.9578183284605303,0.9705658200992812,0.9679407771512383,0.9916375545851528,-0.9504829066380505,217.15741981288664,0.9364603374361047,0.9522326265284011,0.9679407771512383,0.9497866346273356,1.1192557559298848,-0.7760933213689984,0.9383206138191367,0.007540290839789535,0.9498249466553417,0.9665320866978325,0.8274143302180685,0.865396588220645,0.9367914465034358,0.9591669441811614,0.0,0.021223124897423274,0.05775365621245391,0.033033253335289614,-8.268811395874598,601.2762962436852,0.9422463437875461,20.180020373689565,0.9529927207174315,0.9674245787862501,0.9665122604224214,0.9926037306457512,-7.4927180745056,553.820280942773,0.9348500744332973,0.9497866346273356,0.9665122604224214,target,1.0,0.779031552185012,0.7441153583519985,0.9015626891898407,5,0.4190972170215884,E2,15.0,"gam,maxent,gbm,rf",bias/target,500,10000,500,500,0.9578223210179365,0.9982881841759401,0.006611221830446113,0.048788900812509584,0.9609873344262706,0.9512110991874905,0.9717031918329794,0.9923847783860145,0.9435958775735049,"mat,lpann",30.2,1,broad,0.494664375,-0.8495576697017064,0.9679866098858027,0.9643185650774183,0.9481952625070624,-0.1818446579004096,0.7500679775324545,1.6697071899432776,0.22858908705633052,-0.7760933213689984,0.9665122604224214,0.9578223210179365,0.9435958775735049,-1.446756449481212,0.9390735311878959,0.9007550206959988,0.8971674827839247
0.8607413713047516,17.124292296767806,11.704777156077927,0.6204148202855736,0.1697686116700201,0.8622767293152709,0.7428821908658262,0.0003252561392096276,0.03422232711824404,0.743178370290322,0.6568669527896995,0.0,0.001425816510750041,0.3090272403652685,0.2542193551038018,10.754294249439877,353.0789590833664,0.6909727596347315,708.4256125464159,0.8441375138622845,0.723595014213864,0.7426854374181205,0.8084061135371179,-0.9504829066380505,217.15741981288664,0.49937887317184937,0.8607413713047516,0.7426854374181205,1.052077722997887,14.949995347153674,33.92537926444834,0.5543348924995897,0.20789659029705432,1.0382838557311844,0.8147779245858319,0.11485946565681131,0.26183465458663646,0.743419910198209,0.5924671665789212,0.0,0.021951419661907105,0.15581886729916725,0.18414649494483365,26.432661189942742,948.4486093688165,0.8441811327008327,460.61094224532013,0.9458959906898204,0.7370507182644386,0.8227574650219055,0.7960742878042834,-7.4927180745056,553.820280942773,0.6402554205051161,1.052077722997887,0.8227574650219055,uniform,2.0,0.8634062349230686,0.8626895264198703,0.860510681067324,5,0.6021883698795585,E2,15.0,"gam,maxent,gbm,rf",strong/uniform,500,10000,497,500,0.7697761766058562,0.8105812798954725,0.16248275333435536,0.3927065767284992,0.619727114701872,0.6072934232715008,0.6862940424886849,0.8128421331449761,0.42013555641647704,"mat,lpann",39.2,1,broad,0.5690125,55.245191044369875,0.7695675971538041,0.41650697531810515,0.36562166746179026,15.830797159359644,0.7091020230809454,1.5478690786447953,0.35841469848644625,33.92537926444834,0.8227574650219055,0.7697761766058562,0.42013555641647704,51.495755523048814,0.7995255322934582,0.47947646788287596,0.3979939976040443
1.0120143940566475,0.2761320748539333,-1.9922761619211804,0.9363613983259478,0.03577232626528401,1.016092981671882,0.9686879398438253,0.4498129675810474,0.7279359849376323,1.027909973191463,0.9658027689816665,0.0,0.003549154767766289,0.023757932208636433,0.03167527948776019,-2.942759068559231,190.09959240255304,0.9762420677913636,32.036359646807504,1.038491783445912,0.9659047072671342,0.9704126080560016,0.9596288209606987,-0.9504829066380505,217.15741981288664,0.9358708887520621,1.0120143940566475,0.9704126080560016,0.9842772506939553,3.007825606018514,-4.345114748576318,0.9369973740357788,0.019451464556490036,0.9838205133517018,0.9727342028592015,0.7420871640115095,0.9016667345857614,1.0227729403884795,0.9612950699043414,0.0,0.024054242573444937,0.0351742138625347,0.02771617460033844,-11.837832823081918,530.1875320180213,0.9648257861374653,8.71958552757236,1.0516623690755995,0.9616060504949394,0.9724707429871906,0.9809200633965944,-7.4927180745056,553.820280942773,0.9457458495340596,0.9842772506939553,0.9724707429871906,target,2.0,0.7826116125044071,0.7177032972257845,0.8936219803941332,5,0.5280986628885321,E2,15.0,"gam,gbm,rf",strong/target,500,10000,497,500,1.0327878276866473,0.9950187339185764,0.05051356737697379,0.017725739690326536,0.8909760095601874,0.9822742603096735,0.9664306790222381,0.9418152922479252,0.9240895525575987,"mat,lpann",43.0,1,broad,0.45769,10.539489333050822,0.9281761829250712,0.7792810056722367,0.7727244708674117,6.789859923115971,0.6708542364401952,1.8457956461750729,0.025759314850785753,-4.345114748576318,0.9724707429871906,1.0327878276866473,0.9240895525575987,11.212793568694535,0.9265437583296313,0.7716541468649395,0.7654687366717083
0.9801501315585822,2.1504973179611966,1.2692884748446098,0.9492860659773511,0.0122852499613063,0.979767157100931,0.9777834499955822,0.7754215636177824,0.6166850422638736,0.9643384110226729,0.9711601531918496,0.0,0.0010257672739208928,0.03213511840272404,0.023575799893210663,0.31880556820655936,227.7811920008492,0.967864881597276,18.0557087685619,0.9766508720637161,0.976232250693651,0.9775671714704446,0.9861353711790393,-0.9504829066380505,217.15741981288664,0.9540002527763152,0.9801501315585822,0.9775671714704446,0.9790984795127812,2.4103088101841195,1.0849241694344087,0.9479525685212539,0.013195508969631686,0.9777713326842203,0.9763378688370047,0.9085318058486584,0.850111668281994,0.9586217161568803,0.9630924335689135,0.0,0.019940915805022157,0.03409702945685048,0.02389475006279829,-6.407793905071191,558.1555928642852,0.9659029705431496,24.215538462293985,0.9767930082376834,0.9736693255145505,0.976103999413852,0.9870565286300647,-7.4927180745056,553.820280942773,0.9529594991732142,0.9790984795127812,0.976103999413852,uniform,0.0,0.6655505707405719,0.6674762435583864,0.8716719983459204,5,0.18727588451756225,E2,15.0,"gam,maxent,gbm,rf",none/uniform,500,10000,499,500,0.9677487352445194,0.998153125986319,0.010654606776023302,0.04290587153150391,0.9711291413698239,0.9570941284684961,0.9727808345912256,0.9877273529931132,0.9448214814616094,"mat,lpann",48.6,2,broad,0.4982075,1.1749536822867839,0.9772646536412078,0.9703165721293883,0.9468120133951099,7.4577611879989565,0.7693987329162848,1.4801088456231795,0.4469803990817587,1.0849241694344087,0.976103999413852,0.9677487352445194,0.9448214814616094,0.5624003033261165,0.9534119173786093,0.909991568296796,0.901785590773776
1.035191920755301,9.31597084476897,6.053706305251271,0.8158132282947644,0.11760950317288345,1.0388330644691066,0.9031458531935176,0.17151043798608268,0.21616688396349412,0.9830628234169455,0.8740869601668361,0.0,0.0020412768751025766,0.08241758241758242,0.10627100699976359,5.103223398613221,255.28214356410822,0.9175824175824175,262.05992574579193,1.0381490069563464,0.8986169644447083,0.9017158610200104,0.8672707423580786,-0.9504829066380505,217.15741981288664,0.784853159940496,1.035191920755301,0.9017158610200104,1.0804159589012718,5.840371021089425,9.942186734271075,0.8032783522074511,0.12410407258565688,1.0796130181682584,0.9189221497235642,0.5753894386205545,0.5601247995840014,0.9849668824886507,0.848880223955209,0.0,0.025182586574757918,0.043688113684384966,0.085233550450896,2.4494686597654747,679.2727037476535,0.956311886315615,179.0272425210127,1.0841339022887524,0.9099887225865788,0.9193468087224933,0.8782663469744382,-7.4927180745056,553.820280942773,0.8345782332900531,1.0804159589012718,0.9193468087224933,uniform,1.0,0.78340725352766,0.7798431394774766,0.9139110142806045,5,0.4157798115092433,E2,15.0,"gam,maxent,gbm,rf",bias/uniform,500,10000,498,500,0.9755672236700904,0.9614160459475509,0.09784608309060248,0.12227885942051203,0.8482720115418894,0.8777211405794879,0.8885763339896986,0.8872947201130144,0.7650158606925022,"mat,lpann",48.4,2,broad,0.48399125,41.46084439952935,0.852870179570209,0.5242603096734632,0.5026938461330639,11.143805632501591,0.6627539007530359,1.800781848842557,0.07760904114426981,9.942186734271075,0.9193468087224933,0.9755672236700904,0.7650158606925022,21.324239813636026,0.9267961803016332,0.7757166947723441,0.6971619853183084
0.981001392973224,0.5309510554277495,-1.1577065987482538,0.9552150008206138,0.011782231852654389,0.9821966531262755,0.9788598435079324,0.8371376557905056,0.6410814526291672,0.9795299154180261,0.9750244086800416,0.0,0.002143853602494666,0.03078083887943043,0.022615364055962747,-2.1081895053863042,232.68392255767262,0.9692191611205696,43.9159719448402,0.9837080350841819,0.9768860157345856,0.9785143660761373,0.986703056768559,-0.9504829066380505,217.15741981288664,0.9559222178891287,0.981001392973224,0.9785143660761373,0.9717031942660646,1.0749550297443875,-1.947800864449567,0.951050385688495,0.01209760947922277,0.9717014356445899,0.9734386820206775,0.9355416846919227,0.8507265521796565,0.959787651013371,0.9644181719218744,0.0,0.023141309699655343,0.04039441521315822,0.026608702956989246,-9.440518938955167,592.3605615177353,0.9596055847868418,68.2622051962041,0.9647901786732994,0.9712553569562036,0.973377319241033,0.9881334579591173,-7.4927180745056,553.820280942773,0.9477390427459591,0.9717031942660646,0.973377319241033,target,1.0,0.754925300834626,0.7009447496548817,0.8755669250268305,5,0.3829898593687377,E2,15.0,"gam,gbm",bias/target,500,10000,498,500,0.9926030967346313,0.9978235176709647,0.017744902652153918,0.025141805917522613,0.9437535522266544,0.9748581940824774,0.9784770441037872,0.9795603037259403,0.9544184978084176,"mat,lpann",41.3,2,broad,0.47242249999999997,-2.1438510769781978,0.9742563468530296,1.0002491185037559,0.9543533748699808,7.4927180745056,0.6623674208641485,1.8681588226276253,0.0,-1.947800864449567,0.973377319241033,0.9926030967346313,0.9544184978084176,-0.5579714521436685,0.9575960293482952,0.9254560784914917,0.9215798881037336
0.8111553939018727,13.106784451072372,13.415611662002858,0.6192967339569998,0.15607104163442193,0.8069230918738217,0.7196024438516478,0.0006691201070592171,0.11684817424727739,0.6970219663750286,0.6382884923890815,0.0,0.0013847858197932052,0.3449156477325491,0.26599077583638925,12.465128755364807,357.3184165090691,0.6550843522674509,718.6948228743234,0.7569109789293276,0.6767277985631327,0.7233883458847407,0.8238646288209607,-0.9504829066380505,217.15741981288664,0.47894898108841155,0.8111553939018727,0.7233883458847407,1.0165720677797572,11.196725064037082,39.12898416892621,0.5587662071229279,0.18225131540788,1.0087630254189885,0.8228948589697314,0.11676369409896799,0.3626275281904421,0.6649549750688397,0.5637999880803385,0.0,0.021777039225340553,0.1656792476281228,0.17612331568185394,31.636266094420606,1001.3306551571874,0.8343207523718772,414.79585010199725,0.8074527074823723,0.6726845773154226,0.8274643546862801,0.8212297313772504,-7.4927180745056,553.820280942773,0.6555504837491277,1.0165720677797572,0.8274643546862801,uniform,2.0,0.8756463993328328,0.8755190194559639,0.9002949852330191,5,0.6245453605957717,E2,15.0,"gam,maxent,gbm,rf",strong/uniform,500,10000,496,500,0.7143952169247278,0.822743280508958,0.14192089529357657,0.4275256783688487,0.6371289176594689,0.5724743216311513,0.6678440490029509,0.8365265760197775,0.40900089765092895,"mat,lpann",46.8,2,broad,0.5904375,55.93218501898623,0.7859585303746817,0.441457151617354,0.37407741657908944,17.52450987042029,0.7166662928656334,1.4888279932546373,0.3452281206621084,39.12898416892621,0.8274643546862801,0.7143952169247278,0.40900089765092895,52.74676153145708,0.793124835993225,0.46918595738157287,0.3839510049188477
1.0686813186813187,0.6036462719696942,-1.980666708516765,0.9111275233874938,0.07854821235102925,1.073604011583837,0.954943808640066,0.28246804481615906,0.7149747088577815,1.090421662960577,0.944019723826661,0.23529411764705882,0.0033132282947644837,0.009866893669710572,0.04625122214789276,-2.9311496151548155,172.85305662019996,0.9901331063302894,78.09234507261631,1.1029740901300535,0.9417720548050279,0.9572601612330023,0.911353711790393,-0.9504829066380505,217.15741981288664,0.9014868181206825,1.0686813186813187,0.9572601612330023,1.0291046940381987,0.7000851626454505,-5.207172973889996,0.9134149844083375,0.044288851141401166,1.0291686519856642,0.9706584992343033,0.5950827136135984,0.879868393995476,1.1030239884894941,0.9371394868770274,0.0,0.021879615952732644,0.015184157103202553,0.030108541764983482,-12.699891048395596,463.1913653574923,0.9848158428967975,39.977175708103836,1.11514501517468,0.9329823501488802,0.970690024807816,0.9565570772544398,-7.4927180745056,553.820280942773,0.9413729201512373,1.0291046940381987,0.970690024807816,target,2.0,0.7944694330882494,0.7029940808834116,0.8330467039556136,5,0.5238350949374554,E2,15.0,gbm,strong/target,500,10000,496,500,1.0904875057488885,0.9781962702375834,0.10114211252491186,0.010654606776023302,0.8178487671539593,0.9893453932239767,0.9465212210101751,0.8834981458590853,0.872843539083062,"mat,lpann",36.3,2,broad,0.41938749999999997,-5.956640197379093,0.9597141411586138,1.031714701824314,0.8910584740302379,7.441358061357439,0.6632137165466835,1.8655526598191017,0.0030019424333391775,-5.207172973889996,0.970690024807816,1.0904875057488885,0.872843539083062,-6.574686673525454,0.9501122447893947,1.0194887321784456,0.8794922814716473
1.117499261010937,2.6720623919360946,-1.0235933519602938,0.97471483669785,0.15725687259828555,1.1347207009857612,0.905959099904713,0.9050715214564369,0.6538692261547691,1.209387483355526,0.8386319120084376,0.0,0.0018156080748399804,0.03975761158734851,0.013698348593684167,22.62406746675316,455.5059065095756,0.9602423884126515,84.81034608171502,1.1457044673539518,0.8614136237454623,0.9069588888113352,0.9882718634950729,23.647660818713454,450.1325985028951,0.9485142519077243,1.117499261010937,0.9069588888113352,1.150479890310786,0.09093493342811598,3.3572145305419454,0.9683858526177581,0.18692870201096892,1.1731332357247437,0.8906855314131716,0.9043082918380602,0.8824935800938635,3.367088607594937,0.22608695652173913,0.0,0.02486459871984244,0.03644881170018281,0.020565092989985694,63.298734998378194,1594.5681481372494,0.9635511882998172,164.33988333375828,1.6156202143950995,0.7090163934426229,0.896126667020881,0.9815632888568337,59.94152046783625,1669.9262134486328,0.9451144771566509,1.150479890310786,0.896126667020881,uniform,0.0,0.9510675343220216,0.9535471134849713,0.5913605655443871,5,0.860227775237103,E2,15.0,"gam,maxent,gbm,rf",none/uniform,500,10000,496,500,1.126827485380117,0.9982427414098336,0.16776315789473684,0.04093567251461988,0.9108092397130839,0.9590643274853801,0.9018731740848943,0.9900234741784038,0.9490878016637838,"mat,lpann",40.1,0,narrow,0.928003125,4.840959555839383,0.8771118262268705,1.235014619883041,0.9811837643796502,-51.045253142624446,0.17345806247027112,15.466191520467836,0.1397256998782821,3.3572145305419454,0.896126667020881,1.126827485380117,0.9490878016637838,-3.821949119838507,0.8881332082551595,0.9720394736842105,0.8717462752473253
1.140407921962755,0.23922035743453307,0.9647422820617386,0.9761303955358608,0.1658291457286432,1.1503677045845722,0.9076620825147348,0.9126039667306461,0.6684010406243747,1.2193741677762984,0.8507574621268936,0.0,0.002154111275233875,0.025421223765888266,0.013302082690844796,24.612403100775193,442.4153683550972,0.9745787762341117,95.27732641956891,1.1436426116838487,0.8607459655872609,0.9106477005938406,0.9876325477833381,23.647660818713454,450.1325985028951,0.9622113240174497,1.140407921962755,0.9106477005938406,1.1368829981718465,0.9102744570838581,0.7496940024479812,0.9722735105859183,0.1636197440585009,1.1400683260126891,0.9026225769669327,0.9166666666666666,0.8976654379497981,2.4177215189873418,0.3111111111111111,0.0,0.02535696701132447,0.02673674588665448,0.017533889029216133,60.69121447028423,1597.6916063359777,0.9732632541133455,158.56095453793765,1.444104134762634,0.7550125313283208,0.9109186183295904,0.9838622430580599,59.94152046783625,1669.9262134486328,0.9571254971714054,1.1368829981718465,0.9109186183295904,uniform,1.0,0.9064994506690086,0.9096598054118665,0.5061342110616659,5,0.7677827275774167,E2,15.0,"gam,maxent,gbm,rf",bias/uniform,500,10000,494,500,1.131578947368421,0.9975113152915308,0.1613669590643275,0.029788011695906433,0.8774385877344505,0.9702119883040936,0.9103223593964335,0.9904038428099461,0.9606158311140396,"mat,lpann",28.1,0,narrow,0.914164375,0.914606869515012,0.9027712541099108,1.1825657894736843,0.9796559980415305,-52.38699081802398,0.21249939299762055,12.508954678362572,0.31558641975308643,0.7496940024479812,0.9109186183295904,1.131578947368421,0.9606158311140396,1.667716407502006,0.8990400903444382,1.0129751461988303,0.8964181858532614
1.0614838900384274,3.663420539411163,-3.8678075832231364,0.9844185951091416,0.08986107005616317,1.0661868252229698,0.9405528209011738,0.8725673153825646,0.8805256869772998,1.1458055925432757,0.9066087496121625,0.0,0.0015796816018381749,0.02837718001773574,0.008219121786837076,19.779853235490318,422.7295535381367,0.9716228199822643,33.22836409247432,1.120733104238259,0.9149832559144431,0.9426441066819615,0.9932982077114703,23.647660818713454,450.1325985028951,0.9649210276937346,1.0614838900384274,0.9426441066819615,1.065585009140768,3.13386149275226,-4.404495784714179,0.9813618086328574,0.09403564899451554,1.083577354807223,0.9313111202201791,0.938560627275273,0.9355269008448199,1.8227848101265822,0.600896860986547,0.0,0.022125800098473657,0.028450639853747715,0.01124503047277381,55.53702468312207,1579.0624923104494,0.9715493601462523,111.24676661126104,1.2350689127105665,0.8406988694758479,0.9407014050226795,0.9907252975117201,59.94152046783625,1669.9262134486328,0.9622746576579724,1.065585009140768,0.9407014050226795,target,1.0,0.911905849509866,0.9082686746260158,0.24359955273931028,5,0.7844632727605004,E2,15.0,"gam,maxent,gbm,rf",bias/target,500,10000,494,500,1.0957602339181287,0.9994295771390762,0.11695906432748537,0.021198830409356724,0.9451049757816856,0.9788011695906432,0.9340774328566446,0.9930446878803686,0.9718458574710118,"mat,lpann",36.2,0,narrow,0.9319000000000001,-4.712612184265595,0.9107464266807835,1.193530701754386,0.974357148413548,-58.29724070868849,0.20996821207940983,13.414839181286549,0.261715353851504,-4.404495784714179,0.9407014050226795,1.0957602339181287,0.9718458574710118,-3.37305650637618,0.9433786768980351,0.9862938596491229,0.9493131629281863
1.1903635826189773,0.9612282489249537,2.491728374708636,0.9652777777777778,0.23751108483594444,1.2059145673603504,0.8652291105121294,0.8703420112302195,0.5212394828647651,1.3249001331557924,0.7780641466208477,0.0,0.001261693746922698,0.04714750221696719,0.019781235556924973,26.13938919342209,430.9812657462309,0.9528524977830328,140.84753470533505,1.206643757159221,0.7873754152823921,0.8700404858299595,0.9822865457110734,23.647660818713454,450.1325985028951,0.9351390434941063,1.1903635826189773,0.8700404858299595,1.2041819012797075,0.3821955435305995,5.117210933886533,0.9576255539143279,0.25422760511882997,1.2099804782820889,0.845801358140562,0.8720283793085191,0.8453680258447568,4.113924050632911,0.16336633663366337,0.0,0.02031019202363368,0.050045703839122484,0.027882481048707962,65.05873140172278,1571.2863488799132,0.9499542961608776,218.74973459673453,1.770290964777948,0.6224433388612494,0.8619563527033332,0.9749256220699604,59.94152046783625,1669.9262134486328,0.9248799182308378,1.2041819012797075,0.8619563527033332,uniform,2.0,0.9525436300211275,0.9516775129055672,0.6527324286980327,5,0.8414438408331005,E2,15.0,"gam,maxent,gbm,rf",strong/uniform,500,10000,492,500,1.1668494152046784,0.9959756593628263,0.2233187134502924,0.05646929824561404,0.8471501440763336,0.9435307017543859,0.870877962385089,0.9867197009215789,0.9302504026759648,"mat,lpann",36.5,0,narrow,0.91668375,7.133289148409837,0.8518128479013088,1.2238669590643274,0.9458340769111093,-50.561781645934985,0.21077475134262938,12.412828947368421,0.3213028169014085,5.117210933886533,0.8619563527033332,1.1668494152046784,0.9302504026759648,1.307788542666799,0.8478546534879735,0.9917763157894737,0.8399812046417559
2.4178244161986404,0.5341826797082376,-13.382090584148873,0.8418984900705728,1.423292935264558,2.4906900328587076,0.5696355730870949,0.06333436820863086,0.60268770084721,3.481358189081225,0.44332194324766006,0.0,0.0030875594945018875,0.005468519065917825,0.09946803584841594,10.265570234564581,460.11798879533717,0.9945314809340822,558.5350740243974,3.252462772050401,0.4668677944187049,0.5819675675675676,0.8938515464826613,23.647660818713454,450.1325985028951,0.8883830274167435,2.4178244161986404,0.5819675675675676,1.7795932358318098,3.526379580169646,-54.96039347942967,0.8458271787296898,0.7846206581352834,1.8865300146412884,0.6892383126215234,0.4892009788275348,0.7184518573651804,68.9873417721519,0.028576596129499005,0.0,0.027521335959297556,0.005027422303473492,0.07289699910342282,4.981126988406581,1154.7426901600336,0.9949725776965265,377.75692242004783,8.994640122511486,0.19719604688577339,0.7159123607514285,0.922613144608727,59.94152046783625,1669.9262134486328,0.9175857223052535,1.7795932358318098,0.7159123607514285,target,2.0,0.9457107602003461,0.9009195769003042,0.5220294965598107,5,0.8513312369627408,E2,15.0,"gam,maxent,gbm,rf",strong/target,500,10000,492,500,2.7112573099415203,0.9836853683547662,1.7167397660818713,0.005482456140350877,0.8744559163101612,0.9945175438596491,0.5359464250541659,0.8979090592940359,0.8924266031536849,"mat,lpann",39.7,0,narrow,0.8359481249999999,-57.906250889427795,0.6997389033942559,2.891264619883041,0.8819155593077634,-57.901786930136545,0.18367839491274646,15.49981725146199,0.13772604764388796,-54.96039347942967,0.7159123607514285,2.7112573099415203,0.8924266031536849,-46.86005040872547,0.7858053935860059,2.133223684210526,0.9115053789272345
1.3680165533550104,5.15940077591722,-3.252239382709284,0.9514299195798457,0.376588826485368,1.3867939289626037,0.831519601416022,0.8430247067631644,0.3489906832298137,1.6657789613848202,0.7442557442557443,0.0,0.0016514853110126374,0.008572273130357671,0.026775714858158578,20.39542143600417,394.47616752250707,0.9914277268696423,115.03710846380999,1.5459335624284078,0.778547646900027,0.8373486456122831,0.9719141994224113,23.647660818713454,450.1325985028951,0.9633419262920535,1.3680165533550104,0.8373486456122831,1.4371572212065813,2.238175340551038,3.664098678885914,0.9375102576727392,0.4429844606946984,1.4749877989263056,0.8036480157752034,0.8388296310793619,0.7810564069122922,10.291139240506329,0.1726457399103139,0.0,0.020925652387986212,0.005827239488117002,0.041153298130919454,63.60561914672216,1493.3326819366564,0.994172760511883,237.7810670324959,2.60260336906585,0.5453772582359192,0.8158462259728082,0.9563086007933645,59.94152046783625,1669.9262134486328,0.9504813613052474,1.4371572212065813,0.8158462259728082,uniform,0.0,0.9361775091571886,0.9384009695889903,0.40981744554546173,5,0.8284428212717309,E2,15.0,"gam,maxent,gbm,rf",none/uniform,500,10000,497,500,1.404970760233918,0.9979181202579439,0.41118421052631576,0.0062134502923976605,0.8181964628895,0.9937865497076024,0.8264437689969605,0.9755477308294209,0.9693342805370233,"mat,lpann",54.3,1,narrow,0.904725,1.9925346502739814,0.7941954914666424,1.4853801169590644,0.9645525034547768,-44.49601185364587,0.19142397830294944,13.089546783625732,0.2810598156842288,3.664098678885914,0.8158462259728082,1.404970760233918,0.9693342805370233,-2.5568334046276675,0.8934660595149846,1.1767178362573099,0.955608120784486
1.3269287614543306,2.9682951305935603,-1.4647539052676102,0.9561279336944034,0.3403783624002365,1.3464246596776717,0.84222459322486,0.8890571753123817,0.33446689337867574,1.6035286284953396,0.7587265055619486,0.0,0.0013232397833579518,0.013449600945906,0.024589406218223277,22.182906913445844,405.47414013331985,0.986550399054094,156.1362653101982,1.4646048109965635,0.8014500836586727,0.8479420731707317,0.9746147571702564,23.647660818713454,450.1325985028951,0.9611651562243504,1.3269287614543306,0.8479420731707317,1.3354661791590494,1.3477250267785053,-0.8778296676185064,0.9474909732479895,0.3499771480804388,1.3579795021961933,0.8364897029907896,0.8725991009399264,0.7842087654734025,9.936708860759493,0.15046296296296297,0.0,0.021787296898079764,0.014510968921389396,0.033450778071389624,59.06369080021774,1528.7726983738037,0.9854890310786106,250.01834648080685,2.38208269525268,0.5854652479058184,0.8439334637964775,0.9654818788315903,59.94152046783625,1669.9262134486328,0.9509709099102008,1.3354661791590494,0.8439334637964775,uniform,1.0,0.9622263960534017,0.9620713792902992,0.6764629950036684,5,0.8760795175757675,E2,15.0,"gam,maxent,gbm,rf",bias/uniform,500,10000,495,500,1.3428362573099415,0.995936910500119,0.353983918128655,0.01114766081871345,0.8684492863505546,0.9888523391812866,0.8441497659906396,0.9789493131629282,0.9678016523442148,"mat,lpann",49.8,1,narrow,0.90595125,-0.6761417184717402,0.8165202274115492,1.4378654970760234,0.96834618006937,-51.4609917307145,0.18931225057051082,14.101790935672515,0.22086376282385678,-0.8778296676185064,0.8439334637964775,1.3428362573099415,0.9678016523442148,-0.29947800424614,0.8703641456582633,1.041483918128655,0.8451570779452544
1.0418267809636417,3.6306742955689515,-4.435754848816618,0.9851571475463646,0.07493349098433343,1.0411516194648724,0.946262935990801,0.8762342756661707,0.8873665121902076,1.1378162450066578,0.9018997197134849,0.0,0.0017232890201870998,0.033106710020691696,0.007511302918207973,19.211905969896836,423.01386955609945,0.9668932899793083,16.405076947388196,1.10446735395189,0.9150881776616591,0.9470865001809627,0.9944114988646635,23.647660818713454,450.1325985028951,0.9613047888439719,1.0418267809636417,0.9470865001809627,1.05827239488117,2.4905593542005136,-3.3036040125681936,0.9809925324142459,0.09323583180987204,1.071986334797462,0.9298080320339183,0.935266351989211,0.9368675561923525,1.759493670886076,0.5504587155963303,0.0,0.021428278352207453,0.03496343692870201,0.011761129571588801,56.637916455268055,1588.6132663365202,0.965036563071298,73.46873371906806,1.175344563552833,0.8433650123196058,0.9377151104696347,0.9908041831950956,59.94152046783625,1669.9262134486328,0.9558407462663936,1.05827239488117,0.9377151104696347,target,1.0,0.9479518935830077,0.9571560324760149,0.47091547839141085,5,0.8742674628410534,E2,15.0,"gam,maxent,gbm,rf",bias/target,500,10000,495,500,1.080592105263158,0.9994345015543953,0.10818713450292397,0.027595029239766082,0.9373269050543037,0.9724049707602339,0.9347386912604304,0.993566336289341,0.9659713070495748,"mat,lpann",50.4,1,narrow,0.934995,-3.3146152325811187,0.9311216082610129,1.1030701754385965,0.9688941396919528,-52.51603832637823,0.1671393241475455,16.326937134502923,0.08853894974786991,-3.3036040125681936,0.9377151104696347,1.080592105263158,0.9659713070495748,-1.660359397830554,0.9636735887686458,0.9632675438596491,0.9435186901133898
1.3134791605084244,2.97407265943923,2.4269596948345757,0.9529275397997702,0.3660951817913095,1.3398529181661711,0.8144977932325799,0.8397212543554007,0.3780587275693312,1.535619174434088,0.7330970198240777,0.0,0.0011796323650090268,0.05261602128288501,0.02909430745689257,26.07462051354803,393.1414033968802,0.947383978717115,166.11639348544432,1.4371134020618557,0.7617973303252491,0.8190123299048105,0.9726968100350522,23.647660818713454,450.1325985028951,0.9200807887521671,1.3134791605084244,0.8190123299048105,1.3775137111517368,1.3140991063895058,11.089831496981468,0.9405465288035451,0.40802102376599636,1.3962908735968764,0.8009164969450102,0.8370425690814041,0.7814883878623495,8.151898734177216,0.13001383125864455,0.0,0.02019735762350238,0.030507312614259596,0.0401804876516714,71.03135196481772,1510.6143252661525,0.9694926873857403,268.6057104565546,2.243491577335375,0.48914069877242683,0.8155517108804307,0.9597570320952038,59.94152046783625,1669.9262134486328,0.9292497194809441,1.3775137111517368,0.8155517108804307,uniform,2.0,0.9198069842362218,0.9197890918149471,0.36354423078119275,5,0.7943527603833974,E2,15.0,"gam,maxent,gbm,rf",strong/uniform,500,10000,494,500,1.2881944444444444,0.9915303740637911,0.3338815789473684,0.04568713450292398,0.7955398837178637,0.9543128654970761,0.8341186806165641,0.9801447574334898,0.9344576229305659,"mat,lpann",45.8,1,narrow,0.89447875,8.142905499544618,0.8477990033222591,1.1429093567251463,0.9010827064400699,-52.18973570863341,0.172580724673404,15.717470760233919,0.12478264649626158,11.089831496981468,0.8155517108804307,1.2881944444444444,0.9344576229305659,4.882008943928447,0.8291176127753818,0.9320175438596491,0.7806096651383283
3.0567543600354714,2.7015081999380754,-23.941735928389004,0.7947131954702117,2.073159917233225,3.2265686121107806,0.465422775062935,0.07615133567025263,0.5852272727272727,5.383155792276964,0.3073794002607562,0.0,0.001446331856228459,0.016405557197753474,0.14523303234819768,-0.29407510967555117,324.909913341218,0.9835944428022465,734.0784896174378,4.394959908361971,0.363072741942333,0.484916933838531,0.8453848019223562,23.647660818713454,450.1325985028951,0.8289792447246027,3.0567543600354714,0.484916933838531,1.920132541133455,0.22859974699264285,-78.92623820394,0.7850812407680945,0.9331581352833638,2.0503904343582233,0.6466141354345826,0.22092365692742696,0.6371809569782175,121.0506329113924,0.015971790085044596,0.0,0.020617922205809946,0.013025594149908592,0.08673202203649008,-18.98471773610375,855.906522517346,0.9869744058500914,387.1881716527635,12.084992343032159,0.1480484522207268,0.6759791837852643,0.9079629462675802,59.94152046783625,1669.9262134486328,0.8949373521176716,1.920132541133455,0.6759791837852643,target,2.0,0.9173860571768362,0.8817844651682833,0.5555472021408849,5,0.8054509918089046,E2,15.0,"gam,maxent,gbm,rf",strong/target,500,10000,494,500,3.790752923976608,0.9386045903471149,2.805738304093567,0.014985380116959063,0.5407154253469083,0.985014619883041,0.411214953271028,0.8331485828551556,0.8181632027381966,"mat,lpann",39.1,1,narrow,0.7454056250000001,-77.19584699668697,0.6189435989256938,4.234466374269005,0.7925509522371397,-59.94152046783625,0.16475903614457832,17.81578947368421,0.0,-78.92623820394,0.6759791837852643,3.790752923976608,0.8181632027381966,-81.76206985705929,0.7793071161048689,2.9471856725146197,0.8267009055633345
1.536801655335501,2.380484127758905,-7.9214504681291515,0.9301144756277696,0.5368016553355011,1.6053825692379908,0.7676415830881028,0.6148889655965942,0.4762700534759358,1.820572569906791,0.7090758881151894,0.0,0.001415558838010832,0.0,0.037308680020544424,15.726210350584303,360.5615114240298,1.0,117.22440825241884,1.8231386025200458,0.7084313884606022,0.788394313679795,0.9599656092237825,23.647660818713454,450.1325985028951,0.9599656092237825,1.536801655335501,0.788394313679795,1.6077468007312614,7.489535855491567,-3.3360669341690325,0.9124815361890695,0.6077468007312614,1.617130307467057,0.7641958041958042,0.7932095886577745,0.7095442031202203,16.481012658227847,0.11440984793627806,0.0,0.021653947152470047,0.0,0.05576816213552534,56.605453533667216,1359.0972665861034,1.0,392.9179799180772,3.343032159264931,0.4605077574047955,0.7669456250273846,0.9400581500180311,59.94152046783625,1669.9262134486328,0.940058150018031,1.6077468007312614,0.7669456250273846,uniform,0.0,0.9329426958312709,0.9320987725492863,0.6207029417027687,5,0.8302796226852844,E2,15.0,"gam,maxent,gbm,rf",none/uniform,500,10000,492,500,1.6419956140350878,0.9979245699610085,0.6419956140350878,0.0,0.8598283971772281,1.0,0.757003527702843,0.9618218570683359,0.9618218570683359,"mat,lpann",32.9,2,narrow,0.86304,-2.3989927017741053,0.8753382102415072,1.299890350877193,0.9815852963786618,-49.765029305846426,0.1930836688544482,13.585160818713451,0.25158668057729083,-3.3360669341690325,0.7669456250273846,1.6419956140350878,0.9618218570683359,-1.7374772144276918,0.906669496471587,1.1661184210526316,0.970372429508827
1.1383387525864617,1.9422508189985024,-4.162708910553345,0.9718324306581323,0.1854862548034289,1.1605382569237992,0.889774044032445,0.8647119341563786,0.6930730960581707,1.2276964047936085,0.8550508069336521,0.0,0.001415558838010832,0.04714750221696719,0.016168464304057523,19.48495190816011,447.21827741748865,0.9528524977830328,59.19601381097102,1.2080183276059564,0.8651172442415439,0.8912081835775505,0.9861665307202222,23.647660818713454,450.1325985028951,0.9390190285032549,1.1383387525864617,0.8912081835775505,1.2270338208409506,1.0978120023991664,6.657921046281025,0.963964795667159,0.24234460694698354,1.2420693020985847,0.8740748802786243,0.8848924591863176,0.8884149462549054,1.481012658227848,0.6530612244897959,0.0,0.0217154931889053,0.015310786106032906,0.023644504094536074,66.59944151411727,1572.4123609188323,0.9846892138939671,148.59100177078446,1.4165390505359878,0.7186311787072244,0.8843055769329434,0.9760976379372521,59.94152046783625,1669.9262134486328,0.9607868518312193,1.2270338208409506,0.8843055769329434,uniform,1.0,0.9638720440340451,0.9639923637815782,0.6196239430636057,5,0.8888747732283069,E2,15.0,"gam,maxent,gbm,rf",bias/uniform,500,10000,500,500,1.1779970760233918,0.9975716684251963,0.20559210526315788,0.027595029239766082,0.9107516013686712,0.9724049707602339,0.8929350562174861,0.9877738654147105,0.9601788361749444,"mat,lpann",31.7,2,narrow,0.91912375,4.514482999870715,0.8630177808681831,1.2648026315789473,0.9743783117810174,-50.96950796116349,0.18524907661209242,14.37828947368421,0.20442097026604067,6.657921046281025,0.8843055769329434,1.1779970760233918,0.9601788361749444,7.514950542754313,0.8896631823461092,1.018092105263158,0.8786884317601515
1.1449896541531186,7.749223616928589,-2.2593812825179,0.9782229607746594,0.15563109665976943,1.1273666092943202,0.9299794057075611,0.7836363636363637,0.9089466375719103,1.26797603195739,0.8706883898429473,0.0,0.002287461020843591,0.010641442506650901,0.011566339382100447,21.388279536195554,414.2705536545279,0.9893585574933491,49.53976027666298,1.2300114547537229,0.8843229915759194,0.9224832908426928,0.9883931130266088,23.647660818713454,450.1325985028951,0.9777516705199578,1.1449896541531186,0.9224832908426928,1.1612202925045705,3.677618078158332,-0.6967696060374351,0.973535204332841,0.17024680073126142,1.1804538799414348,0.9085109954675172,0.9075340621465884,0.9261383385470977,3.3797468354430378,0.45664739884393063,0.0,0.023746512391268668,0.009026508226691042,0.01648576802244334,59.24475086179881,1539.8603264832677,0.990973491773309,79.64871893437932,1.4073506891271057,0.8110687022900763,0.9170499603489294,0.9832086188243779,59.94152046783625,1669.9262134486328,0.9741821105976869,1.1612202925045705,0.9170499603489294,target,1.0,0.9538669244735448,0.9594595932048557,0.5367960501317454,5,0.8738718301355497,E2,15.0,"gam,maxent,gbm,rf",bias/target,500,10000,500,500,1.1663011695906433,0.9992386927400625,0.17671783625730994,0.010416666666666666,0.9446485634470817,0.9895833333333334,0.9136156571621393,0.9894909580942445,0.9790742914275778,"mat,lpann",33.0,2,narrow,0.9287537499999999,0.6817089939201324,0.8921895006402049,1.2256944444444444,0.9815443996009847,-52.08093089562877,0.16655882464887908,16.322916666666668,0.0887780386019823,-0.6967696060374351,0.9170499603489294,1.1663011695906433,0.9790742914275778,-1.1221372079243537,0.9518716577540107,1.0370979532163742,0.9532621329013717
1.714011232633757,2.384740333751381,0.6902827858753753,0.9194670113244707,0.714011232633757,1.7244562666249412,0.7340914311968757,0.6502855911197327,0.3401574803149606,2.0239680426098534,0.6613826508146191,0.0,0.001415558838010832,0.0,0.04962506420133539,24.33794360458883,390.38279521519166,1.0,128.73089072686867,1.956701030927835,0.6764295676429568,0.7369166258236671,0.9467494102863694,23.647660818713454,450.1325985028951,0.9467494102863694,1.714011232633757,0.7369166258236671,1.7241773308957953,4.105742613276391,1.846835916853351,0.8982438864270474,0.7241773308957953,1.7739141044411908,0.7210028590279305,0.7684328191370445,0.6646149226842817,17.696202531645568,0.1069735951252539,0.0,0.021653947152470047,0.0,0.06645207964184237,61.7883563846896,1414.9161805071476,1.0,338.6930339862538,3.411179173047473,0.45339350807151535,0.7341665967620166,0.9285746483952398,59.94152046783625,1669.9262134486328,0.92857464839524,1.7241773308957953,0.7341665967620166,uniform,2.0,0.9340053385722026,0.9386891045867648,0.7436385822533909,5,0.8054547637388337,E2,15.0,"gam,maxent,gbm,rf",strong/uniform,500,10000,492,500,1.7044956140350878,0.9958381967768636,0.7044956140350878,0.0,0.8371037652746933,1.0,0.7395094263125886,0.958105112154408,0.958105112154408,"mat,lpann",32.4,2,narrow,0.862803125,-1.3623939788969466,0.8718334587409079,1.2887426900584795,0.9733418787579278,-49.51936025688414,0.18422160478235244,14.276681286549708,0.21046339766997035,1.846835916853351,0.7341665967620166,1.7044956140350878,0.958105112154408,3.8784653578193087,0.888876541837982,1.0314327485380117,0.8647291889740001
2.9966006503103753,6.255253331412064,-11.87809080768809,0.792518053504021,1.998817617499261,3.166171178219371,0.47893036881243894,0.014247876518403507,0.5412234042553191,4.3568575233022635,0.37148893860303256,0.0,0.0035286394222878714,0.0022169671888856044,0.13937041917153917,11.769570011025365,429.2011518417951,0.9977830328111144,551.0776763681955,4.069644902634593,0.39314926115052645,0.49931585370363524,0.8509292123189524,23.647660818713454,450.1325985028951,0.8487122451300668,2.9966006503103753,0.49931585370363524,2.1945840950639854,7.460755830632422,-54.05949180190461,0.7772136057771213,1.1961837294332724,2.3362615910200097,0.5984493856056173,0.3425492033739456,0.6310833872771141,82.78481012658227,0.022057712645414715,0.0,0.023141309699655343,0.0015996343692870202,0.11007854502688172,5.882028665931638,1110.467407342607,0.998400365630713,341.99296873022695,11.968606431852987,0.15256538938418845,0.6250581208197719,0.8820208258204111,59.94152046783625,1669.9262134486328,0.880421191451124,2.1945840950639854,0.6250581208197719,target,2.0,0.933969803606371,0.9066793035437902,0.6095853378938584,5,0.8218094672504741,E2,15.0,"gam,maxent,gbm,rf",strong/target,500,10000,492,500,3.315058479532164,0.9872645712406615,2.315423976608187,0.0003654970760233918,0.8327508099364236,0.9996345029239766,0.4633237336947315,0.8623065553816728,0.8619410583056495,"mat,lpann",34.5,2,narrow,0.785880625,-49.53091971912866,0.6392273076500933,3.0754751461988303,0.8761885804757066,-59.94152046783625,0.16475903614457832,17.81578947368421,0.0,-54.05949180190461,0.6250581208197719,3.315058479532164,0.8619410583056495,-32.72434458014013,0.7195132047354913,2.2130847953216373,0.9222455019264384
0.9489572510019296,1.1157206951538114,0.4240036884860512,0.9471114393566388,0.00038963930532878136,0.9522890030370065,0.9751582020184562,0.638173572142363,0.16243654822335024,0.942095045159112,0.9695540681502086,0.07407407407407407,0.0019387001477104875,0.05143238830339914,0.028561444619163608,14.109457620311904,188.91651155905757,0.9485676116966009,74.38274423531759,0.9592097385751347,0.978752444589309,0.9734103826125037,0.9995182602312351,13.685453931825853,190.40704759362447,0.948085871927836,0.9489572510019296,0.9734103826125037,0.9312167899388535,2.1293577073679444,-2.3754134485213,0.920267109798129,0.00033376945875944567,0.9389831463840821,0.9681681419788079,0.8669341232049792,0.35473340587595215,0.9354770333001251,0.9658963968897164,0.036036036036036036,0.01138601674052191,0.06911697951990602,0.05355994106538837,55.61901787108721,750.0622389909705,0.930883020480094,89.50634276410052,0.9630125185578915,0.9809710550887022,0.9640378287199624,0.9988931196316302,57.99443131960851,769.6957034423068,0.9297761401117242,0.9312167899388535,0.9640378287199624,uniform,0.0,0.7564315034521173,0.7607354195027438,0.871100771430898,5,0.33885593511413203,E2,15.0,"gam,maxent,gbm,rf",none/uniform,500,10000,500,500,0.9454311508606142,0.9989314860313947,0.0006960850489368883,0.055264934188322644,0.9524733946995322,0.9447350658116773,0.9712346442008479,0.999341054313099,0.9440761201247763,"tcold,lpann",41.6,0,cold_limited,0.5769675,-2.4656368591551967,0.9774768043687936,0.9808893013837326,0.9634792095050888,-24.842715959304186,0.8916320955175554,1.4750042186972663,0.5503394568690094,-2.3754134485213,0.9640378287199624,0.9454311508606142,0.9440761201247763,-2.9979582417810846,0.9362031500759824,0.8971059736753291,0.8969827890629802
0.8690440849042601,3.4102913179362986,0.8160861845385003,0.8868373543410472,0.0002783137895205581,0.8735892917400923,0.9322300157092684,0.3709136303347117,0.0,0.8552587152865705,0.9219149880000455,0.14285714285714285,0.0020823075660594123,0.1312342288852605,0.07256000411163077,14.501540116364353,172.57872870407286,0.8687657711147395,202.8219660699044,0.8942127319896228,0.9438363236022292,0.9296364683225128,0.9996559001651679,13.685453931825853,190.40704759362447,0.8684216712799073,0.8690440849042601,0.9296364683225128,0.8502309684654615,3.5810970528701205,-2.3106685464211907,0.8285019694731659,0.00021361245360604524,0.8739783552223662,0.9325111854720457,0.7207346843879567,0.07749627421758569,0.8435254467219195,0.9151221082647288,0.10097431355181577,0.011580912522566881,0.1499826439881445,0.11556782448966885,55.68376277318732,704.3246751023144,0.8500173560118555,222.0766033440222,0.9212045675323961,0.9586811551340882,0.9188229691310811,0.9992915965642434,57.99443131960851,769.6957034423068,0.8493089525760988,0.8502309684654615,0.9188229691310811,uniform,1.0,0.7215448567335272,0.7214886583377739,0.9234480641089153,5,0.3088447597780552,E2,15.0,"gam,maxent,gbm,rf",bias/uniform,500,10000,499,500,0.8628501518731015,0.9977529565587399,0.000442963212959838,0.13759281133985826,0.9604760706275745,0.8624071886601418,0.9259007631859049,0.9995806709265176,0.8619878595866592,"tcold,lpann",38.7,0,cold_limited,0.59562,-1.6936330175078496,0.9272988855406595,0.874599223759703,0.8733263160987645,-27.47892553213498,0.9085406533157045,1.4542271346608167,0.5698848026080983,-2.3106685464211907,0.9188229691310811,0.8628501518731015,0.8619878595866592,-3.2576178044800415,0.8640282696230465,0.7766199797502531,0.7766199797502531
0.8708438474098263,4.736280356550026,0.5727864888372736,0.8955153454784178,0.0,0.8758389261744967,0.9338103756708408,0.44143132220795894,0.0,0.8647547902422554,0.927472925413333,0.2571428571428571,0.0010770556376169375,0.12915615259017366,0.07120339278929587,14.258240420663126,178.47228703063863,0.8708438474098263,190.18526669902437,0.8835162642187189,0.9381562357627963,0.9309636917217919,1.0,13.685453931825853,190.40704759362447,0.8708438474098263,0.8708438474098263,0.9309636917217919,0.8773864516301301,3.12119648537049,1.9890148072720706,0.8545564582307567,0.0,0.8904374048813483,0.9420437858266308,0.7693239687257445,0.04354136429608128,0.8610127816520762,0.9253163547729422,0.08461538461538462,0.009334482192680125,0.12261354836986996,0.09429683778914452,59.98344612688058,724.3904767761294,0.8773864516301301,189.21057519401896,0.9041221430011547,0.9496472128370248,0.9346892333949651,1.0,57.99443131960851,769.6957034423068,0.8773864516301302,0.8773864516301301,0.9346892333949651,target,1.0,0.6108616719367284,0.6989781597821441,0.929275458315636,5,0.12138015013602596,E2,15.0,"gam,maxent",bias/target,500,10000,499,500,0.866478231522106,0.9951973160021252,0.0,0.13352176847789402,0.9686970574534721,0.866478231522106,0.9284632597247022,1.0,0.866478231522106,"tcold,lpann",33.8,0,cold_limited,0.57993,0.9437091915657021,0.92431640625,0.8541807289908876,0.8541807289908876,-37.56876165868756,0.9123931103369308,1.5639132635842052,0.4661741214057509,1.9890148072720706,0.9346892333949651,0.866478231522106,0.866478231522106,-3.010773359839149,0.8755732696825719,0.7938111711103611,0.7938111711103613
0.8816609766958587,5.562441556615511,0.970467311297396,0.8951152962415887,0.0,0.8869558696711785,0.9400917996304171,0.3880527177727521,0.0,0.8694817253313075,0.9301847817498391,0.9310344827586207,0.0020823075660594123,0.11833902330414131,0.0636172071747957,14.655921243123249,188.32953261427235,0.8816609766958587,146.2075536195349,0.9007982438635003,0.9478104757005323,0.9371092748535705,1.0,13.685453931825853,190.40704759362447,0.8816609766958587,0.8816609766958587,0.9371092748535705,0.8529945795839897,5.532260933576595,-3.8321882928736386,0.8339077630067291,0.0,0.8787554252860605,0.9354654825837808,0.7291945462655883,0.10740740740740741,0.8490366068211205,0.9183556493030081,0.9681133746678476,0.011580912522566881,0.14700542041601025,0.10292759368611132,54.16224302673487,726.5365715609455,0.8529945795839897,155.8302478199672,0.905936692388057,0.9506472025080299,0.9206660278256108,1.0,57.99443131960851,769.6957034423068,0.8529945795839897,0.8529945795839897,0.9206660278256108,uniform,2.0,0.733965847664836,0.738562545254319,0.9732740516282968,5,0.3637015687818364,E2,15.0,"gam,maxent,gbm",strong/uniform,500,10000,499,500,0.874198447519406,0.9975586646161956,0.0,0.125801552480594,0.9551898210070886,0.874198447519406,0.9328771440147662,1.0,0.874198447519406,"tcold,lpann",30.7,0,cold_limited,0.5802216666666667,-5.960157926883092,0.8341012390262126,0.7434610192372595,0.7434610192372595,-15.889075341970639,0.9632750192950862,1.1960639554505568,0.8139042264068346,-3.8321882928736386,0.9206660278256108,0.874198447519406,0.874198447519406,-4.98830009305815,0.8021621275847179,0.69150776240297,0.69150776240297
0.8639045569244471,4.265627027232711,0.38711387080541115,0.8853705071393402,0.006902181980109841,0.8670840988339394,0.9212402353555436,0.4551835417507059,0.0,0.85831856166118,0.9150825554722809,0.6953405017921147,0.005723781388478582,0.14299762505566277,0.07934591973589188,14.072567802631264,183.81830329809497,0.8570023749443373,181.0970711338547,0.8708441428856516,0.9249903997951956,0.9195775306847705,0.9914663240961644,13.685453931825853,190.40704759362447,0.8484686990405017,0.8639045569244471,0.9195775306847705,0.8628875063416197,3.3255746831009674,0.351355974901125,0.8402572624322994,0.0025767002216229204,0.8766416774702667,0.9285145749170258,0.7654642631367216,0.0,0.8511774805519638,0.9108584383909862,0.46712586098935505,0.01638150336451666,0.1396891938800032,0.1033465080143079,58.345787294509634,726.4242608864664,0.8603108061199968,160.64302131650652,0.8864348686742792,0.9342026000272051,0.9236315163329368,0.9914548835561853,57.99443131960851,769.6957034423068,0.851765689676182,0.8628875063416197,0.9236315163329368,target,2.0,0.5476122134015979,0.6864179711825807,0.9358953276666935,5,0.03017339223931592,E2,15.0,"gam,maxent",strong/target,500,10000,499,500,0.8609728315896051,0.9926828136405983,0.008057711778602768,0.14708488018899762,0.9590104278944818,0.8529151198110023,0.9166336072541796,0.9923722044728435,0.8452873242838459,"tcold,lpann",34.2,0,cold_limited,0.5834475,-6.533012769335713,0.7674510449234819,0.649510631117111,0.649510631117111,-39.48444138538074,0.9313331136656119,1.529762909213635,0.4985023961661341,0.351355974901125,0.9236315163329368,0.8609728315896051,0.8452873242838459,-5.463216790664127,0.8356055777511776,0.743334458319271,0.7433344583192709
0.9352456583048835,2.4360675151688724,0.2598859420353872,0.9434597078614804,0.00024120528425115037,0.9349855648457126,0.9661874128042164,0.6974280230326295,0.0,0.9261627416223517,0.9613593785948268,0.35833333333333334,0.0012309207287050715,0.06499554697936767,0.03566880289212061,13.94533987386124,188.5807245479287,0.9350044530206323,47.686265497102546,0.945539812412692,0.9719461283605666,0.9662901957776456,0.9997017801431455,13.685453931825853,190.40704759362447,0.9347062331637779,0.9352456583048835,0.9662901957776456,0.9363167872686977,0.7359554054941668,0.5425399939977567,0.9257241916953881,0.00010680622680302262,0.9430415421904064,0.9705118721262492,0.8962467525288818,0.024886877828054297,0.9238400067829663,0.960059937638413,0.2457200402819738,0.010185869030034466,0.06379001895810525,0.04706979636250583,58.536971313606266,753.2891155697959,0.9362099810418948,45.33736752672298,0.9532982642643744,0.975940696255982,0.9670008411820676,0.9996457982821216,57.99443131960851,769.6957034423068,0.9358557793240165,0.9363167872686977,0.9670008411820676,uniform,0.0,0.6626039206973239,0.6618304177393163,0.8652067205519378,5,0.20531453795839477,E2,15.0,"gam,maxent,gbm,rf",none/uniform,500,10000,499,500,0.9331125548430644,0.9993347698609663,0.0003374957813027337,0.06722494093823828,0.9571305026520837,0.9327750590617617,0.9650499208903923,0.9996805111821087,0.9324555702438704,"tcold,lpann",38.8,1,cold_limited,0.56603625,1.0126206202207584,0.9858256843473316,0.9661449544380695,0.9654469083014257,-27.752373830954948,0.9305058636453986,1.3942794465069186,0.6267571884984027,0.5425399939977567,0.9670008411820676,0.9331125548430644,0.9324555702438704,-2.2994714249598758,0.929335086615974,0.880969456631792,0.8805177797198462
0.8506197120379991,1.4715187716126366,-0.16558269250432822,0.874015263417036,0.0,0.8568857560646395,0.9229278142352347,0.30045162823864985,0.017830609212481426,0.8384401114206128,0.9121212121212121,0.9916666666666667,0.0012309207287050715,0.1493802879620009,0.08146413606112891,13.519871239321525,200.66529275499087,0.8506197120379991,103.30863481836116,0.8645779285571742,0.9273711924995184,0.9192809376284578,1.0,13.685453931825853,190.40704759362447,0.8506197120379992,0.8506197120379991,0.9192809376284578,0.8187364823369202,3.6241978495634157,-6.143496566606153,0.8114434597078615,0.0,0.8368186686207091,0.9111608923803971,0.7323160101079356,0.044359464627151055,0.8054984420374335,0.8922726525628684,0.9949647532729103,0.010185869030034466,0.18126351766307977,0.13046271827555833,51.850934753002356,752.6695399234602,0.8187364823369202,107.60885772442512,0.8593266005608607,0.9243417485681614,0.900335469473746,1.0,57.99443131960851,769.6957034423068,0.8187364823369201,0.8187364823369202,0.900335469473746,uniform,1.0,0.7127767232594459,0.7142136213364719,0.933172310119971,5,0.29557083582817323,E2,15.0,"gam,maxent,gbm",bias/uniform,500,10000,499,500,0.8518604454944313,0.9979588400206649,0.0,0.14813955450556868,0.944511356729473,0.8518604454944313,0.9200050117890948,1.0,0.8518604454944314,"tcold,lpann",29.9,1,cold_limited,0.58872,-6.063305226222717,0.8946067399148472,0.8416090111373608,0.8416090111373609,-29.91178526158902,0.9149173970134669,1.462959838002025,0.561741214057508,-6.143496566606153,0.900335469473746,0.8518604454944313,0.8518604454944314,-6.728367281272639,0.8517158647544439,0.7747215659804253,0.7747215659804252
0.876317351937064,0.8283464810807004,-0.7949503106293054,0.9065833743640243,0.0,0.8768137677627386,0.9343641684896068,0.5826459390862944,0.016506189821182942,0.8679412509496075,0.9293025147427642,0.9139784946236559,0.0019079271294928607,0.12368264806293602,0.06676121765225791,12.890503621196547,203.6020888001757,0.876317351937064,63.835821819931425,0.8804629814408301,0.9364321341398705,0.9340822340446572,1.0,13.685453931825853,190.40704759362447,0.876317351937064,0.876317351937064,0.9340822340446572,0.8778537288723932,0.29016257923080957,-0.8297206567980737,0.8759129328737896,0.0,0.8778676512034271,0.934962217002724,0.8728482943514838,0.029158878504672896,0.8350043453377706,0.9100843248238419,0.9954545454545455,0.01128344001312982,0.12214627112760675,0.08355811926795867,57.164710662810435,803.969284500784,0.8778537288723932,65.1722193990938,0.8741545849447387,0.9328521691507257,0.9349543208559952,1.0,57.99443131960851,769.6957034423068,0.8778537288723931,0.8778537288723932,0.9349543208559952,target,1.0,0.5963620713256425,0.6956388176114763,0.9272577303239679,5,0.09412693236484751,E2,15.0,"gam,maxent",bias/target,500,10000,499,500,0.8824881876476544,0.994242107919263,0.0,0.11751181235234559,0.9330886252273513,0.8824881876476544,0.9375763348086728,1.0,0.8824881876476542,"tcold,lpann",30.3,1,cold_limited,0.570495,-1.9657219090052394,0.8768630979157295,0.7905627742153223,0.7905627742153223,-28.966919181900685,0.9211571813384829,1.4337242659466756,0.5887599483081543,-0.8297206567980737,0.9349543208559952,0.8824881876476544,0.8824881876476542,-2.3101895334796367,0.8699922304611184,0.78132382720216,0.7813238272021601
0.8768739795161051,1.5277668806828046,0.8453719696863704,0.8883349745609717,0.0,0.8811068201417269,0.9367961571425724,0.32048173926644247,0.0,0.8647969950198362,0.9274971992440788,0.39325842696629215,0.0009129328737895946,0.12312602048389491,0.06777276974096243,14.530825901512223,183.85695897481733,0.8768739795161051,122.7727256050279,0.8966872879664738,0.945529918037099,0.9343983550160149,1.0,13.685453931825853,190.40704759362447,0.8768739795161051,0.8768739795161051,0.9343983550160149,0.868655042588983,2.070926202848682,-0.3170369807174538,0.8454784178565568,0.0,0.8840961614339665,0.9384830557279942,0.7473696292612007,0.04081632653061224,0.8587871208427835,0.9240295579984491,0.4130675526024363,0.009262678483505662,0.13134495741101707,0.09799658332039136,57.677394338891055,727.240406621621,0.868655042588983,143.43145694750862,0.9140196851115306,0.9550786673944478,0.9297115013646171,1.0,57.99443131960851,769.6957034423068,0.868655042588983,0.868655042588983,0.9297115013646171,uniform,2.0,0.7398322043805179,0.7391599406281405,0.9312380115989123,5,0.3184989129134988,E2,15.0,"gam,maxent,gbm,rf",strong/uniform,500,10000,499,500,0.8704016199797503,0.9986646565882707,0.0,0.12959838002024976,0.9472856226823297,0.8704016199797503,0.9307109346806207,1.0,0.8704016199797504,"tcold,lpann",31.5,1,cold_limited,0.5912325,-2.023434871811247,0.7249963827632284,0.5759998312521093,0.5759998312521093,-35.41530118184237,0.9302805049959325,1.482112723590955,0.5436102236421725,-0.3170369807174538,0.9297115013646171,0.8704016199797503,0.8704016199797504,-1.8852432464925784,0.8140442544432569,0.6946928788390145,0.6946928788390145
0.8931460590767404,1.7106813292937773,2.2598214975163344,0.8607213195470211,0.042062490722873686,0.8890367815230025,0.9004316975140177,0.40519752072287357,0.0,0.8705579471596184,0.9000699442702105,0.6786389413988658,0.005426308879041523,0.1489164316461333,0.10245567714188471,15.945275429342187,217.3634401498693,0.8510835683538667,205.65743243729116,0.8833566154460187,0.9083973509933775,0.8991208726588457,0.9479950449623784,13.685453931825853,190.40704759362447,0.7990786133162451,0.8931460590767404,0.8991208726588457,0.8798830471816507,3.637334347294143,0.7477706699379425,0.8472324798949614,0.007756802221569517,0.890662871315033,0.9228659377352444,0.8178708367791895,0.0,0.8569006083472879,0.8918416035980503,0.4985689753863766,0.017920154275397997,0.12787375503991882,0.09701172956204761,58.74220198954645,747.88250401802,0.8721262449600812,133.6327255147606,0.8978536996645833,0.910077743976049,0.927851598287017,0.9742761002390862,57.99443131960851,769.6957034423068,0.8464023451991673,0.8798830471816507,0.927851598287017,target,2.0,0.576431317330101,0.6884582993311587,0.8854046480090634,5,0.05863079952761534,E2,15.0,"gam,maxent",strong/target,500,10000,499,500,0.8757382720215997,0.982783984411644,0.028729328383395206,0.15299105636179547,0.9160911158218605,0.8470089436382046,0.9031206072533033,0.9728035143769969,0.8198124580152015,"tcold,lpann",27.3,1,cold_limited,0.5744250000000001,-6.031647735616666,0.6464023999060278,0.49649848126898416,0.4964984812689841,-35.42569676771812,0.9642608673245897,1.3825092811339859,0.6360105302996812,0.7477706699379425,0.927851598287017,0.8757382720215997,0.8198124580152015,-2.434984637766462,0.8315367455501302,0.722789402632467,0.722789402632467
0.955265696897729,5.128974158475671,1.4960937538047059,0.927139750533399,0.013192073623274455,0.962262382362866,0.9628837022671036,0.6921259842519685,0.002034587995930824,0.9021904279564447,0.9436105656693402,0.0,0.0009847365829640572,0.05792637672554549,0.039356415311319205,15.181547685630559,188.7526806771697,0.9420736232744545,26.090745353021976,0.9729395330273398,0.9582052111992232,0.9636272193279624,0.9836896678289594,13.685453931825853,190.40704759362447,0.9257632911034139,0.955265696897729,0.9636272193279624,0.9460228031294224,0.42428768530584193,0.5303678929018361,0.9132713769899885,0.005473819123654909,0.9788625218420608,0.9580425556156892,0.8835803712764426,0.07223942208462332,0.9112915191724781,0.9438498818884539,0.0,0.009611439356638767,0.05945101599423246,0.050367163468011726,58.524799212510345,734.81265191731,0.9405489840057676,16.80365222612025,1.0771275133341887,0.9227008806452183,0.9666371663202091,0.9818471619587354,57.99443131960851,769.6957034423068,0.9223961459645031,0.9460228031294224,0.9666371663202091,uniform,0.0,0.6983507084474402,0.6961543198889463,0.8738341248361884,5,0.21036040129982095,E2,15.0,rf,none/uniform,500,10000,498,500,0.9428577455281809,0.9941002689655377,0.012149848126898413,0.06929210259871751,0.8294919185233159,0.9307078974012825,0.9580813618943186,0.9884984025559106,0.919206299957193,"tcold,lpann",30.0,2,cold_limited,0.5438375000000001,-0.27478885176459755,0.9744648484189938,0.9675582180222747,0.9365978187852524,-57.99443131960851,0.8689831196705146,2.0563617954775566,0.0,0.5303678929018361,0.9666371663202091,0.9428577455281809,0.919206299957193,2.232194889380686,0.9451758695224995,0.8898076274046575,0.8759288277466819
0.9076183761318094,4.326743391503442,0.5985915790028375,0.9098350566223535,0.000445302063232893,0.9128266656668291,0.9539957269145579,0.43162164230504324,0.025806451612903226,0.8938549843842323,0.9431952398992712,0.32432432432432434,0.0015181355654029214,0.09282692593142348,0.0511506061228683,14.28404551082869,190.1882922591513,0.9071730740685765,107.25408022493161,0.9339852324885253,0.965040449067195,0.9511054049585169,0.9994494402642686,13.685453931825853,190.40704759362447,0.9066225143328452,0.9076183761318094,0.9511054049585169,0.8881071266454834,4.7641408956233136,-2.5824274881013807,0.8687223042836041,0.000387172572160957,0.9078828701877008,0.9513926331883212,0.7805753335751237,0.16170212765957448,0.8872755792017296,0.9394626892492924,0.361028684470821,0.010370507139340226,0.11228004592667752,0.08368834022616789,55.41200383150713,732.7867895072958,0.8877199540733225,129.84660832732334,0.9502373577228321,0.9735063860981363,0.9403279523132729,0.998716018772691,57.99443131960851,769.6957034423068,0.8864359728460136,0.8881071266454834,0.9403279523132729,uniform,1.0,0.8063358475578181,0.7998018771510188,0.9479545720232103,5,0.49137671254644283,E2,15.0,"gam,maxent,gbm,rf",bias/uniform,500,10000,500,500,0.902864495443807,0.9994316830162526,0.0007593655079311508,0.0978948700641242,0.9475937031513231,0.9021051299358758,0.9481548813337619,0.9992811501597444,0.90138628009562,"tcold,lpann",35.0,2,cold_limited,0.58485,-2.4182273536028447,0.9557366771159874,0.9307500843739454,0.9283685152018666,-15.117182409090148,0.9412104724147247,1.2439461694228822,0.7690694888178915,-2.5824274881013807,0.9403279523132729,0.902864495443807,0.90138628009562,-2.496955213323119,0.8950497094138125,0.8232154910563618,0.8229691218316639
0.9672146355944783,0.03216008579994423,0.45730937012291584,0.9570716395864106,0.0064012171589728365,0.9752727681751715,0.9744412281118018,0.7507274490785645,0.017543859649122806,0.9545454545454546,0.9726846753471098,0.18556701030927836,0.001989988511406532,0.03918658156449458,0.02488334326885522,14.142763301948769,199.83837435350262,0.9608134184355054,32.132809748842384,0.9750947914587906,0.9788020854383058,0.9768262202310776,0.9920857037988622,13.685453931825853,190.40704759362447,0.9528991222343675,0.9672146355944783,0.9768262202310776,0.9646070865931484,0.9400038202782639,0.20788967885876275,0.9510298703430166,0.0012015700515340044,0.9969562031452568,0.9698402393586993,0.9286780500236648,0.22118742724097787,0.9547448968777158,0.972597837755777,0.16505706760316066,0.011683489249958968,0.036594483458385625,0.02743152497690687,58.20232099846727,764.6344443237094,0.9634055165416143,21.937939425488498,1.0000366575633717,0.9711326979472141,0.9807615203223855,0.9960152306738688,57.99443131960851,769.6957034423068,0.959420747215483,0.9646070865931484,0.9807615203223855,target,1.0,0.6106080275854437,0.7851741219219931,0.926761582494539,5,0.06380205827481426,E2,15.0,"gam,maxent,gbm,rf",bias/target,500,10000,500,500,0.9633395207559905,0.9992892187973424,0.004134323320958488,0.04079480256496794,0.9239700637104161,0.9592051974350321,0.9771159672532714,0.9960862619808307,0.9552914594158628,"tcold,lpann",37.2,2,cold_limited,0.5560475,0.11549025018840098,0.8289334823836587,0.7073278771515356,0.7073278771515357,-16.668013875188706,0.9497375294803845,1.236268140398245,0.7763378594249202,0.20788967885876275,0.9807615203223855,0.9633395207559905,0.9552914594158628,2.1322752907441114,0.9304556354916067,0.8590111373607829,0.8577382296998444
0.8008386522190886,2.9827533437693887,0.4604747170515058,0.8509354997538159,9.277126317351936e-05,0.8066626673165611,0.8928827136794264,0.34011956697366297,0.0036968576709796672,0.7869502827720098,0.8806329711856401,0.43537414965986393,0.0015078778926637124,0.1992541190440849,0.10971738527444756,14.145928648877359,164.84254373150335,0.8007458809559151,274.5744857772999,0.8241269207742965,0.9033662629776713,0.8893033031795421,0.9998853000550559,13.685453931825853,190.40704759362447,0.8006311810109712,0.8008386522190886,0.8893033031795421,0.7941576993938747,5.224824099099408,-0.6834536135285987,0.778229115378303,0.0,0.8111577701369709,0.8955939218996787,0.6688128295775483,0.01907356948228883,0.7752930453398902,0.8732821510871253,0.5189504373177842,0.010555145248645988,0.20584230060612535,0.15430390113934417,57.31097770607991,733.4190630667412,0.7941576993938747,229.3340638640965,0.8514268956542459,0.9188809250386093,0.8852707871355647,1.0,57.99443131960851,769.6957034423068,0.7941576993938746,0.7941576993938747,0.8852707871355647,uniform,2.0,0.7647160860448945,0.7600878863523765,0.9584943173629087,5,0.39176878729165715,E2,15.0,"gam,maxent,gbm,rf",strong/uniform,500,10000,499,500,0.7976079986500169,0.9958431909299491,0.0001898413769827877,0.20258184272696592,0.9522639085623887,0.7974181572730341,0.8871991645251757,0.9998202875399361,0.7972384448129701,"tcold,lpann",33.5,2,cold_limited,0.61721875,-4.977570833941684,0.732536889129552,0.5967558218022275,0.5967558218022275,-27.642436174713957,0.9315184339964059,1.3902716841039486,0.6305511182108625,-0.6834536135285987,0.8852707871355647,0.7976079986500169,0.7972384448129701,-5.764760669652233,0.7711817831333208,0.6513457644279447,0.6513457644279446
0.8485416357429123,0.003208135403497181,0.5157147242196967,0.8833189725914984,0.008015437138192074,0.8505680326946871,0.9105183714404385,0.5727287242535526,0.0,0.8380813708111758,0.9043546146516194,0.31851851851851853,0.0027695716395864105,0.1594738013952798,0.09196856549198708,14.20116865604555,183.97163996751348,0.8405261986047202,222.86630008094625,0.8503691877868689,0.9121675546256551,0.9093938511879072,0.9900899247568361,13.685453931825853,190.40704759362447,0.8306161233615563,0.8485416357429123,0.9093938511879072,0.8644228458519132,2.697006687496412,3.6871348792628,0.8565054160512063,0.0024298416597687647,0.8695817597655149,0.9242423100404754,0.8375829812914907,0.0024125452352231603,0.8361701676664476,0.9031803751803752,0.18189102564102563,0.012801575578532743,0.1380069958078556,0.1069409808811305,61.68156619887131,763.9817157198795,0.8619930041921444,170.38795260565036,0.8653934272988875,0.9204708471711832,0.9246754362723686,0.991941910918268,57.99443131960851,769.6957034423068,0.8539349151104125,0.8644228458519132,0.9246754362723686,target,2.0,0.5652851578180187,0.7104549648796051,0.9126183684346941,5,0.053215424528241725,E2,15.0,"gam,gbm",strong/target,500,10000,499,500,0.8447097536280797,0.988160946998808,0.006939757003037462,0.16223000337495783,0.9005150440388918,0.8377699966250421,0.9082946463283554,0.9934305111821087,0.8312005078071509,"tcold,lpann",33.1,2,cold_limited,0.5951775,2.690354185320885,0.8920396133336291,0.7916385420182248,0.791597480480775,-42.33547458458868,0.960226653590498,1.479201822477219,0.5463658146964856,3.6871348792628,0.9246754362723686,0.8447097536280797,0.8312005078071509,1.5929146749037884,0.8839503229603582,0.784129260884239,0.784129260884239
0.9676296202851016,0.326192883087856,-0.8021670438377759,0.960918266863614,0.011908666582565914,0.9820483497779314,0.9782763293839817,0.7868372229274485,0.8761762011824465,0.9781009110021023,0.9766480677825997,0.004739336492890996,0.002164368947973084,0.04427904629746436,0.022883107003711052,-2.622825948965346,438.8594345431829,0.9557209537025356,68.52939551086001,0.9837505984398321,0.9784642466745219,0.971443958608486,0.9918413911119561,-1.8206589051275701,449.75910574258063,0.9475623448144916,0.9676296202851016,0.971443958608486,1.003540934921043,1.7723664617462873,2.484294303338407,0.9714939274577384,0.018190125360518575,1.0012405024034734,0.9808771114210445,0.9506667910099785,0.9417184831985567,1.0017257673501254,0.981977173823795,0.010743801652892562,0.012411784014442803,0.014649190439475714,0.01180955150709404,-10.770597943379457,1073.0300010310066,0.9853508095605242,16.984354265918405,1.015217982064521,0.9834713927952226,0.9836093611926684,0.9898029422593606,-13.254892246717864,1037.4235233257118,0.9751537518198847,1.003540934921043,0.9836093611926684,uniform,0.0,0.8096220037868254,0.807374832876722,0.9185957162422372,5,0.459123896475354,E2,15.0,"gam,maxent,gbm,rf",none/uniform,500,10000,500,500,0.9756006935843448,0.998681289687742,0.009165221699281644,0.033564528114936834,0.9520053866708087,0.9664354718850632,0.9783712619898439,0.9935221821492349,0.959957654034298,"wbal,tcold",29.1,0,drought_limited,0.5954343750000001,2.2971766777791895,0.9843803638860281,0.9706960614317562,0.9581393513064485,13.238463961317482,0.5290038973987129,2.4125092890760467,0.0016632235022233655,2.484294303338407,0.9836093611926684,0.9756006935843448,0.959957654034298,2.6390133532306006,0.9677219667492041,0.9097844934357195,0.909742214950449
1.0540683739119465,0.44906945517567465,8.905295189538286,0.7757980469391105,0.23189100542449856,1.0916996888380628,0.8101207883026065,0.26490428441203284,0.11810759422883346,1.0568500350385424,0.7948838067657539,0.11009174311926606,0.0011180863285737731,0.17782263151255204,0.1666375707288019,7.084636284410717,287.8624437231359,0.8221773684874479,523.855304799248,1.1140274296657187,0.813992833069125,0.8005355410069644,0.8411318341313329,-1.8206589051275701,449.75910574258063,0.6633092026187808,1.0540683739119465,0.8005355410069644,1.3122590593677719,2.0639966181750538,31.043378431164484,0.743373543410471,0.36717210657071875,1.3074895332609706,0.7881190780189503,0.6657812855733475,0.358974358974359,1.2442782594403583,0.718870722642304,0.03842264914054601,0.01014483833907763,0.05491304720294697,0.15277878527238625,17.78848618444662,945.0970939136544,0.945086952797053,463.3693097065904,1.422143716759191,0.7777920246185408,0.8174576710755437,0.7941699082745042,-13.254892246717864,1037.4235233257118,0.7392568610715573,1.3122590593677719,0.8174576710755437,uniform,1.0,0.8351608641385339,0.8351902699567042,0.8805722929970072,5,0.5574393270823392,E2,15.0,"gam,maxent,gbm,rf",bias/uniform,500,10000,498,500,0.9664107010156057,0.9445149077673906,0.12984889769630914,0.1634381966807035,0.7255155035387676,0.8365618033192965,0.8508515569888139,0.9082250779088904,0.7447868812281868,"wbal,tcold",28.0,0,drought_limited,0.5779937500000001,21.908198859944314,0.8490857584342003,0.6180331929650731,0.5776995180171149,23.074435454762522,0.5335091021313236,2.170200644042606,0.17216170864893487,31.043378431164484,0.8174576710755437,0.9664107010156057,0.7447868812281868,27.21761651078335,0.8698990137601134,0.711047807778053,0.6209523556668379
0.9168411757285228,1.9084050805911374,-1.9909824829451694,0.9317454455933037,0.009259492872461209,0.9407994468232228,0.9594387195790397,0.5798319327731093,0.8316433419927931,0.933426769446391,0.9547541379726954,0.13131313131313133,0.0010155096011816838,0.09241831714393844,0.04124695807534732,-3.8116413880727396,421.4340393683653,0.9075816828560616,142.0357376260554,0.9364104874820468,0.9564863292611984,0.9469555374206966,0.9936563358857795,-1.8206589051275701,449.75910574258063,0.9012380187418412,0.9168411757285228,0.9469555374206966,0.9642194237413976,1.510876165935315,2.6325888506512616,0.949183489249959,0.008081327279476856,0.9643975810203133,0.9729405449780556,0.8663559760862402,0.9305714379063613,0.9534864609442413,0.9656303899709731,0.04179728317659352,0.009816592811422945,0.04386190353807933,0.018429312863225286,-10.622303396066602,1086.2915839321493,0.9561380964619207,53.549652151881844,0.9802399161458131,0.9789252876943284,0.9735552809478811,0.9954697529974867,-13.254892246717864,1037.4235233257118,0.9516078494594074,0.9642194237413976,0.9735552809478811,target,1.0,0.7560083109247185,0.7761653815914793,0.796417436652703,5,0.3814112328093088,E2,15.0,"gam,maxent,gbm,rf",bias/target,500,10000,498,500,0.935818677235571,0.995633017535033,0.007257864751052762,0.0714391875154818,0.9205644260925464,0.9285608124845182,0.9593468886358111,0.9948702685668266,0.9234310810513446,"wbal,tcold",27.7,0,drought_limited,0.621355625,2.7052445173461503,0.9733306248004875,0.9387416398315581,0.923690499075297,13.32263875161409,0.5285607552808531,2.4132276442903144,0.0011555026436500526,2.6325888506512616,0.9735552809478811,0.935818677235571,0.9234310810513446,2.96339246923678,0.9586894798650235,0.8905622987366857,0.8903086278250631
0.6710230856566166,11.106100913446994,8.225939961338803,0.6808940587559494,0.1325091459568563,0.6984122762692482,0.6580752247032664,0.0015868293166716254,0.21265053705110123,0.6394533987386125,0.5997720310607679,0.1206896551724138,0.0011898900377482356,0.4614860603002397,0.24164030727519203,6.405281056211232,348.8840706016031,0.5385139396997604,801.2333006737847,0.6786166887268017,0.6333926114820656,0.6445320167293261,0.9092181909321903,-1.8206589051275701,449.75910574258063,0.4477321306319506,0.6710230856566166,0.6445320167293261,0.8267797481367257,5.451993545859352,29.09005928012455,0.6472591498440834,0.13486964219423742,0.8016126531245155,0.7275231094968413,0.11737752491504067,0.6205496338191574,0.5524920902329786,0.5271153693460021,0.03861386138613861,0.010360249466601017,0.30808989405751164,0.16037853189328136,15.835167033406684,1222.3723317760002,0.6919101059424884,523.1969843497556,0.7114018401335456,0.6421377370474548,0.7575189145251048,0.9243944996718372,-13.254892246717864,1037.4235233257118,0.6163046056143255,0.8267797481367257,0.7575189145251048,uniform,2.0,0.860936602713948,0.8601860453625875,0.8537137765783877,5,0.6000905433780988,E2,15.0,"gam,maxent,gbm,rf",strong/uniform,500,10000,498,500,0.6191478820906614,0.833138906785611,0.0747584840227892,0.4556106019321278,0.5457565807665015,0.5443893980678722,0.6724393788724853,0.9471620154767324,0.49155141354460463,"wbal,tcold",24.8,0,drought_limited,0.715113125,17.801868368119333,0.6745786673611369,0.4439930641565519,0.4157933144811974,24.87547451444777,0.5384828990604896,2.099876145652712,0.19311645995782767,29.09005928012455,0.7575189145251048,0.6191478820906614,0.49155141354460463,17.831614758645088,0.6763690365695192,0.44651969284121873,0.4172629810341042
0.9660148858332283,0.656770781899354,-3.901787662389422,0.9007980469391105,0.06075438375173458,1.0174729395494801,0.9223691322058029,0.35964713865641257,0.8585833123266953,1.0170812894183603,0.9235535096480942,0.19402985074626866,0.0020617922205809947,0.09473949791850637,0.06294777308376248,-5.722446567516992,383.8640181156637,0.9052605020814937,106.50313417262547,1.0548874933115548,0.9219784286047117,0.9209091025756195,0.9583772665203187,-1.8206589051275701,449.75910574258063,0.8636377686018124,0.9660148858332283,0.9209091025756195,0.960364373625746,3.7457217415175137,-3.9346083934870055,0.9261960446413917,0.0001713355606956224,1.0429834082803535,0.9424373064545509,0.7269471799462847,0.9263673685604555,1.0864527263015162,0.9213832762219859,0.003336113427856547,0.012298949614311504,0.0398069619349496,0.014498021580865935,-17.18950064020487,912.298398112269,0.9601930380650504,31.57086783128562,1.269692146434256,0.8686222526297785,0.9796067006554989,0.9999039523603708,-13.254892246717864,1037.4235233257118,0.9600969904254213,0.960364373625746,0.9796067006554989,target,2.0,0.725044869473302,0.7617875334191767,0.8338348425249229,5,0.2712703966379634,E2,15.0,"gam,maxent,gbm,rf",strong/target,500,10000,498,500,1.0059945504087193,0.9866491514470177,0.07602179836512261,0.07002724795640326,0.9103227118207069,0.9299727520435968,0.9271936973648465,0.9462691270702756,0.8762418791138722,"wbal,tcold",25.7,0,drought_limited,0.588518125,-6.803804862333974,0.9911509509854622,1.0719098340351747,0.8815720933478493,13.096737522102208,0.5296359594065246,2.4120138716868964,0.0020133758184810446,-3.9346083934870055,0.9796067006554989,1.0059945504087193,0.8762418791138722,0.8731674562339471,0.9613074493170595,0.9162744612335892,0.8435131880832367
0.9518102687019049,0.7103103574139027,-1.3591994256392903,0.966077876251436,0.0007569067743156302,0.9670487487034919,0.9824371645282101,0.776961271102284,0.922783128528728,0.9647862648913805,0.9813048001188884,0.01904761904761905,0.0010770556376169375,0.048946638072410745,0.020208866023844,-3.1798583307668604,439.87391275776463,0.9510533619275893,42.37910335706502,0.9692190712213805,0.9835109045405792,0.9745346432264737,0.9994814443503361,-1.8206589051275701,449.75910574258063,0.9505348062779255,0.9518102687019049,0.9745346432264737,0.9912333304777406,1.126509391704019,2.3422549404864643,0.9814028393238142,0.0005996744624346784,0.9839044813149326,0.991230401275578,0.9776088266654305,0.9575928658497466,0.9788798948103711,0.9884551495016611,0.003083247687564234,0.009980715575250288,0.009366343984694023,0.003584934984199347,-10.9126373062314,1054.6255447712724,0.990633656015306,5.0302427506217695,0.9848208393182966,0.9915308936569719,0.9949950524157118,0.9996638332612976,-13.254892246717864,1037.4235233257118,0.9902974892766037,0.9912333304777406,0.9949950524157118,uniform,0.0,0.716583199566345,0.7122747978231766,0.9082568066085859,5,0.3232402054150758,E2,15.0,"gam,gbm",none/uniform,500,10000,499,500,0.9651721575427298,0.99841678222546,0.0008174386920980927,0.035645281149368345,0.9070369095421946,0.9643547188506316,0.9814455340711422,0.999422248678175,0.9637769675288066,"wbal,tcold",22.5,1,drought_limited,0.59095,1.9790979460300164,0.9627687933179314,0.907505573445628,0.9075055734456279,13.563530680808078,0.5719955898566703,2.158954669308893,0.18087117896284877,2.3422549404864643,0.9949950524157118,0.9651721575427298,0.9637769675288066,1.2861077866279533,0.9412725046483152,0.8760713401040376,0.8760713401040376
0.9952314873218115,23.725490884133137,15.75399608957677,0.7742388806827507,0.1567301627349565,1.0392808701896226,0.8572620926198828,0.09321602559441576,0.31829470198675497,0.9074982480728802,0.790686994856723,0.08441558441558442,0.0015796816018381749,0.16149867541314494,0.12945116814268395,13.9333371844492,360.5085696762045,0.838501324586855,510.96618209708726,0.9985919062772818,0.8290778942622027,0.8405053046875988,0.8926244101429485,-1.8206589051275701,449.75910574258063,0.7311257347298035,0.9952314873218115,0.8405053046875988,1.1331562865872813,2.873398885772133,27.86987693853232,0.7854094862957492,0.19472286473057482,1.0961699488292758,0.844106463878327,0.6438862487742325,0.5857862339115837,0.9799893166783088,0.7284952373046673,0.03873873873873874,0.01138601674052191,0.06156657814329364,0.09267675195584055,14.61498469181446,1050.351870962936,0.9384334218567063,389.55637084852896,1.1875849217749137,0.8446850044365573,0.8798543526860417,0.8908418575613505,-13.254892246717864,1037.4235233257118,0.8292752794180567,1.1331562865872813,0.8798543526860417,uniform,1.0,0.8602455824887313,0.861684168135344,0.9043605646523412,5,0.6380301175492304,E2,15.0,"gam,maxent,gbm,rf",bias/uniform,500,10000,500,500,0.8576170423581868,0.9691249643309975,0.08171909834035175,0.22410205598216498,0.8280587959950664,0.7758979440178351,0.8353691060379774,0.9422423754333135,0.7181403194511486,"wbal,tcold",25.1,1,drought_limited,0.6209356250000001,24.218305336982446,0.8577160191799589,0.5869952935348031,0.586783901108451,13.07678679172055,0.5329366377768816,2.3921724052514244,0.016036976084596866,27.86987693853232,0.8798543526860417,0.8576170423581868,0.7181403194511486,24.464650295108193,0.8848106705715696,0.6193955907852365,0.6178312868302318
0.9354863126024978,1.0670457930524435,-0.9561719939992663,0.9545174790743476,0.0007569067743156302,0.9525278583016409,0.9752237220262338,0.7417960306543525,0.8879051119278316,0.9427411819668302,0.9698053655970542,0.02857142857142857,0.00143607418348925,0.06527059417181784,0.02684184574927066,-2.7768308991268364,427.0365999537315,0.9347294058281822,47.837172132074684,0.948041341631699,0.9726049181038845,0.9658858342132364,0.9994814443503361,-1.8206589051275701,449.75910574258063,0.9342108501785185,0.9354863126024978,0.9658858342132364,0.9721579713869614,0.7877566485721559,2.5225325959849823,0.966713851961267,2.8555926782603728e-05,0.9684602263916886,0.983725363540403,0.9284602688045273,0.9440438513491468,0.9664708057689937,0.9823227046679761,0.0300187617260788,0.010934679139996718,0.02787058453982124,0.009800667897367821,-10.732359650732882,1020.2508744821782,0.9721294154601787,20.101717863510924,0.983073877091502,0.9912297874006499,0.9858534960832863,0.9999839920600618,-13.254892246717864,1037.4235233257118,0.9721134075202404,0.9721579713869614,0.9858534960832863,target,1.0,0.7723169345146823,0.7881899443248251,0.8509034800712525,5,0.4405491627059538,E2,15.0,"gam,maxent,gbm,rf",bias/target,500,10000,500,500,0.9446866485013624,0.9990917580606568,0.000594500866980431,0.05590785236561803,0.9432744268424464,0.944092147634382,0.9709452660272332,0.9995798172204909,0.943671964854873,"wbal,tcold",26.8,1,drought_limited,0.6133156249999999,2.4907395733623545,0.9861470984178452,0.945578399801833,0.9443523237289915,11.85355102220268,0.5381494629108847,2.3898687143918753,0.017665184355194485,2.5225325959849823,0.9858534960832863,0.9446866485013624,0.943671964854873,4.5856691250022,0.9573334127314953,0.8720584592519197,0.8720584592519196
0.5979058912577268,5.616080525638893,5.264720191085059,0.6898695224027572,0.09362936798284345,0.6241323369059334,0.6470385956868461,0.001698593941681608,0.5506971450251351,0.5398271431908432,0.5939775485436893,0.09523809523809523,0.0017232890201870998,0.4957234767251167,0.23985819975339087,3.4440612859574893,370.6999309869022,0.5042765232748833,785.6368888021344,0.6079303838463488,0.6281000420344682,0.6311717430091738,0.9358546661365875,-1.8206589051275701,449.75910574258063,0.4401311894114708,0.5979058912577268,0.6311717430091738,0.7844884205716897,7.715285299378081,33.1728284290043,0.642037994419826,0.11545161198206688,0.7799348736238176,0.7354775760532459,0.09880006233442419,0.629422437254309,0.5130459793729713,0.4940390516796567,0.040671971706454466,0.011601427868045298,0.3309631914103772,0.161763027076393,19.917936182286432,1132.8869087122769,0.6690368085896228,624.0847706512166,0.6874490469350518,0.6370810039800309,0.7498359763805988,0.9352798988298195,-13.254892246717864,1037.4235233257118,0.6043167074194424,0.7844884205716897,0.7498359763805988,uniform,2.0,0.9107890567585212,0.9081866439153099,0.8175065874688648,5,0.6820533561137825,E2,15.0,"gam,maxent,gbm,rf",strong/uniform,500,10000,496,500,0.5674758484022789,0.8064933403015697,0.05390141193955908,0.48642556353728017,0.5491262412390016,0.5135744364627198,0.6552884843312947,0.9619034279911761,0.47547786445389595,"wbal,tcold",24.2,1,drought_limited,0.7391500000000001,26.06077724896977,0.748770869164886,0.4949962843695814,0.4605815973594787,22.115931414990452,0.5599683122216205,2.0180579638345306,0.1714605626794199,33.1728284290043,0.7498359763805988,0.5674758484022789,0.47547786445389595,19.184870364879778,0.7038596620267363,0.45281149368342827,0.43661883382486644
0.8233379588747319,15.352329522011416,5.371461722922843,0.8523202855736091,0.0053235776460199315,0.845270072604452,0.9117375763864868,0.10391752577319588,0.8822076484115493,0.7561025461340808,0.8564587732570706,0.0945945945945946,0.004554406696208764,0.181985618771288,0.07606858744487037,3.5508028177952733,443.7868535631303,0.818014381228712,182.45792005840508,0.796812075811766,0.8806795918687209,0.8972712680577849,0.9963528252640312,-1.8206589051275701,449.75910574258063,0.8143672064927432,0.8233379588747319,0.8972712680577849,0.9396042148547931,1.1756680724047328,17.665630331378658,0.8828881503364516,0.0031982637996516177,0.9614203752519771,0.9732156974354109,0.6736551724137931,0.8940550859012817,0.7482845050745778,0.8504277521857667,0.11753846153846154,0.01666871820121451,0.06359404894485851,0.022406976622888916,4.410738084660792,1124.425639962017,0.9364059510551415,63.40895656891055,0.9091191428238674,0.9353152896679342,0.965563947411039,0.9982071107269206,-13.254892246717864,1037.4235233257118,0.934613061782062,0.9396042148547931,0.965563947411039,target,2.0,0.7569608937537633,0.833098332249772,0.7936058283238396,5,0.388740756961864,E2,15.0,"gam,maxent,gbm,rf",strong/target,500,10000,496,500,0.780629180084221,0.9828866537870404,0.003690859549170176,0.22306167946494923,0.9138901574242043,0.7769383205350507,0.8726559456902788,0.9973913652438811,0.7743296857789317,"wbal,tcold",27.6,1,drought_limited,0.6531968750000001,8.801712406762785,0.9742208318850655,0.8822145157295022,0.8310152700670517,9.549289512113369,0.5595653737067071,2.3189249442655435,0.06780699604327878,17.665630331378658,0.965563947411039,0.780629180084221,0.7743296857789317,23.79148523273676,0.8938300459548664,0.6342828833292049,0.6336909845354193
0.9882427147722972,0.4405459632038742,0.23028656202923603,0.9367306745445594,0.04097388671628611,1.0075263955745857,0.9607471683115851,0.7308322885524159,0.7380080088608674,0.9982188740948377,0.9554759991232556,0.1206896551724138,0.0011898900377482356,0.0527311719439889,0.03799860329458161,-1.590372343098334,428.8785937610388,0.9472688280560111,74.12420754428273,1.0133768903658227,0.9613528597205321,0.9528704126694076,0.9719288541648661,-1.8206589051275701,449.75910574258063,0.9191976822208772,0.9882427147722972,0.9528704126694076,1.0373511522316456,2.905323493852734,4.524175197323364,0.9482192680124734,0.05314257974242554,1.0456194758877346,0.9658737738966965,0.9298269643427841,0.8816427478928699,1.0315979783868183,0.9568189632506118,0.03718199608610567,0.010483341539471525,0.015791427510779863,0.02463043974042668,-8.7307170493945,1055.7264054183534,0.9842085724892201,51.83822318786612,1.061376606234714,0.9612987061903238,0.9661648866089199,0.9702092237749924,-13.254892246717864,1037.4235233257118,0.9544177962642126,1.0373511522316456,0.9661648866089199,uniform,0.0,0.809389694739369,0.8078847619095454,0.9218415350407,5,0.4176990900193764,E2,15.0,"gam,maxent,gbm,rf",none/uniform,500,10000,500,500,0.9859301461481298,0.9974268347541188,0.0271736437948972,0.0412434976467674,0.9614714667437492,0.9587565023532326,0.9655490695005737,0.9807941454532721,0.9395506478065048,"wbal,tcold",28.6,2,drought_limited,0.5871537499999999,5.0195981290708005,0.9697851881257995,0.8906366113450582,0.8902561049776248,13.297995694993736,0.5285846899268685,2.41367351994055,0.0008403655590181192,4.524175197323364,0.9661648866089199,0.9859301461481298,0.9395506478065048,5.809645175028221,0.9573527441611218,0.8607134010403765,0.8605020086140245
0.888911315756276,18.797170233603424,8.403427540171137,0.813289840800919,0.06418569446196544,0.9235924576474029,0.8899334983201759,0.0672500405120726,0.5727914870195395,0.8256540527914039,0.8258456617353058,0.09482758620689655,0.0011898900377482356,0.1752743787056894,0.09735858357638746,6.582768635043568,420.22308048429386,0.8247256212943106,378.11604017461633,0.9033766087470783,0.8743101484013198,0.8732285252514459,0.9560264809085095,-1.8206589051275701,449.75910574258063,0.7807521022028201,0.888911315756276,0.8732285252514459,0.9797252919843513,1.7107840781913524,17.045429516805,0.8472529952404398,0.05045832262486079,0.9205148084974415,0.9015453679332117,0.6474701445631679,0.7997563781552413,0.802687266302338,0.8133205689277899,0.03228962818003914,0.010483341539471525,0.07073303064050944,0.043652685920427925,3.7905372700871354,1206.5680591992987,0.9292669693594906,159.05768982007316,0.9794246671066423,0.9210402447634738,0.9387837525963536,0.971713970129184,-13.254892246717864,1037.4235233257118,0.9009809394886745,0.9797252919843513,0.9387837525963536,uniform,1.0,0.8696322564845124,0.8632360876096821,0.9474809043680468,5,0.6293842306076192,E2,15.0,"gam,maxent,gbm,rf",bias/uniform,500,10000,496,500,0.8188258607877137,0.974297721911806,0.0424820411196433,0.22365618033192966,0.854885028046592,0.7763438196680703,0.853675809658704,0.9699744388809132,0.7463182585489836,"wbal,tcold",23.6,2,drought_limited,0.6335999999999999,22.203912894902857,0.824606101240362,0.5602427545206837,0.5577060454044598,18.370148967678247,0.5460116003492578,2.197547683923706,0.15359431352638397,17.045429516805,0.9387837525963536,0.8188258607877137,0.7463182585489836,20.38630548864192,0.8880386376466161,0.6648253653703246,0.6421640972653919
0.8885076321433076,2.1245915619959987,-1.942355879120783,0.9176821762678483,0.0029771666456414785,0.9174755990532166,0.9540215536969999,0.47711762344439984,0.8110301424312686,0.8946215837421163,0.9425308613435666,0.08771929824561403,0.0029234367306745445,0.1144695345023338,0.04763227472403115,-3.763014784248353,430.0180559480549,0.8855304654976662,115.87439008102682,0.9057985299501535,0.9471724321368936,0.9378097821004395,0.997960347777989,-1.8206589051275701,449.75910574258063,0.8834908132756554,0.8885076321433076,0.9378097821004395,0.9421171364116623,1.2787497032886677,3.414212335259391,0.9409568357131134,8.56677803478112e-05,0.9303147774848813,0.959047603746606,0.8767162066525124,0.9017149301754736,0.9236553396063607,0.9576213260423787,0.0954290296712109,0.012791317905793534,0.05796853136868557,0.019887573903014308,-9.840679911458473,1064.3481726944249,0.9420314686313145,46.558202949455094,0.9506192010559417,0.9660470485212753,0.9701077766831836,0.9999519761801854,-13.254892246717864,1037.4235233257118,0.9419834448114999,0.9421171364116623,0.9701077766831836,target,1.0,0.7811640219109712,0.7896919916836904,0.8702410888820769,5,0.37450768359259606,E2,15.0,"gam,maxent,gbm,rf",bias/target,500,10000,496,500,0.9064404260589547,0.9973258363672567,0.0015605647758236314,0.09512013871686896,0.9411369094234238,0.904879861283131,0.9492873198809818,0.9988970202037887,0.9037768814869196,"wbal,tcold",27.2,2,drought_limited,0.632565625,2.635144347558205,0.9836796756208819,0.9432747089422838,0.9254331881581765,15.443455379180115,0.5415155755893518,2.2863017091899924,0.09086452606883988,3.414212335259391,0.9701077766831836,0.9064404260589547,0.9037768814869196,4.546619387501604,0.9362393681652491,0.8362893237552638,0.8362893237552638
0.5927084647407594,7.503797641288088,4.815090927574839,0.7175549811258821,0.055657878138009334,0.607377463365336,0.682737967206605,0.007309800904106954,0.6140300507225572,0.53965195047886,0.6223022947088944,0.13157894736842105,0.0011693746922698178,0.46294941339724993,0.21093926510156716,2.9944320224472687,433.36673550838947,0.5370505866027501,634.3416803365387,0.5708130333154975,0.6479615619061279,0.6743865540893754,0.9618688745613884,-1.8206589051275701,449.75910574258063,0.4989194611641383,0.5927084647407594,0.6743865540893754,0.7547902567177818,7.606120581815617,29.13897309199823,0.6832533234859675,0.05545560981181644,0.698030702434486,0.7513012985589831,0.12008169871671355,0.745817827076634,0.45876648724164854,0.54588473888795,0.03929273084479371,0.010442310848514689,0.3006653530940347,0.12885871255312534,15.88408084528037,1226.1909558204698,0.6993346469059654,442.14600877492234,0.58181606428821,0.6542973543415305,0.7970578184244357,0.9689125806399974,-13.254892246717864,1037.4235233257118,0.6682472275459628,0.7547902567177818,0.7970578184244357,uniform,2.0,0.8662787718969425,0.8633604390788984,0.7714446108828159,5,0.6003026417112061,E2,15.0,"gam,maxent,gbm,rf",strong/uniform,500,10000,498,500,0.5649987614565272,0.827716255419262,0.032375526380975975,0.46737676492444885,0.5319194933654218,0.5326232350755512,0.6806692097057566,0.9771175461325676,0.5097407812081189,"wbal,tcold",26.5,2,drought_limited,0.72970375,24.22116478015458,0.7612141303221797,0.5111716621253406,0.47371292417576916,33.53271752723984,0.5505602872213392,1.8830567252910577,0.2578294730117434,29.13897309199823,0.7970578184244357,0.5649987614565272,0.5097407812081189,18.56636765655394,0.6923062754416017,0.45330691107257864,0.4266714653522288
1.0295445944241202,2.8702884317117423,-2.4804667984371536,0.8892273920892828,0.09751482275766368,1.0833222520677641,0.9147379842982064,0.3181913774973712,0.8831856941799818,1.0710990422798412,0.9020879446222385,0.5453296703296703,0.0074675857541441,0.06797022833354359,0.06368334022323274,-4.301125703564724,384.5742247082187,0.9320297716664564,166.4897634023865,1.1055507054549552,0.8996335232592355,0.9184619783443766,0.93319274713498,-1.8206589051275701,449.75910574258063,0.8652225188014364,1.0295445944241202,0.9184619783443766,0.992575459036523,3.273081790844003,-5.227753156659242,0.9220622025274906,0.002341585996173506,1.0779655760583036,0.9551370067458659,0.6914541335037472,0.9251437017572672,1.1598800180794675,0.8968705412346618,0.005018820577164366,0.016350730346299032,0.009766126959650475,0.004338123344526248,-18.482645403377106,816.2022112970517,0.9902338730403495,7.56000993503969,1.3009045382196514,0.8611247026270057,0.993923586230617,0.9986873489250668,-13.254892246717864,1037.4235233257118,0.9889212219654162,0.992575459036523,0.993923586230617,target,2.0,0.729349047083793,0.7452047928498201,0.8560694885687609,5,0.2853506499515641,E2,15.0,"gam,maxent,gbm,rf",strong/target,500,10000,498,500,1.0562298736685658,0.9857852742051288,0.11709189992568739,0.06086202625712162,0.905866172734624,0.9391379737428783,0.9134562100951693,0.9172415000525228,0.8563794737954011,"wbal,tcold",25.7,2,drought_limited,0.5640375,-4.0877517173150455,0.9916215167497808,1.0358186772355709,0.8548667602782736,10.885977190614792,0.5534238348847133,2.3224176368590537,0.06533842221366304,-5.227753156659242,0.993923586230617,1.0562298736685658,0.8563794737954011,-1.6364573062037433,0.9656739765650364,0.9529848897696309,0.8285170291335835
0.9506417072627908,4.787832793688267,-1.2864317235010354,0.9374794846545216,0.021637528128786568,0.9529405881176235,0.9533942792758188,0.24780772978239687,0.9142437412009549,0.9688126049055173,0.9597381882184698,0.0,0.0037953389135073033,0.07099582086599569,0.03857163450647666,-12.084067052393255,302.93912061655993,0.9290041791340043,91.58732664613979,0.9721484364726612,0.9621934468641231,0.9525113460612054,0.9846623078406282,-10.79763532889222,325.7846026543496,0.9136664869746327,0.9506417072627908,0.9525113460612054,1.0161660125131156,2.5954435685665658,3.037445040566112,0.958364106351551,0.040104146426767184,0.9972387850654287,0.9572622172353684,0.8153776021881173,0.9676406904908524,0.9480780841215536,0.9193698347107438,0.0,0.034681191531265386,0.02393813391365173,0.017511981042855472,-40.199419123196186,777.5221819025417,0.9760618660863483,59.76078607151331,0.954407158836689,0.9286417435498272,0.9682356115801242,0.9856177269876664,-43.2368641637623,753.9608866598114,0.9616795930740145,1.0161660125131156,0.9682356115801242,uniform,0.0,0.7747090920768016,0.7690086996828855,0.8986164385877669,5,0.4243844777163851,E2,15.0,"gam,maxent,gbm,rf",none/uniform,500,10000,500,500,0.9645519918824723,0.9980630303920948,0.00886751665416685,0.04431552477169454,0.935350126136723,0.9556844752283055,0.9729286668687753,0.9922920581355217,0.947976533363827,"mat,twarm",27.8,0,heat_limited,0.55370375,2.6893601379974044,0.9709754347868236,0.9588829576035647,0.9447402156336757,43.02422018606907,0.4237140222617401,2.1161821149688973,0.02977719829735026,3.037445040566112,0.9682356115801242,0.9645519918824723,0.947976533363827,0.26604856181835146,0.9343337260494823,0.8760091763356421,0.8755143865291153
0.940181507950246,5.962009309322696,1.132172489127914,0.8912686689643854,0.04238482652884592,0.9454890978195639,0.927921443627577,0.15680084188371482,0.8193178388167823,0.9182684498348584,0.909183284643719,0.0,0.0037953389135073033,0.10220331857859986,0.06020511130789349,-9.665462839764306,336.67724270064826,0.8977966814214001,138.16517948877063,0.9625489835099807,0.9349789606282329,0.9254770007264941,0.9699556521586706,-10.79763532889222,325.7846026543496,0.8677523335800708,0.940181507950246,0.9254770007264941,1.0551043407298022,6.332397109694,7.746938294155754,0.9055063187264073,0.09093382038627443,1.0541438232822442,0.9351853655685648,0.6413672103450516,0.9260320067298256,0.886445964982894,0.8149886651553541,0.0,0.034681191531265386,0.035829479656472235,0.03466267121468116,-35.489925869606544,799.2097376053363,0.9641705203435278,127.93877451559356,1.0202237136465324,0.9063607370659107,0.9383178276983587,0.9673890321231969,-43.2368641637623,753.9608866598114,0.9315595524667248,1.0551043407298022,0.9383178276983587,uniform,1.0,0.8134493449776032,0.8079237487796073,0.9231618395322598,5,0.49165806294664727,E2,15.0,"gam,maxent,gbm,rf",bias/uniform,500,10000,500,500,0.9283981117924737,0.9901173677442829,0.029823090836899456,0.10142497904442582,0.9102664884033422,0.8985750209555742,0.9319393287730777,0.974076772634889,0.8726517935904632,"mat,twarm",27.0,0,heat_limited,0.569031875,8.07068025684493,0.9400709559881101,0.8986191379538536,0.8545828451729756,42.9812716381167,0.4580129574256016,1.9159350597785327,0.20383863174444916,7.746938294155754,0.9383178276983587,0.9283981117924737,0.8726517935904632,6.331318989143249,0.9149214396362685,0.8381567918118851,0.8135409989371807
0.9646875540938203,0.9153077647429768,-1.387219704423103,0.9733505662235352,0.00044511486436360937,0.9634676935387078,0.9801714147447245,0.8196380895876595,0.9194134897360704,0.9683794466403162,0.9807724046872421,0.0,0.0010975709830953553,0.03575756077054329,0.01503373347983693,-12.184855033315323,321.4024451877362,0.9642424392294567,7.90019087583569,0.9637324777108592,0.9777277780009911,0.9815733165512901,0.9996844817612929,-10.79763532889222,325.7846026543496,0.9639269209907497,0.9646875540938203,0.9815733165512901,0.965724944623635,1.6495513668065769,-0.8226532142315719,0.978889709502708,0.0006606303190455835,0.9510584657249189,0.9742180289201108,0.9446617292169427,0.9727881854232189,0.94038035822097,0.9633624601343117,0.0,0.023992696537009684,0.034935685695410564,0.009627006064173034,-44.05951737799387,759.6700459741049,0.9650643143045894,14.12277696414722,0.9350782997762863,0.959328539388194,0.9818915071959513,0.9997630827120061,-43.2368641637623,753.9608866598114,0.9648273970165955,0.965724944623635,0.9818915071959513,target,1.0,0.8993084150392521,0.7437008437477411,0.8253862948754499,5,0.7668785393078561,E2,15.0,"gam,maxent,gbm,rf",bias/target,500,10000,500,500,0.9799267657828561,0.9996480133235264,0.0025587859002073497,0.022632020117351215,0.957914204874026,0.9773679798826488,0.9872769001091825,0.9977758177704491,0.9751437976530979,"mat,twarm",28.1,0,heat_limited,0.5699831249999999,0.49457914295786054,0.9845074203320934,1.017867384303172,0.9758514832322782,40.82549757329124,0.45615776645247064,1.9685886972250408,0.15807033017601713,-0.8226532142315719,0.9818915071959513,0.9799267657828561,0.9751437976530979,-1.0351682517455814,0.9694226956887403,0.9581329686328143,0.9581329686328144
0.941195380696852,8.816597559620618,4.7452570799350955,0.7499179386180863,0.15349044239471796,0.9486897379475895,0.8143766360416773,0.0004608825901601567,0.35005615874204415,0.8902214521630841,0.7664742699187923,0.0,0.003969719350073855,0.2122950616978659,0.15233622722732001,-6.052378248957124,385.58952357638657,0.7877049383021341,360.7238111954822,0.9662572653393998,0.8167944036488638,0.8115668789808917,0.8911987940191765,-10.79763532889222,325.7846026543496,0.6789037323213105,0.941195380696852,0.8115668789808917,1.1348463062993044,15.671785950746198,15.319899238923359,0.7482561956343344,0.2636692185131932,1.1474648845492017,0.8157948679723459,0.3022790883646541,0.7405510347391466,0.8831253773395049,0.5972374362125624,0.0,0.03471196454948301,0.12882291221388878,0.10732806256907251,-27.91696492483894,918.129896239755,0.8711770877861112,300.82975464659006,1.0719463087248322,0.7416861017534767,0.8161497014708023,0.9054421294683297,-43.2368641637623,753.9608866598114,0.7766192172544408,1.1348463062993044,0.8161497014708023,uniform,2.0,0.8696358880890047,0.8659912774441147,0.8835079619177935,5,0.6203239213069777,E2,15.0,"gam,maxent,gbm,rf",strong/uniform,500,10000,496,500,0.893655975647417,0.9300648950267941,0.11254246261084395,0.218886486963427,0.8038721679575418,0.781113513036573,0.8249793236805013,0.9021743298692334,0.6832878429058065,"mat,twarm",27.2,0,heat_limited,0.5535375,21.07161597430308,0.6588229478211435,0.4172806282260555,0.37930551057512973,42.370820681823375,0.43074270601429504,2.086028146644902,0.05598803543352382,15.319899238923359,0.8161497014708023,0.893655975647417,0.6832878429058065,13.460528698775505,0.7533939964438866,0.6933206864604933,0.5636857571504925
1.043596528104058,6.759509324774626,-6.704075158841139,0.9243086328573773,0.06436855510769307,1.0552610522104422,0.9526729444971652,0.0,0.923626722001268,1.1425090692511777,0.9122567601718473,0.42162162162162165,0.0018976694567536517,0.020772027003635105,0.03458269529202594,-17.50171048773336,269.9479962028505,0.9792279729963649,116.03066602721753,1.109907161454909,0.9269679027734496,0.9583378710325383,0.9543725569247489,-10.79763532889222,325.7846026543496,0.9336005299211139,1.043596528104058,0.9583378710325383,0.9902848482493296,0.3830053127951487,-6.947868511440518,0.9255498112588216,0.013912097306959935,1.01976869822722,0.9661198288159771,0.0,0.9764521807158224,1.2820990138860937,0.8495778125620054,0.0,0.025274905629410798,0.02362724905763028,0.010165852837177976,-50.18473267520282,591.2499410154322,0.9763727509423697,33.32977903051983,1.1401789709172259,0.9090795057805281,0.9811387066541706,0.9950108006410703,-43.2368641637623,753.9608866598114,0.9713835515834401,0.9902848482493296,0.9811387066541706,target,2.0,0.9490968472874561,0.7062799835720195,0.664735471902673,5,0.877089509759417,E2,15.0,"gbm,rf",strong/target,500,10000,496,500,1.1284025234923016,0.9954791898197234,0.13577006220496757,0.00736753871266599,0.8637174463056129,0.992632461287334,0.9327488107452663,0.8819841239406373,0.8746165852279713,"mat,twarm",26.2,0,heat_limited,0.47718125,-4.83003751452722,0.9694171082513248,1.1513654210967486,0.8658717027308311,43.2368641637623,0.41767231234935603,2.1504389641328805,0.0,-6.947868511440518,0.9811387066541706,1.1284025234923016,0.8746165852279713,-7.588419619755641,0.9768377062429774,1.1212555697710327,0.8704796028297401
0.9662949133262445,0.419380208768132,-1.4246617710920617,0.9739147382241917,0.0026706891861816564,0.9689437887577516,0.9814838332783012,0.8997562024953392,0.8939857877404819,0.9638854296388543,0.9786330677400679,0.0,0.005436566551780732,0.03637577585993719,0.016285401926607396,-12.222297099984281,335.3477440788281,0.9636242241400628,19.093964066716126,0.9655471688188728,0.9795814600727896,0.9801421115512796,0.9981068905677576,-10.79763532889222,325.7846026543496,0.9617311147078205,0.9662949133262445,0.9801421115512796,0.969144678039871,0.9139852179346235,-0.7418406007097005,0.9787358444116199,0.005945672871410251,0.9641442234583216,0.9755103704005542,0.9662359316381826,0.9674053230155939,0.9459146709599517,0.9642940248726634,0.0,0.040446003610700804,0.03680099483153927,0.01175904644823347,-43.978704764472,762.3443223264926,0.9631990051684607,14.464967256250583,0.9567785234899329,0.9709150775140623,0.9782917587622355,0.9978677444080551,-43.2368641637623,753.9608866598114,0.9610667495765157,0.969144678039871,0.9782917587622355,uniform,0.0,0.695283653127131,0.6981108192007713,0.8321920598978295,5,0.2502954827458804,E2,15.0,"gam,maxent,gbm,rf",none/uniform,500,10000,498,500,0.9819782062028499,0.9996005859008735,0.0017205629328980456,0.019742356730048087,0.9378444790878327,0.9802576432699519,0.9891709608129013,0.9985044291904743,0.9787620724604262,"mat,twarm",29.5,1,heat_limited,0.5581075,0.005315973812933805,0.984057517974367,0.988948691931001,0.9839183288979794,38.87825900402256,0.4511553701041411,2.037521507036661,0.09815162787130416,-0.7418406007097005,0.9782917587622355,0.9819782062028499,0.9787620724604262,-2.755973275138146,0.9255806209939232,0.9115895354480081,0.9106411883188319
0.974257523677638,3.3027137260841073,-0.5958515368868369,0.9315505498112588,0.03274067113430105,0.9712192438487698,0.9518095213933251,0.49521431543903455,0.8363424577751892,0.9662136553143105,0.9472655174312937,0.0,0.0033850320039389464,0.05848314745666312,0.037969081290269456,-11.393486865779057,325.143272360302,0.9415168525433368,83.28064128164704,0.9791705020645399,0.9544210274536902,0.9537933539586908,0.9767918806639906,-10.79763532889222,325.7846026543496,0.9183087332073274,0.974257523677638,0.9537933539586908,1.0720475653829713,5.844047337451457,5.280315045374394,0.9371204661086493,0.09279912952240314,1.0509824322701988,0.9316709591820806,0.8326116171420039,0.9220404234841193,1.0087542765143893,0.8847367630115714,0.0,0.03329640571147218,0.02075156413943186,0.031005284268160693,-37.956549118387905,768.0411148221705,0.9792484358605681,101.41318238969193,1.0210290827740491,0.904671241974762,0.9451987996999249,0.9667200891923907,-43.2368641637623,753.9608866598114,0.9459685250529588,1.0720475653829713,0.9451987996999249,uniform,1.0,0.792860150149713,0.7933812965357238,0.9168467429380825,5,0.4174105164782175,E2,15.0,"gam,maxent,gbm,rf",bias/uniform,500,10000,500,500,0.9808091057484448,0.9943701699514775,0.025786385494330967,0.04497727974588609,0.92145638979687,0.9550227202541139,0.9642753736163389,0.977585611841853,0.9326083320959668,"mat,twarm",27.5,1,heat_limited,0.5421987500000001,5.945686144519563,0.9482419994608542,0.9216482110557198,0.8901878258573959,40.78656465859692,0.44510365226115006,2.0327348127233424,0.1023123825593435,5.280315045374394,0.9451987996999249,0.9808091057484448,0.9326083320959668,7.068138343220674,0.9440427232151558,0.883773768032823,0.8573849783513978
0.9738371374168501,0.7493673573231376,-1.9179105729651305,0.9758534383719022,0.003832933554242192,0.9791958391678336,0.9820345664038811,0.9124962541204675,0.8977233329481105,0.9802371541501976,0.9776064309736691,0.0,0.0010770556376169375,0.02999579613739212,0.014047626382428145,-12.71554590185735,332.01478036662144,0.9700042038626079,23.367040674101304,0.9838518791257923,0.9773305758829144,0.9828614382360311,0.9972830373889113,-10.79763532889222,325.7846026543496,0.9672872412515192,0.9738371374168501,0.9828614382360311,0.9713985932460265,0.15862576649169569,-1.3595275202662478,0.9778844575742656,0.00843275171958186,0.9707071111288967,0.9763229500873167,0.9607570758812294,0.9667447306791569,0.972831555644999,0.9599102315617668,0.0,0.024197849991793863,0.03703415847355536,0.012299088605998171,-44.596391684028546,758.0352815786043,0.9629658415264446,17.676133402452866,0.9821476510067114,0.9644929008374529,0.976936723832052,0.9969758205003135,-43.2368641637623,753.9608866598114,0.959941662026758,0.9713985932460265,0.976936723832052,target,1.0,0.9059959366005407,0.7428749398427282,0.8275793680901413,5,0.7537083844150068,E2,15.0,"gam,maxent,gbm,rf",bias/target,500,10000,500,500,0.9952353641858208,0.9995885957104355,0.008492522168791636,0.013257157982970839,0.9685270089361967,0.9867428420170291,0.9890991907309954,0.9926180158760594,0.9793608578930884,"mat,twarm",25.5,1,heat_limited,0.542149375,-0.3867564095568099,0.9819498779873727,1.0134336259760885,0.9782623172288143,37.273120716465876,0.444500103641263,2.112365994617726,0.03309429765693905,-1.3595275202662478,0.976936723832052,0.9952353641858208,0.9793608578930884,-3.5713515329315584,0.9444170973828863,0.9547580182644373,0.9542219959740335
1.3215213036919806,9.123424380594258,7.649641563260991,0.7383575414409979,0.35606716288731177,1.325765153030606,0.8304519846901475,0.5979314802844214,0.00025135101168782207,1.2902701824679192,0.8023121113974325,0.0,0.0017438043656655179,0.03454585919533124,0.16231324112702686,-3.1479937656312296,307.8717809968853,0.9654541408046687,475.0878714748492,1.338321542224443,0.8224496682038016,0.8317426501917341,0.7476029378253782,-10.79763532889222,325.7846026543496,0.713057078630047,1.3215213036919806,0.8317426501917341,1.5735048381455718,12.188018134045365,16.61937168487578,0.6912030198588545,0.5757198927447247,1.5863379887150346,0.7682500386817267,0.7986780501239328,0.45021715971482423,1.6011269873213927,0.6580657640232108,0.0,0.031142294436238307,0.0022150545991528386,0.1574556388430102,-26.61749247888652,839.3017792575025,0.9977849454008472,367.37006876637275,1.638165548098434,0.7393789325509218,0.7754288475477168,0.7935335516688733,-43.2368641637623,753.9608866598114,0.7913184970697205,1.5735048381455718,0.7754288475477168,uniform,2.0,0.7975484955889074,0.7985639898893011,0.762539033159019,5,0.42053636792937954,E2,15.0,"gam,maxent,gbm,rf",strong/uniform,500,10000,499,500,1.2171438655313893,0.9346019561890174,0.28036352406582254,0.06321965853443332,0.8259009461922464,0.9367803414655667,0.8450334288443171,0.7562986539862714,0.6930789954518382,"mat,twarm",27.4,1,heat_limited,0.45193625000000004,20.143510117449367,0.6656885147324113,0.4543830237790621,0.4117486354500097,41.96814469764626,0.43433422789339543,2.0724621696739756,0.06778003604709126,16.61937168487578,0.7754288475477168,1.2171438655313893,0.6930789954518382,14.308336974365542,0.8228441226732328,0.8903913177747386,0.6810539971300589
1.1403842824995674,9.784460957520821,-2.573518445011679,0.8875143607418349,0.14038428249956725,1.153130626125225,0.9288800111487899,0.0,0.6871213097847105,1.2484704098760084,0.8894935824885014,0.0,0.0010770556376169375,0.0,0.058295595740529664,-13.371153773903899,230.29267711692745,1.0,48.81852929982719,1.2128448570602004,0.9038139269542067,0.9344116457743631,0.900489053269996,-10.79763532889222,325.7846026543496,0.9004890532699958,1.1403842824995674,0.9344116457743631,1.1595227917460071,11.766022387339717,-0.7124915111822787,0.8788774002954209,0.15952279174600706,1.1940453799671855,0.9115581738924252,0.0,0.88222049371597,1.5012074864157778,0.7996137908838556,0.0,0.025387740029542097,0.0,0.0432046141054382,-43.94935567494458,596.9425932437114,1.0,90.38963759253726,1.3350335570469798,0.8565187399402161,0.9261305357110723,0.9427914431050101,-43.2368641637623,753.9608866598114,0.9427914431050102,1.1595227917460071,0.9261305357110723,target,2.0,0.9396245784977337,0.5959538158189228,0.592911400745493,5,0.8297393157867685,E2,15.0,"gam,maxent,gbm,rf",strong/target,500,10000,499,500,1.1742621432037763,0.9789305033589798,0.17426214320377642,0.0,0.95758863943347,1.0,0.9198522847171496,0.8485255205736856,0.8485255205736855,"mat,twarm",26.9,1,heat_limited,0.4523325000000001,-2.442030910045105,0.9473548577108567,1.1610932192173644,0.859972389461978,43.20410534265716,0.4276964756135059,2.0874178320907046,0.05478007439506083,-0.7124915111822787,0.9261305357110723,1.1742621432037763,0.8485255205736855,-7.663956912497376,0.9708500266435098,1.1202849958088852,0.8683957518029075
0.9883528277158189,0.1594974095560815,-0.0318680399891349,0.9651752010503857,0.018076609213877694,0.9922234446889378,0.9777465389780728,0.8052391799544419,0.8814165623323198,0.9866533109534896,0.9733589523459112,0.0,0.0011283440013129821,0.029723781498058804,0.019850479574441866,-10.829503368881355,323.93083012061976,0.9702762185019412,25.246727102400154,0.9906372458774952,0.9759809750297265,0.9759598044946336,0.9871864537502848,-10.79763532889222,325.7846026543496,0.9574626722522259,0.9883528277158189,0.9759598044946336,0.9978238060078498,0.2523868255603361,0.5234644939572917,0.9725709830953553,0.02172307931449889,0.9944375525231102,0.9747787876963824,0.933387358184765,0.9637474063344165,0.9656872610183136,0.9539288456616329,0.0,0.025592893484326276,0.02389927330664905,0.012358805385659996,-42.71339966980501,771.7089752784134,0.9761007266933509,5.3053800902191846,0.983847874720358,0.9666433613748618,0.977163975880179,0.9922096021183193,-43.2368641637623,753.9608866598114,0.9683103288116701,0.9978238060078498,0.977163975880179,uniform,0.0,0.7597459617884736,0.7620482265086441,0.8840067557038994,5,0.3979498002292309,E2,15.0,"gam,maxent,gbm,rf",none/uniform,500,10000,500,500,0.9887060484404641,0.9986330831852556,0.010896898575020955,0.022190850134556846,0.9402810001365497,0.9778091498654432,0.983362172234793,0.9905280515396709,0.9683372014051141,"mat,twarm",29.9,2,heat_limited,0.542485,0.5683304570209486,0.9773904943039572,0.9924339347950766,0.9700446960497424,45.984844846697456,0.4221950599256774,2.064587285481096,0.07462514859838176,0.5234644939572917,0.977163975880179,0.9887060484404641,0.9683372014051141,-1.34317368378003,0.9387351778656127,0.9092072175409185,0.9051664341209502
0.9842478795222434,4.034643725623766,0.13794194378301583,0.9127174626620712,0.049284106926481865,0.9931986397279456,0.9465826977117624,0.3504827784983427,0.7840559609238377,0.9844604472359089,0.937791601866252,0.0,0.0036825045133760054,0.06503622740423848,0.047596495382429556,-10.659693385109204,316.7365325328555,0.9349637725957615,124.81732043779792,1.0023406885306263,0.9488146056347277,0.9423860619882604,0.965065119458711,-10.79763532889222,325.7846026543496,0.9000288920544723,0.9842478795222434,0.9423860619882604,1.079042474643454,5.76373025810102,5.563186805229378,0.9227904972919744,0.10208681459604399,1.092800832366241,0.9438782339331128,0.7703790428801405,0.9123094443667459,1.004125578587241,0.8701611688507306,0.0,0.035850566223535205,0.02304433995259006,0.03425787026693477,-37.67367735853292,782.5449398757529,0.97695566004741,116.85528472569878,1.073199105145414,0.9219181629834254,0.9398130841121496,0.9633893108494181,-43.2368641637623,753.9608866598114,0.9403449708968281,1.079042474643454,0.9398130841121496,uniform,1.0,0.7629089915777028,0.760796201996264,0.9086804726727706,5,0.3552499701356409,E2,15.0,"gam,maxent,gbm,rf",bias/uniform,500,10000,498,500,0.9827281951736004,0.9934731018329898,0.038867075484184055,0.056138880310583665,0.9098683086063655,0.9438611196894163,0.9520832174445124,0.9662154388925106,0.910076558581927,"mat,twarm",28.0,2,heat_limited,0.548656875,6.918168270444397,0.9490803782052512,0.9147439008249879,0.8742536016575513,40.34259098657083,0.45844950606176676,1.9655666828428993,0.1606971660850558,5.563186805229378,0.9398130841121496,0.9827281951736004,0.910076558581927,8.07245015216261,0.9488739752294116,0.8633475978294437,0.8364640183414918
0.9768292984495166,0.11675343005936156,-0.7003258666089636,0.9732172164779255,0.00712183782981775,0.9780456091218244,0.9816195990190377,0.9095607235142119,0.8880322209436133,0.9651307596513076,0.9743208243786852,0.0,0.0014565895289676677,0.030292539380301194,0.01554249789410967,-11.497961195501183,335.5923184929491,0.9697074606196988,6.380433483965923,0.9758304184309496,0.9801003633846687,0.9810735417370311,0.9949517081806868,-10.79763532889222,325.7846026543496,0.9646591688003856,0.9768292984495166,0.9810735417370311,0.9740022539152061,2.7899357784277754,-0.60863478322878,0.9760483341539472,0.011036412388761513,0.9733482732402257,0.9749756651524983,0.9563007296876281,0.9649197944245445,0.9420406520426645,0.9554404145077721,0.0,0.02796241588708354,0.03703415847355536,0.013053755724868618,-43.84549894699108,766.7090046245016,0.9629658415264446,39.679157550185124,0.9662639821029083,0.9699176261775816,0.9756481681989094,0.9960420876593965,-43.2368641637623,753.9608866598114,0.9590079291858411,0.9740022539152061,0.9756481681989094,target,1.0,0.8723029973698992,0.6954924113803337,0.7605039953429106,5,0.6846395781846125,E2,15.0,"gbm,rf",bias/target,500,10000,498,500,0.9845590506021971,0.9996777272054638,0.004389641328803988,0.01983059072660696,0.875127521908608,0.980169409273393,0.9877956606793526,0.9961843770372358,0.9763537863106289,"mat,twarm",26.8,2,heat_limited,0.549315,0.45046745940608446,0.984009413035511,1.006661666740195,0.9859629598338273,29.587776715548216,0.5409444929105223,1.773040102351436,0.3280477048740269,-0.60863478322878,0.9756481681989094,0.9845590506021971,0.9763537863106289,-0.3781868267429118,0.9649686646312068,0.940905280804694,0.9395033763528684
1.0666683152402383,1.8398632031298234,4.2706671619474506,0.7959646315443952,0.1720616236801108,1.0633876775355071,0.8621044850276905,0.21235324144971923,0.25941688369434035,1.0504087931127837,0.8410309223903457,0.0,0.001302724437879534,0.1053933084398724,0.11524121568184385,-6.526968166944769,306.9486040619619,0.8946066915601276,297.85597409690257,1.0823185966388764,0.8637971102354248,0.8657477205829565,0.8780346719486757,-10.79763532889222,325.7846026543496,0.7726413635088032,1.0666683152402383,0.8657477205829565,1.2467648544670267,11.36906988675878,12.760343479860857,0.8039245855900213,0.28729646757082344,1.2420264916563288,0.8440366972477065,0.6159948816378759,0.7350035500557865,1.1224592473334676,0.7072488503294933,0.0,0.025839077630067292,0.04053161310379668,0.08882898630079289,-30.47652068390144,843.384878562341,0.9594683868962033,235.06715878592675,1.192751677852349,0.786198171727065,0.8540888335408884,0.8969688523447843,-43.2368641637623,753.9608866598114,0.8564372392409876,1.2467648544670267,0.8540888335408884,uniform,2.0,0.844591232469097,0.8449543773441812,0.8651864304279758,5,0.5242377988296635,E2,15.0,"gam,maxent,gbm,rf",strong/uniform,500,10000,496,500,1.0179335598005912,0.9374002969923098,0.1273216570344554,0.10938809723386421,0.8060303398741855,0.8906119027661358,0.882696953465747,0.889327760095103,0.7799396628612387,"mat,twarm",27.6,2,heat_limited,0.510515625,13.694218922723977,0.674367142475014,0.48182379670887193,0.44372498160631446,46.30031912632128,0.4254232244412115,2.038470022499669,0.09732714652759134,12.760343479860857,0.8540888335408884,1.0179335598005912,0.7799396628612387,10.926190341460568,0.8074159715913783,0.7398420611461596,0.6499552462938054
1.0867232127401765,8.61469789909421,-4.147785434442918,0.9210159199080913,0.08954227354781276,1.098869773954791,0.9501775119731231,0.0,0.8986226578980022,1.1897233201581028,0.9105385490331833,0.29510703363914376,0.006708517971442639,0.0028190608076361927,0.036578061424706196,-14.945420763335138,245.63224521788206,0.9971809391923638,79.48946279922728,1.1557741367067302,0.9249594358842977,0.9557385791313622,0.9365282476467598,-10.79763532889222,325.7846026543496,0.9337091868391236,1.0867232127401765,0.9557385791313622,1.0395989585357324,5.850728337769226,-4.986407493743322,0.9214262268176596,0.04558349201414526,1.0705510424586817,0.9599737152354999,0.0,0.9681184738158574,1.3459448581203461,0.8459294844299563,0.0005605381165919282,0.036599376333497455,0.005984533478412933,0.014107751277683135,-48.22327165750562,596.3375448405994,0.9940154665215871,33.20636483726459,1.1969574944071588,0.9040772269968637,0.9747165856911498,0.9836527071284231,-43.2368641637623,753.9608866598114,0.9776681736500104,1.0395989585357324,0.9747165856911498,target,2.0,0.9527095904263397,0.6414274300338179,0.5664981019107987,5,0.8849878451412815,E2,15.0,"gam,maxent,gbm,rf",strong/target,500,10000,496,500,1.1397185335509772,0.972192950416319,0.1418802664666696,0.0021617329156924164,0.9417716404592755,0.9978382670843076,0.93268180037525,0.8766729301683476,0.8745111972526551,"mat,twarm",25.3,2,heat_limited,0.47971562500000003,-3.7928293044424564,0.9641477592349522,1.1492257466801958,0.8697932034442306,43.2368641637623,0.41767231234935603,2.1504389641328805,0.0,-4.986407493743322,0.9747165856911498,1.1397185335509772,0.8745111972526551,-7.126636445346826,0.9790763800372586,1.1226452552168351,0.8714569634367701
1.4560040779668422,30.267219301425484,2.93489790633662,0.711656819300837,0.5312037284268272,1.458695016092851,0.7530643817684161,0.20495367744375118,0.2885209093460567,1.4210008079175924,0.7699992700044842,0.0,0.001589939274577384,0.07519965045998495,0.256665262552269,-0.5669291338582627,168.72335168709395,0.924800349540015,778.6804907429786,1.4700014999250037,0.7566216284600982,0.7530934967384859,0.6112344779804942,-3.5018270401948826,182.26926168811906,0.5360348275205093,1.4560040779668422,0.7530934967384859,1.5124104570325922,25.38681709050212,6.232457670860492,0.6542959133431807,0.6367000607967012,1.5247850008012394,0.6982535199348375,0.0848342939481268,0.6601656705462934,1.4989729391801376,0.754321384749175,0.0,0.02403372722796652,0.1242896037641088,0.30258027221609124,-5.153750518027356,460.2808575773728,0.8757103962358912,832.5944282780684,1.6089915505954955,0.7233619241312229,0.697107746693741,0.5962418492381447,-11.386208188887847,556.8435335963633,0.4719522454740359,1.5124104570325922,0.697107746693741,uniform,0.0,0.6354737030227928,0.6342064164643645,0.8588782468294642,5,0.18471508456425453,E2,15.0,"gam,maxent,gbm,rf",none/uniform,500,10000,499,500,1.4130282020050595,0.8564583631891943,0.46383397357818795,0.050805771573128454,0.5108214500642535,0.9491942284268715,0.7867245211955308,0.6386232571720564,0.587817485598928,"mat,lpann",32.9,0,region_excluded,0.38422,5.225169952772857,0.7061673960732099,1.342827696055467,0.6090060868646998,15.577949694304017,0.591751980666505,2.023985758455917,0.2022045404774071,6.232457670860492,0.697107746693741,1.4130282020050595,0.587817485598928,5.361198047257776,0.7063394503468259,1.328047409350698,0.6112284247581381
1.342573488360803,14.835148055220145,11.056518338201693,0.6286619891678976,0.5309852659174211,1.3479957085731005,0.6941513666195896,0.0006612298875909191,0.12357869539198085,1.207458089274894,0.6851875150114946,0.0,0.0014976202199245036,0.1884117775566182,0.3044626163423805,7.55469129800681,303.0405118906511,0.8115882224433818,722.8102456743467,1.3358582070896454,0.6934363595500808,0.6929031054742143,0.6113943614432147,-3.5018270401948826,182.26926168811906,0.4229825838865966,1.342573488360803,0.6929031054742143,1.5684227221062093,14.653831617979279,26.767831912757558,0.5206384375512884,0.7293489466310697,1.584637572779232,0.6559613119226239,0.00046311304589450285,0.4352890422778257,1.249799053317853,0.6396464345731941,0.0,0.02183858526177581,0.16092622452486055,0.35319162323430403,15.381623723869708,824.7405526918072,0.8390737754751394,777.786105738435,1.5997058569080371,0.6678868552412646,0.653376695551942,0.5374893139111924,-11.386208188887847,556.8435335963633,0.37656308938633165,1.5684227221062093,0.653376695551942,uniform,1.0,0.7577656772299926,0.7551788349194618,0.8899787176910087,5,0.3914770026188453,E2,15.0,"gam,maxent,gbm,rf",bias/uniform,500,10000,499,500,1.2045582310503138,0.8126203126509073,0.4299634591961023,0.22540522814578845,0.4326369058431303,0.7745947718542116,0.7027210812074333,0.6650120446747938,0.43960681652900524,"mat,lpann",30.0,0,region_excluded,0.45585375,55.5002506322859,0.6633702963097619,0.7262719010587464,0.4094729986186185,16.12337377514832,0.5808394915293915,2.019886629813548,0.2053982042484852,26.767831912757558,0.653376695551942,1.2045582310503138,0.43960681652900524,42.39061954110755,0.6753505890793323,0.9186030169586807,0.4301526176557684
1.3843726484938224,29.242784288098335,2.0639727611958536,0.7209502708025604,0.48520523339078087,1.3891787769433337,0.7547481757411849,0.13505908835115363,0.41525202402716116,1.3454352656029085,0.7700273418157549,0.0,0.0012411784014442803,0.10083258489695851,0.24795875399262585,-1.437854278999029,180.4682822226879,0.8991674151030414,793.8049304882379,1.4030548472576372,0.759807338208828,0.7542171863706237,0.6448988292977563,-3.5018270401948826,182.26926168811906,0.5440662444007978,1.3843726484938224,0.7542171863706237,1.4422299172636197,22.9716084760542,5.677995828871252,0.6751907927129492,0.5819037297454469,1.4566529565728326,0.7040073057772173,0.06548607268031728,0.7513416815742398,1.42773361912417,0.7583813611281423,0.0,0.020238388314459215,0.1396738124818271,0.2857980421923258,-5.708212360016596,503.6644736104124,0.8603261875181729,841.4394910728955,1.5382241831761687,0.7309868436001727,0.7045415187462118,0.6309904956668958,-11.386208188887847,556.8435335963633,0.4913166831850688,1.4422299172636197,0.7045415187462118,target,1.0,0.6317980667924038,0.6595303775601705,0.8490165308196838,5,0.19776262685823487,E2,15.0,"gam,maxent,gbm,rf",bias/target,500,10000,499,500,1.355382741497236,0.855038316458897,0.42570036540803896,0.07031762391080296,0.48549360751136217,0.929682376089197,0.7894108755320418,0.668333454996715,0.598015831085912,"mat,lpann",31.4,0,region_excluded,0.4209275,17.09378021980843,0.6865504967080008,1.0666166963365502,0.5461196835139774,10.760712274705476,0.5635189584931517,2.2730956619507166,0.008121030732170187,5.677995828871252,0.7045415187462118,1.355382741497236,0.598015831085912,9.8072003799765,0.6956326887310372,1.2238358474655673,0.5922800244610766
0.9833483020608297,15.104984949897812,18.322415442212915,0.6058489249958969,0.3662159866009661,0.976202087193992,0.6211134142730234,0.0,0.23629203271735838,0.8019592001615835,0.5755478338844364,0.0,0.0017540620384047267,0.3828676845401364,0.3171080078506325,14.820588402018032,362.0071323865118,0.6171323154598636,868.104442959675,0.9180040997950103,0.595589385329232,0.6223136045430068,0.7319820219928586,-3.5018270401948826,182.26926168811906,0.34911433745272213,0.9833483020608297,0.6223136045430068,1.2972430017710344,12.73054755388631,50.48263129415398,0.4893115050057443,0.5757976262853216,1.3039901714651996,0.6292861614077389,0.0,0.5129597104688913,0.7619302789437647,0.4980991805356087,0.0,0.024567126210405382,0.27855462451428725,0.33988831985529955,39.09642310526613,1033.5431728791712,0.7214453754857127,796.5869313935657,1.0153415808749315,0.5537303608734224,0.62809670107126,0.6348626313760329,-11.386208188887847,556.8435335963633,0.3563080068617457,1.2972430017710344,0.62809670107126,uniform,2.0,0.8922905141012631,0.8907252415018435,0.9212203517539583,5,0.6468542431163271,E2,15.0,"gam,maxent,gbm,rf",strong/uniform,500,10000,495,500,0.8264311814859927,0.7411855010296292,0.27454792466972733,0.4481167431837347,0.33776445810461336,0.5518832568162654,0.6043296483443199,0.7860975253668151,0.3379807821830805,"mat,lpann",27.9,0,region_excluded,0.6233987500000001,67.99390425932646,0.6211409836065573,0.5746275648833505,0.3428834585337648,20.144728637965635,0.5493103531280842,1.8693900496580156,0.22776164084139383,50.48263129415398,0.62809670107126,0.8264311814859927,0.3379807821830805,67.50659873193634,0.6210357128856482,0.5805771573128455,0.34299881703250223
1.432021749156492,21.302725323076743,4.576045790194883,0.6993783850320039,0.5320775784644513,1.4380912903540428,0.7414467302057185,0.013506668917778153,0.3860992490060374,1.3800494849525349,0.763262578366165,0.0,0.003149105530937141,0.10005582930795932,0.2679741924861856,1.07421875,207.88272144863373,0.8999441706920407,770.5339992374082,1.46055197240138,0.7507899255285643,0.7400790482274033,0.6105949441296122,-3.5018270401948826,182.26926168811906,0.5105391148216529,1.432021749156492,0.7400790482274033,1.5231159630990458,19.841217225635035,10.106397333624695,0.63796569834236,0.6547540376939547,1.538779979701939,0.6903226485161534,0.03474206647616183,0.7187136358827886,1.4457146259414724,0.7368843878569515,0.0,0.022454045626128342,0.13163807459490895,0.31217536385481487,-1.2798108552631526,574.0938672481059,0.868361925405091,837.9537422056399,1.6169218790552815,0.7168942223985366,0.6883250220005867,0.5847930670332065,-11.386208188887847,556.8435335963633,0.4531549924382976,1.5231159630990458,0.6883250220005867,target,2.0,0.7122682028153149,0.8234812377925153,0.8766870079504635,5,0.2859747763022841,E2,15.0,"gam,maxent,gbm,rf",strong/target,500,10000,495,500,1.3671882319872575,0.8512179140730098,0.45034198444673473,0.08315375245947719,0.451467033407957,0.9168462475405228,0.7746289333069464,0.6491349733557193,0.565981220896242,"mat,lpann",28.8,0,region_excluded,0.39379,40.542791499813724,0.6785260482846251,0.7840110559355383,0.42553905399000014,3.5566154612416074,0.6752967149256046,1.8243230581842032,0.35767999419079866,10.106397333624695,0.6883250220005867,1.3671882319872575,0.565981220896242,25.187683803530845,0.7000197424194916,0.9936990536868734,0.48937120347240004
1.4000291283345874,22.845467368287927,1.6370251753930143,0.7376087313310357,0.47799597058038207,1.4039793231249391,0.7686222005842259,0.2990415335463259,0.47049135328026354,1.3777772167238942,0.7803650495333354,0.0,0.0014771048744460858,0.0779668422457946,0.23528928336620644,-1.8648018648018683,167.2039420937648,0.9220331577542054,829.2810269204309,1.4180040997950103,0.770286895838718,0.7683516394603233,0.650174983567533,-3.5018270401948826,182.26926168811906,0.5722081413217384,1.4000291283345874,0.7683516394603233,1.401126060638101,22.286179071590425,1.5738793984568673,0.691479977022813,0.5436018080410245,1.4108487794455424,0.714613313835621,0.198678366374174,0.71473890931064,1.4294007323390194,0.7623213979364263,0.0,0.021777039225340553,0.14247574740292354,0.2721648403502333,-9.81232879043098,444.3514667797535,0.8575242525970764,850.1837039565978,1.5073103209620209,0.7297402985761278,0.7142684148529784,0.655279346933302,-11.386208188887847,556.8435335963633,0.5128035995303786,1.401126060638101,0.7142684148529784,uniform,0.0,0.6345809447273301,0.6338254106487125,0.8492077097656713,5,0.16537363319911003,E2,15.0,"gam,maxent,gbm,rf",none/uniform,500,10000,499,500,1.3766747868453106,0.8462400330982078,0.4358896280333552,0.0592148411880446,0.5005060178618794,0.9407851588119553,0.7916818607401567,0.6603949193371779,0.6011800781491332,"mat,lpann",33.7,1,region_excluded,0.4091375,-0.5062556728001599,0.699602106764185,1.3060526562353603,0.5973599260463553,7.4234330514850955,0.6712594851686454,1.7644055092288953,0.3984446536405617,1.5738793984568673,0.7142684148529784,1.3766747868453106,0.6011800781491332,-0.5031169868951917,0.6952228263395139,1.2825587932165277,0.5973280180490685
1.3606573294171906,20.88782300941449,8.322591106989963,0.6528803545051699,0.5205961599145569,1.3666487857212524,0.7131185543112064,0.0024606299212598425,0.1595457771469127,1.250151484548576,0.713612494950855,0.0,0.001292466765140325,0.15993883049736632,0.2879562868470245,4.82076406679508,295.6275901561756,0.8400611695026337,682.4601422061658,1.3780810959452028,0.7200193423597679,0.711718010940649,0.6189977083370344,-3.5018270401948826,182.26926168811906,0.45905887783966803,1.3606573294171906,0.711718010940649,1.5226137294811133,19.06636108156397,19.099804688317512,0.5644489578204497,0.6833020538711638,1.5381656962769084,0.6681187785424164,0.002650323008116614,0.5079853557595373,1.3018665714030544,0.6779183156152194,0.0,0.021561628097817167,0.16068832439005049,0.33473465707755856,7.713596499429665,753.0514922598012,0.8393116756099495,775.0565427478065,1.6227759033365055,0.6905992303463442,0.6654301971016315,0.5666895754060713,-11.386208188887847,556.8435335963633,0.4060012510160207,1.5226137294811133,0.6654301971016315,uniform,1.0,0.7527892773998875,0.7548503499119714,0.8973300328268706,5,0.36429676410235284,E2,15.0,"gam,maxent,gbm,rf",bias/uniform,500,10000,499,500,1.252623442331116,0.8316581405349465,0.4271760517192917,0.17455260938817577,0.44646324299805856,0.8254473906118243,0.7328764986638105,0.667183736039127,0.4926311266509513,"mat,lpann",28.2,1,region_excluded,0.4434925,56.06563672010046,0.6579687381247942,0.6656516443361754,0.4025693671585211,14.635192881171498,0.5907166354492941,2.0244308067085166,0.20185779983940444,19.099804688317512,0.6654301971016315,1.252623442331116,0.4926311266509513,32.830308286024625,0.6740018374824277,1.01278928136419,0.47841512640631567
1.443236157972668,21.419218373752187,0.8653785491931965,0.7291769243394058,0.5169308444789669,1.4487467082805032,0.7577568008921814,0.18168778388716234,0.5315587266739846,1.4356443142799435,0.7742637683863545,0.0,0.0016720006564910554,0.073694686506299,0.25000770613922424,-2.636448491001686,172.84854449242079,0.926305313493701,811.7335387265069,1.4741762911854408,0.7629430546013014,0.7582609732350428,0.6216801975449006,-3.5018270401948826,182.26926168811906,0.5479855110386016,1.443236157972668,0.7582609732350428,1.4748222357326002,22.598335431468342,2.751429994445676,0.6803298867552929,0.5996933731595782,1.4901447572245072,0.7066798232442404,0.09627267291209886,0.7913526378421262,1.4884939418296568,0.760775681592516,0.0,0.021223124897423274,0.12487113742697788,0.28726983095609887,-8.634778194442172,486.96967982862634,0.8751288625730221,864.4944351033622,1.579115840470629,0.7303546670244644,0.7072256341789052,0.619709338384431,-11.386208188887847,556.8435335963633,0.494838200957453,1.4748222357326002,0.7072256341789052,target,1.0,0.6497078255752989,0.6718706011508295,0.8136299550489607,5,0.21288025470802202,E2,15.0,"gam,maxent,gbm,rf",bias/target,500,10000,499,500,1.4304085074487023,0.8599832560300643,0.4693853649395671,0.0389768574908648,0.4892162985467591,0.9610231425091352,0.7908326024730384,0.6342981239506533,0.5953212664597887,"mat,lpann",33.0,1,region_excluded,0.38937125,11.422727030327607,0.6549350967425912,1.0262578469034012,0.5500593388550794,3.808350091150558,0.666862227437176,1.8923451700552796,0.3047667712971749,2.751429994445676,0.7072256341789052,1.4304085074487023,0.5953212664597887,2.2176198547500974,0.6961632616224631,1.3103391736156658,0.6005212697400149
1.0195888050100737,14.130883174741086,17.857548365505927,0.6191018381749549,0.3714105396023982,1.0141178191748756,0.6408241831410482,0.0,0.1317671092951992,0.8569228438699252,0.5967722198806238,0.0,0.001425816510750041,0.3518217345923247,0.3060637500128404,14.355721325311045,327.50926983781926,0.6481782654076753,787.5684126606126,0.9387780610969452,0.610328154213139,0.6418913234215935,0.7281803485459487,-3.5018270401948826,182.26926168811906,0.37635861395362413,1.0195888050100737,0.6418913234215935,1.343818561497185,13.597003849933344,49.79245903966785,0.49618414574101427,0.5890143004414369,1.3434645585171732,0.6413657913931436,0.0,0.45189358023314186,0.8306689291774583,0.5274660942530979,0.0,0.021951419661907105,0.24519573894425206,0.33098754037840333,38.40625085078,1013.7972512431983,0.7548042610557479,746.6713088887358,1.0474954580846094,0.573625723581358,0.6440807948663005,0.6264813852523593,-11.386208188887847,556.8435335963633,0.38128564630810713,1.343818561497185,0.6440807948663005,uniform,2.0,0.8190106621955466,0.8198797680541144,0.880615135103124,5,0.45674443259674025,E2,15.0,"gam,maxent,gbm,rf",strong/uniform,500,10000,494,500,0.8603719666448046,0.7572440053745645,0.27911552515693805,0.4187435585121334,0.367138379995422,0.5812564414878666,0.6248819611447566,0.7825388714504709,0.36379531293833756,"mat,lpann",29.8,1,region_excluded,0.61120875,68.27110967091612,0.5780323861900397,0.4125128829757332,0.3069132488290238,21.93696172045223,0.5524255625798421,1.7858380961304225,0.2374324109074033,49.79245903966785,0.6440807948663005,0.8603719666448046,0.36379531293833756,63.5318113475482,0.6369373776908024,0.6763093788063338,0.3730542337054641
1.4287205379032455,20.439976884333305,4.479713090736159,0.7080974068603315,0.5239701920042722,1.4350677850385254,0.7464127289294762,0.005541262616267564,0.4245567079290733,1.3985810947283377,0.7601654684588908,0.0,0.003549154767766289,0.09524965410102677,0.26260525828169073,0.9778860505412768,192.59465355105843,0.9047503458989732,779.8011168625653,1.4543522823858808,0.7519734362745597,0.7450427760454146,0.616528397079462,-3.5018270401948826,182.26926168811906,0.5212787429784353,1.4287205379032455,0.7450427760454146,1.5274774655705639,18.861859196778653,10.523266639024232,0.6419046446742163,0.6519521027728582,1.542759467977138,0.6954813772241245,0.03670754187705378,0.6941314948713637,1.4750677264743532,0.7311041616550397,0.0,0.024054242573444937,0.12447463720229442,0.308724761674532,-0.8629415498636162,516.6201422260666,0.8755253627977055,820.7562417839188,1.5989849179571474,0.7133203883495146,0.6928056726314359,0.5865698912114253,-11.386208188887847,556.8435335963633,0.46209525400913076,1.5274774655705639,0.6928056726314359,target,2.0,0.6878681442871459,0.7267320196111988,0.8794123858495009,5,0.21384858382828922,E2,15.0,"maxent,gbm",strong/target,500,10000,494,500,1.365337768200131,0.8489303228204294,0.4517005527967769,0.08636278459664574,0.46457748414955685,0.9136372154033543,0.7725215634624335,0.6480765019344478,0.5617137173378022,"mat,lpann",23.6,1,region_excluded,0.39994,28.042963491467646,0.6484195075038595,0.827157312845498,0.4525161482918607,5.0814913763096765,0.6215201623171263,2.0976295324650986,0.14482808964157967,10.523266639024232,0.6928056726314359,1.365337768200131,0.5617137173378022,15.656873048790798,0.6979506423970353,1.0717230394453294,0.5349735178156467
1.4392067383547347,22.38574618420523,1.7307866160729435,0.7415579353356311,0.49984222152098456,1.4419682044279722,0.7696455317024463,0.28407587119541244,0.5655114116652579,1.4225913956776408,0.7849386164203681,0.0,0.0020412768751025766,0.06063548316624997,0.23733412821593397,-1.771040424121939,164.47408592698588,0.93936451683375,804.2588840808228,1.4584020798960051,0.7729634638655292,0.770221319958602,0.6341866372954824,-3.5018270401948826,182.26926168811906,0.5735511541292324,1.4392067383547347,0.770221319958602,1.4684782321376648,23.531366178908,3.423981548728805,0.6902387986213688,0.5880626999021966,1.4797553549489877,0.7143149482481933,0.15498610682309355,0.7712546430045398,1.4907862225000745,0.7656212649997609,0.0,0.025182586574757918,0.11958446776453173,0.28170214557048606,-7.9622266401590425,424.4474439540952,0.8804155322354683,831.3195906721304,1.5777028001268854,0.732187007059192,0.7133265513733469,0.6270848349732638,-11.386208188887847,556.8435335963633,0.5075003672087322,1.4684782321376648,0.7133265513733469,uniform,0.0,0.6209375720425986,0.6221651891795857,0.8101242517341125,5,0.15656286434816527,E2,15.0,"gam,maxent,gbm,rf",none/uniform,500,10000,499,500,1.4138480277335332,0.8531683838091371,0.4526374964864612,0.03878946875292795,0.5055827081229224,0.961210531247072,0.7964134611652369,0.6473465216439156,0.6085570528909876,"mat,lpann",33.3,2,region_excluded,0.40543,3.3988076583838733,0.7135096911060397,1.412911084043849,0.6085369173904223,9.413000138605321,0.6483065581751165,1.8447250070270778,0.33953432599116873,3.423981548728805,0.7133265513733469,1.4138480277335332,0.6085570528909876,1.3329661617469615,0.702156671136059,1.306638246041413,0.61644837203281
1.4389640022331722,10.317123357235744,7.57661636603757,0.6330420154275398,0.5640701992863558,1.4451867746025553,0.7186135099020762,0.002644866554460207,0.049386011745862254,1.326802666128055,0.7044053819444445,0.0,0.0017540620384047267,0.1251061970531835,0.2917475877801412,4.074789325842687,263.58619123546066,0.8748938029468165,712.195142043271,1.4674266286685667,0.7218090818828392,0.7174306813431796,0.5871808992556536,-3.5018270401948826,182.26926168811906,0.46207470220247027,1.4389640022331722,0.7174306813431796,1.6012265073616876,15.24110823493453,17.734522795629417,0.5405485803380929,0.7442573550791679,1.6177821697558892,0.6614701831352344,0.011864603931604049,0.3859211453983405,1.4177011699562383,0.6624555182052134,0.0,0.02422862301001149,0.14303084771748037,0.3528688266089187,6.3483146067415674,658.0919238782609,0.8569691522825196,788.8625403121546,1.7202468494967846,0.6820735715042935,0.6588962167325495,0.5280352682836884,-11.386208188887847,556.8435335963633,0.385004420566208,1.6012265073616876,0.6588962167325495,uniform,1.0,0.7568272093321916,0.7530265138042607,0.8855899837391327,5,0.3954321647939536,E2,15.0,"gam,maxent,gbm,rf",bias/uniform,500,10000,499,500,1.334207814110372,0.8276046217679931,0.49224679096786284,0.15803897685749085,0.43934514605925845,0.8419610231425091,0.721410508569823,0.6164866048616687,0.4584476280041778,"mat,lpann",31.5,2,region_excluded,0.41917625000000003,54.003409514541836,0.6674700261700445,0.7279818232924201,0.43256122089856763,15.816970270672236,0.5871677431982776,2.0163028202005058,0.20819037885977076,17.734522795629417,0.6588962167325495,1.334207814110372,0.4584476280041778,36.79156079681909,0.6820500745624363,0.9592429494987351,0.4542483296921751
1.3627205864504697,19.147596511672475,0.9721813989288397,0.7351058591826687,0.456950748840935,1.3671120647615331,0.7680469715698393,0.09265734265734266,0.5098299681190224,1.3419763684104222,0.7775465982471081,0.0,0.002154111275233875,0.09423016239046532,0.23342379571948438,-2.529645641266043,177.7021338020527,0.9057698376095347,805.6500220378223,1.3882305884705766,0.7709506563108423,0.7667176921417344,0.6655770904762751,-3.5018270401948826,182.26926168811906,0.5713469280858097,1.3627205864504697,0.7667176921417344,1.365837540641273,26.31712002216443,1.0974778730727834,0.6834379615952733,0.5364648039967223,1.377917846268896,0.7025406024664734,0.1695364238410596,0.7228424424813125,1.372272334851597,0.7499843136270659,0.0,0.02315156737239455,0.17062726335544923,0.2808959267465426,-10.288730315815064,478.7889289656148,0.8293727366445508,876.3852334997155,1.4627274562390056,0.7174004683840749,0.7011239972291122,0.6598052198400858,-11.386208188887847,556.8435335963633,0.4891779564846366,1.365837540641273,0.7011239972291122,target,1.0,0.6468245737977056,0.6697020212319591,0.8947179679294777,5,0.1850392351950585,E2,15.0,"gam,maxent,gbm,rf",bias/target,500,10000,499,500,1.3491286423685938,0.8570980459932998,0.42181204909584935,0.07268340672725569,0.48345447485606385,0.9273165932727443,0.7894983497691671,0.6713628732024235,0.5986794664751678,"mat,lpann",33.3,2,region_excluded,0.44673375000000004,1.0920647479182417,0.6993874683899972,1.3354492644992035,0.5973769991588846,10.464438740206216,0.5875975614491515,2.1498172959805117,0.10416818745893863,1.0974778730727834,0.7011239972291122,1.3491286423685938,0.5986794664751678,4.4766580463341255,0.6903250424948832,1.2241403541647147,0.5872503744235316
0.9602398232881035,12.57556262557307,18.60264463744823,0.6298313638601674,0.3257033279122266,0.9506485906563933,0.6429,0.0,0.2854570013507429,0.7773682084427388,0.5962669394016875,0.0,0.0011898900377482356,0.36546350462412314,0.2924249270837612,15.100817597253346,363.7706360833286,0.6345364953758769,779.1138048804117,0.8787310634468276,0.6090508695594321,0.6474070038139581,0.7616315219129168,-3.5018270401948826,182.26926168811906,0.3961680172887938,0.9602398232881035,0.6474070038139581,1.2740345219528957,13.609445503467668,51.62304952846713,0.5197255046774988,0.5372578044460892,1.272581592863629,0.6446821013045011,0.0,0.6277148002966416,0.7321008603494984,0.5203238059226922,0.0,0.020074265550631874,0.26322328249319343,0.3169965770273524,40.23684133957928,1042.8316380905553,0.7367767175068066,765.475640724608,0.9615018600224933,0.5635190167453211,0.64799079380209,0.6593023450726654,-11.386208188887847,556.8435335963633,0.3960790625794721,1.2740345219528957,0.64799079380209,uniform,2.0,0.8208866946199678,0.8166453482801683,0.9304862122322539,5,0.4246645172806419,E2,15.0,"gam,maxent,gbm,rf",strong/uniform,500,10000,499,500,0.8050454417689497,0.7521892357614534,0.2375854961116837,0.432540054342734,0.34392243731973726,0.567459945657266,0.6287486536639805,0.8148952478283087,0.3823551934855747,"mat,lpann",30.7,2,region_excluded,0.63939125,61.17330403184398,0.6275523065288631,0.6491145882132484,0.37165509170622757,29.467680720622155,0.5586098432398242,1.570341047503045,0.23630178613585562,51.62304952846713,0.64799079380209,0.8050454417689497,0.3823551934855747,63.77509918271196,0.6251297228735058,0.6182188700459103,0.3665966952322437
1.2807000509745856,19.567228814810335,6.760399139772155,0.704537994419826,0.44076024953273296,1.2808933970545207,0.7353758659026768,0.0,0.4867269761233872,1.1976620884669764,0.7460738698374404,0.0,0.0033132282947644837,0.16006019855814743,0.2547419338239078,3.2585720995772727,271.7612981583949,0.8399398014418525,733.1750802382511,1.2777361131943403,0.7392936321531268,0.736563145235105,0.6774262315467837,-3.5018270401948826,182.26926168811906,0.5173660329886363,1.2807000509745856,0.736563145235105,1.3663397742592054,21.00520327289695,12.548725802791093,0.6373810109962251,0.5483862440855383,1.3805352278190268,0.6943409774267378,0.0038492168834616406,0.7115593483320404,1.2164567890208686,0.7211798047090111,0.0,0.021879615952732644,0.1820464698263329,0.2897907818153217,1.1625176139032467,658.5315664986501,0.8179535301736671,829.0935051668149,1.3994290163508953,0.7007751937984497,0.6913238234604171,0.6522453358365322,-11.386208188887847,556.8435335963633,0.47019886601019945,1.3663397742592054,0.6913238234604171,target,2.0,0.6877897697380855,0.7474019168184071,0.9128102138109835,5,0.20254137722272764,E2,15.0,"gam,maxent,gbm",strong/target,500,10000,499,500,1.1968518692026608,0.8427400501593512,0.3617305349948468,0.16487866579218588,0.45486109938743935,0.8351213342078141,0.7602891627926813,0.7181728593327981,0.5532941935406122,"mat,lpann",23.7,2,region_excluded,0.49233333333333335,19.749174078523033,0.6917969242766545,1.0671320153658765,0.5239648364123606,6.203173807188566,0.6742361646226547,1.7263655954277148,0.40491161011115917,12.548725802791093,0.6913238234604171,1.1968518692026608,0.5532941935406122,21.204422530501787,0.691724653516591,1.0475733158437177,0.5181999328264926
1.4462165514797094,0.7542868541082726,0.943648018808263,0.7438966847201707,0.4718456494772284,1.4491220271171372,0.7968888969560561,0.4593136196848694,0.5723767383059418,1.4288108356290175,0.7977580128356601,0.0,0.001589939274577384,0.02562909799751905,0.23073366689611952,-1.1237316371346395,173.94208881949996,0.974370902002481,50.94541035457726,1.451859410430839,0.8002256605658161,0.7966350333236742,0.5930574659941923,-2.0673796559429025,156.5106633471575,0.5674283679966732,1.4462165514797094,0.7966350333236742,1.4465398413897281,1.9473936962894527,0.906364931022674,0.7280998687017889,0.4794420317220544,1.450013063822712,0.7916391980455268,0.6689005614924832,0.7264528031157118,1.422204786190663,0.7901914418062259,0.0,0.02403372722796652,0.03290219033232628,0.2281465132166693,-7.183098591549298,510.0653183295393,0.9670978096676737,62.5678602492205,1.465846371968201,0.7900119101400468,0.7905841493415657,0.6314767779390421,-8.089463522571972,481.55764271618096,0.5985745876067159,1.4465398413897281,0.7905841493415657,uniform,0.0,0.676772442119985,0.6756766613955444,0.8695417408812645,5,0.21967870042123186,E2,15.0,"gam,maxent,gbm,rf",none/uniform,500,10000,500,500,1.4324142568930733,0.7979812873406361,0.4583378527886847,0.02592359589561143,0.4457539023953638,0.9740764041043886,0.8009132501538434,0.5888774299001771,0.5629538340045657,"mat,lpann",36.0,0,patchy,0.350680625,1.6771079001442146,0.7921596794314445,1.4706163090873592,0.55584748381338,11.955919197763144,0.6220114659874183,1.9603661843503917,0.13856511840594665,0.906364931022674,0.7905841493415657,1.4324142568930733,0.5629538340045657,1.05536321610702,0.768838828096007,1.33785278868473,0.5388858201888773
1.341950203792309,8.473292635551218,7.738058183764296,0.599766125061546,0.515173666489456,1.3459657701711492,0.7068643706475911,0.0,0.03657964670939503,1.227502295684114,0.6774193548387096,0.0,0.001589939274577384,0.17322346269714692,0.31928534001828773,5.670678527821393,259.3888795287976,0.826776537302853,444.5528818416365,1.3194557823129252,0.7030736743312999,0.7060581697800898,0.5556892862601254,-2.0673796559429025,156.5106633471575,0.38246582356297854,1.341950203792309,0.7060581697800898,1.4680891238670695,1.3541103064058007,16.58414344582332,0.5312038404726735,0.5834356117824774,1.4729341345811264,0.7172591319047573,0.014003685180310609,0.3804189537358575,1.2380802929253303,0.6530330828649223,0.0,0.02403372722796652,0.11534648791540786,0.3111671659046718,8.494679923251347,712.1788038832167,0.8846535120845922,314.9423376119105,1.4497442908501696,0.7108102521703183,0.7168732308163109,0.5515420899854863,-8.089463522571972,481.55764271618096,0.43619560207007835,1.4680891238670695,0.7168732308163109,uniform,1.0,0.7974816783010762,0.7964852512262312,0.9468793470937488,5,0.4553572271800232,E2,15.0,"gam,maxent,gbm,rf",bias/uniform,500,10000,500,500,1.2436818014187474,0.7439356806424835,0.4702475215306853,0.22656572011193787,0.3199891284204383,0.7734342798880621,0.6894331267464009,0.5781946255180869,0.351628905406149,"mat,lpann",30.4,0,patchy,0.418403125,41.103372020874716,0.6875944925963968,0.7221511161246936,0.3252807867827414,16.01262269457481,0.6348562783661119,1.8056923444041912,0.22516572277039182,16.58414344582332,0.7168732308163109,1.2436818014187474,0.351628905406149,32.71200627004201,0.7208063625087296,0.9324901837429768,0.35619693487272586
1.3300327839801525,3.87399065460221,2.012449234476754,0.7118722304283605,0.4266126174020911,1.3278728606356969,0.7754724007218493,0.001093693036820999,0.5580964153275649,1.288820018365473,0.7671738498109347,0.0,0.0009847365829640572,0.09657983342193868,0.24251478560867423,-0.05493042146614835,225.93113989697662,0.9034201665780613,63.33433431339722,1.30718820861678,0.772209500034399,0.775457043170734,0.6320686229558307,-2.0673796559429025,156.5106633471575,0.535488789533892,1.3300327839801525,0.775457043170734,1.3598234516616314,4.066991010752474,3.98965661132622,0.6813248810109962,0.44425037764350456,1.3666183701099737,0.7771008761805354,0.20663009041032376,0.7256572414153557,1.2764482803713875,0.7598575367647059,0.0,0.01983833907763007,0.08442692598187311,0.23441195554346234,-4.099806911245752,573.3158346530626,0.9155730740181269,45.95942234711554,1.3308268773102436,0.7715151580982588,0.7759674338124244,0.6585268505079825,-8.089463522571972,481.55764271618096,0.5740999245261094,1.3598234516616314,0.7759674338124244,target,1.0,0.6832138726918385,0.7194483475806679,0.8846348254004097,5,0.20674019382657888,E2,15.0,"gam,gbm",bias/target,500,10000,500,500,1.303251838514437,0.7959243330131421,0.4143219732303621,0.11107013471592511,0.42309623462292223,0.8889298652840749,0.7718911587691786,0.6283590511957347,0.5172889164798096,"mat,lpann",26.4,0,patchy,0.38355875,3.8922023279151627,0.7734567590682698,1.291081849144196,0.5149954180927776,6.439611519403588,0.6197187218886443,2.0814369698678874,0.02996633651806735,3.98965661132622,0.7759674338124244,1.303251838514437,0.5172889164798096,4.376211114508089,0.7512376752506552,1.211662364145172,0.49080197850819784
0.9162457912457912,5.039372536700853,13.77473625095209,0.5830153454784178,0.3178273967747652,0.9101133585241165,0.6239527089927388,0.0006247396917950854,0.2111861137897782,0.7654499540863178,0.5684043535362729,0.0,0.0017848350566223535,0.40158160552897393,0.33373409786875474,11.707356595009188,347.76753765709776,0.5984183944710261,829.1282376100091,0.8431065759637189,0.5997219522397609,0.6245737339174865,0.7258902644047073,-2.0673796559429025,156.5106633471575,0.32430865887573335,0.9162457912457912,0.6245737339174865,1.1558251510574018,0.7937838598759868,40.340732832283535,0.49664574101427866,0.4208364803625378,1.1476687014560225,0.6790829361085613,0.0005244624260133363,0.5615496996915751,0.6907022361710474,0.5172019058226595,0.0,0.025028721483669785,0.26501132930513593,0.30571921555424625,32.25126930971156,1052.577839045972,0.7349886706948641,449.15709595754964,0.8752088713352575,0.5984311501748417,0.6818629705051567,0.6765239477503628,-8.089463522571972,481.55764271618096,0.4115126184452269,1.1558251510574018,0.6818629705051567,uniform,2.0,0.8450983731425593,0.8377072029734036,0.9405719578757508,5,0.5073841912449651,E2,15.0,"gam,maxent,gbm,rf",strong/uniform,500,10000,497,500,0.8032626852072803,0.687984656090294,0.27444302232249385,0.47118033711521357,0.23960844938556963,0.5288196628847864,0.5865142857142858,0.7538284913700842,0.28264815425487066,"mat,lpann",31.0,0,patchy,0.6039275000000001,45.7221267764114,0.6603978718482535,0.6949693038592533,0.28184391644076934,20.336911713107085,0.6194812610825594,1.7533678981278609,0.18226509497387355,40.340732832283535,0.6818629705051567,0.8032626852072803,0.28264815425487066,48.312516814945425,0.649581565159669,0.6496735145454151,0.2742022490004159
1.4241981215665427,2.1381954987746212,0.8505281056863212,0.7088872476612507,0.47089314194577353,1.429073127361636,0.7851469565535668,0.21559254985989781,0.45058883768561186,1.3730716253443527,0.7725377523676853,0.03488372093023256,0.0026464795667159036,0.04669502037923091,0.2402242106345778,-1.2168515502565813,212.03504804637458,0.9533049796207691,60.54256529940982,1.4380045351473922,0.7806093976710443,0.7864909811948317,0.593878954607978,-2.0673796559429025,156.5106633471575,0.5471839342287472,1.4241981215665427,0.7864909811948317,1.4252737915407856,0.44693742634848377,0.8682485147361811,0.7015940423436731,0.4697885196374622,1.4343127241633216,0.7866948978894884,0.48879113442179173,0.6999506172839506,1.378265986661436,0.769709566384041,0.0,0.02384908911866076,0.04451472809667674,0.22897554721898217,-7.221215007835791,542.0560496371966,0.9554852719033232,65.18445650538271,1.4993670565598258,0.7766410048622366,0.7879401288514316,0.6388969521044993,-8.089463522571972,481.55764271618096,0.5943822240078225,1.4252737915407856,0.7879401288514316,target,2.0,0.6685603770650597,0.6491984407645803,0.7379191707920203,5,0.2107191865519261,E2,15.0,"gam,maxent,gbm,rf",strong/target,500,10000,497,500,1.4119357008048246,0.794230910373684,0.4711152569581535,0.05917955615332885,0.40864847448805874,0.9408204438466712,0.7801372511984745,0.5774162791150201,0.5182367229616913,"mat,lpann",31.5,0,patchy,0.364045,-0.9247882589007101,0.7909624141390754,1.4612664598563898,0.5265388923871752,3.7360287717962297,0.6796878133296971,1.8666507581838299,0.2226265299371486,0.8682485147361811,0.7879401288514316,1.4119357008048246,0.5182367229616913,7.274851963662699,0.7739688432482061,1.2649413193917174,0.49408119815224727
1.4156698564593302,0.7415775233956197,-0.05979116092744707,0.7303770720498933,0.4651559454191033,1.4183596354745498,0.787264939982721,0.4413265306122449,0.4110133409026398,1.3955234159779615,0.7887186269154473,0.0,0.0014771048744460858,0.04948608895977317,0.2386690499671269,-2.1271708168703496,187.40966223186985,0.9505139110402269,107.89550043161974,1.4136281179138321,0.7895453819486852,0.7869568008216189,0.5988269906770595,-2.0673796559429025,156.5106633471575,0.5493409017172863,1.4156698564593302,0.7869568008216189,1.4360602341389728,1.1512010858831445,1.2668962157631913,0.7103438371902183,0.4896856117824773,1.4358328780789056,0.7788319957874619,0.6705131567444707,0.6346634051877899,1.4002092323787105,0.7779714945735082,0.0,0.021777039225340553,0.05362537764350453,0.24137786399622502,-6.82256730680878,516.9879334653868,0.9463746223564955,112.24307636124792,1.4317180616740088,0.7776528402465434,0.7769714468419063,0.6236030478955007,-8.089463522571972,481.55764271618096,0.5699776702519963,1.4360602341389728,0.7769714468419063,uniform,0.0,0.6437342541023195,0.6379396532650586,0.8658985376130449,5,0.18672746399582696,E2,15.0,"gam,maxent,gbm,rf",none/uniform,500,10000,499,500,1.416534698570406,0.7926366290944354,0.4534568410091763,0.03692214243877042,0.4514301327729802,0.9630778575612295,0.7970734772655864,0.5932556284174272,0.5563334859786568,"mat,lpann",34.6,1,patchy,0.36226125000000003,-2.0720427099344185,0.7317213219344136,1.247825238084908,0.511697443469723,3.4364742835568567,0.7574573354366844,1.574440852983925,0.4816071256918384,1.2668962157631913,0.7769714468419063,1.416534698570406,0.5563334859786568,-1.3536193811718,0.7457528192941864,1.2834891641538495,0.5220528613941913
1.3465798334219388,0.5840932944441306,6.1046201618387474,0.6296569834236009,0.48639907850434166,1.3511002444987774,0.7341551958856452,0.001668454296269813,0.1663564781675018,1.239279155188246,0.7052479419333012,0.0,0.0015386509108813392,0.13981924508240298,0.2904312806920216,4.037240505895845,277.49932321057486,0.860180754917597,308.63451741656314,1.3477097505668933,0.7335754438155582,0.7331357260180867,0.580505884151001,-2.0673796559429025,156.5106633471575,0.44068663906859795,1.3465798334219388,0.7331357260180867,1.4561225453172206,3.065414354581833,13.672116566332992,0.5803893812571804,0.5470166163141994,1.4650958409538966,0.7421639382172417,0.09483241789037103,0.5125348189415042,1.2549758075062116,0.6858581055219847,0.0,0.024290169046446743,0.09089407099697885,0.28413582842724977,5.582653043761021,722.8279610973308,0.9091059290030211,185.92283230220602,1.493771836548686,0.7449212682362257,0.7402773373309885,0.5795355587808418,-8.089463522571972,481.55764271618096,0.48864148778386296,1.4561225453172206,0.7402773373309885,uniform,1.0,0.7859565505048648,0.7844241050806804,0.9405123367365388,5,0.4369824048545753,E2,15.0,"gam,maxent,gbm,rf",bias/uniform,500,10000,500,500,1.2675662190598087,0.7676745154500582,0.45640714146256806,0.1888409224027594,0.34358951057907866,0.8111590775972406,0.7154446655441604,0.5906092506470004,0.401768328244241,"mat,lpann",33.5,1,patchy,0.40746375,35.52357345596923,0.7138440698703313,0.837082673492852,0.3642456676717165,12.752979703704959,0.6514543592271141,1.8132416426231641,0.2505338568049045,13.672116566332992,0.7402773373309885,1.2675662190598087,0.401768328244241,30.180449162407196,0.7283161139810032,0.9532290604594659,0.374713601117993
1.3764619883040936,3.9767400487145323,0.10006826225975596,0.7252687510257673,0.44298245614035087,1.3801289175372304,0.7866868381240545,0.07085201793721974,0.5102102102102102,1.3604912764003674,0.7824319461599059,0.0,0.0023797800754964712,0.06652046783625731,0.23649954758575306,-1.9673113936831466,187.19026391144433,0.9334795321637427,12.845282558767524,1.390453514739229,0.7886054696022539,0.7856044294063365,0.6179504814305364,-2.0673796559429025,156.5106633471575,0.5514300135942791,1.3764619883040936,0.7856044294063365,1.4029928247734138,3.3808585561908444,1.8672693472020168,0.7054304119481372,0.4626132930513595,1.4112016341654592,0.7845420336111275,0.4686926031056938,0.7088697776194596,1.3494703805413888,0.7756033484727046,0.0,0.02680329886755293,0.05962046827794562,0.2332121212121212,-6.222194175369955,543.3181144349661,0.9403795317220544,48.33146614178037,1.4111347409995443,0.785236520186906,0.7826736077006188,0.6444121915820029,-8.089463522571972,481.55764271618096,0.5847917233040572,1.4029928247734138,0.7826736077006188,target,1.0,0.6738019212369113,0.6899888930346988,0.8060716008169686,5,0.21696526778486774,E2,15.0,"gam,maxent,gbm,rf",bias/target,500,10000,500,500,1.3750569451374275,0.7974623839695606,0.43944291385556544,0.06438596871813784,0.437845450650466,0.9356140312818622,0.7878666094279477,0.6058259228269541,0.5414399541088164,"mat,lpann",34.7,1,patchy,0.37582000000000004,1.9432166097636436,0.7860169905282687,1.3878126559212096,0.5441957177720991,2.6492873405916004,0.7654547269279278,1.5563702627069007,0.4891331078796308,1.8672693472020168,0.7826736077006188,1.3750569451374275,0.5414399541088164,0.6024186339522846,0.755223206031596,1.2893680716749463,0.5146808101794826
0.9841839447102605,5.980150767900739,12.973248206403442,0.5852104874446086,0.3606016303384724,0.9722827294954435,0.6239617729593274,0.0006587615283267457,0.18587491215741392,0.8472451790633608,0.587030547063356,0.0,0.0013129821106187428,0.37641768562821193,0.3417419884963024,10.90586855046054,299.0415960445786,0.623582314371788,836.63339886426,0.9046712018140589,0.6101004809752846,0.6285529283050886,0.6889996943298181,-2.0673796559429025,156.5106633471575,0.312582008701606,0.9841839447102605,0.6285529283050886,1.2381514350453173,1.031026898453831,39.03477192725483,0.4978048580338093,0.45973376132930516,1.2219424716752572,0.688880336946529,0.0012022843402464682,0.5172721194562068,0.7839675689812998,0.5435273420319601,0.0,0.021766781552601346,0.2215823262839879,0.3026864920411887,30.94530840468286,1012.8094259934009,0.7784176737160121,447.1854466544105,0.9266038786774013,0.5925069319421264,0.6955898171387594,0.6466255442670537,-8.089463522571972,481.55764271618096,0.4250432179830659,1.2381514350453173,0.6955898171387594,uniform,2.0,0.8685442141385782,0.8687437235295352,0.9129476420594969,5,0.5868543979874661,E2,15.0,"gam,maxent,gbm,rf",strong/uniform,500,10000,500,500,0.8690587239950539,0.6841787742209805,0.3024491832440289,0.433390459248975,0.23643257028834727,0.566609540751025,0.6063046960235846,0.728707361211107,0.295316901962132,"mat,lpann",33.3,1,patchy,0.58739875,53.830211042431415,0.6376733998539791,0.5925982168036965,0.26025429521871035,11.202854245251238,0.6258445631364487,1.9328589712996507,0.14245691627265789,39.03477192725483,0.6955898171387594,0.8690587239950539,0.295316901962132,49.835871017654156,0.6546264225630876,0.6506497169013168,0.2804047611682656
1.3928318270423534,2.0050703529859675,-0.6359085452176338,0.7219760380764813,0.45549796207690946,1.3975994665481217,0.7822338413616643,0.23176167018531552,0.4064340083297429,1.3819788797061525,0.7804624177179811,0.0,0.004154357459379616,0.06266613503455609,0.24094846677585158,-2.7032882011605364,186.64838693997007,0.9373338649654439,129.05085816202532,1.4102721088435375,0.7804841334800975,0.783451519134991,0.6071565031331194,-2.0673796559429025,156.5106633471575,0.5444903680985633,1.3928318270423534,0.783451519134991,1.3743391238670695,4.714533966300905,-1.809182512244277,0.7008247168882324,0.45588651812688824,1.3830550343222252,0.7721197261011273,0.4952226062207766,0.6406531757162893,1.3736890283771415,0.7721192622137993,0.0,0.029439520761529624,0.08154739425981873,0.24065188441945506,-9.898646034816249,497.7332024331032,0.9184526057401813,107.29815320996505,1.448731581345891,0.7693961952026468,0.7736490516521531,0.6495827285921626,-8.089463522571972,481.55764271618096,0.5680353343323439,1.3743391238670695,0.7736490516521531,target,2.0,0.6917460419270568,0.7144122561431129,0.889043328726087,5,0.24694471554457748,E2,15.0,"gam,gbm",strong/target,500,10000,500,500,1.401935050003254,0.800883337729539,0.455018764778619,0.05308371477536499,0.4031076639472342,0.946916285224635,0.7884611910912014,0.5918546048919071,0.5387708901165422,"mat,lpann",26.6,1,patchy,0.36536124999999997,0.3908544547640229,0.7554289345043503,1.2976115582358938,0.5180683553403522,3.9092802961383404,0.6368781426391781,2.0529969412326183,0.05547663987857798,-1.809182512244277,0.7736490516521531,1.401935050003254,0.5387708901165422,7.792656057864233,0.7457941008167299,1.1694253422131593,0.47551954655119344
1.4637382597908914,1.7090252427359474,0.06963397920098924,0.7329517479074348,0.49056353003721426,1.4670815736830407,0.7895922302106421,0.567077267637178,0.40443458980044344,1.4508264462809917,0.7928398808520205,0.0,0.0010257672739208928,0.026825270246322877,0.23983447652688217,-1.9977456767419133,181.77608303538958,0.9731747297536771,67.78842512868431,1.4706122448979593,0.7906272371826643,0.78999847153916,0.5769142595139845,-2.0673796559429025,156.5106633471575,0.5500889892676617,1.4637382597908914,0.78999847153916,1.485389916918429,0.15615061451376278,1.4258619445456926,0.7170215821434432,0.5119193731117825,1.4876368732334149,0.7839246839552382,0.7165470274249954,0.6609388097233864,1.4698574604420034,0.7841795944300313,0.0,0.019940915805022157,0.026529456193353475,0.2387695721343046,-6.663601578026279,487.74941057994477,0.9734705438066465,47.744456388787235,1.5074687325940554,0.7774434571890145,0.7833543840989164,0.6065130624092888,-8.089463522571972,481.55764271618096,0.5799836062159354,1.485389916918429,0.7833543840989164,uniform,0.0,0.6080271491997188,0.6105390620793607,0.6739154388261508,5,0.09635726040666137,E2,15.0,"gam,maxent,gbm,rf",none/uniform,500,10000,499,500,1.4626982233117123,0.7949647380792867,0.47951059721890793,0.016812373907195696,0.44593561025836764,0.9831876260928043,0.7984637474344406,0.56988577766535,0.5530734037581544,"mat,lpann",38.1,2,patchy,0.3228325,1.1733880086394208,0.7606724422025212,1.3180250341670825,0.5275765391442475,5.5534707577898805,0.6939032878843713,1.7749962036575049,0.3048393687610671,1.4258619445456926,0.7833543840989164,1.4626982233117123,0.5530734037581544,1.2362773776750888,0.7595231584171452,1.31271015467384,0.5257184314951284
1.364766081871345,5.9246927008754255,5.0923620980017015,0.6106290004923683,0.5164805954279639,1.368770837963992,0.7183567762336845,0.012772351615326822,0.030575035063113605,1.2674242424242423,0.6969595723354494,0.0,0.0010257672739208928,0.15171451355661883,0.309740419764242,3.024982442058799,274.7955184074611,0.8482854864433812,357.2868229447976,1.3759637188208618,0.7209009352929948,0.7174371223830266,0.5545621274644659,-2.0673796559429025,156.5106633471575,0.4028476139078472,1.364766081871345,0.7174371223830266,1.5323357250755287,3.6513409231870355,16.65105009158304,0.5529398490070573,0.6054805513595166,1.5410085271133702,0.733601921872517,0.1573010452240505,0.3764705882352941,1.3006146201124624,0.6737301623391387,0.0,0.019940915805022157,0.07314482628398791,0.30092941471991963,8.56158656901107,734.6167414944578,0.9268551737160121,222.38974004234979,1.559091599574662,0.7326348697553399,0.7320160313169913,0.5345972423802613,-8.089463522571972,481.55764271618096,0.4614524160962734,1.5323357250755287,0.7320160313169913,uniform,1.0,0.7916779415627746,0.7886527887527304,0.9600872247532257,5,0.42485237798379566,E2,15.0,"gam,maxent,gbm,rf",bias/uniform,500,10000,500,500,1.29730785083628,0.7628505315970895,0.48478208994077704,0.18747423910449704,0.33047877087607197,0.812525760895503,0.7073721187168907,0.5651573232667199,0.37768308416222274,"mat,lpann",33.3,2,patchy,0.39224,35.6720408369923,0.7173978300956302,0.865609475670868,0.3693158037646107,12.346187033558799,0.6542764735921759,1.8076447491159946,0.2624265827471677,16.65105009158304,0.7320160313169913,1.29730785083628,0.37768308416222274,32.60485429954875,0.7290725910617412,0.9478924875805367,0.37020006915433123
1.4217836257309941,5.598346425401019,1.1779554654578916,0.7278126538650911,0.4654660641502747,1.425250055567904,0.7902338881149644,0.37426086956521737,0.4734166781151257,1.3778466483011937,0.7872638276098437,0.0,0.0025644181848022323,0.043682438419280524,0.23637878195767087,-0.8894241904850109,200.26695486108562,0.9563175615807195,83.5536818077313,1.4190702947845806,0.7940682970725809,0.7897630088997429,0.5985595292679199,-2.0673796559429025,156.5106633471575,0.5548770908486393,1.4217836257309941,0.7897630088997429,1.4421025302114803,2.2548407408206117,2.4348257004259253,0.715534219596258,0.4791587990936556,1.4441462198047552,0.79023527468149,0.6190589542172499,0.6926077823347004,1.3764613573950568,0.7833025180489522,0.0,0.02680329886755293,0.037056268882175225,0.23052437417654809,-5.6546378221460465,529.7251067255221,0.9629437311178247,88.96346790131317,1.4413641197022633,0.7879164981488971,0.7886185933679337,0.6316944847605225,-8.089463522571972,481.55764271618096,0.5946382158783472,1.4421025302114803,0.7886185933679337,target,1.0,0.6806692297255786,0.7059516414170106,0.8620512546470469,5,0.2502882772031416,E2,15.0,gbm,bias/target,500,10000,500,500,1.4048853504566459,0.8148924959347971,0.4483805887584875,0.043495238301841765,0.3843465968864443,0.9565047616981582,0.7954680762777607,0.5978089548753673,0.5543137165735255,"mat,lpann",23.6,2,patchy,0.33793249999999997,7.679071563472052,0.7704891707982898,1.2474998372996073,0.5105490017691552,3.1334903046340123,0.6485129570954065,2.0152721435234398,0.08931524975190208,2.4348257004259253,0.7886185933679337,1.4048853504566459,0.5543137165735255,7.679071563472052,0.7704891707982898,1.2474998372996073,0.5105490017691552
0.958377636009215,5.738420354221944,12.847049352524653,0.5841334318069916,0.34104199893673576,0.9525005556790398,0.6297143767858566,0.00042494422607032827,0.19005847953216373,0.8134986225895317,0.5842827484935946,0.0,0.0017540620384047267,0.3826643629275208,0.3357172950255351,10.77966969658175,325.2276500110464,0.6173356370724792,821.9844358124134,0.8937641723356009,0.6145482847392684,0.6304561752762727,0.7058688674919762,-2.0673796559429025,156.5106633471575,0.3232045045644554,0.958377636009215,0.6304561752762727,1.211433157099698,1.1943437743584013,39.50925612275121,0.4952814705399639,0.44939577039274925,1.2042944348115248,0.6850425094016357,0.00014872652909462725,0.533863673513867,0.7470642081862168,0.535756523301247,0.0,0.02422862301001149,0.23796261329305135,0.30614132834346025,31.419792600179242,1028.0138051307097,0.7620373867069486,443.7506678596328,0.9329079953415362,0.6005291698320803,0.6891796699895404,0.6545718432510885,-8.089463522571972,481.55764271618096,0.4166092299580373,1.211433157099698,0.6891796699895404,uniform,2.0,0.7926227727029629,0.7880008461832401,0.877585538500486,5,0.4032116789465521,E2,15.0,"gam,maxent,gbm,rf",strong/uniform,500,10000,499,500,0.8472351779942295,0.6867579371521768,0.29281731999913224,0.4455821420049027,0.23991549853985505,0.5544178579950972,0.6002677564825254,0.7373470062851472,0.2917648642802444,"mat,lpann",27.7,2,patchy,0.58879625,45.91177807713632,0.6790123456790124,0.7100679002971994,0.30266264723982417,18.086488571658656,0.622696655885582,1.8230036661821811,0.20107808651043024,39.50925612275121,0.6891796699895404,0.8472351779942295,0.2917648642802444,46.07234223141798,0.678490462341707,0.7070091329153741,0.30240221896990804
1.502126528442318,1.6691318767823873,-0.22221271304313506,0.7263663220088626,0.5144205209994683,1.5071571460324518,0.7878755640664202,0.44532803180914515,0.47791653975022846,1.500734618916437,0.7891345059303051,0.15405405405405406,0.0037953389135073033,0.012293992557150453,0.2442492637822031,-2.2895923689860376,168.69472642998883,0.9877060074428495,83.8968333733336,1.5187528344671202,0.7841587367321767,0.7894932540104111,0.5563388353966071,-2.0673796559429025,156.5106633471575,0.5440448428394566,1.502126528442318,0.7894932540104111,1.4679003021148036,1.5754751504104547,-2.2979948713993004,0.7152982931232562,0.4976397280966767,1.4772095674687062,0.7832932219803822,0.6959923865919425,0.6879137043392989,1.4873283640643389,0.779302440511866,0.0,0.023900377482356804,0.02973942598187311,0.23480947476828012,-10.387458393971272,498.8336987438727,0.9702605740181269,87.63102869200866,1.5394703529292622,0.7645756899026958,0.7863045141545524,0.617489114658926,-8.089463522571972,481.55764271618096,0.5877496886770528,1.4679003021148036,0.7863045141545524,target,2.0,0.6609490939789798,0.5590468659546144,0.4970722121662849,5,0.23680225513580783,E2,15.0,"gam,maxent,gbm,rf",strong/target,500,10000,499,500,1.505542660042953,0.798192831937612,0.5122893029915179,0.006746642948564982,0.4306235303657215,0.993253357051435,0.7928448977471472,0.5404837422895059,0.5337370993409409,"mat,lpann",25.7,2,patchy,0.3020375,-1.4198701366501698,0.7777766842182964,1.4200924138230253,0.5418666051869196,-0.48314475096588083,0.6817220045536095,1.9439659847712432,0.15327586542390703,-2.2979948713993004,0.7863045141545524,1.505542660042953,0.5337370993409409,-1.1694225588715028,0.7744039006600202,1.3994620040349697,0.5381085341618461
