2-4_2050_area_ratio,2-4_2050_bearing_err,2-4_2050_change_err,2-4_2050_class_agree,2-4_2050_commission,2-4_2050_fast_disp_area_ratio,2-4_2050_fast_disp_sorensen,2-4_2050_gain_sorensen,2-4_2050_loss_sorensen,2-4_2050_none_disp_area_ratio,2-4_2050_none_disp_sorensen,2-4_2050_novel_err,2-4_2050_novel_share,2-4_2050_omission,2-4_2050_other_err,2-4_2050_pred_change,2-4_2050_pred_shift,2-4_2050_sens,2-4_2050_shift_err_km,2-4_2050_slow_disp_area_ratio,2-4_2050_slow_disp_sorensen,2-4_2050_sorensen,2-4_2050_spec,2-4_2050_true_change,2-4_2050_true_shift,2-4_2050_tss,2-4_2050_unlimited_disp_area_ratio,2-4_2050_unlimited_disp_sorensen,5-8_2100_area_ratio,5-8_2100_bearing_err,5-8_2100_change_err,5-8_2100_class_agree,5-8_2100_commission,5-8_2100_fast_disp_area_ratio,5-8_2100_fast_disp_sorensen,5-8_2100_gain_sorensen,5-8_2100_loss_sorensen,5-8_2100_none_disp_area_ratio,5-8_2100_none_disp_sorensen,5-8_2100_novel_err,5-8_2100_novel_share,5-8_2100_omission,5-8_2100_other_err,5-8_2100_pred_change,5-8_2100_pred_shift,5-8_2100_sens,5-8_2100_shift_err_km,5-8_2100_slow_disp_area_ratio,5-8_2100_slow_disp_sorensen,5-8_2100_sorensen,5-8_2100_spec,5-8_2100_true_change,5-8_2100_true_shift,5-8_2100_tss,5-8_2100_unlimited_disp_area_ratio,5-8_2100_unlimited_disp_sorensen,background,bias_power,cv_auc,cv_auc_dom,cv_boyce,cv_folds,cv_tss,exp,grid_km,kept,label,n,n_bg,n_rec,n_req,now_area_ratio,now_auc_truth,now_commission,now_omission,now_rank_r,now_sens,now_sorensen,now_spec,now_tss,pred,predictors,secs,seed,species,thr,thr_maxtss_change_err,thr_maxtss_fut_sorensen,thr_maxtss_now_area_ratio,thr_maxtss_now_tss,thr_minpres_change_err,thr_minpres_fut_sorensen,thr_minpres_now_area_ratio,thr_minpres_now_tss,thr_p05_change_err,thr_p05_fut_sorensen,thr_p05_now_area_ratio,thr_p05_now_tss,thr_p10_change_err,thr_p10_fut_sorensen,thr_p10_now_area_ratio,thr_p10_now_tss
0.9963434452871073,3.153527905952558,0.5174067122951098,0.9579025110782866,0.01895991332611051,0.9958018308682047,0.9782833102857255,0.8154008438818565,0.6820809248554913,0.9868035495334483,0.9734840956873738,0.0,0.0016720006564910554,0.02261646803900325,0.022080657590547136,-0.43307619434294065,229.4892940635204,0.9773835319609967,15.475416185771717,0.9911684645629599,0.9750081011017498,0.9791737331252968,0.9786026200873362,-0.9504829066380505,217.15741981288664,0.9559861520483328,0.9963434452871073,0.9791737331252968,0.9849608484898703,2.0325555080448225,-0.579126172734501,0.9565177252584933,0.015702034221319966,0.9815417124153218,0.975839248936237,0.9227272727272727,0.8791298994459266,0.9732083054253181,0.9676145935480627,0.0,0.022371984244214674,0.03074118573144964,0.02352398040018047,-8.0718442472401,576.543930466905,0.9692588142685503,24.70478082569044,0.9808091641375534,0.9721559817982836,0.9766024503767402,0.984597878652416,-7.4927180745056,553.820280942773,0.9538566929209664,0.9849608484898703,0.9766024503767402,target,1.0,0.7745882145947158,0.738485078437375,0.8688579051607533,5,0.4692747758381152,E3,15.0,"gam,maxent,gbm,rf",drivers,500,10000,496,500,0.9911658745975778,0.998455660019509,0.01510041391997547,0.02393453932239767,0.963006957404926,0.9760654606776024,0.9803959309767388,0.9826063923715346,0.9586718530491369,drivers,"mat,lpann",48.0,0,broad,0.476784375,-1.1026740863978368,0.9537401893575446,0.9299018856354438,0.9216546720444689,10.000866618454296,0.6695608754750478,1.7931741529970873,0.08637206427688504,-0.579126172734501,0.9766024503767402,0.9911658745975778,0.9586718530491369,-0.4241240540876712,0.923481145834493,0.86461367468956,0.8616034417288541
0.9689869989165764,1.733138857794927,-1.0684149160041234,0.9391822583292303,0.017218696796161583,0.9700103010631475,0.9670774178908632,0.5430809399477807,0.6843980052244123,0.9717575178204035,0.967400583901601,0.0,0.0018976694567536517,0.0482316978795852,0.03476768444960587,-2.018897822642174,222.25501056926612,0.9517683021204147,48.714248253480314,0.9767920153241254,0.9696753332857332,0.9667593566073517,0.9805676855895197,-0.9504829066380505,217.15741981288664,0.9323359877099344,0.9689869989165764,0.9667593566073517,0.968119484608692,1.1259449070021788,-1.0797724863645612,0.9406798785491548,0.01628205659361147,0.964160676182387,0.9692022106906298,0.818298890047219,0.8854831497215334,0.9523703207561212,0.960966684455287,0.017150395778364115,0.023325947808961103,0.04816257198491942,0.0322641628331968,-8.572490560870161,605.4237000303948,0.9518374280150805,2.055675441469351,0.9656801223102024,0.9693761463629821,0.9672557336673367,0.9840289348559353,-7.4927180745056,553.820280942773,0.9358663628710158,0.968119484608692,0.9672557336673367,target,1.0,0.7733486413005145,0.734895816370764,0.8448849399902908,5,0.4544337749120091,E3,15.0,"gam,maxent,gbm,rf",uncorr,500,10000,496,500,0.9795531197301856,0.9978687240978545,0.015426184271040932,0.03587306454085543,0.9504769642139043,0.9641269354591445,0.974085439637564,0.9822311495673671,0.9463580850265116,uncorr,"mat,lpann,wbal",49.5,0,broad,0.4756875,-1.1130834010141815,0.9452982150631258,0.9143032347079565,0.9076642277672216,7.217084116401962,0.6697698940694133,1.8423654760079717,0.029710400847607232,-1.0797724863645612,0.9672557336673367,0.9795531197301856,0.9463580850265116,-0.7451074205982557,0.9259226362304037,0.8727962593898513,0.8697860264291455
0.9531032347933757,0.05115733352351981,-1.1714276075477592,0.9317249302478253,0.01242067791363566,0.9558803521797439,0.9635304873201367,0.48356673335238637,0.6687689792104649,0.9525343419439307,0.9608106094471762,0.004032258064516129,0.0025439028393238142,0.05931744312026002,0.03812217194570136,-2.1219105141858097,236.60771146867282,0.94068255687974,44.54981961157626,0.9605202137312229,0.9660605561954912,0.9632696727157462,0.9859825327510917,-0.9504829066380505,217.15741981288664,0.9266650896308317,0.9531032347933757,0.9632696727157462,0.9187968678791896,1.0764796145265905,-4.384417743661773,0.9165948629574922,0.011186145751336123,0.9139856228377287,0.9484576252841217,0.7103690228690228,0.8560126582278481,0.9160030760834512,0.9452845823191258,0.013513513513513514,0.02960364352535697,0.0923892778721465,0.05244075178114627,-11.877135818167373,616.7689796441516,0.9076107221278535,11.416879228881143,0.9339616183282751,0.9569331697187087,0.9460206417066114,0.989027512496444,-7.4927180745056,553.820280942773,0.8966382346242976,0.9187968678791896,0.9460206417066114,target,1.0,0.7711646375815064,0.7314319115489989,0.8469375348341099,5,0.4128602059890424,E3,15.0,"gam,maxent,gbm,rf",all10,500,10000,496,500,0.9645101946956922,0.9973882895174112,0.012570902958761307,0.048060708263069137,0.9513813317931195,0.9519392917369308,0.9691365250302392,0.9855200423803637,0.9374593341172945,all10,"mat,tcold,twarm,tseas,lpann,lpdry,lpwet,vpd,vpdmax,wbal",80.6,0,broad,0.486940625,-4.783149583577352,0.9370331542392871,0.9458263069139966,0.9275587288099874,8.090647047164312,0.6634734983060632,1.8524260309673464,0.018122020130672878,-4.384417743661773,0.9460206417066114,0.9645101946956922,0.9374593341172945,-5.078915920715277,0.9178959584012141,0.9061973018549747,0.8977851439921802
0.9812142083268843,1.3131440850716558,0.9366827331501515,0.9226161168554079,0.029678068410462777,0.9789314104682125,0.9579052819737178,0.6010107235301368,0.5772980501392758,0.9595585943182526,0.948542824417766,0.0033624747814391394,0.015253159363203676,0.04846386008357839,0.04202039562087895,-0.01380017348789897,278.2922729197171,0.9515361399164216,35.21367175050453,0.9771952817824378,0.9559346923790779,0.9605585664762463,0.9665065502183406,-0.9504829066380505,217.15741981288664,0.9180426901347623,0.9812142083268843,0.9605585664762463,0.9459750590379915,1.343047854304757,-2.478892997176441,0.9043779747250944,0.027551062683846377,0.9457645377141555,0.9440185682040799,0.836462313784128,0.767881591119334,0.8824390364912803,0.9131953138384091,0.0,0.09142663712456918,0.0815760036458549,0.05947502116850127,-9.971611071682041,741.8250271033442,0.9184239963541451,93.97285254256374,0.9205440065718915,0.9322275557245379,0.9439216521183734,0.9729751696671679,-7.4927180745056,553.820280942773,0.891399166021313,0.9459750590379915,0.9439216521183734,target,1.0,0.7665950863682436,0.7213204462359485,0.8661018441317513,5,0.3916722265323257,E3,15.0,"gam,maxent,gbm,rf",raw16,500,10000,496,500,0.9720220757320251,0.9946675427379731,0.026042465123409474,0.05402038939138433,0.9388696328046517,0.9459796106086157,0.9594006296886539,0.9700026487727353,0.9159822593813511,raw16,"x0,x1,x2,x3,x4,x5,x6,x7,x8,x9,x10,x11,x12,x13,x14,x15",90.0,0,broad,0.48333750000000003,-5.944775291660786,0.9114552335178718,0.9027096428023915,0.8829988023199618,12.186755587063146,0.674646598047642,1.735838571209566,0.15241479781034784,-2.478892997176441,0.9439216521183734,0.9720220757320251,0.9159822593813511,-6.755633811369254,0.8990869500949435,0.8865744289437375,0.8709459591888402
1.0084158798947531,7.356497085973388,-1.6943180795589319,0.927580830461185,0.04109271010679461,1.0109424500981516,0.9618711641617939,0.5937222386733787,0.5414262635587352,1.017020303830088,0.9589210463954171,0.005555555555555556,0.001846381093057607,0.03267683021204148,0.03917457968512353,-2.6448009861969823,217.6373304732163,0.9673231697879585,40.503857887799214,1.0132876298013913,0.9624733347354505,0.9632697883653948,0.9536244541484716,-0.9504829066380505,217.15741981288664,0.92094762393643,1.0084158798947531,0.9632697883653948,1.000621452541741,6.052973537808498,-2.2852008257353447,0.9048908583620549,0.05926585739735676,0.9848770483312962,0.9485241932117062,0.820844296991191,0.7694445487662899,0.9621443278509588,0.9311722463841408,0.02164762477450391,0.017058509765304448,0.05864440485561586,0.059024262979389515,-9.777918900240945,673.321995659043,0.9413555951443842,116.2725556915878,0.9579444583894302,0.9406897194736781,0.9410631820911595,0.9418661356524566,-7.4927180745056,553.820280942773,0.8832217307968406,1.000621452541741,0.9410631820911595,target,1.0,0.762325327081318,0.7184798793078631,0.8268716411117314,5,0.3794913109065642,E3,15.0,"gam,maxent,gbm,rf",all10_minus_drivers,500,10000,496,500,1.0259658132761,0.9956294528676277,0.04750498237007512,0.021539169093975165,0.9544461886401381,0.9784608309060249,0.9659203768338015,0.9452807699099417,0.9237416008159665,all10_minus_drivers,"tcold,twarm,tseas,lpdry,lpwet,vpd,vpdmax,wbal",52.4,0,broad,0.449615625,-8.167697742860891,0.9064483385572943,0.9401349072512648,0.9132902270126415,8.124391227876249,0.6659630970857044,1.8414456538402575,0.030769909941726903,-2.2852008257353447,0.9410631820911595,1.0259658132761,0.9237416008159665,-9.22547751406535,0.8953964483655695,0.9235206193469263,0.9037273067285865
1.6079554248568333,60.253880501709205,0.7751243825322551,0.5643874117840144,0.6627263581488934,1.6153621892674583,0.7232300112215096,0.046030330062444245,0.08131903313590523,1.684906170119911,0.6903208328495685,0.5652173913043478,0.00023592647300180536,0.05477093329206005,0.38037244138921666,-0.17535852410579533,47.08660017342998,0.9452290667079399,403.82277967159564,1.674664784756528,0.7089483603467772,0.7248813056379821,0.25207423580786026,-0.9504829066380505,217.15741981288664,0.1973033025158002,1.6079554248568333,0.7248813056379821,1.694473215395451,48.18777181005106,5.740333919229235,0.5004821106187428,0.7389277872146497,1.6945785254086305,0.7092334896594141,0.08761085729642569,0.1998548270021776,1.949815186921684,0.6294340257337482,0.0,0.0010360249466601018,0.04445457181919874,0.3883167157834208,-1.7523841552763653,164.7178726781044,0.9555454281808012,661.8920711900263,1.8665769116673894,0.6668258744487431,0.70926325986177,0.27518592270492137,-7.4927180745056,553.820280942773,0.23073135088572272,1.694473215395451,0.70926325986177,target,1.0,0.5338106719072162,0.5849705612830125,0.40897990308221754,5,0.011795588640702737,E3,15.0,"gam,maxent,gbm,rf",uncorr_minus_drivers,500,10000,496,500,1.5954698758240073,0.6291566599860356,0.6522880576421892,0.056818181818181816,0.2999995948588388,0.9431818181818182,0.7267908034435404,0.24865354052622285,0.19183535870804103,uncorr_minus_drivers,wbal,37.8,0,broad,0.28066562500000003,6.202856045434468,0.7063319712006227,1.556971485512801,0.19127415091531885,4.634086900648948,0.6913520132329879,1.8025831672543309,0.07553416916828537,5.740333919229235,0.70926325986177,1.5954698758240073,0.19183535870804103,8.135945039847957,0.6956528725105043,1.4508661658745976,0.18397045009699453
0.9522326265284011,0.2391028313563197,-0.5780367900588224,0.9387822090924011,0.007409843677449311,0.9538590114866572,0.9687649212159797,0.5600447364742066,0.6808510638297872,0.9483779795922609,0.9670840710796339,0.0,0.0016720006564910554,0.055177217149048136,0.033239147187259184,-1.5285196966968728,233.90050722525035,0.9448227828509519,14.024558671536491,0.9578183284605303,0.9705658200992812,0.9679407771512383,0.9916375545851528,-0.9504829066380505,217.15741981288664,0.9364603374361047,0.9522326265284011,0.9679407771512383,0.9497866346273356,1.1192557559298848,-0.7760933213689984,0.9383206138191367,0.007540290839789535,0.9498249466553417,0.9665320866978325,0.8274143302180685,0.865396588220645,0.9367914465034358,0.9591669441811614,0.0,0.021223124897423274,0.05775365621245391,0.033033253335289614,-8.268811395874598,601.2762962436852,0.9422463437875461,20.180020373689565,0.9529927207174315,0.9674245787862501,0.9665122604224214,0.9926037306457512,-7.4927180745056,553.820280942773,0.9348500744332973,0.9497866346273356,0.9665122604224214,target,1.0,0.779031552185012,0.7441153583519985,0.9015626891898407,5,0.4190972170215884,E3,15.0,"gam,maxent,gbm,rf",drivers,500,10000,500,500,0.9578223210179365,0.9982881841759401,0.006611221830446113,0.048788900812509584,0.9609873344262706,0.9512110991874905,0.9717031918329794,0.9923847783860145,0.9435958775735049,drivers,"mat,lpann",32.2,1,broad,0.494664375,-0.8495576697017064,0.9679866098858027,0.9643185650774183,0.9481952625070624,-0.1818446579004096,0.7500679775324545,1.6697071899432776,0.22858908705633052,-0.7760933213689984,0.9665122604224214,0.9578223210179365,0.9435958775735049,-1.446756449481212,0.9390735311878959,0.9007550206959988,0.8971674827839247
0.958945983593871,0.6775778567330235,-0.641797906576691,0.9423723945511242,0.00853196099674973,0.9606616003576218,0.9690517258470628,0.5812902342144912,0.7068263751599023,0.9525135601321724,0.9685481038391536,0.0,0.0018976694567536517,0.04958597740287881,0.030872634965006217,-1.5922808132147415,239.32763144707252,0.9504140225971212,25.601525089037654,0.9590684544812985,0.970152326060107,0.970332036265234,0.9903711790393013,-0.9504829066380505,217.15741981288664,0.9407852016364224,0.958945983593871,0.970332036265234,0.9545096739445664,2.121342000167033,-1.0245945049099028,0.9389463318562284,0.011393296598583088,0.9526216568954444,0.9659964988594769,0.8313392043729122,0.870707480235151,0.9321525142020788,0.9558719683644253,0.00971322849213691,0.022177088462169703,0.056883622654016655,0.03435578960619348,-8.517312579415503,623.1005741217133,0.9431163773459833,35.63856478241263,0.9476758779636264,0.9621688751420571,0.9650669832118026,0.9888243182834153,-7.4927180745056,553.820280942773,0.9319406956293985,0.9545096739445664,0.9650669832118026,target,1.0,0.7791744994235009,0.7422255935120204,0.8954398349414244,5,0.4141572477061132,E3,15.0,"gam,maxent,gbm,rf",uncorr,500,10000,500,500,0.9652000613214778,0.9977892494528726,0.008201747662118657,0.04300168634064081,0.9564880651004319,0.9569983136593592,0.9739449255012091,0.9905527105774324,0.9475510242367915,uncorr,"mat,lpann,wbal",37.8,1,broad,0.49131687500000004,-0.9063811128046879,0.967154129405576,0.9785566457151618,0.9528253393113202,0.7280501486048756,0.7557869192531997,1.6333933772803924,0.27041762316793205,-1.0245945049099028,0.9650669832118026,0.9652000613214778,0.9475510242367915,-0.363754720991583,0.9426076311848994,0.8988195615514334,0.8953557318432241
0.9502012072434608,1.660739094506198,-0.7369683014008643,0.9315197767930412,0.010021668472372697,0.9521680822530174,0.9626148684302227,0.6072369333148482,0.5923760523854069,0.9449489806521333,0.9599846135763819,0.0035087719298245615,0.0029234367306745445,0.059820461228911936,0.03712848368877504,-1.6874512080389148,231.09281269906137,0.9401795387710881,25.02741510833337,0.9526565177941325,0.962185828462857,0.9641872185075693,0.9886899563318777,-0.9504829066380505,217.15741981288664,0.9288694951029659,0.9502012072434608,0.9641872185075693,0.9444214276836392,3.2466205222462463,-1.2467979092404278,0.920020925652388,0.01769068235489083,0.937436556110294,0.9566519107803512,0.8591113446604776,0.7888044719127663,0.9036491280295701,0.9374755662123068,0.013803123864874683,0.02823937305104218,0.0732692546712516,0.04594922679052093,-8.739515983746028,648.2177131467935,0.9267307453287484,102.78208876715647,0.9199963489491819,0.9454242928452579,0.9532200500719118,0.9826472142073394,-7.4927180745056,553.820280942773,0.9093779595360878,0.9444214276836392,0.9532200500719118,target,1.0,0.786868236956512,0.7556916273136227,0.8960649022931169,5,0.3984868635080424,E3,15.0,"gam,maxent,gbm,rf",all10,500,10000,500,500,0.9573240840104247,0.9970077469090275,0.011651080791047064,0.054326996780622416,0.953314853464359,0.9456730032193776,0.9662916948140315,0.9865795514744835,0.9322525546938611,all10,"mat,tcold,twarm,tseas,lpann,lpdry,lpwet,vpd,vpdmax,wbal",68.4,1,broad,0.498881875,-0.8191426266734414,0.9584645751963379,0.9816802084930247,0.9378875043249482,1.5224824590818198,0.7453889922564407,1.655909857427564,0.24448172346812647,-1.2467979092404278,0.9532200500719118,0.9573240840104247,0.9322525546938611,-1.7404752028053245,0.9361492801626603,0.9121569829832898,0.902961339829353
0.9597778981581798,2.061054935080506,0.30360315016925155,0.9214672575086165,0.019637053087757313,0.9604089327709859,0.9564070787686512,0.6884591391141609,0.5098483133348427,0.9385689644423201,0.948586008018696,0.0014825796886582653,0.013837600525192844,0.05985915492957746,0.04271939587472306,-0.6468797564687989,270.0405943418457,0.9401408450704225,19.720075578604618,0.9496521826797056,0.9520440983318338,0.9594361136065234,0.9778384279475982,-0.9504829066380505,217.15741981288664,0.9179792730180207,0.9597778981581798,0.9594361136065234,0.8994282636615983,1.3773541426087945,-5.551021411194956,0.8875861644510094,0.01920288353979368,0.8991527003791097,0.9269585705870803,0.86665172568355,0.7002935870680203,0.8318821165438715,0.8996411402261494,0.0,0.08809289348432628,0.11977461987819531,0.07546681664791902,-13.043739485700556,767.1411678690916,0.8802253801218047,168.9340583124093,0.8625835748351323,0.9136528472018034,0.9268319282824207,0.981163896452229,-7.4927180745056,553.820280942773,0.8613892765740339,0.8994282636615983,0.9268319282824207,target,1.0,0.781152112861012,0.7468715341395125,0.905342712050949,5,0.38380319696089027,E3,15.0,"gam,maxent,gbm,rf",raw16,500,10000,500,500,0.9568450099647402,0.994340647666894,0.020523532117124023,0.06367852215238387,0.9461825672657432,0.9363214778476161,0.9569705041325551,0.9763597033374537,0.9126811811850697,raw16,"x0,x1,x2,x3,x4,x5,x6,x7,x8,x9,x10,x11,x12,x13,x14,x15",83.2,1,broad,0.4953275,-4.375722485753464,0.9358815220648034,0.9823317491951556,0.9188694406126041,-2.3153891388823737,0.758530204347792,1.678694619040319,0.21823680028253567,-5.551021411194956,0.9268319282824207,0.9568450099647402,0.9126811811850697,-7.509169746948441,0.906887697644038,0.913575042158516,0.890606552307651
0.9823750193468503,4.238377667248585,-0.3019236976675832,0.9285758247168883,0.028439869989165763,0.9805251598608384,0.9624730127576056,0.6653481012658228,0.5623567171022467,0.9717990814439202,0.9569249902509459,0.0044444444444444444,0.002307976366322009,0.046064850642315434,0.03958339759209566,-1.2524066043056337,232.0764877788661,0.9539351493576845,57.194198092977835,0.9736263736263736,0.9589097076071188,0.962416434880203,0.9679039301310044,-0.9504829066380505,217.15741981288664,0.9218390794886888,0.9823750193468503,0.962416434880203,0.9299830136305257,9.400036785474356,-5.200539543977122,0.8777798293123256,0.050731242490781786,0.9171966605208096,0.9172186503862986,0.8149880296197316,0.6982181843791816,0.8656694202574979,0.8986397542781922,0.021396396396396396,0.018217626784835055,0.12074822886025603,0.08609160815780675,-12.693257618482722,738.3947695185901,0.879251771139744,242.1097621450198,0.8757958149829997,0.9091638991277691,0.9111497509874635,0.9502377372292438,-7.4927180745056,553.820280942773,0.8294895083689877,0.9299830136305257,0.9111497509874635,target,1.0,0.7839383971038688,0.7543170898252853,0.9202458292955071,5,0.44419121689198776,E3,15.0,"gam,maxent,gbm,rf",all10_minus_drivers,500,10000,500,500,0.9853786601257091,0.994071687097143,0.0285144871991415,0.04313582707343247,0.947597746854841,0.9568641729265676,0.9639110081559771,0.9671552180822885,0.9240193910088561,all10_minus_drivers,"tcold,twarm,tseas,lpdry,lpwet,vpd,vpdmax,wbal",52.9,1,broad,0.481883125,-5.872218387271877,0.9068976789800588,0.9620956615054422,0.9187565540848692,-0.1117374408396099,0.7607595934126546,1.6309213552046604,0.27326505385837896,-5.200539543977122,0.9111497509874635,0.9853786601257091,0.9240193910088561,-6.44699086520334,0.8978576765660373,0.9217384638969799,0.8971617673958749
1.6175708094722179,53.88616684195546,0.23561192778730478,0.5481290004923683,0.677294536449466,1.625021865464228,0.7165111802162002,0.036108004473558074,0.07394318336278374,1.6816434256738502,0.68576698336924,0.2727272727272727,0.00022566880026259642,0.05972372697724811,0.39079268668048345,-0.7148709788507457,41.23918207693439,0.9402762730227519,358.2995189911539,1.6848674261518297,0.7018234251554567,0.7184342594440379,0.23563318777292577,-0.9504829066380505,217.15741981288664,0.1759094607956777,1.6175708094722179,0.7184342594440379,1.6835977959149853,43.39312218008911,4.005050192637438,0.48772156573116693,0.7383270497576335,1.683702430030453,0.704450191053302,0.06582040432534085,0.16313922892117608,1.9498896082955024,0.6240528789955682,0.3958333333333333,0.0009847365829640572,0.054729253842648214,0.3927016592738623,-3.4876678818681617,149.08568609375038,0.9452707461573517,618.0340889840948,1.8545512630353924,0.6613213957392382,0.7044801926698984,0.27577518592270495,-7.4927180745056,553.820280942773,0.22104593208005663,1.6835977959149853,0.7044801926698984,target,1.0,0.5321432786416366,0.550199782321897,0.38836323257557775,5,0.03554012715246628,E3,15.0,"gam,maxent,gbm,rf",uncorr_minus_drivers,500,10000,500,500,1.6137321784455005,0.6117079931041898,0.6688065307373908,0.055074352291890234,0.2506358185531063,0.9449256477081097,0.7230470325158547,0.2296265230443228,0.17455217075243246,uncorr_minus_drivers,wbal,39.4,1,broad,0.2671725,3.8739514766891303,0.7051480378348841,1.6235819408247738,0.1728145980363862,4.373340672425307,0.6932284075161733,1.7999578414839799,0.07855818470775211,4.005050192637438,0.7044801926698984,1.6137321784455005,0.17455217075243246,4.848978963832162,0.6994720303702168,1.5178215544994635,0.19084488771160846
0.981001392973224,0.5309510554277495,-1.1577065987482538,0.9552150008206138,0.011782231852654389,0.9821966531262755,0.9788598435079324,0.8371376557905056,0.6410814526291672,0.9795299154180261,0.9750244086800416,0.0,0.002143853602494666,0.03078083887943043,0.022615364055962747,-2.1081895053863042,232.68392255767262,0.9692191611205696,43.9159719448402,0.9837080350841819,0.9768860157345856,0.9785143660761373,0.986703056768559,-0.9504829066380505,217.15741981288664,0.9559222178891287,0.981001392973224,0.9785143660761373,0.9717031942660646,1.0749550297443875,-1.947800864449567,0.951050385688495,0.01209760947922277,0.9717014356445899,0.9734386820206775,0.9355416846919227,0.8507265521796565,0.959787651013371,0.9644181719218744,0.0,0.023141309699655343,0.04039441521315822,0.026608702956989246,-9.440518938955167,592.3605615177353,0.9596055847868418,68.2622051962041,0.9647901786732994,0.9712553569562036,0.973377319241033,0.9881334579591173,-7.4927180745056,553.820280942773,0.9477390427459591,0.9717031942660646,0.973377319241033,target,1.0,0.7549256296435486,0.7009464146469075,0.8755669250268305,5,0.3829898593687377,E3,15.0,"gam,gbm",drivers,500,10000,498,500,0.9926030967346313,0.9978235176709647,0.017744902652153918,0.025141805917522613,0.9437535522266544,0.9748581940824774,0.9784770441037872,0.9795603037259403,0.9544184978084176,drivers,"mat,lpann",21.5,2,broad,0.47242249999999997,-2.1438510769781978,0.9742563468530296,1.0002491185037559,0.9543533748699808,7.4927180745056,0.6623674208641485,1.8681588226276253,0.0,-1.947800864449567,0.973377319241033,0.9926030967346313,0.9544184978084176,-0.5579714521436685,0.9575960293482952,0.9254560784914917,0.9215798881037336
0.9660849713666615,1.2864099824764708,-1.49163880870824,0.9414081733136386,0.010930970438012692,0.9693106062078483,0.9733229375363935,0.6698113207547169,0.6266300617707619,0.9665205012572996,0.9659610893296839,0.0,0.003949204004595437,0.044845999071351186,0.02969012285923195,-2.4421217153462904,238.64739597508657,0.9551540009286488,41.51219359275858,0.9701784454078032,0.9668921615785326,0.9716304379913996,0.9876637554585153,-0.9504829066380505,217.15741981288664,0.942817756387164,0.9660849713666615,0.9716304379913996,0.9586941210589551,0.4250433134828313,-2.0901675365132544,0.937058920072214,0.012159754733396859,0.9576143025833316,0.9670885540128683,0.8843677881695615,0.8327202246746569,0.9371387462479224,0.9501331830755045,0.005509641873278237,0.026064746430329886,0.05346563367444173,0.03321853244441636,-9.582885611018854,614.5302493840303,0.9465343663255583,82.19161721182935,0.9454624284051754,0.9578211504175659,0.966495335998477,0.9880724996952087,-7.4927180745056,553.820280942773,0.9346068660207671,0.9586941210589551,0.966495335998477,target,1.0,0.7552566854614668,0.6977993677234648,0.8532595318047947,5,0.39355346865545543,E3,15.0,"gam,gbm",uncorr,500,10000,498,500,0.9808562011344474,0.9967156170646964,0.0189138433236241,0.03805764218917676,0.9385289947372892,0.9619423578108233,0.9712389594559298,0.9782138442521632,0.9401562020629863,uncorr,"mat,lpann,wbal",27.5,2,broad,0.48037124999999997,-2.0424380979294217,0.9629874351241035,0.9650659205886862,0.9371491025832364,7.860763105897672,0.6629677950971641,1.8587881342940364,0.010793748896344768,-2.0901675365132544,0.966495335998477,0.9808562011344474,0.9401562020629863,-1.9571853091230658,0.952178763688355,0.9322014410547295,0.9209439945030486
1.0045465098282,2.3946642198805534,-1.5616742064465727,0.9320736911209585,0.031225816437084043,1.006938640648384,0.9694070250535062,0.5739302358423951,0.6126752664049355,1.006068289033438,0.9587692945198384,0.01901743264659271,0.0064725914984408335,0.026679306608884075,0.030777331529987507,-2.512157113084623,213.86189734744138,0.9733206933911159,51.1165803899289,1.008468595624559,0.9621323160325268,0.9711131057513198,0.9647598253275109,-0.9504829066380505,217.15741981288664,0.938080518718627,1.0045465098282,0.9711131057513198,0.9754319095165099,5.692506693961832,-4.097375990570162,0.9172308386673231,0.031921945560757344,0.9683868161007644,0.9586595941736129,0.805706776797447,0.8096992019643954,0.969214358363722,0.9339766442851564,0.053887173730002805,0.03654808796980141,0.05649003604424742,0.04339632685653447,-11.590094065075762,600.122215124573,0.9435099639557526,118.37712232434352,0.9704036693060721,0.9451180673777345,0.9552442272603343,0.96868777177226,-7.4927180745056,553.820280942773,0.9121977357280127,0.9754319095165099,0.9552442272603343,target,1.0,0.7519288210333704,0.700330316847739,0.8791807825858348,5,0.3620477372609255,E3,15.0,gbm,all10,500,10000,498,500,1.0206385098880884,0.9939817515831659,0.04677678982063468,0.026138279932546374,0.8833680368903862,0.9738617200674536,0.9639148371188772,0.9461195479427865,0.9199812680102402,all10,"mat,tcold,twarm,tseas,lpann,lpdry,lpwet,vpd,vpdmax,wbal",50.1,2,broad,0.45725,-5.530267203684458,0.9361734632634577,0.955426950789514,0.9155104370091958,6.479976094269546,0.6845870766001801,1.795684500996474,0.08348048737418323,-4.097375990570162,0.9552442272603343,1.0206385098880884,0.9199812680102402,-7.315215119648888,0.9108564115804717,0.9179058715315039,0.8935353553701733
1.0319996904503947,1.3629076715921542,1.6679784694944355,0.9128815854258986,0.06415415570345148,1.032594118676022,0.9519693246254028,0.6040796850769414,0.5184139310507119,1.0084997610091648,0.9484619284613076,0.020618556701030927,0.013929919579845724,0.032154465253056805,0.05149277020701134,0.717495562856385,219.47106567134404,0.9678455347469432,50.08505707506113,1.0156265752596028,0.9508728054819187,0.9526040178996478,0.9275982532751091,-0.9504829066380505,217.15741981288664,0.8954437880220523,1.0319996904503947,0.9526040178996478,1.1317272237643452,1.1483527748804931,10.647810404855672,0.8389955686853766,0.18508928201516345,1.1213979407926085,0.8924630378312923,0.6094387091177236,0.7399675799628356,0.9809233211778423,0.927704657307803,0.2717319177173192,0.09274987690792713,0.053362058250818245,0.10236754629943695,3.1550923303500733,388.20884528475307,0.9466379417491817,118.11366601391406,1.0206056180544463,0.9219302307197145,0.8881417201939615,0.8184459706587557,-7.4927180745056,553.820280942773,0.7650839124079374,1.1317272237643452,0.8881417201939615,target,1.0,0.7534433561082914,0.7003024776688241,0.8770213942877738,5,0.3830400391157607,E3,15.0,"gbm,rf",raw16,500,10000,498,500,1.0149087843017017,0.9904291024097781,0.05183581174306301,0.03692702744136134,0.8669297003041587,0.9630729725586387,0.9559469689764708,0.940292247925128,0.9033652204837668,raw16,"x0,x1,x2,x3,x4,x5,x6,x7,x8,x9,x10,x11,x12,x13,x14,x15",73.7,2,broad,0.46175875,4.877765459552985,0.907722852924706,0.9827150084317032,0.9063045745113212,13.514685708258334,0.6776106623246282,1.7027824620573355,0.1904909058802755,10.647810404855672,0.8881417201939615,1.0149087843017017,0.9033652204837668,0.06117191939820632,0.9171446917808219,0.9349992334815269,0.8891034898477517
1.0359657947686116,7.342126339865786,-0.9762923090252396,0.8921713441654358,0.07024841355827272,1.0388913723737148,0.9469128623585598,0.40386206896551724,0.3780404637417595,1.0363058251418358,0.9358575292136552,0.0,0.005846873461349089,0.034282618789661046,0.055748158236860024,-1.92677521566329,211.69886702513054,0.965717381210339,50.101799577601135,1.0342574856336324,0.9405782592750449,0.9486577659523923,0.9207205240174673,-0.9504829066380505,217.15741981288664,0.8864379052278064,1.0359657947686116,0.9486577659523923,0.97269751833285,9.566287675264618,-6.505706805070954,0.862085590021336,0.06548038281476572,0.9578421826769696,0.9267673294041712,0.698376565027257,0.7041705020179848,0.9482771451961003,0.8996523931395394,0.07941525088897669,0.0259621697029378,0.09278286448191574,0.07834072264288046,-13.998424879576554,679.6232174241175,0.9072171355180843,200.35251898218218,0.94486913264724,0.9142790097383551,0.9197731807203612,0.9357703092615922,-7.4927180745056,553.820280942773,0.8429874447796766,0.97269751833285,0.9197731807203612,target,1.0,0.7471898330535742,0.6951032016216406,0.884844463492535,5,0.34593162648896025,E3,15.0,gbm,all10_minus_drivers,500,10000,498,500,1.0462785528131229,0.9891228822372344,0.07946880269814502,0.03319024988502223,0.8957634617196355,0.9668097501149777,0.9449444199919463,0.9084628288892813,0.875272579004259,all10_minus_drivers,"tcold,twarm,tseas,lpdry,lpwet,vpd,vpdmax,wbal",39.3,2,broad,0.4430775,-11.787638231167165,0.8938345461850975,0.980990341867239,0.8881267168328622,6.808598864262483,0.6960069782362652,1.7450942817721906,0.14175348755076822,-6.505706805070954,0.9197731807203612,1.0462785528131229,0.875272579004259,-12.875546533390349,0.8844213128323752,0.9605817875210793,0.8876351833089067
1.5545968116390652,57.519200604077014,0.6799174496554761,0.5452978828163466,0.6426249806531497,1.5617577889642573,0.7124919388490574,0.03446295232624928,0.0726751758270383,1.599347451110788,0.6777690720990103,0.8068181818181818,0.0018053504021007714,0.0880281690140845,0.38663268661624467,-0.2705654569825744,49.31186911599382,0.9119718309859155,364.39161249165187,1.6179050307490674,0.6980860322717295,0.7139849441844262,0.2747598253275109,-0.9504829066380505,217.15741981288664,0.18673165631342648,1.5545968116390652,0.7139849441844262,1.6228818825868998,45.46937380097239,4.726248333156247,0.4832184473986542,0.7064672494510502,1.6229827432619999,0.6987536923247034,0.09774618305194281,0.1749648990171725,1.8339163007615786,0.6159071412314642,0.7083333333333334,0.0029542097488921715,0.08358536686415047,0.3902777777777778,-2.7664697413493533,175.28854896201776,0.9164146331358495,614.9140021344866,1.7875088423887,0.6573671586564831,0.6987845234052299,0.3070264558865364,-7.4927180745056,553.820280942773,0.2234410890223859,1.6228818825868998,0.6987845234052299,target,1.0,0.5585228378732151,0.5973653510130459,0.5742041658275837,5,0.03600438403020902,E3,15.0,"gam,maxent,gbm,rf",uncorr_minus_drivers,500,10000,498,500,1.5439981603556645,0.6198002645639255,0.6329909550820175,0.08899279472635291,0.28874748732409006,0.9110072052736471,0.7162011509837597,0.2708811583966096,0.18188836367025663,uncorr_minus_drivers,wbal,37.3,2,broad,0.3152725,6.517024592771792,0.6937927901619131,1.4514218917675916,0.18753640895069434,7.4927180745056,0.6623674208641485,1.8681588226276253,0.0,4.726248333156247,0.6987845234052299,1.5439981603556645,0.18188836367025663,8.095707899052318,0.6855894107969323,1.3728920741989883,0.182489264477677
1.0614838900384274,3.663420539411163,-3.8678075832231364,0.9844185951091416,0.08986107005616317,1.0661868252229698,0.9405528209011738,0.8725673153825646,0.8805256869772998,1.1458055925432757,0.9066087496121625,0.0,0.0015796816018381749,0.02837718001773574,0.008219121786837076,19.779853235490318,422.7295535381367,0.9716228199822643,33.22836409247432,1.120733104238259,0.9149832559144431,0.9426441066819615,0.9932982077114703,23.647660818713454,450.1325985028951,0.9649210276937346,1.0614838900384274,0.9426441066819615,1.065585009140768,3.13386149275226,-4.404495784714179,0.9813618086328574,0.09403564899451554,1.083577354807223,0.9313111202201791,0.938560627275273,0.9355269008448199,1.8227848101265822,0.600896860986547,0.0,0.022125800098473657,0.028450639853747715,0.01124503047277381,55.53702468312207,1579.0624923104494,0.9715493601462523,111.24676661126104,1.2350689127105665,0.8406988694758479,0.9407014050226795,0.9907252975117201,59.94152046783625,1669.9262134486328,0.9622746576579724,1.065585009140768,0.9407014050226795,target,1.0,0.911905849509866,0.9082686746260158,0.24359955273931028,5,0.7844632727605004,E3,15.0,"gam,maxent,gbm,rf",drivers,500,10000,494,500,1.0957602339181287,0.9994295771390762,0.11695906432748537,0.021198830409356724,0.9451049757816856,0.9788011695906432,0.9340774328566446,0.9930446878803686,0.9718458574710118,drivers,"mat,lpann",26.4,0,narrow,0.9319000000000001,-4.712612184265595,0.9107464266807835,1.193530701754386,0.974357148413548,-58.29724070868849,0.20996821207940983,13.414839181286549,0.261715353851504,-4.404495784714179,0.9407014050226795,1.0957602339181287,0.9718458574710118,-3.37305650637618,0.9433786768980351,0.9862938596491229,0.9493131629281863
1.2120898610700561,6.77029491630725,-7.436806347975185,0.9666317905793533,0.22598285545373928,1.2165545298075418,0.8903007200338839,0.717671846194364,0.7889837083010085,1.4543941411451398,0.7996744879967449,0.0,0.0017950927293615626,0.013892994383683122,0.016678141666581034,16.21085447073827,393.0969083031172,0.9861070056163169,35.70895289159522,1.3573883161512028,0.8340136054421768,0.8915614351573462,0.9831463151165097,23.647660818713454,450.1325985028951,0.9692533207328267,1.2120898610700561,0.8915614351573462,1.210237659963437,0.9724664277147212,-9.849413340161604,0.9589693090431642,0.24005941499085923,1.2503660322108345,0.8751897636087617,0.8686783279606828,0.8772712256359432,4.329113924050633,0.32304038004750596,0.0,0.023048990645002463,0.029821755027422302,0.024800243592570426,50.092107127674645,1540.1701727709317,0.9701782449725777,35.82866624857169,1.5673813169984685,0.75096928124068,0.8778949545078577,0.9763230256040389,59.94152046783625,1669.9262134486328,0.9465012705766167,1.210237659963437,0.8778949545078577,target,1.0,0.9095092626271789,0.9060841683933394,0.18940405488515766,5,0.7781411698732021,E3,15.0,"gam,maxent,gbm,rf",uncorr,500,10000,494,500,1.289656432748538,0.9989466438299315,0.2986111111111111,0.008954678362573099,0.9422860716566669,0.9910453216374269,0.8656716417910447,0.9822422187445662,0.9732875403819929,uncorr,"mat,lpann,wbal",28.6,0,narrow,0.916293125,-8.290739973292816,0.8655854029396858,1.3229166666666667,0.9734394018431578,-55.37191226184037,0.19922377391561671,13.825292397660819,0.23730655538167267,-9.849413340161604,0.8778949545078577,1.289656432748538,0.9732875403819929,-11.079340980656767,0.9170223380078709,1.1403508771929824,0.9637728907558412
1.305350280815844,7.787729816373258,-6.683020373739289,0.9557278844575743,0.32205143363878214,1.2839931153184165,0.8623689799273824,0.6507225987978003,0.7368421052631579,1.5895472703062583,0.7558812186656383,0.0,0.002574675857541441,0.01670115282293822,0.02357127430916215,16.964640444974165,439.10313443922945,0.9832988471770617,56.185271979416065,1.4288659793814433,0.8060743255989435,0.853058084369791,0.9759815700712066,23.647660818713454,450.1325985028951,0.9592804172482683,1.305350280815844,0.853058084369791,1.5167961608775138,5.600505545895487,15.863008733594036,0.9301042179550304,0.530735831809872,1.4691312835529526,0.8009092256757424,0.780025343783733,0.8425587255141023,8.113924050632912,0.21388888888888888,0.0,0.02948055145248646,0.013939670932358319,0.0503836641511827,75.80452920143028,1602.888000680913,0.9860603290676416,101.28172668735246,1.7633996937212864,0.6988085342200056,0.7835837835383848,0.9476537143887487,59.94152046783625,1669.9262134486328,0.9337140434563902,1.5167961608775138,0.7835837835383848,target,1.0,0.9057052209845672,0.9024587864193474,0.3103226425912283,5,0.7407447715711248,E3,15.0,"gam,maxent,gbm,rf",all10,500,10000,494,500,1.3799342105263157,0.9977737760026606,0.39491959064327486,0.014985380116959063,0.9329711857244687,0.985014619883041,0.8277662596943869,0.9765149539210572,0.9615295738040981,all10,"mat,tcold,twarm,tseas,lpann,lpdry,lpwet,vpd,vpdmax,wbal",48.9,0,narrow,0.9115418750000001,18.595979532163746,0.7529411764705882,1.4619883040935673,0.9603286956959431,-52.805015076004786,0.18563414039218182,14.591191520467836,0.1917601286732742,15.863008733594036,0.7835837835383848,1.3799342105263157,0.9615295738040981,7.8645328373888574,0.8346401286690792,1.2136330409356726,0.95302561797033
1.6300620750812889,21.38660378693345,-10.564506917349778,0.9198978335795175,0.6463198344664499,1.680801126584259,0.7347224654176151,0.5259568018188708,0.45520852814662427,2.288282290279627,0.5954646689613282,0.0,0.015181355654029213,0.0162577593851611,0.04669402549787518,13.083153901363676,323.0634528514984,0.983742240614839,137.92288940671597,1.9509736540664375,0.6606629920037265,0.7480753020511379,0.9517977998721369,23.647660818713454,450.1325985028951,0.9355400404869758,1.6300620750812889,0.7480753020511379,1.9908592321755028,13.957579328931558,18.71120177147474,0.8707533234859675,1.0070840950639854,1.9612005856515373,0.6669962917181705,0.6678232135481206,0.7158910928425974,23.88607594936709,0.07934893184130214,0.0,0.09127277203348104,0.01622486288848263,0.10109493170786771,78.65272223931099,1279.425475771999,0.9837751371115173,479.36804310582414,3.6263399693721285,0.42800397219463754,0.6578545232273839,0.9006716552470249,59.94152046783625,1669.9262134486328,0.8844467923585422,1.9908592321755028,0.6578545232273839,target,1.0,0.9030276507886261,0.8933730456538139,0.40070354783669443,5,0.6966817752068459,E3,15.0,"gam,maxent,gbm,rf",raw16,500,10000,494,500,1.7823464912280702,0.9958698037974708,0.7995248538011696,0.017178362573099414,0.903784390843061,0.9828216374269005,0.7064696223316913,0.9524539210572075,0.9352755584841081,raw16,"x0,x1,x2,x3,x4,x5,x6,x7,x8,x9,x10,x11,x12,x13,x14,x15",62.4,0,narrow,0.8887112500000001,20.96441594780662,0.618215533842094,1.9486476608187135,0.9319689253127603,-46.74990370136918,0.20748186430230905,12.207602339181287,0.33350721613632417,18.71120177147474,0.6578545232273839,1.7823464912280702,0.9352755584841081,-0.7429543431403118,0.756218435833294,1.4274488304093567,0.9343083353924717
2.6686373041678983,2.7319175941523213,7.192918891431479,0.8344206466436895,1.676027194797517,2.6247848537005165,0.5482172148838815,0.2652059596844873,0.3027303754266212,3.4647137150466047,0.44437816880405606,0.0,0.0018771541112752338,0.0073898906296186815,0.11705462206464211,30.840579710144933,576.3420484814814,0.9926101093703813,505.20419976481236,2.8093928980526917,0.5202068799615107,0.5411328660059624,0.8750027556711713,23.647660818713454,450.1325985028951,0.8676128650415524,2.6686373041678983,0.5411328660059624,2.791704753199269,11.148462975634288,17.109204169844922,0.7678586082389628,1.7971892138939671,2.761346998535871,0.5295186194368756,0.5101542373448426,0.5982724086129194,40.721518987341774,0.04733009708737864,0.0,0.016914902346955522,0.005484460694698354,0.16461983117520007,77.05072463768117,1344.9445270322465,0.9945155393053017,120.87109261480474,6.283307810107198,0.26871320437342305,0.5245743558836824,0.8227438694554634,59.94152046783625,1669.9262134486328,0.8172594087607652,2.791704753199269,0.5245743558836824,target,1.0,0.8902016713457286,0.8752004103674708,0.5756977322807881,5,0.6385537457551351,E3,15.0,"gam,maxent,gbm,rf",all10_minus_drivers,500,10000,494,500,2.5219298245614037,0.9913226817088002,1.5314327485380117,0.009502923976608187,0.9335235394517757,0.9904970760233918,0.5624740556247405,0.9089288819335768,0.8994259579569686,all10_minus_drivers,"tcold,twarm,tseas,lpdry,lpwet,vpd,vpdmax,wbal",41.5,0,narrow,0.837805,12.676584573071644,0.5004296270836913,2.7697368421052633,0.8866255525354858,-49.51468890512851,0.18084139185056616,14.569992690058479,0.1930207789949574,17.109204169844922,0.5245743558836824,2.5219298245614037,0.8994259579569686,27.294589416449604,0.5709706501051788,2.0688961988304095,0.9182350437910112
8.558675731599171,61.98745686790721,-21.725667014151348,0.41166092236993274,7.584244753177653,9.059458613675481,0.1940270648623425,0.10108593645260759,0.03311649911295092,18.046271637816243,0.10018351830813597,0.0,0.00023592647300180536,0.02556902157848064,0.5282716872723542,1.9219938045621054,97.41598934496007,0.9744309784215194,192.64389301029928,13.21947308132875,0.1364954565959915,0.2038840956180227,0.43437093538502236,23.647660818713454,450.1325985028951,0.40880191380654174,8.558675731599171,0.2038840956180227,6.689213893967093,50.54149872645479,-56.90012367819952,0.34543738716559985,5.732289762340036,7.142996583699365,0.23985615822595147,0.11592498971253895,0.1229692576855786,635.5189873417721,0.003102316794272646,0.0,0.0010360249466601018,0.043075868372943325,0.519022046063643,3.04139678963673,329.4889407398226,0.9569241316270567,1015.6323409929302,44.31240428790199,0.04366487546047518,0.2489003804089396,0.43462630724846735,59.94152046783625,1669.9262134486328,0.391550438875524,6.689213893967093,0.2489003804089396,target,1.0,0.5985092409457838,0.6676508828888286,0.6343505060483408,5,0.012717253927939275,E3,15.0,"gam,maxent,gbm,rf",uncorr_minus_drivers,500,10000,494,500,10.383040935672515,0.7371289874596562,9.41593567251462,0.03289473684210526,0.2770614519229952,0.9671052631578947,0.16992036989468276,0.44005390366892716,0.40715916682682174,uncorr_minus_drivers,wbal,35.7,0,narrow,0.4672812500000001,-54.15367869390033,0.25341676018878656,9.724963450292398,0.4186065466875326,-63.933536435900116,0.1845420712485899,16.388706140350877,0.08486567553468971,-56.90012367819952,0.2489003804089396,10.383040935672515,0.40715916682682174,-53.37681595727403,0.2573796530737415,9.403691520467836,0.42106092533106376
1.0418267809636417,3.6306742955689515,-4.435754848816618,0.9851571475463646,0.07493349098433343,1.0411516194648724,0.946262935990801,0.8762342756661707,0.8873665121902076,1.1378162450066578,0.9018997197134849,0.0,0.0017232890201870998,0.033106710020691696,0.007511302918207973,19.211905969896836,423.01386955609945,0.9668932899793083,16.405076947388196,1.10446735395189,0.9150881776616591,0.9470865001809627,0.9944114988646635,23.647660818713454,450.1325985028951,0.9613047888439719,1.0418267809636417,0.9470865001809627,1.05827239488117,2.4905593542005136,-3.3036040125681936,0.9809925324142459,0.09323583180987204,1.071986334797462,0.9298080320339183,0.935266351989211,0.9368675561923525,1.759493670886076,0.5504587155963303,0.0,0.021428278352207453,0.03496343692870201,0.011761129571588801,56.637916455268055,1588.6132663365202,0.965036563071298,73.46873371906806,1.175344563552833,0.8433650123196058,0.9377151104696347,0.9908041831950956,59.94152046783625,1669.9262134486328,0.9558407462663936,1.05827239488117,0.9377151104696347,target,1.0,0.9479524086778625,0.9571563580000271,0.47091547839141085,5,0.8742674628410534,E3,15.0,"gam,maxent,gbm,rf",drivers,500,10000,495,500,1.080592105263158,0.9994344985753177,0.10818713450292397,0.027595029239766082,0.9373273879464793,0.9724049707602339,0.9347386912604304,0.993566336289341,0.9659713070495748,drivers,"mat,lpann",24.8,1,narrow,0.934995,-3.3311824956692604,0.9311727547377094,1.1030701754385965,0.9688941396919528,-52.51603832637823,0.1671393241475455,16.326937134502923,0.08853894974786991,-3.3036040125681936,0.9377151104696347,1.080592105263158,0.9659713070495748,-1.660359397830554,0.9636735887686458,0.9632675438596491,0.9435186901133898
1.078332840673958,5.45580798941711,-8.186353649857622,0.9795769735762351,0.10671002069169376,1.083867939289626,0.9325724583270761,0.8168624740843123,0.8609991941982272,1.272636484687084,0.8551340266588545,0.0,0.0020412768751025766,0.02837718001773574,0.009394690047179024,15.461307168855832,398.070468425466,0.9716228199822643,21.12565978254861,1.1945017182130584,0.8838083307234575,0.9350021334091879,0.9920416216573709,23.647660818713454,450.1325985028951,0.9636644416396352,1.078332840673958,0.9350021334091879,1.0893510054844606,0.23192483380665863,-9.063216938796835,0.9730736090595765,0.13276965265082266,1.1275012201073695,0.9093307334977347,0.9106288258208125,0.9117211328976035,3.0,0.4240506329113924,0.0,0.022546364680781226,0.04341864716636198,0.016182180711512225,50.878303529039414,1576.3950349756576,0.956581352833638,23.314609026320912,1.3629402756508422,0.7984445884640311,0.9156731926063655,0.9869049765596827,59.94152046783625,1669.9262134486328,0.9434863293933207,1.0893510054844606,0.9156731926063655,target,1.0,0.9472747113912761,0.9563640627364848,0.5610592715337569,5,0.8693488228365087,E3,15.0,"gam,maxent,gbm,rf",uncorr,500,10000,495,500,1.1547880116959064,0.9991725681400057,0.1785453216374269,0.023757309941520467,0.9314953689297668,0.9762426900584795,0.9061148333474685,0.9893822813423753,0.9656249714008549,uncorr,"mat,lpann,wbal",30.5,1,narrow,0.93005375,-7.985196536990031,0.9057106328574472,1.2050438596491229,0.975221414582361,-52.527893120654085,0.180421987899028,15.016995614035087,0.16643844548774123,-9.063216938796835,0.9156731926063655,1.1547880116959064,0.9656249714008549,-1.7924775390126158,0.929672112153864,0.9833698830409356,0.9237360893757609
1.2259828554537393,11.024229573456864,-3.795038365310763,0.9651033973412112,0.25051729234407333,1.2245345016429354,0.8768375888021382,0.738172813762544,0.7384615384615385,1.459387483355526,0.7877639415268002,0.0,0.0034773510585918268,0.02453443689033402,0.01915614159692843,19.85262245340269,395.9609598088743,0.9754655631096659,57.05521727697001,1.3491408934707905,0.8238736102984201,0.8764358276342872,0.9813165494587862,23.647660818713454,450.1325985028951,0.9567821125684521,1.2259828554537393,0.8764358276342872,1.4518967093235833,5.961322384124458,23.659115278443203,0.9393874117840144,0.4772623400365631,1.4366764275256223,0.8015622652846628,0.7939871152469578,0.8740852889225335,5.379746835443038,0.26587301587301587,0.0,0.028649679960610536,0.02536563071297989,0.04645440625165004,83.60063574627945,1534.1582196406741,0.9746343692870201,177.7211819387781,1.715926493108729,0.658020862700874,0.7950044270469266,0.9529277857915615,59.94152046783625,1669.9262134486328,0.9275621550785815,1.4518967093235833,0.7950044270469266,target,1.0,0.9456479677771462,0.9572142970540932,0.5247155148778294,5,0.8581818263763716,E3,15.0,"gam,maxent,gbm,rf",all10,500,10000,495,500,1.2648026315789473,0.9982144332211865,0.28234649122807015,0.017543859649122806,0.9144475702045873,0.9824561403508771,0.8675865407891552,0.9832094418362024,0.9656655821870794,all10,"mat,tcold,twarm,tseas,lpann,lpdry,lpwet,vpd,vpdmax,wbal",55.8,1,narrow,0.92142,24.703042611680466,0.7819136789221284,1.3008040935672514,0.9654608123072417,-51.73703994596703,0.18046104994020373,14.903691520467836,0.1731764041036341,23.659115278443203,0.7950044270469266,1.2648026315789473,0.9656655821870794,21.465966933171664,0.8717540226222718,1.0153508771929824,0.9100236572129332
1.687112030741945,26.98609081140711,-10.973689838553556,0.9123276710979813,0.7038131835648832,1.716945704897512,0.7234508177839207,0.49480455220188024,0.39702143116600075,2.361185086551265,0.5825492720610083,0.0,0.01397095027080256,0.01670115282293822,0.05071468697334748,12.673970980159899,316.7909696569395,0.9832988471770617,151.07458761845893,1.967697594501718,0.6578662961247491,0.7318629338320224,0.94750997552964,23.647660818713454,450.1325985028951,0.9308088227067017,1.687112030741945,0.7318629338320224,1.870315356489945,22.85349182288917,1.6318681413829879,0.8643730510421795,0.9660648994515539,1.8053928745729624,0.6456747705823511,0.6472787341331943,0.6826338425033368,25.79746835443038,0.06991025035427492,0.0,0.08825701624815362,0.09574954296160877,0.1045520003600198,61.573388609219236,1144.871770349852,0.9042504570383912,689.0013392211644,3.6033690658499236,0.40219560878243515,0.6300704589785439,0.9047173638658492,59.94152046783625,1669.9262134486328,0.8089678209042406,1.870315356489945,0.6300704589785439,target,1.0,0.9425575449911452,0.9549427455786521,0.6581732537150486,5,0.7954048085669131,E3,15.0,"gam,maxent,gbm,rf",raw16,500,10000,495,500,1.8514254385964912,0.9960193981805605,0.8660453216374269,0.014619883040935672,0.8846910538830867,0.9853801169590644,0.6911491379862846,0.9484980872891671,0.9338782042482314,raw16,"x0,x1,x2,x3,x4,x5,x6,x7,x8,x9,x10,x11,x12,x13,x14,x15",67.6,1,narrow,0.88304125,-4.19403303065031,0.645224089043125,1.7456140350877194,0.9366854963438853,-47.29281414615048,0.18777892207346378,13.70248538011696,0.24460963310728578,1.6318681413829879,0.6300704589785439,1.8514254385964912,0.9338782042482314,-31.908861058816026,0.6926090923729269,1.4100877192982457,0.9314684402712572
2.212385456695241,4.739841504296521,13.607061352568415,0.8768053504021007,1.2348507242092817,2.130339539978094,0.6235129461161651,0.3690301249081558,0.4624841800759356,2.6108521970705727,0.5313911680649027,0.0,0.002841375348760873,0.022465267514040793,0.08751067266050139,37.25472217128187,571.0127240978485,0.9775347324859592,432.0664669457039,2.193814432989691,0.6044042751596012,0.6086036346905912,0.9079054694561407,23.647660818713454,450.1325985028951,0.8854402019420999,2.212385456695241,0.6086036346905912,2.5590722120658134,10.812575645048696,45.422499337775356,0.8061402429016905,1.5843235831809872,2.4807223035627137,0.5611329220415031,0.5392133492252682,0.6842538029327121,21.582278481012658,0.07847533632286996,0.0,0.019027982931232562,0.025251371115173674,0.14730270931582196,105.3640198056116,1386.9308107769054,0.9747486288848263,150.34358599813524,4.255742725880551,0.3476107226107226,0.5477543420334521,0.8437387306166606,59.94152046783625,1669.9262134486328,0.818487359501487,2.5590722120658134,0.5477543420334521,target,1.0,0.9365948080860484,0.948157217813337,0.6143362460967607,5,0.7693942279064405,E3,15.0,"gam,maxent,gbm,rf",all10_minus_drivers,500,10000,495,500,1.9930555555555556,0.9909315864117453,1.0151681286549707,0.022112573099415205,0.9174126705628983,0.9778874269005848,0.6534375381609476,0.9396300643366371,0.9175174912372219,all10_minus_drivers,"tcold,twarm,tseas,lpdry,lpwet,vpd,vpdmax,wbal",48.0,1,narrow,0.8797262499999999,44.67950205629675,0.5414441459946279,2.0445906432748537,0.9161953527532969,-48.30836949933115,0.17618697722171336,14.831140350877194,0.1774908711528429,45.422499337775356,0.5477543420334521,1.9930555555555556,0.9175174912372219,57.5435229907934,0.5902423355580142,1.618969298245614,0.9114956552178568
8.83490984333432,61.376049412508166,-21.37384477710382,0.3882426555063187,7.850576411469111,9.353152871225161,0.1905179318995874,0.08788249694002448,0.024157202091220478,18.431757656458057,0.0997378925188015,0.0,0.0003282455276546857,0.015666568134791604,0.546123378755541,2.273816041609633,97.23301912377018,0.9843334318652084,148.32400351264113,13.579610538373425,0.13500942803268384,0.2001713177945088,0.4145080575825048,23.647660818713454,450.1325985028951,0.39884148944771325,8.83490984333432,0.2001713177945088,6.912934186471664,50.15299892071704,-56.42728559239141,0.32374240932217296,5.955553016453382,7.381893606637384,0.23310722291769775,0.11237381021055667,0.0888259311724023,656.2025316455696,0.0030432019106685416,0.0,0.0011898900377482356,0.04261882998171847,0.5391282915006367,3.514234875444844,327.36915058832665,0.9573811700182815,1045.7617073884699,45.955589586523736,0.04236514252168808,0.24197880266843794,0.4126059322033898,59.94152046783625,1669.9262134486328,0.3699871022216712,6.912934186471664,0.24197880266843794,target,1.0,0.6410165274196633,0.7025140029167278,0.7241920705396157,5,0.1218598822634835,E3,15.0,gbm,uncorr_minus_drivers,500,10000,495,500,10.681286549707602,0.7760346112178177,9.704495614035087,0.02320906432748538,0.2773493431017425,0.9767909356725146,0.16724030037546933,0.4228938445487741,0.3996847802212886,uncorr_minus_drivers,wbal,27.3,1,narrow,0.41225,-53.70415732740974,0.24419687189672293,9.58077485380117,0.4227279695064474,-65.11669325732248,0.1896321976057635,16.10252192982456,0.10188445487741271,-56.42728559239141,0.24197880266843794,10.681286549707602,0.3996847802212886,-53.70415732740974,0.24419687189672293,9.58077485380117,0.4227279695064474
1.1449896541531186,7.749223616928589,-2.2593812825179,0.9782229607746594,0.15563109665976943,1.1273666092943202,0.9299794057075611,0.7836363636363637,0.9089466375719103,1.26797603195739,0.8706883898429473,0.0,0.002287461020843591,0.010641442506650901,0.011566339382100447,21.388279536195554,414.2705536545279,0.9893585574933491,49.53976027666298,1.2300114547537229,0.8843229915759194,0.9224832908426928,0.9883931130266088,23.647660818713454,450.1325985028951,0.9777516705199578,1.1449896541531186,0.9224832908426928,1.1612202925045705,3.677618078158332,-0.6967696060374351,0.973535204332841,0.17024680073126142,1.1804538799414348,0.9085109954675172,0.9075340621465884,0.9261383385470977,3.3797468354430378,0.45664739884393063,0.0,0.023746512391268668,0.009026508226691042,0.01648576802244334,59.24475086179881,1539.8603264832677,0.990973491773309,79.64871893437932,1.4073506891271057,0.8110687022900763,0.9170499603489294,0.9832086188243779,59.94152046783625,1669.9262134486328,0.9741821105976869,1.1612202925045705,0.9170499603489294,target,1.0,0.9538673957270791,0.9594595932048557,0.5367960501317454,5,0.8738718301355497,E3,15.0,"gam,maxent,gbm,rf",drivers,500,10000,500,500,1.1663011695906433,0.9992386798307261,0.17671783625730994,0.010416666666666666,0.9446487761412807,0.9895833333333334,0.9136156571621393,0.9894909580942445,0.9790742914275778,drivers,"mat,lpann",27.1,2,narrow,0.9287537499999999,0.6817089939201324,0.8921895006402049,1.2256944444444444,0.9815443996009847,-52.08093089562877,0.16655882464887908,16.322916666666668,0.0887780386019823,-0.6967696060374351,0.9170499603489294,1.1663011695906433,0.9790742914275778,-1.1221372079243537,0.9518716577540107,1.0370979532163742,0.9532621329013717
1.1609518179130949,9.052840830288744,-6.461326341613649,0.9720478417856556,0.1800177357375111,1.1436394930370835,0.915036496350365,0.714628937533369,0.8846611177170036,1.3731691078561918,0.8256417449852714,0.0,0.0025644181848022323,0.0190659178244162,0.013852609062300746,17.186334477099805,411.3413615900411,0.9809340821755838,83.02796395026394,1.2616265750286368,0.8644651539708266,0.907872238560974,0.9865743700535703,23.647660818713454,450.1325985028951,0.9675084522291542,1.1609518179130949,0.907872238560974,1.1792733089579526,0.09836431889044661,-5.9656887506946745,0.9629903167569341,0.21755027422303475,1.2202293801854562,0.8815738858053526,0.864284171885122,0.9091691037330122,5.949367088607595,0.2877959927140255,0.0,0.02506975217462662,0.038276965265082265,0.02355751020579942,53.975831717141574,1599.795624805649,0.9617230347349177,82.50472009297106,1.55895865237366,0.755834829443447,0.8826089236092907,0.9785430941218897,59.94152046783625,1669.9262134486328,0.9402661288568073,1.1792733089579526,0.8826089236092907,target,1.0,0.9525054821829334,0.9593074448416898,0.47205978766571804,5,0.869315467988175,E3,15.0,"gam,maxent,gbm,rf",uncorr,500,10000,500,500,1.2249634502923976,0.9983983565088096,0.2410453216374269,0.01608187134502924,0.9410233713014065,0.9839181286549707,0.884435318275154,0.9856655364284472,0.969583665083418,uncorr,"mat,lpann,wbal",29.5,2,narrow,0.92753125,-6.514410493411702,0.8362409638554217,1.429093567251462,0.9692550609047397,-53.189778029413425,0.1655929237027577,16.597404970760234,0.0724547904712225,-5.9656887506946745,0.8826089236092907,1.2249634502923976,0.969583665083418,-4.065196586729321,0.9118979694579628,1.0698099415204678,0.9309871166570574
1.1813479160508424,10.46948937608056,-9.052678739860418,0.965924011160348,0.21563700857227314,1.161790017211704,0.8918645049218298,0.70414673046252,0.8204144282425173,1.4084553928095873,0.7980649619903248,0.0,0.004031265386509109,0.034289092521430684,0.017415932849271332,14.594982078853036,433.9349470626582,0.9657109074785694,33.561728542229986,1.2531500572737686,0.8451448906964921,0.8854258418592046,0.9839179030444655,23.647660818713454,450.1325985028951,0.9496288105230348,1.1813479160508424,0.8854258418592046,1.367573126142596,4.596722104602634,11.657045840407484,0.9403106023305432,0.41510511882998175,1.3308931185944364,0.8179438860971524,0.793118702383878,0.867368072239251,3.759493670886076,0.3351063829787234,0.0,0.032096258000984736,0.04753199268738574,0.04291058616560159,71.59856630824373,1653.8079169019077,0.9524680073126143,67.82432896945716,1.1385911179173047,0.7769423558897243,0.8045943728584528,0.9590583303281645,59.94152046783625,1669.9262134486328,0.9115263376407787,1.367573126142596,0.8045943728584528,target,1.0,0.9532220424273135,0.9613950435957195,0.49677319189895497,5,0.8647225031494405,E3,15.0,"gam,maxent,gbm,rf",all10,500,10000,500,500,1.274671052631579,0.9967226809525117,0.3028143274853801,0.028143274853801168,0.9263073587541656,0.9718567251461988,0.8545030931148068,0.9819922622152669,0.9538489873614657,all10,"mat,tcold,twarm,tseas,lpann,lpdry,lpwet,vpd,vpdmax,wbal",50.3,2,narrow,0.922634375,18.30728094523466,0.7535839160839161,1.4484649122807018,0.9591967415277893,-52.30188483680309,0.18263772954924876,14.78563596491228,0.1801969222743871,11.657045840407484,0.8045943728584528,1.274671052631579,0.9538489873614657,13.392937282205928,0.8243207735561512,1.083516081871345,0.9044210846626215
1.5809932013006207,15.52877854402567,-12.740455012596307,0.9208312817987855,0.6121785397576116,1.5626662494132373,0.7565026254731958,0.4792223572296476,0.5904146838885113,2.073568575233023,0.6305642802989277,0.0,0.01444280321680617,0.031185338456990837,0.0453059950041632,10.907205806117148,368.85217527198785,0.9688146615430092,31.458624559604576,1.734020618556701,0.7003519356460532,0.7507301151004981,0.9543440400343908,23.647660818713454,450.1325985028951,0.9231587015774001,1.5809932013006207,0.7507301151004981,1.962979890310786,15.276990793914763,18.18185952179568,0.8683632857377318,0.9985146252285192,1.90568570034163,0.666806634474071,0.6439900004098192,0.738848814956573,18.379746835443036,0.0953625081645983,0.0,0.09528352207451174,0.03553473491773309,0.10260887311647525,78.12337998963193,1340.0606537559424,0.9644652650822669,384.54488017509027,2.737366003062787,0.47695144437615244,0.6510103347215795,0.9015168589974757,59.94152046783625,1669.9262134486328,0.8659821240797427,1.962979890310786,0.6510103347215795,target,1.0,0.9484874202149275,0.9571775999115557,0.5521428787699523,5,0.806607983594146,E3,15.0,"gam,maxent,gbm,rf",raw16,500,10000,500,500,1.762609649122807,0.9937485158235257,0.7825292397660819,0.019919590643274854,0.9289456883336777,0.9800804093567251,0.7095323146126877,0.9534646148495913,0.9335450242063166,raw16,"x0,x1,x2,x3,x4,x5,x6,x7,x8,x9,x10,x11,x12,x13,x14,x15",72.6,2,narrow,0.891856875,18.834027483703558,0.6155325285760068,1.9760599415204678,0.9258856011311534,-48.52054801967347,0.18415183268105878,14.154605263157896,0.21772300469483574,18.18185952179568,0.6510103347215795,1.762609649122807,0.9335450242063166,-13.58748800197693,0.7094272076372315,1.4184941520467835,0.9253536570298988
2.3047590895654744,3.808310562600468,10.11456254721552,0.869153126538651,1.3255985811409992,2.2275074323267092,0.6072623260774713,0.3458673932788374,0.5169550173010381,2.778295605858855,0.5133039647577092,0.0,0.003272197603807648,0.02083949157552468,0.09375418086015087,33.762223365928975,605.552007630878,0.9791605084244753,496.4919053162177,2.294616265750286,0.5896669216327098,0.5925760286225402,0.9011375410595005,23.647660818713454,450.1325985028951,0.8802980494839758,2.3047590895654744,0.5925760286225402,2.5236517367458866,10.445318525735047,29.51636253096286,0.7997804858033809,1.5574725776965266,2.456320156173743,0.5602231008189776,0.5319258673451844,0.6646285937296734,21.227848101265824,0.07630979498861047,0.0,0.020638437551288365,0.033820840950639856,0.14586911894088567,89.4578829987991,1424.6462635331638,0.9661791590493601,119.64321308890864,4.342266462480858,0.3299412354880321,0.5483965109115082,0.8463870357014064,59.94152046783625,1669.9262134486328,0.8125661947507665,2.5236517367458866,0.5483965109115082,target,1.0,0.9459187455848864,0.9525843736993863,0.588142015145358,5,0.7880658439501278,E3,15.0,"gam,maxent,gbm,rf",all10_minus_drivers,500,10000,500,500,2.130482456140351,0.9873514610048113,1.1511330409356726,0.020650584795321638,0.9312717960770571,0.9793494152046783,0.6256859311150029,0.9315445139975657,0.910893929202244,all10_minus_drivers,"tcold,twarm,tseas,lpdry,lpwet,vpd,vpdmax,wbal",47.6,2,narrow,0.87537875,26.52410652134261,0.5323267157548078,2.296783625730994,0.9062319825385059,-55.86173061395347,0.20635182609105698,13.357456140350877,0.2651278038601983,29.51636253096286,0.5483965109115082,2.130482456140351,0.910893929202244,38.66899224220253,0.5906366077010775,1.6966374269005848,0.889645050288737
8.456104049660064,65.41814632337719,-21.293372650979368,0.4101427868045298,7.491132131244457,8.950555468627758,0.19460955436047425,0.09689469997665189,0.04264607118871726,17.446737683089214,0.10112967842061572,0.0,0.0003590185458723125,0.03502808158439255,0.5225288087590941,2.3542881677340866,95.43846921712756,0.9649719184156075,159.90272589521825,12.958304696449026,0.13809742647058823,0.20409502969678026,0.441315226736624,23.647660818713454,450.1325985028951,0.4062871451522314,8.456104049660064,0.20409502969678026,6.657335466179159,52.250341290852305,-55.707021916904196,0.3412112259970458,5.733660877513711,7.106759394826745,0.23250003762623603,0.12149532710280374,0.1084894567688328,614.3544303797469,0.0031267356468434367,0.0,0.001446331856228459,0.0763254113345521,0.5223478895086648,4.234498550932053,323.43949981147847,0.9236745886654479,1034.5131460942018,43.64701378254211,0.042669227734998025,0.24125221958607518,0.43449107464839526,59.94152046783625,1669.9262134486328,0.35816566331384325,6.657335466179159,0.24125221958607518,target,1.0,0.6743727498348988,0.7155602695484594,0.7231967811750926,5,0.18750617460424124,E3,15.0,gbm,uncorr_minus_drivers,500,10000,500,500,10.215277777777779,0.775365174739824,9.257492690058479,0.042214912280701754,0.2807770545375231,0.9577850877192983,0.17080006517842594,0.44947617805599027,0.40726126577528854,uncorr_minus_drivers,wbal,28.5,2,narrow,0.42608,-55.52300126886509,0.24303596749355819,9.947002923976608,0.4137278185029607,-64.31428270096183,0.18369767124581526,16.537280701754387,0.07603025560772037,-55.707021916904196,0.24125221958607518,10.215277777777779,0.40726126577528854,-54.571437894390826,0.2430682639518969,9.760051169590643,0.4138093260668625
0.870862401662461,4.747958321938825,0.5752208819430837,0.8955153454784178,0.0,0.8758576731281167,0.9338210309608043,0.44139590854392297,0.0,0.8647547902422554,0.927472925413333,0.2571428571428571,0.0010770556376169375,0.12913759833753896,0.07119312405656018,14.260674813768937,178.49455454198917,0.870862401662461,190.14658867950666,0.8835362203153063,0.9381674860145788,0.9309742938749603,1.0,13.685453931825853,190.40704759362447,0.8708624016624609,0.870862401662461,0.9309742938749603,0.8773864516301301,3.12119648537049,1.9890148072720706,0.8545564582307567,0.0,0.8904374048813483,0.9420437858266308,0.7693239687257445,0.04354136429608128,0.8610127816520762,0.9253163547729422,0.08461538461538462,0.009334482192680125,0.12261354836986996,0.09429683778914452,59.98344612688058,724.3904767761294,0.8773864516301301,189.21057519401896,0.9041221430011547,0.9496472128370248,0.9346892333949651,1.0,57.99443131960851,769.6957034423068,0.8773864516301302,0.8773864516301301,0.9346892333949651,target,1.0,0.6108623412807711,0.6989787710290878,0.929275458315636,5,0.12138015013602596,E3,15.0,"gam,maxent",drivers,500,10000,499,500,0.866478231522106,0.9951973246366395,0.0,0.13352176847789402,0.9686968919823424,0.866478231522106,0.9284632597247022,1.0,0.866478231522106,drivers,"tcold,lpann",32.6,0,cold_limited,0.57993,0.9437091915657021,0.92431640625,0.8541807289908876,0.8541807289908876,-37.56876165868756,0.9123931103369308,1.5639132635842052,0.4661741214057509,1.9890148072720706,0.9346892333949651,0.866478231522106,0.866478231522106,-3.010773359839149,0.8755732696825719,0.7938111711103611,0.7938111711103613
0.9657117411310673,1.5508284487644346,3.5028200358419905,0.8558899556868538,0.06545940329523527,0.9685801057328184,0.9165968307176596,0.20966490299823634,0.0,0.9365451169072339,0.9134675108151991,0.13013698630136986,0.0014976202199245036,0.09974766216416803,0.09127611924965585,17.188273967667843,224.46426240222593,0.9002523378358319,253.10339243781533,0.9585112751945719,0.9269112807083686,0.9159555991844748,0.9190677188474949,13.685453931825853,190.40704759362447,0.8193200566833267,0.9657117411310673,0.9159555991844748,0.8975461269392006,15.290013021781704,-6.6277451395751825,0.8330563761693747,0.009799471309177325,0.9420692181951412,0.952190223267086,0.7114263997973144,0.32901296111665007,0.9250694194204803,0.9093031193913168,0.06811594202898551,0.021233382570162482,0.11225334436997678,0.09433230627344945,51.36668618003333,739.951161514729,0.8877466556300232,211.66382009552353,0.9706556205209039,0.9343266646204786,0.9356786040948427,0.9675019923846631,57.99443131960851,769.6957034423068,0.8552486480146864,0.8975461269392006,0.9356786040948427,target,1.0,0.6006579551164698,0.6821358206324838,0.8740684920549592,5,0.09629387931875408,E3,15.0,maxent,uncorr,500,10000,499,500,0.936846101923726,0.9794822386442913,0.0521852851839352,0.11533918326020924,0.9387288364577688,0.8846608167397908,0.9135065670536473,0.9505990415335464,0.835259858273337,uncorr,"mat,lpann,wbal",32.5,0,cold_limited,0.54445,-5.4705294676328435,0.757102084163016,0.6309905501181235,0.6309905501181237,-43.961153178407116,0.936309179230324,1.5542102598717515,0.4719513173118084,-6.6277451395751825,0.9356786040948427,0.936846101923726,0.835259858273337,-1.9596853922641202,0.8575110961975504,0.7600615929800878,0.7431442395508394
0.8948159418138637,5.8253559454160495,1.4175318196240507,0.8878323485967504,0.014435208549799614,0.8961418769449965,0.9305346832239184,0.3959312630037759,0.0,0.8811935511099857,0.92412446997061,0.1826086956521739,0.0023592647300180536,0.11961926673593587,0.07385510703489687,15.102985751449904,207.38642242499645,0.8803807332640641,238.38191019128055,0.8952105368189982,0.9357369246806853,0.9292519804549416,0.9821526885667095,13.685453931825853,190.40704759362447,0.8625334218307734,0.8948159418138637,0.9292519804549416,0.8830204800939895,8.784501011211034,-0.13863523855646065,0.8493660758247169,0.007049210968999493,0.9084183529677019,0.9436678997851272,0.7662701056438564,0.215,0.8760624880768171,0.9203791790479849,0.0675826216115856,0.027623912686689643,0.12402873087501001,0.10165093095627406,57.85579608105205,791.7845897045863,0.87597126912499,178.5320256257282,0.896185780531168,0.9343089682370909,0.9303895293600488,0.9766226866200302,57.99443131960851,769.6957034423068,0.8525939557450202,0.8830204800939895,0.9303895293600488,target,1.0,0.6010497309509001,0.6942590740099606,0.9107272298664378,5,0.11308785559874326,E3,15.0,maxent,all10,500,10000,499,500,0.8837959838002025,0.99133416928628,0.011981100236247048,0.12818511643604455,0.9577782962452652,0.8718148835639554,0.9255937384527528,0.9886581469648562,0.8604730305288117,all10,"mat,tcold,twarm,tseas,lpann,lpdry,lpwet,vpd,vpdmax,wbal",63.7,0,cold_limited,0.570935,-0.22901880238237737,0.8926292807777131,0.8112343908201147,0.8103720985336724,-41.89843007687397,0.9097791414770483,1.6294507256159299,0.4032710942950273,-0.13863523855646065,0.9303895293600488,0.8837959838002025,0.8604730305288117,-1.4909235379779986,0.8729624566200441,0.7847409719878502,0.7845356643006021
1.0045829004007718,2.3069008064102263,2.022023682347207,0.9479217955030362,0.03128246994211073,1.0024933448314648,0.9717554321877604,0.762896755577451,0.03234501347708895,0.9800371402042711,0.963508472769903,0.02771855010660981,0.014432545544066961,0.026699569541338876,0.03211873315223614,15.70747761417306,214.97217054873585,0.9733004304586611,47.197469824100125,0.9953103173019358,0.9695054258138721,0.9710752598598654,0.9613231785648743,13.685453931825853,190.40704759362447,0.9346236090235354,1.0045829004007718,0.9710752598598654,0.9915623080825612,2.366642049213567,0.7258900959878432,0.9377564418184802,0.019492136391551628,0.9880361873626063,0.9756661161476903,0.9236061599885926,0.11827007943512798,0.972740954278568,0.96460652426183,0.02189032037395964,0.08997004759560151,0.027929828308990413,0.03787323737276959,58.72032141559635,815.5307260301072,0.9720701716910096,31.238224675005156,0.99074396524863,0.9761814884037823,0.9761885608559248,0.9353581864872045,57.99443131960851,769.6957034423068,0.9074283581782141,0.9915623080825612,0.9761885608559248,target,1.0,0.5935475551949185,0.6798949616596702,0.9079885269812152,5,0.06119228001713757,E3,15.0,"gam,maxent,gbm,rf",raw16,500,10000,499,500,0.9870275059061762,0.9959670357667354,0.028919169760377995,0.04189166385420182,0.9474494236113169,0.9581083361457982,0.9643634356323181,0.9726238019169329,0.9307321380627309,raw16,"x0,x1,x2,x3,x4,x5,x6,x7,x8,x9,x10,x11,x12,x13,x14,x15",98.1,0,cold_limited,0.5267675,3.097301812292571,0.9724240389116144,0.9494389132635842,0.9106357603736823,-28.80812235700745,0.9060634469410591,1.4765862301721229,0.5488418530351438,0.7258900959878432,0.9761885608559248,0.9870275059061762,0.9307321380627309,5.218343094157184,0.9594991465866923,0.9022316908538643,0.8802227067808617
0.9671218643313048,6.632999818407711,2.4036329278623416,0.9315197767930412,0.018164613329375093,0.9701735967905215,0.9656970492801614,0.6374479497494531,0.00437636761487965,0.9382755127880477,0.9532177112932902,0.16923076923076924,0.002000246184145741,0.051042748998070354,0.037998622716947775,16.089086859688194,202.1972303018182,0.9489572510019296,101.79814843963288,0.9717022550389144,0.9654662861075687,0.9648179588756838,0.9775417507799596,13.685453931825853,190.40704759362447,0.9264990017818893,0.9671218643313048,0.9648179588756838,0.8968518864649809,11.941478740268963,-8.381959159252148,0.8663630395535861,0.012429574644201757,0.9340792514514402,0.9513734061930783,0.7656701643238962,0.12972972972972974,0.9409457998601013,0.9549624322907566,0.03869047619047619,0.027572624322993598,0.11557768817922084,0.10004219409282701,49.61247216035636,676.1543941744134,0.8844223118207791,204.93522277738097,0.9857218790666984,0.9683862690259278,0.932515941947381,0.9587797750819091,57.99443131960851,769.6957034423068,0.8432020869026884,0.8968518864649809,0.932515941947381,target,1.0,0.5931216198522065,0.6837938752720054,0.9039027068656239,5,0.1004971711974361,E3,15.0,"gam,maxent,gbm,rf",all10_minus_drivers,500,10000,499,500,0.9470975362807965,0.9960454150426479,0.016684947688153897,0.06958741140735741,0.9553612923063127,0.9304125885926426,0.9556918143606188,0.9842052715654952,0.9146178601581378,all10_minus_drivers,"mat,twarm,tseas,lpdry,lpwet,vpd,vpdmax,wbal",64.4,0,cold_limited,0.54686625,-7.5531865448755795,0.7542079701949305,0.6357998650016875,0.6355945573144393,-44.21732025016667,0.9028797357730928,1.6873734390820114,0.3493011182108625,-8.381959159252148,0.932515941947381,0.9470975362807965,0.9146178601581378,-5.426975039029138,0.9066146449006824,0.8708656766790415,0.8614625846030757
0.9772153777645837,2.662587889347151,4.287845951697134,0.8422575086164451,0.07956063529761022,0.9748228412882907,0.9132056843963888,0.26068712300026226,0.024324324324324326,0.926901325230016,0.8961582267390923,0.2288135593220339,0.0012104053832266534,0.10234525753302658,0.1004108041491219,17.973299883522987,277.315059542402,0.8976547424669734,163.56137644461717,0.9565356216324087,0.9177699353338366,0.9079989489884014,0.901633327216003,13.685453931825853,190.40704759362447,0.7992880696829765,0.9772153777645837,0.9079989489884014,0.8740354062641852,9.975095669300515,-11.352105363152987,0.7884560150992943,0.020613601772983364,0.9147173214587678,0.9262268538961995,0.6853044665346383,0.07583965330444203,0.8729465629438073,0.8688094160253509,0.26485148514851486,0.020720498933202033,0.14657819550879816,0.12557087191519672,46.64232595645552,862.9173807915367,0.8534218044912019,98.45903156107421,0.9079528583735039,0.9046649246849062,0.9107851448681689,0.931639068449482,57.99443131960851,769.6957034423068,0.7850608729406838,0.8740354062641852,0.9107851448681689,target,1.0,0.5982999214626672,0.6739256332749857,0.8586435693546279,5,0.11366406223933549,E3,15.0,maxent,uncorr_minus_drivers,500,10000,499,500,0.9416976037799527,0.9699307300101815,0.06570620992237597,0.12400860614242322,0.93431476613612,0.8759913938575767,0.9022943553643593,0.9377995207667732,0.81379091462435,uncorr_minus_drivers,"mat,wbal",36.5,0,cold_limited,0.54176,3.335461095848814,0.7824574521692486,0.6293663516706041,0.6278060132475181,-40.43851148459186,0.9078046219769755,1.5955956800539994,0.43026924723345106,-11.352105363152987,0.9107851448681689,0.9416976037799527,0.81379091462435,-1.2569015626467746,0.8602927200152062,0.7620232872089099,0.7405070415853028
0.876317351937064,0.8283464810807004,-0.7949503106293054,0.9065833743640243,0.0,0.8768137677627386,0.9343641684896068,0.5826459390862944,0.016506189821182942,0.8679412509496075,0.9293025147427642,0.9139784946236559,0.0019079271294928607,0.12368264806293602,0.06676121765225791,12.890503621196547,203.6020888001757,0.876317351937064,63.835821819931425,0.8804629814408301,0.9364321341398705,0.9340822340446572,1.0,13.685453931825853,190.40704759362447,0.876317351937064,0.876317351937064,0.9340822340446572,0.8778537288723932,0.29016257923080957,-0.8297206567980737,0.8759129328737896,0.0,0.8778676512034271,0.934962217002724,0.8728482943514838,0.029158878504672896,0.8350043453377706,0.9100843248238419,0.9954545454545455,0.01128344001312982,0.12214627112760675,0.08355811926795867,57.164710662810435,803.969284500784,0.8778537288723932,65.1722193990938,0.8741545849447387,0.9328521691507257,0.9349543208559952,1.0,57.99443131960851,769.6957034423068,0.8778537288723931,0.8778537288723932,0.9349543208559952,target,1.0,0.5963626708851917,0.6956394065977363,0.9272577303239679,5,0.09412693236484751,E3,15.0,"gam,maxent",drivers,500,10000,499,500,0.8824881876476544,0.9942421258200851,0.0,0.11751181235234559,0.9330887751717918,0.8824881876476544,0.9375763348086728,1.0,0.8824881876476542,drivers,"tcold,lpann",34.5,1,cold_limited,0.570495,-1.9657219090052394,0.8768630979157295,0.7905627742153223,0.7905627742153223,-28.966919181900685,0.9211571813384829,1.4337242659466756,0.5887599483081543,-0.8297206567980737,0.9349543208559952,0.8824881876476544,0.8824881876476542,-2.3101895334796367,0.8699922304611184,0.78132382720216,0.7813238272021601
0.8999554697936767,7.661491190857475,3.7974700617797286,0.8374158870835385,0.04640418583939439,0.8979415844925199,0.8980442512840774,0.24619358346927678,0.005964214711729622,0.8504262682535663,0.8843855487637989,0.7945945945945946,0.0018976694567536517,0.1464487160457177,0.10531021654008613,17.48292399360558,292.3025259989468,0.8535512839542824,195.586536256279,0.874595889044103,0.8988886050076648,0.89849609375,0.9426270875389979,13.685453931825853,190.40704759362447,0.7961783714932804,0.8999554697936767,0.89849609375,0.8194574243678406,12.657278057559267,-9.326602031229882,0.778721483669785,0.004432458412325439,0.8549828081844315,0.9098201873333486,0.6943788928004951,0.0350279737290197,0.7928863641181084,0.849106794509535,0.9190564292321924,0.022177088462169703,0.1849750340444848,0.12798187273146885,48.66782928837863,869.736943907305,0.8150249659555152,82.13959011785633,0.8421342033395041,0.8833789363713248,0.8958989147423339,0.9853006287080492,57.99443131960851,769.6957034423068,0.8003255946635646,0.8194574243678406,0.8958989147423339,target,1.0,0.5980611048220914,0.7031346006735715,0.9399013152645184,5,0.10068850122107595,E3,15.0,"gam,maxent",uncorr,500,10000,499,500,0.8708656766790415,0.9794165535783987,0.03269490381370233,0.16182922713466083,0.9106328656660027,0.8381707728653391,0.8960245337903353,0.9690495207667732,0.8072202936321125,uncorr,"mat,lpann,wbal",35.9,1,cold_limited,0.5781550000000001,-4.458579353532954,0.798549957493223,0.6839562942963213,0.679973325163707,-41.603223751439344,0.9402512550137484,1.5161997975025312,0.5101100069116549,-9.326602031229882,0.8958989147423339,0.8708656766790415,0.8072202936321125,-5.664800166447947,0.8513825326372759,0.7691739790752615,0.7493001949496398
0.935338429568057,4.3324092717183476,1.366125399925112,0.9384539635647464,0.0,0.9402159649057028,0.9691869172423788,0.660307050231033,0.03582089552238806,0.9179750147716722,0.956793451352749,0.19298245614035087,0.0029234367306745445,0.064661570431943,0.035286976739401045,15.051579331750965,190.88590916052416,0.935338429568057,44.50744910314476,0.9356216324087009,0.9665546322452935,0.9665890112839982,1.0,13.685453931825853,190.40704759362447,0.9353384295680569,0.935338429568057,0.9665890112839982,0.9310966329337,2.9717562070703707,1.1734525584269093,0.9155075496471361,0.0001468585618541561,0.9446198072261992,0.9711010304497166,0.8697112279730602,0.22938144329896906,0.9172054178943129,0.9563727224482576,0.11187795132582637,0.02823937305104218,0.06905022562815412,0.051459333931493115,59.16788387803542,716.4528300575388,0.9309497743718459,85.78175157580297,0.9556443483201672,0.9719769817616075,0.9641669489709146,0.9995129726379173,57.99443131960851,769.6957034423068,0.9304627470097633,0.9310966329337,0.9641669489709146,target,1.0,0.5908389428404166,0.6899406000077402,0.9318454913575124,5,0.08528647180506388,E3,15.0,"gam,maxent,gbm,rf",all10,500,10000,499,500,0.9242321970975362,0.9987469380327959,0.000442963212959838,0.07621076611542356,0.915246779966496,0.9237892338845765,0.9601639919319477,0.9995806709265176,0.9233699048110942,all10,"mat,tcold,twarm,tseas,lpann,lpdry,lpwet,vpd,vpdmax,wbal",83.2,1,cold_limited,0.568435,0.8455106094360474,0.9661411074693808,0.9298852514343571,0.9289408360730156,-42.58450930637041,0.9193023798127079,1.6093275396557543,0.42318290734824293,1.1734525584269093,0.9641669489709146,0.9242321970975362,0.9233699048110942,2.45787652266862,0.9356126813602194,0.8655501181235234,0.8653448104362753
0.9789965860175153,2.250648858382533,0.20187609191686384,0.9339303298867553,0.028388006531096927,0.9840463424693487,0.9627998828342766,0.6647286821705426,0.004048582995951417,0.9676711403730902,0.956758611814165,0.2038547071905115,0.013837600525192844,0.04939142051358171,0.040743090733209204,13.887330023742717,192.94982053096308,0.9506085794864183,67.27367631761919,0.9850528836559569,0.9609634968985935,0.9606975435964747,0.964901816847128,13.685453931825853,190.40704759362447,0.9155103963335463,0.9789965860175153,0.9606975435964747,0.9442070972737711,0.13826895433521713,-5.343880920299206,0.8975668800262596,0.01805025232971082,0.9764387576799504,0.950347935204198,0.8418870271594701,0.1452991452991453,0.9621425694724124,0.957350272232305,0.04564508616674429,0.08809289348432628,0.07384315505593976,0.07301462317210348,52.6505503993093,688.2957223246984,0.9261568449440603,146.6923944303438,0.9973973130006049,0.9627257377771252,0.9527347639484979,0.940139909678562,57.99443131960851,769.6957034423068,0.8662967546226223,0.9442070972737711,0.9527347639484979,target,1.0,0.5993172509355749,0.6964136074789714,0.9247346122284574,5,0.12134913807430774,E3,15.0,"gam,maxent,gbm,rf",raw16,500,10000,499,500,0.9772612217347283,0.9947375894063929,0.027948869389132637,0.05068764765440432,0.9157779238938324,0.9493123523455956,0.9602295760524013,0.9735423322683706,0.9228546846139662,raw16,"x0,x1,x2,x3,x4,x5,x6,x7,x8,x9,x10,x11,x12,x13,x14,x15",96.8,1,cold_limited,0.537515,-10.197875538241519,0.8448514273422856,0.7888120148498143,0.7842952457303549,-28.795362737384522,0.9182763926607529,1.4403265271684105,0.5831669329073481,-5.343880920299206,0.9527347639484979,0.9772612217347283,0.9228546846139662,-9.440081862352748,0.8781432198783293,0.8433597705028687,0.8346136630260972
0.9817611696600861,2.7410197804335894,0.5604707146169776,0.8854012801575578,0.06254638563158677,0.9845712571707098,0.9296908209822314,0.5062588904694167,0.01026694045174538,0.9572254579218368,0.9187807954802747,0.5365853658536586,0.0021028229115378303,0.08078521597150067,0.07827678011574478,14.24592464644283,247.5757230874378,0.9192147840284993,83.02972727025966,0.9673318698862502,0.9285373745980544,0.9276746341600427,0.9226692971187374,13.685453931825853,190.40704759362447,0.8418840811472368,0.9817611696600861,0.9276746341600427,0.8746228405116018,6.725328333897664,-16.547815752297716,0.8327383883144592,0.020960722010093188,0.9120117242545516,0.9253264939123257,0.7836510278749166,0.040992448759439054,0.9276766220827946,0.9013657056145675,0.7442201834862385,0.027952158214344328,0.14633788149849136,0.11083439739138694,41.44661556731079,680.5803316264349,0.8536621185015086,93.09898981282599,0.9533349218277462,0.9190031152647975,0.9107561265694771,0.9304879128663774,57.99443131960851,769.6957034423068,0.784150031367886,0.8746228405116018,0.9107561265694771,target,1.0,0.5872843468681748,0.6890818664762811,0.9271198451612481,5,0.10686853273631529,E3,15.0,maxent,all10_minus_drivers,500,10000,499,500,0.976944819439757,0.9838406004409145,0.05933597705028687,0.08239115761052987,0.9252232912449212,0.9176088423894702,0.9283100199524129,0.9438298722044729,0.8614387145939431,all10_minus_drivers,"mat,twarm,tseas,lpdry,lpwet,vpd,vpdmax,wbal",53.2,1,cold_limited,0.5266,-14.977513138076738,0.7507585392819438,0.6695283496456295,0.6678858881476442,-43.0901955684798,0.9112718593209606,1.6398709078636517,0.3927909539808869,-16.547815752297716,0.9107561265694771,0.976944819439757,0.8614387145939431,-12.583955203999153,0.8398174776640208,0.8049907188660141,0.7870468270005251
0.9555254564346148,1.0980050511197987,-1.0405438307715666,0.8181519776793041,0.09019222205729553,0.9524952195268269,0.889428708593375,0.29769420807027175,0.013026487190620929,0.916582257111505,0.8640762802373848,0.811965811965812,0.0012001477104874446,0.1346667656226807,0.12348645900730197,12.644910101054286,316.00632095791707,0.8653332343773192,84.00125344545854,0.9320694472161245,0.8869195174351346,0.8850135205654918,0.8884887135254175,13.685453931825853,190.40704759362447,0.7538219479027366,0.9555254564346148,0.8850135205654918,0.8280152732904328,7.054868606249499,-22.336703509993043,0.740675775480059,0.023737683906971778,0.8616904345865509,0.8951427944259838,0.6878963545111466,0.03626806833114323,0.8126629501663947,0.8153795780906496,0.9153543307086615,0.020843591006072543,0.19572241061653894,0.15271957760643648,35.657727809615466,976.0091987419247,0.8042775893834611,74.13775870001014,0.8361773492915926,0.861828708325015,0.879946246768233,0.9212786682015408,57.99443131960851,769.6957034423068,0.7255562575850019,0.8280152732904328,0.879946246768233,target,1.0,0.6064455837833548,0.7061757181999603,0.9081863363976372,5,0.1370070255554257,E3,15.0,"gam,maxent",uncorr_minus_drivers,500,10000,499,500,0.9643520080998987,0.965513320772488,0.09692456969287884,0.1325725615929801,0.9118336546327274,0.8674274384070199,0.8831690397955458,0.9082468051118211,0.7756742435188411,uncorr_minus_drivers,"mat,wbal",38.8,1,cold_limited,0.538795,-0.2660463277651246,0.6810357730878611,0.5172122848464394,0.5167606079344935,-35.83272679018845,0.9229987985979514,1.4948953763077961,0.5292101385673573,-22.336703509993043,0.879946246768233,0.9643520080998987,0.7756742435188411,-14.849750581241494,0.8323872448663069,0.7964689503881202,0.7249808136883114
0.9672146355944783,0.03216008579994423,0.45730937012291584,0.9570716395864106,0.0064012171589728365,0.9752727681751715,0.9744412281118018,0.7507274490785645,0.017543859649122806,0.9545454545454546,0.9726846753471098,0.18556701030927836,0.001989988511406532,0.03918658156449458,0.02488334326885522,14.142763301948769,199.83837435350262,0.9608134184355054,32.132809748842384,0.9750947914587906,0.9788020854383058,0.9768262202310776,0.9920857037988622,13.685453931825853,190.40704759362447,0.9528991222343675,0.9672146355944783,0.9768262202310776,0.9646070865931484,0.9400038202782639,0.20788967885876275,0.9510298703430166,0.0012015700515340044,0.9969562031452568,0.9698402393586993,0.9286780500236648,0.22118742724097787,0.9547448968777158,0.972597837755777,0.16505706760316066,0.011683489249958968,0.036594483458385625,0.02743152497690687,58.20232099846727,764.6344443237094,0.9634055165416143,21.937939425488498,1.0000366575633717,0.9711326979472141,0.9807615203223855,0.9960152306738688,57.99443131960851,769.6957034423068,0.959420747215483,0.9646070865931484,0.9807615203223855,target,1.0,0.6106080275854437,0.7851741219219931,0.926761582494539,5,0.06380205827481426,E3,15.0,"gam,maxent,gbm,rf",drivers,500,10000,500,500,0.9633395207559905,0.9992892326968043,0.004134323320958488,0.04079480256496794,0.923970011978542,0.9592051974350321,0.9771159672532714,0.9960862619808307,0.9552914594158628,drivers,"tcold,lpann",41.7,2,cold_limited,0.5560475,0.11549025018840098,0.8289334823836587,0.7073278771515356,0.7073278771515357,-16.668013875188706,0.9497375294803845,1.236268140398245,0.7763378594249202,0.20788967885876275,0.9807615203223855,0.9633395207559905,0.9552914594158628,2.1322752907441114,0.9304556354916067,0.8590111373607829,0.8577382296998444
1.0797461778239572,3.3888836565866995,4.465356154664592,0.8698198752666995,0.11592697046162981,1.0834239436091635,0.9290406176327677,0.2827117775214661,0.0,1.036042880054022,0.9383317441233779,0.05974025974025974,0.003949204004595437,0.03618079263767256,0.08418895399730184,18.150810086490445,254.03022823397703,0.9638192073623274,145.74641962372283,1.0635202554380363,0.9373615852538127,0.9268623427602819,0.8566709487979446,13.685453931825853,190.40704759362447,0.820490156160272,1.0797461778239572,0.9268623427602819,0.9444340605057275,13.121410835899042,-14.371578353351964,0.859582717872969,0.025646845211075804,0.9945042556789357,0.9608444375362094,0.7480586884918654,0.15784753363228698,1.0252877461474872,0.9323160329471359,0.030303030303030304,0.026064746430329886,0.08121278470534832,0.08348868316007878,43.622852966256545,704.0381697155335,0.9187872152946517,86.00771606481064,1.0573874154584946,0.9340840452921629,0.9450433254143722,0.9149473124944656,57.99443131960851,769.6957034423068,0.8337345277891173,0.9444340605057275,0.9450433254143722,target,1.0,0.6363167865534101,0.8060097053061623,0.9411268700611096,5,0.13435257335946366,E3,15.0,"gam,maxent,gbm,rf",uncorr,500,10000,500,500,1.038938575767803,0.9879890047591083,0.08078805264934188,0.041849476881538984,0.9106278430253865,0.958150523118461,0.9398522687302145,0.9235223642172524,0.8816728873357134,uncorr,"mat,lpann,wbal",43.9,2,cold_limited,0.5131481250000001,-4.258072727833429,0.7985990334292423,0.6842305096186297,0.6805760327856125,-32.87589547436891,0.9526894143457068,1.3346270671616605,0.67686229875601,-14.371578353351964,0.9450433254143722,1.038938575767803,0.8816728873357134,-6.729030465308618,0.8971402552766476,0.8543072899088762,0.8306558443378882
0.9698678937212409,2.314659469021649,-0.4813391511003573,0.9659137534876088,0.004861214190292415,0.9754789846649919,0.9787238080777406,0.8285472322734622,0.009900990099009901,0.9662994851017135,0.976056836840919,0.015,0.006154603643525357,0.03499332046905151,0.02207703740401288,13.204114780725495,211.8276259543811,0.9650066795309485,21.904390777598934,0.970464977050489,0.9779825805144825,0.9797679150026374,0.993989722884933,13.685453931825853,190.40704759362447,0.9589964024158815,0.9698678937212409,0.9797679150026374,0.9451683533149983,1.7427960425807214,-4.675535813382204,0.9408952896766781,0.0020293183092574296,0.9615861563609718,0.972083734429103,0.9286551884597487,0.12414649286157665,0.949509294783475,0.9672726481972774,0.10616438356164383,0.035942885278188084,0.05686096499425917,0.0429754000680967,53.318895506226305,789.4758221015256,0.9431390350057408,13.607134162521929,0.9604281603401822,0.9675296141512169,0.9697248399074793,0.9932701673603117,57.99443131960851,769.6957034423068,0.9364092023660526,0.9451683533149983,0.9697248399074793,target,1.0,0.6143930587872937,0.7877343513352101,0.9427506960662143,5,0.08048689714974286,E3,15.0,"gam,maxent,gbm,rf",all10,500,10000,500,500,0.973991731353358,0.9990416474797934,0.006749915626054675,0.03275818427269659,0.9235598765253482,0.9672418157273034,0.9799856811600397,0.9936102236421726,0.9608520393694759,all10,"mat,tcold,twarm,tseas,lpann,lpdry,lpwet,vpd,vpdmax,wbal",83.0,2,cold_limited,0.544598125,-13.759740110070261,0.8482462749680931,0.8067414782315221,0.8063308628570258,-14.817112315083627,0.9601939630290046,1.1933850826864665,0.8167686611984442,-4.675535813382204,0.9697248399074793,0.973991731353358,0.9608520393694759,-13.701215718364999,0.8488658019302883,0.807437563280459,0.8070269479059626
1.0179605165503933,1.453402761429345,-0.07892710599188923,0.9519120301985885,0.03458512691108802,1.0247459787784485,0.974149105588682,0.7194525904203324,0.0,1.0144551363214316,0.9721247420412524,0.007686395080707148,0.013345232233710815,0.01662461036069467,0.02859014211899737,13.606526825833964,185.26984950232958,0.9833753896393054,25.244890515870633,1.0181201357014569,0.9744086702001424,0.9746230231702832,0.957239860524867,13.685453931825853,190.40704759362447,0.9406152501641722,1.0179605165503933,0.9746230231702832,0.996008117273237,1.3950650245650422,-3.5144859859162594,0.9348945511242409,0.025566740540973538,1.016839524265825,0.9747699531172488,0.901070648081832,0.11710323574730354,1.0147953451893932,0.9718890712452132,0.019550888168919672,0.09181642868865912,0.02955862326773651,0.04465929498401798,54.47994533369225,715.7877498906389,0.9704413767322635,62.60218893585455,1.0317821074433182,0.972287374156533,0.9723821945754323,0.9152129637828743,57.99443131960851,769.6957034423068,0.8856543405151378,0.996008117273237,0.9723821945754323,target,1.0,0.6090180240385813,0.7898002146323806,0.9528140250198787,5,0.07932018529405904,E3,15.0,"gam,maxent,gbm,rf",raw16,500,10000,500,500,1.0186677354033074,0.9975410708458771,0.037862807964900436,0.01919507256159298,0.9288099330113386,0.980804927438407,0.9717348826031076,0.9641573482428115,0.9449622756812186,raw16,"x0,x1,x2,x3,x4,x5,x6,x7,x8,x9,x10,x11,x12,x13,x14,x15",99.6,2,cold_limited,0.5221906250000001,-10.663150102277811,0.8076283260504469,0.7263752953088086,0.7260468030092115,-17.157342465098523,0.9442122845167187,1.2543874451569355,0.759185303514377,-3.5144859859162594,0.9723821945754323,1.0186677354033074,0.9449622756812186,-11.951533631989285,0.9111417780360256,0.906724603442457,0.8971162036792433
0.9705172925634555,5.813830480209845,-2.48860019032926,0.928565567044149,0.022283657414279352,0.9776911251921563,0.9651923332132634,0.5589138516243737,0.01615508885298869,0.9800160378154807,0.9538415628430442,0.03731343283582089,0.005498112588215986,0.05176636485082381,0.04095841241026487,11.196853741496593,213.60338433239465,0.9482336351491762,23.594438857008477,0.9864498104170825,0.9610110406767061,0.962421023888214,0.9724490732244448,13.685453931825853,190.40704759362447,0.9206827083736211,0.9705172925634555,0.962421023888214,0.8571867239860084,6.348711823895087,-21.504210231173126,0.8525767273920892,0.0035112547061493687,0.8901555718392424,0.9365331424779882,0.7489812029273081,0.08144796380090498,0.9551476355003498,0.9424965849216158,0.0812536273940801,0.03534794025931397,0.14632453072014098,0.11636290168222709,36.49022108843538,661.2388141456939,0.853675469279859,117.51104058801671,0.970197400978757,0.9500613999181334,0.9193210981474692,0.9883556185247498,57.99443131960851,769.6957034423068,0.8420310878046089,0.8571867239860084,0.9193210981474692,target,1.0,0.6133361427893418,0.7892821219694539,0.9464585566962433,5,0.06414771507706743,E3,15.0,"gam,maxent,gbm,rf",all10_minus_drivers,500,10000,500,500,0.9922375970300371,0.9944208427838442,0.03765187310158623,0.0454142760715491,0.9258604450380657,0.9545857239284509,0.9583050991021514,0.9643570287539937,0.9189427526824445,all10_minus_drivers,"mat,twarm,tseas,lpdry,lpwet,vpd,vpdmax,wbal",70.2,2,cold_limited,0.5322837499999999,-24.015728512251286,0.8372414221201446,0.849793283833952,0.8392815302468464,-27.491040813026935,0.9545167363349182,1.3220342558218021,0.6949424558910267,-21.504210231173126,0.9193210981474692,0.9922375970300371,0.9189427526824445,-23.85980384594812,0.8316204793911701,0.8388668579142761,0.8298743812128067
1.0490017812082528,2.8362215519705387,0.9940592527583281,0.8361439356638766,0.11715155113552025,1.0535038056315849,0.9104420383793752,0.2011150668368375,0.008605851979345954,1.0162488393686164,0.901806459715739,0.0034602076124567475,0.00296446742163138,0.06814976992726733,0.10273768248644534,14.67951318458418,252.25519283315893,0.9318502300727327,112.26988111508568,1.0646178407503493,0.9065901138626302,0.9095650756567331,0.8551569095246834,13.685453931825853,190.40704759362447,0.7870071395974161,1.0490017812082528,0.9095650756567331,0.928800299057435,7.9805228155661325,-16.880841055916832,0.7990009026752011,0.040399455288243305,0.9715066794430979,0.9312395465526854,0.6783448275862068,0.07097422162705055,0.9865824448354071,0.8857993405960244,0.05156854318865492,0.023869604464139178,0.11159915623080825,0.11837832725591366,41.11359026369168,770.5491102747533,0.8884008437691917,27.266008425139677,1.0483329973056692,0.8975705784976064,0.9211952571796416,0.866023200212521,57.99443131960851,769.6957034423068,0.7544240439817127,0.928800299057435,0.9211952571796416,target,1.0,0.6370399712655085,0.8069269444880571,0.9476266568048958,5,0.1089536088182161,E3,15.0,"gam,maxent,gbm,rf",uncorr_minus_drivers,500,10000,500,500,1.0399088761390483,0.9702146707438197,0.11536027674654067,0.0754514006074924,0.9057865405747808,0.9245485993925076,0.9064606857757372,0.8907947284345048,0.8153433278270124,uncorr_minus_drivers,"mat,wbal",46.2,2,cold_limited,0.5205700000000001,-4.908332698226928,0.7088605414344654,0.5676468106648667,0.5600914877741343,-32.496165357109774,0.9190806356099487,1.4658074586567669,0.551531265803267,-16.880841055916832,0.9211952571796416,1.0399088761390483,0.8153433278270124,-7.48770302707824,0.8803556875072768,0.8762445156935539,0.7741655335937694
0.9168411757285228,1.9084050805911374,-1.9909824829451694,0.9317454455933037,0.009259492872461209,0.9407994468232228,0.9594387195790397,0.5798319327731093,0.8316433419927931,0.933426769446391,0.9547541379726954,0.13131313131313133,0.0010155096011816838,0.09241831714393844,0.04124695807534732,-3.8116413880727396,421.4340393683653,0.9075816828560616,142.0357376260554,0.9364104874820468,0.9564863292611984,0.9469555374206966,0.9936563358857795,-1.8206589051275701,449.75910574258063,0.9012380187418412,0.9168411757285228,0.9469555374206966,0.9642194237413976,1.510876165935315,2.6325888506512616,0.949183489249959,0.008081327279476856,0.9643975810203133,0.9729405449780556,0.8663559760862402,0.9305714379063613,0.9534864609442413,0.9656303899709731,0.04179728317659352,0.009816592811422945,0.04386190353807933,0.018429312863225286,-10.622303396066602,1086.2915839321493,0.9561380964619207,53.549652151881844,0.9802399161458131,0.9789252876943284,0.9735552809478811,0.9954697529974867,-13.254892246717864,1037.4235233257118,0.9516078494594074,0.9642194237413976,0.9735552809478811,target,1.0,0.75600862936766,0.7761662695474171,0.796417436652703,5,0.3814112328093088,E3,15.0,"gam,maxent,gbm,rf",drivers,500,10000,498,500,0.935818677235571,0.9956330810689868,0.007257864751052762,0.0714391875154818,0.9205643958197784,0.9285608124845182,0.9593468886358111,0.9948702685668266,0.9234310810513446,drivers,"wbal,tcold",31.2,0,drought_limited,0.621355625,2.7052445173461503,0.9733306248004875,0.9387416398315581,0.923690499075297,13.32263875161409,0.5285607552808531,2.4132276442903144,0.0011555026436500526,2.6325888506512616,0.9735552809478811,0.935818677235571,0.9234310810513446,2.9603246408098194,0.9586585202693663,0.8905375278672282,0.8902838569556057
0.8808376434969093,3.823416766660273,-6.349155393362616,0.9033829804693911,0.022278289390690046,0.9241775484694555,0.9328136445937167,0.17376839411388356,0.8339052848318462,0.9484933426769446,0.9414373913564706,0.06293706293706294,0.0014668472017068768,0.14144064589378075,0.06656736350095023,-8.169814298490186,332.8816972559981,0.8585593541062192,290.975980709599,0.9582922639330874,0.9458561629060788,0.9129542436315344,0.9847371787115621,-1.8206589051275701,449.75910574258063,0.8432965328177813,0.8808376434969093,0.9129542436315344,0.7962249064793397,0.34518804418058835,-13.40353270988164,0.8787543082225505,0.012393272223650019,0.8447201116452163,0.9012322848544962,0.37765922413225317,0.9275163846229091,0.9607593376340552,0.9449066409606236,0.019351717464925013,0.021202609551944855,0.21616836574431023,0.08346171178252167,-26.658424956599504,866.0329157710898,0.7838316342556898,331.3276307849799,0.9862960518653674,0.9576859181080817,0.872754443419923,0.9930525540668171,-13.254892246717864,1037.4235233257118,0.7768841883225068,0.7962249064793397,0.872754443419923,target,1.0,0.7545683160030209,0.7767845775046842,0.8075586201130284,5,0.37045624967940627,E3,15.0,"gam,maxent,gbm,rf",uncorr,500,10000,498,500,0.9417389150359178,0.9951059604537089,0.020312112955164725,0.07857319791924697,0.9237625218293659,0.921426802080753,0.9490738378323212,0.9856437550334396,0.9070705571141926,uncorr,"mat,lpann,wbal",34.7,0,drought_limited,0.606851875,-13.652760040297098,0.864452438178504,0.9141441664602428,0.8953302405149164,13.255918024513878,0.5285607552808531,2.414837750805053,1.7507615812872857e-05,-13.40353270988164,0.872754443419923,0.9417389150359178,0.9070705571141926,-14.508100178632356,0.8270399705286424,0.8469903393609116,0.8446227441857692
0.925520373407342,4.321112544559526,-4.3681245641714606,0.916533316921057,0.0356755392960767,0.9663572777319752,0.9441010590096974,0.39780324737344797,0.7772092619894199,0.9838238729268862,0.951429160166024,0.09210526315789473,0.0023387493845396356,0.11015516588873471,0.05921242031667695,-6.188783469299031,348.32139262465483,0.8898448341112652,236.8759386807698,0.9848770734180067,0.9514053432840056,0.924264262690322,0.9755587437125127,-1.8206589051275701,449.75910574258063,0.8654035778237779,0.925520373407342,0.924264262690322,0.8845483880179331,0.9028492123272258,-7.52867934625454,0.9142355982274741,0.020703046917387703,0.9038920762908979,0.9255428320112069,0.6586879432624113,0.927488422254647,0.9701277889633069,0.9621874152710285,0.03080920564216778,0.027634170359428854,0.13615465889945458,0.057071122644893134,-20.783571592972404,979.2586901299078,0.8638453411005454,182.20865502913884,0.9935168290694515,0.9683550466397928,0.9167664216986136,0.9883942435447982,-13.254892246717864,1037.4235233257118,0.8522395846453437,0.8845483880179331,0.9167664216986136,target,1.0,0.7537841941243404,0.7772322385414229,0.7384452711323928,5,0.37185045150424834,E3,15.0,"gam,maxent,gbm,rf",all10,500,10000,498,500,0.9686153083973248,0.996860745273835,0.02172405251424325,0.0531087441169185,0.9187908295551359,0.9468912558830815,0.9619870899550791,0.9846458209321055,0.9315370768151872,all10,"mat,tcold,twarm,tseas,lpann,lpdry,lpwet,vpd,vpdmax,wbal",70.6,0,drought_limited,0.601649375,-7.105545972951189,0.918553127354936,0.9745107753282141,0.9335429231011998,13.25694384439956,0.5285647442379968,2.4147882090661383,5.252284743861857e-05,-7.52867934625454,0.9167664216986136,0.9686153083973248,0.9315370768151872,-12.097572923883627,0.8668509448297044,0.8907852365618033,0.8859654892409781
1.1554686514444303,20.825081265405686,10.949477472539293,0.8125923190546529,0.2647407594297969,1.2001010611419909,0.8494064743853202,0.1953770879028176,0.2009591230874629,1.1483882270497547,0.8835249667020033,0.021183345507669833,0.014042753979977023,0.10927210798536646,0.15392378197858905,9.128818567411724,362.24837785900127,0.8907278920146335,287.33426779073386,1.1951617899687403,0.8733771232103453,0.8264818803258732,0.8186265189359238,-1.8206589051275701,449.75910574258063,0.7093544109505574,1.1554686514444303,0.8264818803258732,1.2872155115794284,25.243104330502774,20.668036220410855,0.6885667979648777,0.5219737856592136,1.3970227942316638,0.6926460694509134,0.2048,0.5877645248172374,1.315240169289559,0.8162070067085507,0.06250732965873108,0.08746717544723454,0.23475827407978525,0.29189195265340995,7.413143973692993,922.3005833683206,0.7652417259202148,511.51362855079685,1.5471485694320433,0.7533682862890935,0.669147023571714,0.7073908658694713,-13.254892246717864,1037.4235233257118,0.4726325917896861,1.2872155115794284,0.669147023571714,target,1.0,0.7434320932245051,0.7518540000111299,0.7928323443065496,5,0.3677052681697112,E3,15.0,"gam,maxent,gbm,rf",raw16,500,10000,498,500,1.0395343076541987,0.9855713558162229,0.09464949219717612,0.05511518454297746,0.8696970557941146,0.9448848154570225,0.9265691799455888,0.9331033999789908,0.8779882154360132,raw16,"x0,x1,x2,x3,x4,x5,x6,x7,x8,x9,x10,x11,x12,x13,x14,x15",81.5,0,drought_limited,0.567611875,14.971223719814642,0.6952850296637206,0.9409957889521923,0.8742803391955065,13.342169305172968,0.5286086267406317,2.4124597473371314,0.0016982387338493332,20.668036220410855,0.669147023571714,1.0395343076541987,0.8779882154360132,14.332461165672916,0.6978481481990085,0.9264057468417142,0.8687378929328933
1.0448845717169168,0.963994053079773,-2.6651456567857617,0.8429960610536681,0.16651949034943864,1.1002898859072896,0.8808580147645397,0.17415947442998841,0.3211720769893709,1.13986218173324,0.897169991539994,0.04597701149425287,0.0017848350566223535,0.12163491863252177,0.1172801446862733,-4.485804561913332,244.8875518522986,0.8783650813674783,318.08542195691456,1.150384409586302,0.8947327064616674,0.8590852447284976,0.8859177570739634,-1.8206589051275701,449.75910574258063,0.7642828384414417,1.0448845717169168,0.8590852447284976,0.8689854079214141,1.9810585786630668,-16.561293550925072,0.8144284424749713,0.11696507610154487,0.9266552953946349,0.8300684104627767,0.26722654367729054,0.7828446015972688,1.0924107326293298,0.9116901989277929,0.027693474962063733,0.027039225340554734,0.24797966818013079,0.13396660059882765,-29.816185797642937,818.1415712384875,0.7520203318198692,336.336333580487,1.1200745370550098,0.9044331728040138,0.8047364400305577,0.9344314780130945,-13.254892246717864,1037.4235233257118,0.6864518098329637,0.8689854079214141,0.8047364400305577,target,1.0,0.7480353164124875,0.7685439640615035,0.8028991010069652,5,0.39239696349399183,E3,15.0,"gam,maxent,gbm,rf",all10_minus_drivers,500,10000,498,500,1.0740401288085213,0.9896033718809372,0.11161753777557593,0.03757740896705474,0.923745254680426,0.9624225910329453,0.9280655447933213,0.921110683147169,0.8835332741801143,all10_minus_drivers,"mat,twarm,tseas,lpann,lpdry,lpwet,vpd,vpdmax",55.6,0,drought_limited,0.55386375,-23.22694025455025,0.786655557633776,0.9278424572702502,0.8759667558434736,13.254892246717864,0.5285607552808531,2.414862521674511,0.0,-16.561293550925072,0.8047364400305577,1.0740401288085213,0.8835332741801143,-23.485179275962352,0.7828032658080826,0.9212534059945504,0.8729713758157576
1.07990412514192,0.25985803916682926,0.6271872183388649,0.7783624651239127,0.2555064967831462,1.1377622935560225,0.8126197407379762,0.10773321003352214,0.15894173482782994,1.154461574398505,0.8243569240777383,0.04132231404958678,0.0012411784014442803,0.1756023716412262,0.17543931722246758,-1.1934716867887052,183.2014275407455,0.8243976283587738,473.8592530854913,1.1888535300909628,0.8280839895013123,0.7927265669541589,0.8249528978618222,-1.8206589051275701,449.75910574258063,0.6493505262205961,1.07990412514192,0.7927265669541589,0.9572803335332248,1.9461587838296168,-9.358741493673184,0.704537994419826,0.2854736000456895,1.0384245619475887,0.7146617170503127,0.06265457543281121,0.586068747264586,1.218268480092041,0.7829437261512244,0.016725798276735936,0.020238388314459215,0.32819326651246467,0.22464534366329897,-22.613633740391048,544.4581800553863,0.6718067334875354,706.8121098207826,1.2981482200395977,0.7898915503902159,0.6864696098742377,0.8399686244377211,-13.254892246717864,1037.4235233257118,0.5117753579252566,0.9572803335332248,0.6864696098742377,target,1.0,0.7334365055620219,0.7581578096602243,0.8146997705218709,5,0.344087545409292,E3,15.0,"gam,maxent,gbm,rf",uncorr_minus_drivers,500,10000,498,500,1.0730492940302205,0.9602433751151407,0.16660886797126578,0.09355957394104533,0.8750653358462008,0.9064404260589547,0.8744996355554493,0.8822437760425785,0.7886842021015332,uncorr_minus_drivers,"mat,lpann",38.4,0,drought_limited,0.550033125,-13.363741293654806,0.6977615986368213,0.9970274956650979,0.7858464617394669,13.145932911164227,0.5298002223953645,2.409809264305177,0.003571553625827173,-9.358741493673184,0.6864696098742377,1.0730492940302205,0.7886842021015332,-15.221366478764532,0.6931431245663014,0.9332920485509041,0.7674758293204089
0.9354863126024978,1.0670457930524435,-0.9561719939992663,0.9545174790743476,0.0007569067743156302,0.9525278583016409,0.9752237220262338,0.7417960306543525,0.8879051119278316,0.9427411819668302,0.9698053655970542,0.02857142857142857,0.00143607418348925,0.06527059417181784,0.02684184574927066,-2.7768308991268364,427.0365999537315,0.9347294058281822,47.837172132074684,0.948041341631699,0.9726049181038845,0.9658858342132364,0.9994814443503361,-1.8206589051275701,449.75910574258063,0.9342108501785185,0.9354863126024978,0.9658858342132364,0.9721579713869614,0.7877566485721559,2.5225325959849823,0.966713851961267,2.8555926782603728e-05,0.9684602263916886,0.983725363540403,0.9284602688045273,0.9440438513491468,0.9664708057689937,0.9823227046679761,0.0300187617260788,0.010934679139996718,0.02787058453982124,0.009800667897367821,-10.732359650732882,1020.2508744821782,0.9721294154601787,20.101717863510924,0.983073877091502,0.9912297874006499,0.9858534960832863,0.9999839920600618,-13.254892246717864,1037.4235233257118,0.9721134075202404,0.9721579713869614,0.9858534960832863,target,1.0,0.7723175473148477,0.7881896606368818,0.8509034800712525,5,0.4405491627059538,E3,15.0,"gam,maxent,gbm,rf",drivers,500,10000,500,500,0.9446866485013624,0.9990917600122117,0.000594500866980431,0.05590785236561803,0.9432743886376276,0.944092147634382,0.9709452660272332,0.9995798172204909,0.943671964854873,drivers,"wbal,tcold",29.2,1,drought_limited,0.613316875,2.4907395733623545,0.9861470984178452,0.945578399801833,0.9443523237289915,11.85355102220268,0.5381494629108847,2.3898687143918753,0.017665184355194485,2.5225325959849823,0.9858534960832863,0.9446866485013624,0.943671964854873,4.5856691250022,0.9573334127314953,0.8720584592519197,0.8720584592519196
0.8481645010722846,5.698553981537543,-9.971212208199287,0.9113121614967996,0.0025734830326731425,0.8927156192654451,0.9367131294964028,0.1671372106154715,0.8555185576220256,0.9320252277505255,0.9480111232015476,0.027586206896551724,0.0014873625471852946,0.15440898196038855,0.06387721767358721,-11.791871113326858,315.7509671807262,0.8455910180396115,224.41974182298233,0.9311723788335352,0.9494560620643393,0.9150603396494293,0.9982369107911431,-1.8206589051275701,449.75910574258063,0.8438279288307546,0.8481645010722846,0.9150603396494293,0.7413118592763929,3.4463779810062647,-18.62829108617815,0.8739742327260791,0.0,0.7981082338347031,0.8877199034149706,0.24047583195301914,0.935031185031185,0.9598553642601799,0.9581734700295617,0.02111324376199616,0.021376989988511407,0.2586881407236072,0.0944928933797325,-31.883183332896014,733.5732191145222,0.7413118592763929,379.2281539267561,0.9573741216662137,0.961126537088457,0.8514406598993096,1.0,-13.254892246717864,1037.4235233257118,0.7413118592763928,0.7413118592763929,0.8514406598993096,target,1.0,0.7773781781411748,0.7938179063869123,0.8546959190678504,5,0.3933607016933446,E3,15.0,"gam,maxent,gbm,rf",uncorr,500,10000,500,500,0.944042605895467,0.9962738786727688,0.015184542977458509,0.07114193708199158,0.9478695510007435,0.9288580629180084,0.9555943476765076,0.9892678315067054,0.9181258944247137,uncorr,"mat,lpann,wbal",31.9,1,drought_limited,0.62314875,-18.85186787314602,0.8650775658256955,0.9754272974981422,0.9368270404462702,9.502444403554865,0.5694331522976357,2.264230864503344,0.1064638117581147,-18.62829108617815,0.8514406598993096,0.944042605895467,0.9181258944247137,-17.280999722009923,0.8219602038585101,0.8713153331681942,0.8623522942908701
0.8616122114292923,2.7187851727190946,-7.938081152478859,0.9245958476940752,0.0014885833228207392,0.9067312039573415,0.949438594044215,0.30863874345549736,0.9219423268147166,0.9313536556879234,0.9585002645702623,0.026217228464419477,0.002738798621368784,0.13987637189352845,0.057559580749015134,-9.75874005760643,332.67482714254334,0.8601236281064716,189.0385460168612,0.9343265087724238,0.9634568907783245,0.9240631564681169,0.9989801738889945,-1.8206589051275701,449.75910574258063,0.8591038019954662,0.8616122114292923,0.9240631564681169,0.7485650646791742,3.5026058864447123,-17.47470107305066,0.8831753651731495,0.00022844741426082983,0.7970227942316638,0.8867719389075848,0.3383098792770912,0.9412828044804545,0.9408308337099889,0.9644324003895499,0.00401899890390939,0.028075250287214838,0.25166338273508665,0.09298054901795232,-30.729593319768522,750.0603667855938,0.7483366172649133,349.8832555862663,0.939399821421639,0.9684328522529375,0.855943690493688,0.9998719364804943,-13.254892246717864,1037.4235233257118,0.7482085537454077,0.7485650646791742,0.855943690493688,target,1.0,0.7804827443526634,0.8056263983808118,0.8611165774412184,5,0.3504257113842037,E3,15.0,"gam,maxent,gbm,rf",all10,500,10000,500,500,0.9374040128808521,0.997985332902696,0.004310131285608125,0.06690611840475601,0.9475997872942143,0.933093881595244,0.9632414048815414,0.9969536748485591,0.9300475564438031,all10,"mat,tcold,twarm,tseas,lpann,lpdry,lpwet,vpd,vpdmax,wbal",65.0,1,drought_limited,0.62514,-17.367628351390167,0.8746890098072262,0.9740896705474362,0.9493567566642542,6.978443503303066,0.5748500045142281,2.2945751795888034,0.08501698238733857,-17.47470107305066,0.855943690493688,0.9374040128808521,0.9300475564438031,-15.770691994788054,0.8204324979789814,0.8500866980431013,0.8494947992493156
1.0257348303267315,12.222199890056515,4.334653559421775,0.8487711308058428,0.16059038728396619,1.0675247998723438,0.8800504238432745,0.23214460185637517,0.46365186002205955,1.0455209063302966,0.9046891727928057,0.04842931937172775,0.015673723945511243,0.13485555695723478,0.1212588578574406,2.513994654294205,366.4523590283114,0.8651444430427653,180.9607715005462,1.0809653890562956,0.8966478556832176,0.8541536928633703,0.8899797763296631,-1.8206589051275701,449.75910574258063,0.7551242193724284,1.0257348303267315,0.8541536928633703,1.1563436991347553,22.94447513377031,15.362915848513225,0.7387473330050878,0.39078785801993204,1.2507365483020623,0.734274888046848,0.24489257941215237,0.7130077724006453,1.1675637917574064,0.8638535031847133,0.0025956438325245457,0.09089323814213031,0.2344441588851766,0.24678709648301309,2.1080236017953613,974.9957382505127,0.7655558411148233,414.40294724186765,1.3506347296090686,0.804954582989265,0.7100499251784461,0.780931341945605,-13.254892246717864,1037.4235233257118,0.5464871830604283,1.1563436991347553,0.7100499251784461,target,1.0,0.7745638491349419,0.7928117982890988,0.8809214331264785,5,0.35755871065804523,E3,15.0,"gam,maxent,gbm,rf",raw16,500,10000,500,500,0.9823631409462472,0.9888079675446533,0.05570968540995789,0.07334654446371068,0.9410357341390322,0.9266534555362893,0.9348977857749787,0.9606253720368361,0.8872788275731254,raw16,"x0,x1,x2,x3,x4,x5,x6,x7,x8,x9,x10,x11,x12,x13,x14,x15",78.9,1,drought_limited,0.599568125,14.005143210948866,0.7155842913186709,0.9376764924448848,0.8777256003314626,8.972578380125007,0.5765583325101254,2.2374287837503095,0.12540705206764935,15.362915848513225,0.7100499251784461,0.9823631409462472,0.8872788275731254,12.553061502178819,0.7174575655043204,0.9106019321278177,0.865955851682279
0.8935284470796013,0.3659426397913421,-7.357676223353738,0.8704455933037912,0.06673394726882806,0.9412249674210792,0.8978244191144235,0.13364563240562138,0.6011061182163844,0.9794440551273067,0.9112284635355204,0.016853932584269662,0.0018258657475791892,0.1732055001892267,0.09769807830644332,-9.178335128481308,308.75977398880394,0.8267944998107734,216.70058656750263,0.9855529584049114,0.915310970853131,0.8732844770153231,0.9542806768879747,-1.8206589051275701,449.75910574258063,0.781075176698748,0.8935284470796013,0.8732844770153231,0.7404837373996973,4.465140367717083,-20.245133398253152,0.8277429016904645,0.05394214569233845,0.7987594975965266,0.8230547749176739,0.1323185011709602,0.8561631024378078,0.9429674980482393,0.9220065135558093,0.002243829468960359,0.027429016904644676,0.31345840829264116,0.13563397810449934,-33.50002564497102,792.6864313253412,0.6865415917073588,310.9651828421228,0.9838114833650374,0.916185593236923,0.7889089417555373,0.9697610014567225,-13.254892246717864,1037.4235233257118,0.6563025931640813,0.7404837373996973,0.7889089417555373,target,1.0,0.7799890437248305,0.8038510069264018,0.8568149484874148,5,0.3918729948467805,E3,15.0,"gam,maxent,gbm,rf",all10_minus_drivers,500,10000,500,500,0.9659152836264553,0.9895571130910363,0.044389398067872184,0.0784741144414169,0.9496814291974418,0.9215258855585831,0.9375031500428406,0.9686263524633215,0.8901522380219045,all10_minus_drivers,"mat,twarm,tseas,lpann,lpdry,lpwet,vpd,vpdmax",53.8,1,drought_limited,0.61132375,-20.772885531059913,0.7885201377848436,0.9523903889026505,0.8885075976590813,6.960182412185023,0.5778188448243147,2.278474114441417,0.09639693266570948,-20.245133398253152,0.7889089417555373,0.9659152836264553,0.8901522380219045,-22.54023373428172,0.769760863975315,0.8995541243497647,0.8681834882791306
1.0512930490727892,1.7028066965733615,-4.949824828706951,0.7928668143771541,0.22560867919767882,1.1080556368181698,0.8256859900334321,0.0761038961038961,0.2764156705348573,1.149118196683018,0.8410255016779208,0.016260162601626018,0.001261693746922698,0.17431563012488963,0.16277923278385456,-6.770483733834521,202.07197613824752,0.8256843698751104,326.0229453781475,1.1693655129685432,0.8395991276352684,0.8050379444792936,0.8454358460235424,-1.8206589051275701,449.75910574258063,0.6711202158986529,1.0512930490727892,0.8050379444792936,0.895942202804192,2.7799861952576634,-16.54552839139911,0.7314028393238142,0.2351295011279591,0.9728329973639324,0.7254063570912064,0.05424619426628545,0.6657176299389453,1.1963676706249744,0.8105438422539427,0.0035158211953792064,0.020423026423764975,0.3391872983237671,0.21053017372273475,-29.800420638116975,537.1833801190829,0.6608127016762328,581.4081950805768,1.2105671804029658,0.8028871483263672,0.6970810615417056,0.8681906225487842,-13.254892246717864,1037.4235233257118,0.529003324225017,0.895942202804192,0.6970810615417056,target,1.0,0.7598567261638727,0.7842700657700609,0.9020698272701534,5,0.35672181986710394,E3,15.0,"gam,maxent,gbm,rf",uncorr_minus_drivers,500,10000,500,500,1.1071092395343076,0.9627073823062995,0.173792420113946,0.06668318057963835,0.9001443421995178,0.9333168194203617,0.8858741653343365,0.8771665674568437,0.8104833868772054,uncorr_minus_drivers,"mat,lpann",36.0,1,drought_limited,0.559594375,-17.937576857597094,0.7017234716747817,1.0683428288332921,0.8056243213630476,9.925832510521948,0.5648544675909124,2.279861283131038,0.09541650618018838,-16.54552839139911,0.6970810615417056,1.1071092395343076,0.8104833868772054,-17.48984682099021,0.7015478595631631,0.995838493931137,0.7876592324597043
0.8885076321433076,2.1245915619959987,-1.942355879120783,0.9176821762678483,0.0029771666456414785,0.9174755990532166,0.9540215536969999,0.47711762344439984,0.8110301424312686,0.8946215837421163,0.9425308613435666,0.08771929824561403,0.0029234367306745445,0.1144695345023338,0.04763227472403115,-3.763014784248353,430.0180559480549,0.8855304654976662,115.87439008102682,0.9057985299501535,0.9471724321368936,0.9378097821004395,0.997960347777989,-1.8206589051275701,449.75910574258063,0.8834908132756554,0.8885076321433076,0.9378097821004395,0.9421171364116623,1.2787497032886677,3.414212335259391,0.9409568357131134,8.56677803478112e-05,0.9303147774848813,0.959047603746606,0.8767162066525124,0.9017149301754736,0.9236553396063607,0.9576213260423787,0.0954290296712109,0.012791317905793534,0.05796853136868557,0.019887573903014308,-9.840679911458473,1064.3481726944249,0.9420314686313145,46.558202949455094,0.9506192010559417,0.9660470485212753,0.9701077766831836,0.9999519761801854,-13.254892246717864,1037.4235233257118,0.9419834448114999,0.9421171364116623,0.9701077766831836,target,1.0,0.7811640219109712,0.7896929214068508,0.8702410888820769,5,0.37450768359259606,E3,15.0,"gam,maxent,gbm,rf",drivers,500,10000,496,500,0.9064404260589547,0.997325828994716,0.0015605647758236314,0.09512013871686896,0.9411368293770538,0.904879861283131,0.9492873198809818,0.9988970202037887,0.9037768814869196,drivers,"wbal,tcold",31.0,2,drought_limited,0.632565625,2.635144347558205,0.9836796756208819,0.9432747089422838,0.9254331881581765,15.443455379180115,0.5415155755893518,2.2863017091899924,0.09086452606883988,3.414212335259391,0.9701077766831836,0.9064404260589547,0.9037768814869196,4.546619387501604,0.9362393681652491,0.8362893237552638,0.8362893237552638
0.8176359278415541,2.462966843045592,-8.753584313504291,0.8903967667815526,0.0009082881291787562,0.860721789314114,0.9245765740012863,0.06416530723219141,0.8006374234672482,0.8887526278906798,0.930649599604242,0.14084507042253522,0.004369768586903003,0.18327236028762459,0.07459149821763408,-10.574243218631862,319.7403686578354,0.8167276397123754,279.5867735812619,0.8996310794446478,0.9433391644676372,0.8986702201493573,0.9993777332204035,-1.8206589051275701,449.75910574258063,0.8161053729327787,0.8176359278415541,0.8986702201493573,0.6905108655301407,2.1612760990942093,-20.018652829029257,0.8450065649105531,0.0,0.7489533260970693,0.8562461211100275,0.13478429848425963,0.8870978397304617,0.9038911944775445,0.9347577425272472,0.07976519337016574,0.029706220252749056,0.3094891344698592,0.11213421853856563,-33.27354507574712,721.4161150680628,0.6905108655301407,444.7075762636475,0.9178927753406576,0.9542335485699249,0.8169256756756756,1.0,-13.254892246717864,1037.4235233257118,0.6905108655301406,0.6905108655301407,0.8169256756756756,target,1.0,0.7892147919207682,0.8017547679287848,0.8703708511503745,5,0.35572759861014863,E3,15.0,"gam,maxent,gbm,rf",uncorr,500,10000,496,500,0.8976715382709933,0.9953659897480225,0.01030468169432747,0.11263314342333416,0.9390867875336611,0.8873668565766658,0.9352164889242778,0.9927168318218424,0.8800836883985084,uncorr,"mat,lpann,wbal",32.2,2,drought_limited,0.6391281249999999,-19.89144530737734,0.8333083520692813,0.9272727272727272,0.9040195603740093,14.607142302137943,0.5538395843712192,2.2348278424572703,0.12724535172800167,-20.018652829029257,0.8169256756756756,0.8976715382709933,0.8800836883985084,-18.99575618525573,0.7925523661753298,0.8404260589546693,0.8311247921951821
0.8226062823262268,1.416885716201591,-6.897634392369489,0.8919661907106515,0.00015138135486312602,0.8622643014813436,0.9258957771018094,0.12479679879954983,0.8257639709606618,0.8757883672039243,0.9291117960212945,0.027696793002915453,0.007036763499097325,0.1775450990286363,0.07256048428751471,-8.718293297497059,338.6805766218973,0.8224549009713636,264.9469636433492,0.8840294009969304,0.9376681614349776,0.9025041874887526,0.9998962888700672,-1.8206589051275701,449.75910574258063,0.8223511898414309,0.8226062823262268,0.9025041874887526,0.7151831862703104,0.9631342821771227,-16.626400098878193,0.8530998687017889,0.0,0.7585051946038145,0.86267040544592,0.2485763097949886,0.8951183825485501,0.8907835805563545,0.9359353268428373,0.014091724314629772,0.040035696701132446,0.2848168137296896,0.10598920767216968,-29.881292345596055,786.0783508663743,0.7151831862703104,380.5295405001933,0.9040335416747545,0.9495983362557598,0.8339437932871604,1.0,-13.254892246717864,1037.4235233257118,0.7151831862703104,0.7151831862703104,0.8339437932871604,target,1.0,0.7878971793215525,0.8064301608681639,0.8655008569784559,5,0.3475654662019477,E3,15.0,"gam,maxent,gbm,rf",all10,500,10000,496,500,0.8847659152836265,0.9968229141653334,0.0037899430270002476,0.1190240277433738,0.9440506150437671,0.8809759722566262,0.9348386079276627,0.9973213347806296,0.8782973070372557,all10,"mat,tcold,twarm,tseas,lpann,lpdry,lpwet,vpd,vpdmax,wbal",68.4,2,drought_limited,0.6473156250000001,-17.54348747365323,0.8583228995593424,0.9478573197919247,0.9281978241411903,16.084128395470632,0.5315170372618957,2.3306663363884073,0.05950838614797438,-16.626400098878193,0.8339437932871604,0.8847659152836265,0.8782973070372557,-15.68202612001044,0.8019910369128664,0.81716621253406,0.8157287440348664
0.9316260880534881,9.832332172660188,0.13264804221854165,0.8655834564254062,0.08308313359404566,0.9790963006303024,0.9010427864975274,0.2358680666030332,0.5836265975180589,0.9601436580238262,0.9106672029315815,0.05703883495145631,0.016904644674216315,0.15145704554055758,0.09601419031719532,-1.6880108629090285,397.2530932038264,0.8485429544594424,161.65425548489873,0.9936917401222225,0.9118004350651185,0.8785788923719958,0.9430798748552366,-1.8206589051275701,449.75910574258063,0.791622829314679,0.9316260880534881,0.8785788923719958,0.923184556954796,15.702064976805502,-0.6698661334306966,0.793451501723289,0.19152460093092322,0.9950379903861064,0.7891186071817192,0.20829482439926064,0.7614813752554405,1.0559641697826354,0.8950355743864418,0.0027120850509871988,0.0945552273100279,0.26834004397612726,0.18215701823949246,-13.92475838014856,854.2483780046683,0.7316599560238728,343.65086311556547,1.170969369928957,0.8606630664139336,0.7608837678921423,0.8926347468344299,-13.254892246717864,1037.4235233257118,0.6242947028583026,0.923184556954796,0.7608837678921423,target,1.0,0.7788401739143908,0.7958359386899693,0.898040661656385,5,0.38859162444413614,E3,15.0,"gam,maxent,gbm,rf",raw16,500,10000,496,500,0.930369085954917,0.9870386187040161,0.034753529848897693,0.10438444389398067,0.92882243114384,0.8956155561060193,0.9279215696338975,0.9754368150145313,0.8710523711205505,raw16,"x0,x1,x2,x3,x4,x5,x6,x7,x8,x9,x10,x11,x12,x13,x14,x15",77.0,2,drought_limited,0.6157,-0.8668775890319669,0.7620154345818063,0.9259846420609363,0.8691623578575234,12.781100915097298,0.5625271071273673,2.2272231855338123,0.1326201897825554,-0.6698661334306966,0.7608837678921423,0.930369085954917,0.8710523711205505,-2.902062667438466,0.7748751380871621,0.8642308645033441,0.8318455447862203
0.8421092468777596,4.142897880430894,-9.136015942807553,0.8703327589036599,0.037593036457676296,0.8873966117922396,0.8986303686168414,0.042181212709865405,0.7018009793343846,0.9214260686755431,0.9150064584757998,0.018367346938775512,0.005026259642212375,0.19548378957991674,0.09514629167611703,-10.956674847935123,329.173940128802,0.8045162104200833,258.28459216329014,0.9284125151370075,0.9199427536655178,0.8734728537774612,0.9742450694000311,-1.8206589051275701,449.75910574258063,0.7787612798201144,0.8421092468777596,0.8734728537774612,0.659442017190668,1.059097051774188,-25.13748850240176,0.8177211554242574,0.021759616208344042,0.7161730500852845,0.7943185514474683,0.13248029960209098,0.8229368223839798,0.8611579077125364,0.8932553261949443,0.0016251354279523294,0.037871327753159365,0.36231759901767613,0.14333233826602415,-38.392380749119624,833.8815500248402,0.6376824009823239,314.8983168993985,0.8796925346480842,0.8906007972077077,0.768550385462555,0.9878019497670845,-13.254892246717864,1037.4235233257118,0.6254843507494083,0.659442017190668,0.768550385462555,target,1.0,0.7853045057836592,0.8042304384025197,0.9064790901080613,5,0.3957943356539327,E3,15.0,"gam,maxent,gbm,rf",all10_minus_drivers,500,10000,496,500,0.9285112707456031,0.987657129550884,0.033391132028734206,0.10487986128313104,0.9398553560535561,0.8951201387168689,0.9283016929123744,0.9763997338842396,0.8715198726011084,all10_minus_drivers,"mat,twarm,tseas,lpann,lpdry,lpwet,vpd,vpdmax",54.2,2,drought_limited,0.6153375000000001,-24.542657117209394,0.7772743470956575,0.9521674510775329,0.8824925073519192,15.480342377339761,0.541574197938495,2.285137478325489,0.09168738401204513,-25.13748850240176,0.768550385462555,0.9285112707456031,0.8715198726011084,-27.571236475664463,0.7230744213778525,0.8509536784741144,0.8268972203552587
1.0155165888734705,0.7035694601873956,-3.8198137130269645,0.7906203840472673,0.20691308187208277,1.069732187973724,0.8230622944078947,0.037604636188023184,0.20722538052448194,1.1058163980378417,0.8353577371048253,0.012,0.0025644181848022323,0.19139649299861233,0.16232337152142168,-5.640472618154535,144.75002148333547,0.8086035070013876,399.473944036578,1.1243346757160158,0.8399771983084326,0.8023784189772798,0.8582441705702384,-1.8206589051275701,449.75910574258063,0.6668476775716261,1.0155165888734705,0.8023784189772798,0.8682143978982838,4.080766598105072,-15.467913454707494,0.7308694403413754,0.22076586995630942,0.9425647387191812,0.720106005938887,0.04928394271541724,0.6306557703807056,1.1746312199531577,0.8076487038016779,0.004975124378109453,0.02680329886755293,0.3525514720580256,0.21147826086956523,-28.722805701425358,502.4457852120017,0.6474485279419744,639.8679075537218,1.1734151170464693,0.8001786192730196,0.6931201565198783,0.8762426163377035,-13.254892246717864,1037.4235233257118,0.5236911442796779,0.8682143978982838,0.6931201565198783,target,1.0,0.7685960277970674,0.7833376016241831,0.9016345701195995,5,0.3742964336587263,E3,15.0,"gam,maxent,gbm,rf",uncorr_minus_drivers,500,10000,496,500,1.056626207579886,0.9622912771923262,0.15278672281397077,0.09616051523408471,0.9013337933137099,0.9038394847659152,0.8789535808060126,0.8920130256661648,0.7958525104320802,uncorr_minus_drivers,"mat,lpann",36.6,2,drought_limited,0.56359375,-16.16506134956984,0.6974561156481742,1.014243249938073,0.792915379547547,12.924331589917603,0.5502541580572425,2.2930393856824374,0.08610245456773691,-15.467913454707494,0.6931201565198783,1.056626207579886,0.7958525104320802,-17.021695621493038,0.7002785606072947,0.9367847411444141,0.7747735855882545
0.9646875540938203,0.9153077647429768,-1.387219704423103,0.9733505662235352,0.00044511486436360937,0.9634676935387078,0.9801714147447245,0.8196380895876595,0.9194134897360704,0.9683794466403162,0.9807724046872421,0.0,0.0010975709830953553,0.03575756077054329,0.01503373347983693,-12.184855033315323,321.4024451877362,0.9642424392294567,7.90019087583569,0.9637324777108592,0.9777277780009911,0.9815733165512901,0.9996844817612929,-10.79763532889222,325.7846026543496,0.9639269209907497,0.9646875540938203,0.9815733165512901,0.965724944623635,1.6495513668065769,-0.8226532142315719,0.978889709502708,0.0006606303190455835,0.9510584657249189,0.9742180289201108,0.9446617292169427,0.9727881854232189,0.94038035822097,0.9633624601343117,0.0,0.023992696537009684,0.034935685695410564,0.009627006064173034,-44.05951737799387,759.6700459741049,0.9650643143045894,14.12277696414722,0.9350782997762863,0.959328539388194,0.9818915071959513,0.9997630827120061,-43.2368641637623,753.9608866598114,0.9648273970165955,0.965724944623635,0.9818915071959513,target,1.0,0.8993079430816493,0.7436998801333826,0.8253891075589646,5,0.7668785393078561,E3,15.0,"gam,maxent,gbm,rf",drivers,500,10000,500,500,0.9799267657828561,0.9996480156497476,0.0025587859002073497,0.022632020117351215,0.9579143113720031,0.9773679798826488,0.9872769001091825,0.9977758177704491,0.9751437976530979,drivers,"mat,twarm",29.2,0,heat_limited,0.5699831249999999,0.49457914295786054,0.9845074203320934,1.017867384303172,0.9758514832322782,40.82549757329124,0.45615776645247064,1.9685886972250408,0.15807033017601713,-0.8226532142315719,0.9818915071959513,0.9799267657828561,0.9751437976530979,-1.0351682517455814,0.9694226956887403,0.9581329686328143,0.9581329686328144
1.0955265956131457,13.14111436653883,3.7362943873800916,0.892530362711308,0.13091322733005267,1.0995949189837968,0.9206235783105268,0.9248777596680989,0.3415056628914057,1.1114299637229952,0.9137603856805826,0.0,0.0014668472017068768,0.035386631716906945,0.06908418511479789,-7.061340941512128,248.5766540964596,0.9646133682830931,175.4253586509909,1.1075927727954133,0.9163806980545816,0.9206405399983479,0.907202580238041,-10.79763532889222,325.7846026543496,0.8718159485211341,1.0955265956131457,0.9206405399983479,1.2213111568802704,0.46189173305424447,9.167887072212409,0.8699224519940916,0.28247775230249095,1.22826043459122,0.8413490894723609,0.9746289264756645,0.7388306732168083,1.2928657677601127,0.801220020626248,0.001451378809869376,0.021202609551944855,0.06116659542222049,0.09264208088366292,-34.06897709154989,692.0565559872497,0.9388334045777795,127.14825378822758,1.2577628635346756,0.82158498642516,0.8452966183236822,0.8986969549160337,-43.2368641637623,753.9608866598114,0.8375303594938133,1.2213111568802704,0.8452966183236822,target,1.0,0.8952415505218309,0.7365054128161278,0.8661087706818945,5,0.7281101720516778,E3,15.0,"gam,maxent,gbm,rf",uncorr,500,10000,500,500,1.051484536992103,0.9948859515789442,0.0680725283451714,0.01658799135306834,0.9506460082752776,0.9834120086469317,0.9587320702780585,0.9408290831000499,0.9242410917469814,uncorr,"mat,lpann,wbal",33.9,0,heat_limited,0.51262375,9.505813022666182,0.8430452760693561,1.0593373626858429,0.921084844245502,41.863924632426226,0.4330951839977111,2.0822340847928706,0.059285960808375116,9.167887072212409,0.8452966183236822,1.051484536992103,0.9242410917469814,4.678999845611749,0.8512080421910401,0.9617946794900075,0.9157792274830225
0.9902322015875763,1.4801152266868485,-0.9647374180118398,0.9776690464467421,0.011548257869878087,0.9971744348869774,0.984963253245859,0.8553808202281837,0.929361803935642,1.0032757593805837,0.9819316999337812,0.0,0.0023284917118004266,0.021316056282301737,0.01366426419633769,-11.76237274690406,315.12448776025496,0.9786839437176983,15.133309971469801,1.0032348841490677,0.9814491459780226,0.9834871960538251,0.9918140545846553,-10.79763532889222,325.7846026543496,0.9704979983023536,0.9902322015875763,0.9834871960538251,0.9816966541017371,0.013019428703728408,-1.0978941104433346,0.9788691941572296,0.013523491236933121,0.9795109848333267,0.9755791857033114,0.9531209531209531,0.9706845470138781,0.9828939424431475,0.9603674007916371,0.002973977695167286,0.027593139668472016,0.03182683713519605,0.012225996329036478,-44.33475827420563,754.2322089971738,0.9681731628648039,3.6655338222479794,0.9847427293064877,0.9662075339840844,0.9771154034709285,0.9951501637516549,-43.2368641637623,753.9608866598114,0.9633233266164587,0.9816966541017371,0.9771154034709285,target,1.0,0.8988531585227317,0.74776814183499,0.8338583833115655,5,0.6861763422951961,E3,15.0,"gam,maxent,gbm,rf",all10,500,10000,500,500,1.0010588079587064,0.9997278371842157,0.01052190408964574,0.009463096130939251,0.9444004436465925,0.9905369038690608,0.9900127871599277,0.9908540092802086,0.9813909131492693,all10,"mat,tcold,twarm,tseas,lpann,lpdry,lpwet,vpd,vpdmax,wbal",63.6,0,heat_limited,0.543165625,0.09939715670937943,0.974046447247001,1.01958794723607,0.9776545111329304,33.89187937778736,0.47021525417534626,2.037080337053867,0.09853510756605433,-1.0978941104433346,0.9771154034709285,1.0010588079587064,0.9813909131492693,-3.627211033607651,0.942568400295785,0.9527727533418626,0.9526902883741082
1.0317515269912707,0.5454311929083246,1.999436500528141,0.9681909568357131,0.04072801008927026,1.0303060612122426,0.9744322380412829,0.8886585726976607,0.8531325762409085,1.04147490389301,0.9719393167833652,0.008528784648187633,0.014432545544066961,0.008976483097999456,0.020794954257345365,-8.798198828364079,296.17025397294736,0.9910235169020005,42.87255661908711,1.0336638350472083,0.9712386519411323,0.9755361359265841,0.9711300811583025,-10.79763532889222,325.7846026543496,0.9621535980603029,1.0317515269912707,0.9755361359265841,1.0351688493374267,4.340222350195802,1.4645462482250053,0.9710220745117347,0.05036334667547507,1.033494737684581,0.965462953852209,0.9445217391304348,0.956443807133895,1.056299054135641,0.9532920652785594,0.0023942537909018356,0.08997004759560151,0.01519449733804842,0.018778813530664924,-41.77231791553729,738.8741330337955,0.9848055026619515,63.67795160095722,1.03082774049217,0.9548569036550706,0.9677875159916748,0.9819385408682322,-43.2368641637623,753.9608866598114,0.9667440435301837,1.0351688493374267,0.9677875159916748,target,1.0,0.8993795186704734,0.750263195380115,0.8457552892327008,5,0.6871248466782163,E3,15.0,"gam,maxent,gbm,rf",raw16,500,10000,500,500,1.0091322186438434,0.9996155401201872,0.01711739533242158,0.00798517668857811,0.9412266040569417,0.9920148233114219,0.987505764036802,0.9851209878436937,0.9771358111551156,raw16,"x0,x1,x2,x3,x4,x5,x6,x7,x8,x9,x10,x11,x12,x13,x14,x15",76.0,0,heat_limited,0.534128125,8.077028013827132,0.8992364544930372,1.0716239467066662,0.9377008390734338,41.30635806685932,0.441336374706296,2.0441611152777166,0.09238025846531417,1.4645462482250053,0.9677875159916748,1.0091322186438434,0.9771358111551156,-3.9197919248156765,0.9373377827215424,0.9522874663607888,0.9504320045863137
1.1989663443705334,7.566282917846081,7.2084525887848425,0.8588646807812244,0.21133064615841143,1.209016803360672,0.8940606499666074,0.4628756629345904,0.30723606168446027,1.2236179544100927,0.8868949060095451,0.03571428571428571,0.0017232890201870998,0.012364301787878038,0.09288943690916564,-3.5891827401073773,239.8998417446315,0.9876356982121219,152.42868490671043,1.2222865107960972,0.8880446874482236,0.8982726822904953,0.8501989517782959,-10.79763532889222,325.7846026543496,0.8378346499904179,1.1989663443705334,0.8982726822904953,1.1667508646485059,7.4034304200613406,2.9385941299583607,0.8468734613490891,0.26724439435743985,1.2014886550082036,0.8144620362459782,0.7622934095082636,0.7467031750186233,1.3120849265445764,0.7518224349907519,0.025046963055729492,0.01638150336451666,0.10049352970893405,0.09826782492621831,-40.29827003380394,622.2792219048931,0.8995064702910659,205.88538078194188,1.2939597315436242,0.7709381704700604,0.8302813996448877,0.9041599888509512,-43.2368641637623,753.9608866598114,0.8036664591420171,1.1667508646485059,0.8302813996448877,target,1.0,0.890517001585825,0.727130824274302,0.8625734173764485,5,0.6577787012804046,E3,15.0,"gam,maxent,gbm,rf",all10_minus_drivers,500,10000,500,500,1.109321921736445,0.9943940067410577,0.11512330701019102,0.005801385273745975,0.9357713002233867,0.994198614726254,0.9426712959089768,0.899930973654945,0.894129588381199,all10_minus_drivers,"tcold,tseas,lpann,lpdry,lpwet,vpd,vpdmax,wbal",54.3,0,heat_limited,0.49072125,1.497350169055423,0.8331295285722108,1.1001897030926016,0.9001296913202976,36.33765211611484,0.4427563661390227,2.1443949353685974,0.005253671818077343,2.9385941299583607,0.8302813996448877,1.109321921736445,0.894129588381199,-7.505058797027935,0.8369019188009553,1.0227643711121894,0.9195182314836139
1.403496624545612,9.64843918287363,4.043564978784609,0.7415784506811095,0.4219194342095502,1.4191838367673535,0.8113242651010873,0.0,0.05306668766238879,1.5312686122692079,0.7731978609625668,0.1568627450980392,0.0005231413096996553,0.018422809663938278,0.18267188029188092,-6.754070350107611,119.85879110366626,0.9815771903360617,397.67275543519287,1.4926754858901192,0.7866299496723957,0.8167909871906991,0.7009237672877702,-10.79763532889222,325.7846026543496,0.6825009576238319,1.403496624545612,0.8167909871906991,1.9155170403761708,10.803260126994417,24.219991309834885,0.5939807976366323,0.9467609684063265,1.9725479210852774,0.6511759400115776,0.0,0.15558675811416536,2.4799255383376937,0.5514768603524802,0.26490066225165565,0.0015489085836205483,0.03124392803015583,0.25814438497179903,-19.016872853927413,317.6977778768097,0.9687560719698441,552.6848762695677,2.2054586129753915,0.6014907456519919,0.6645518160613129,0.6604696536826702,-43.2368641637623,753.9608866598114,0.6292257256525144,1.9155170403761708,0.6645518160613129,target,1.0,0.8590049677558331,0.6550627949584535,0.7284469273400532,5,0.60670132396793,E3,15.0,"gam,maxent,gbm,rf",uncorr_minus_drivers,500,10000,500,500,1.342634667137248,0.9506886563699969,0.35736974456257997,0.01473507742533198,0.853756692733288,0.985264922574668,0.8411596877618854,0.6893622732676304,0.6746271958422985,uncorr_minus_drivers,"lpann,wbal",36.0,0,heat_limited,0.38812562500000003,22.323432058950253,0.682998336763172,1.2610623373185688,0.7177831297522301,39.023565255867695,0.43711939119578047,2.1187850178673844,0.027514668098324258,24.219991309834885,0.6645518160613129,1.342634667137248,0.6746271958422985,21.720597055555643,0.6862524719372874,1.252283054660961,0.7212498948061583
0.9738371374168501,0.7493673573231376,-1.9179105729651305,0.9758534383719022,0.003832933554242192,0.9791958391678336,0.9820345664038811,0.9124962541204675,0.8977233329481105,0.9802371541501976,0.9776064309736691,0.0,0.0010770556376169375,0.02999579613739212,0.014047626382428145,-12.71554590185735,332.01478036662144,0.9700042038626079,23.367040674101304,0.9838518791257923,0.9773305758829144,0.9828614382360311,0.9972830373889113,-10.79763532889222,325.7846026543496,0.9672872412515192,0.9738371374168501,0.9828614382360311,0.9713208720320211,0.16992859212575695,-1.3639603408700012,0.9778639422287871,0.00843275171958186,0.9706270759134019,0.9762813743806352,0.9607570758812294,0.9667069981655673,0.9727309317770175,0.9598571792909972,0.0,0.024197849991793863,0.03711187968756072,0.012320112689085347,-44.6008245046323,758.0767134753895,0.9628881203124393,17.66316549005342,0.9820581655480984,0.9644461500259599,0.9768963885822426,0.9969758205003135,-43.2368641637623,753.9608866598114,0.959863940812753,0.9713208720320211,0.9768963885822426,target,1.0,0.9059968098694144,0.7428718198967728,0.8275775324220443,5,0.7537083844150068,E3,15.0,"gam,maxent,gbm,rf",drivers,500,10000,500,500,0.9952353641858208,0.9995887170968919,0.008492522168791636,0.013257157982970839,0.9685291010020187,0.9867428420170291,0.9890991907309954,0.9926180158760594,0.9793608578930884,drivers,"mat,twarm",30.0,1,heat_limited,0.5421506250000001,-0.3855292888518633,0.9819498779873727,1.0134115674769488,0.9782814912135516,37.275209227566314,0.44449242568186137,2.112365994617726,0.03309429765693905,-1.3639603408700012,0.9768963885822426,0.9952353641858208,0.9793608578930884,-3.572433003651412,0.9443954466208594,0.9547359597652976,0.9541999374748937
1.1221345730606593,11.074132565898196,2.795607959404135,0.8749589693090432,0.15034990974059695,1.1265503100620124,0.9151860779587278,0.7308937823834197,0.30736449593820747,1.1560723374302886,0.9002900516065846,0.0,0.0014771048744460858,0.028215336679937683,0.07418022682445759,-8.002027369488085,239.737783140467,0.9717846633200623,184.1528227533467,1.1467532809089236,0.905152769950751,0.9158558327604088,0.8934249504811653,-10.79763532889222,325.7846026543496,0.8652096138012277,1.1221345730606593,0.9158558327604088,1.250884078809311,0.882128447668947,8.495860615865688,0.8530178073198753,0.3048614619360354,1.26455640481812,0.8340136775698457,0.8695166247555183,0.7276825209588407,1.3739686053531899,0.7824520504397584,0.011544011544011544,0.02132570162481536,0.05397738312672444,0.09653177373203786,-34.74100354789661,675.8190255671083,0.9460226168732756,135.90658293858073,1.3036241610738255,0.8136192362972459,0.840578709298712,0.8906696397463592,-43.2368641637623,753.9608866598114,0.8366922566196346,1.250884078809311,0.840578709298712,target,1.0,0.8996205982366051,0.7281235211058715,0.8398986358476609,5,0.7274505182673836,E3,15.0,"gam,maxent,gbm,rf",uncorr,500,10000,500,500,1.0880354700666166,0.9955689123864345,0.10021176159174129,0.01217629152512463,0.9582030130479302,0.9878237084748753,0.946175218415576,0.9128925873375004,0.9007162958123758,uncorr,"mat,lpann,wbal",31.8,1,heat_limited,0.495996875,8.13714317585282,0.8457512908024853,1.0673004808752813,0.9117303192065049,37.79314897982319,0.46177312409715304,1.9997132395111836,0.13101583771139325,8.495860615865688,0.840578709298712,1.0880354700666166,0.9007162958123758,5.904854895308141,0.8561452771979088,0.9995808885163453,0.928413621344252
0.971611563095032,4.933662463666792,-2.538050755321551,0.9680063187264073,0.011226786023393259,0.9816213242648529,0.9783593483829449,0.7056798623063684,0.9174377649095576,1.0011911852293032,0.9796807359307359,0.0,0.0027080256031511572,0.039615222928361234,0.021147041882662716,-13.335686084213771,304.29534247528136,0.9603847770716387,32.49536680946778,0.9956342213923152,0.9784396415392725,0.9742129687695974,0.992041928868166,-10.79763532889222,325.7846026543496,0.9524267059398048,0.971611563095032,0.9742129687695974,0.9760230054793456,2.6995712101330582,-1.3646754175950875,0.9708066633842114,0.022150545991528388,0.9824322701988875,0.9681261228527019,0.8945936139332366,0.9668803839043386,1.0036727711813243,0.9559322033898305,0.0003669724770642202,0.027952158214344328,0.0461275405121828,0.01853043909542754,-44.601539581357386,723.0586992493988,0.9538724594878172,45.18491116919071,0.9914093959731544,0.9585692459782511,0.9654467147829849,0.9920563026966762,-43.2368641637623,753.9608866598114,0.9459287621844934,0.9760230054793456,0.9654467147829849,target,1.0,0.9050318920950753,0.7407809220391747,0.8124531711811727,5,0.6646020332558963,E3,15.0,"gam,maxent,gbm,rf",all10,500,10000,500,500,1.0000661754974192,0.9995755445516133,0.01204394053028632,0.011977765032867163,0.9615572021329636,0.9880222349671328,0.9879895446173529,0.9895310043333205,0.9775532393004533,all10,"mat,tcold,twarm,tseas,lpann,lpdry,lpwet,vpd,vpdmax,wbal",71.0,1,heat_limited,0.5351075000000001,0.6314206633191262,0.9714624536169236,1.0203599947059603,0.9739734503440802,38.42875001413939,0.4403922508214677,2.1117483566418143,0.0336311692295892,-1.3646754175950875,0.9654467147829849,1.0000661754974192,0.9775532393004533,-8.851795388248952,0.8805892547660312,0.9404641108218996,0.9398043910798641
0.9679517297658201,3.6788833105455865,-2.3221764525256354,0.9598924995896931,0.014861890749029402,0.9737197439487898,0.971178087745303,0.6096997690531177,0.8960146029814421,1.0020845741512805,0.9764580206347274,0.0006557377049180328,0.015642950927293616,0.04691016098320928,0.026020445379990206,-13.119811781417855,295.32704310851193,0.9530898390167907,41.84263740044442,0.9902164479394051,0.9747865845600867,0.9686109924354753,0.9894651965853916,-10.79763532889222,325.7846026543496,0.9425550356021821,0.9679517297658201,0.9686109924354753,0.9052189795204602,0.9933654474998548,-5.060734273668338,0.9494194157229607,0.020907006567442585,0.9209652246988675,0.9364414724079745,0.7621878715814506,0.9508094766097215,0.9588951499295633,0.9341723385129062,0.00045202847779410104,0.0907701460692598,0.11568802704698247,0.03961010390460181,-48.297598437430636,679.806136439573,0.8843119729530176,78.3473227476744,0.9323937360178971,0.9358864525689412,0.9283048116344055,0.992502264650547,-43.2368641637623,753.9608866598114,0.8768142376035646,0.9052189795204602,0.9283048116344055,target,1.0,0.9057329513267718,0.7411004804389532,0.8101767347191716,5,0.6758656533259872,E3,15.0,"gam,maxent,gbm,rf",raw16,500,10000,500,500,0.9938236202408788,0.9994139193306619,0.012529227511360127,0.018705607270481317,0.9646467142035622,0.9812943927295187,0.9843342036553525,0.9891091766690954,0.9704035693986142,raw16,"x0,x1,x2,x3,x4,x5,x6,x7,x8,x9,x10,x11,x12,x13,x14,x15",83.0,1,heat_limited,0.5414524999999999,-2.1901180589446483,0.9416771752837326,1.011271893060396,0.9707815938929596,42.236017936785416,0.4271250020747921,2.1114174791547184,0.03391877900065188,-5.060734273668338,0.9283048116344055,0.9938236202408788,0.9704035693986142,-12.244373006706134,0.8497390918174753,0.9563903472007764,0.9533391433938618
1.177229901827444,2.302176953964647,4.925284806905506,0.8561361398325947,0.2007715324315636,1.1901630326065213,0.8958887531539349,0.3227561196736174,0.30328849028400595,1.2342844766906709,0.8829031867199806,0.03255813953488372,0.0022053996389299196,0.023541630604119786,0.09318104715594255,-5.872350521986713,209.1606120554687,0.9764583693958803,163.04125214951753,1.228151382058228,0.886769514052006,0.8969731387358737,0.8576837455520693,-10.79763532889222,325.7846026543496,0.8341421149479495,1.177229901827444,0.8969731387358737,1.1554812886177281,5.281294907529059,2.027594945160594,0.8524433776464796,0.2440057513698364,1.189883548761455,0.8300349030572154,0.7029745345602397,0.7687240153447549,1.3204367075870396,0.761778799245463,0.020930232558139535,0.017643197111439357,0.0885244627521082,0.08897544064823323,-41.209269218601705,624.3010259437948,0.9114755372478918,181.20493719141686,1.2941387024608502,0.7853102937161134,0.8457280905763788,0.912493902863912,-43.2368641637623,753.9608866598114,0.8239694401118038,1.1554812886177281,0.8457280905763788,target,1.0,0.8968818893289704,0.7242105891691842,0.8550556600011934,5,0.6909899025830231,E3,15.0,"gam,maxent,gbm,rf",all10_minus_drivers,500,10000,500,500,1.1156306524904045,0.9944681070399951,0.12313054219790885,0.007499889707504302,0.9386914788830331,0.9925001102924957,0.938254613700344,0.8929708171952295,0.8854709274877253,all10_minus_drivers,"tcold,tseas,lpann,lpdry,lpwet,vpd,vpdmax,wbal",55.9,1,heat_limited,0.48368500000000003,-3.547035002734958,0.8442689269890195,1.0850575726827547,0.9024389015905179,36.334466488780464,0.45088264926190375,2.09482948780165,0.04833761552325799,2.027594945160594,0.8457280905763788,1.1156306524904045,0.8854709274877253,-12.79694258016032,0.8047564083019361,1.0126615785061985,0.9260733623640225
1.4848784589134252,13.838134743684861,6.441291153810193,0.7126312982110619,0.49889957714087885,1.5014252850570113,0.7882683407139358,0.0539995970179327,0.04303978400698801,1.586036060425578,0.7583095170796562,0.16326530612244897,0.0005026259642212375,0.014021118227453696,0.2127895401225382,-4.356344175082027,108.27938175285567,0.9859788817725463,497.96124220668963,1.577887068353365,0.7643824156541079,0.7935831857174134,0.6463566407824852,-10.79763532889222,325.7846026543496,0.6323355225550316,1.4848784589134252,0.7935831857174134,2.0655578440135236,8.082167952761722,27.899665603665454,0.5629103069095683,1.087086620293009,2.127055904598023,0.6255022907015434,0.14710884353741496,0.11106211762112109,2.6139062185550412,0.5364054016427676,0.21678321678321677,0.0014668472017068768,0.021528776279485486,0.29274230828496584,-15.337198560096843,307.4210810963912,0.9784712237205145,670.4879125556789,2.3782102908277407,0.5774604982583473,0.6383642217884036,0.6101456344505609,-43.2368641637623,753.9608866598114,0.5886168581710756,2.0655578440135236,0.6383642217884036,target,1.0,0.8738924023669108,0.6773746620596595,0.8032466358587349,5,0.6251468473214083,E3,15.0,gbm,uncorr_minus_drivers,500,10000,500,500,1.3848766929898089,0.966517542291071,0.3974500374994485,0.012573344509639563,0.8716954220987067,0.9874266554903605,0.8280735506308039,0.6545231429995781,0.6419497984899385,uncorr_minus_drivers,"lpann,wbal",31.2,1,heat_limited,0.35901000000000005,25.9877408037686,0.6576418311460164,1.1197335333303922,0.7994395985720952,43.469727225596884,0.42432187319647124,2.1029470154850665,0.041281589139855024,27.899665603665454,0.6383642217884036,1.3848766929898089,0.6419497984899385,28.293209997865386,0.6586786301446206,1.1940265584329641,0.7675589776908087
0.9768292984495166,0.11675343005936156,-0.7003258666089636,0.9732172164779255,0.00712183782981775,0.9780456091218244,0.9816195990190377,0.9095607235142119,0.8880322209436133,0.9651307596513076,0.9743208243786852,0.0,0.0014565895289676677,0.030292539380301194,0.01554249789410967,-11.497961195501183,335.5923184929491,0.9697074606196988,6.380433483965923,0.9758304184309496,0.9801003633846687,0.9810735417370311,0.9949517081806868,-10.79763532889222,325.7846026543496,0.9646591688003856,0.9768292984495166,0.9810735417370311,0.9740022539152061,2.7899357784277754,-0.60863478322878,0.9760483341539472,0.011036412388761513,0.9733482732402257,0.9749756651524983,0.9563007296876281,0.9649197944245445,0.9420406520426645,0.9554404145077721,0.0,0.02796241588708354,0.03703415847355536,0.013053755724868618,-43.84549894699108,766.7090046245016,0.9629658415264446,39.679157550185124,0.9662639821029083,0.9699176261775816,0.9756481681989094,0.9960420876593965,-43.2368641637623,753.9608866598114,0.9590079291858411,0.9740022539152061,0.9756481681989094,target,1.0,0.8723016748557615,0.6954891843386646,0.7605039953429106,5,0.6846395781846125,E3,15.0,"gbm,rf",drivers,500,10000,498,500,0.9845590506021971,0.9996777272054638,0.004389641328803988,0.01983059072660696,0.875127521908608,0.980169409273393,0.9877956606793526,0.9961843770372358,0.9763537863106289,drivers,"mat,twarm",26.7,2,heat_limited,0.549315,0.45046745940608446,0.984009413035511,1.006661666740195,0.9859629598338273,29.587776715548216,0.5409444929105223,1.773040102351436,0.3280477048740269,-0.60863478322878,0.9756481681989094,0.9845590506021971,0.9763537863106289,-0.3781868267429118,0.9649686646312068,0.940905280804694,0.9395033763528684
1.1035881203788422,11.587706046625385,3.252576286008436,0.8830215000820614,0.1377135933133856,1.1114722944588917,0.9175528765306364,0.8292910447761194,0.3170552475115238,1.1288375115057665,0.9075093787753545,0.024193548387096774,0.0025439028393238142,0.034125472934543384,0.07140065816536405,-7.545059042883784,240.88757531894325,0.9658745270654566,180.26957636768552,1.1280803724061752,0.9089920411290722,0.9183114486228502,0.9023821627022385,-10.79763532889222,325.7846026543496,0.8682566897676951,1.1035881203788422,0.9183114486228502,1.240275133097579,1.1451259776172833,9.356607275425851,0.8568746922698178,0.3030738740139121,1.2542318620192885,0.8295609877332197,0.9229411245476211,0.7233736570510109,1.3304487824511975,0.784671848013817,0.026733500417710943,0.024556868537666175,0.06279874091633311,0.09833427976528487,-33.88025688833645,683.1987873214744,0.9372012590836669,129.4661794868304,1.2881431767337808,0.8073523660539695,0.8366840708425124,0.8913107100550485,-43.2368641637623,753.9608866598114,0.8285119691387153,1.240275133097579,0.8366840708425124,target,1.0,0.8628134090338605,0.6812730749419358,0.7868502302655218,5,0.6455453959822107,E3,15.0,"gam,maxent,gbm,rf",uncorr,500,10000,498,500,1.0647637534742136,0.9948448055882041,0.08243261128512816,0.017668857810914547,0.9466482679013887,0.9823311421890855,0.9515191658476133,0.9283468190359321,0.9106779612250175,uncorr,"mat,lpann,wbal",37.0,2,heat_limited,0.505618125,9.496928576000627,0.8336771751547288,1.0958662372612167,0.8951877382307545,43.35397365067636,0.4236512405129978,2.1096086822252613,0.03549104574912754,9.356607275425851,0.8366840708425124,1.0647637534742136,0.9106779612250175,4.79635359300768,0.8603537283113107,1.0005955794767725,0.9275316180463267
0.9774475135389105,1.3648761962290337,-0.9822999461886912,0.9752482356802888,0.00516827814733302,0.9812212442488498,0.9852460464705363,0.875,0.9091122730744374,0.9794791271860956,0.9836975847260593,0.006036217303822937,0.005098063351386837,0.02772076460842256,0.013681681805528348,-11.779935275080911,319.05377184766576,0.9722792353915775,9.393268590221375,0.9816426899508193,0.985188724319159,0.9833679313708326,0.9963364826727901,-10.79763532889222,325.7846026543496,0.9686157180643675,0.9774475135389105,0.9833679313708326,0.9656860840166324,3.002708812756566,-1.3005758540928483,0.9761611685540784,0.0067617456184665605,0.963583976949858,0.97505502567865,0.967196819085487,0.9626559231424808,0.9375628899174884,0.9597257926306769,0.006440281030444965,0.0350402100771377,0.04107566160183422,0.012851858151203334,-44.53744001785515,770.1786771338045,0.9589243383981658,37.09257354876322,0.9520805369127516,0.9688968346741846,0.9756637605519641,0.9975750818758274,-43.2368641637623,753.9608866598114,0.9564994202739934,0.9656860840166324,0.9756637605519641,target,1.0,0.8704729276667994,0.6963705661766734,0.7863940215502968,5,0.6511456655851079,E3,15.0,"gbm,rf",all10,500,10000,498,500,0.9883310539550889,0.9995259867332064,0.006220496757400626,0.01788944280231173,0.8632547159843207,0.9821105571976882,0.9878742830517312,0.9945929363040227,0.9767034935017109,all10,"mat,tcold,twarm,tseas,lpann,lpdry,lpwet,vpd,vpdmax,wbal",55.2,2,heat_limited,0.5442537500000001,1.0144485324387276,0.9746208426568745,1.013786561962324,0.9786977181828043,49.58752770061126,0.4389349435404087,1.8982220849693388,0.21923534148866808,-1.3005758540928483,0.9756637605519641,0.9883310539550889,0.9767034935017109,-2.3099650473501185,0.9480800653594771,0.940905280804694,0.9375654496106387
0.9863992680333341,0.6440714555043883,-0.8917976893282429,0.9680781224355818,0.017483122728059547,0.9947239447889578,0.9792285610419565,0.7869990533291259,0.8933567492278811,1.003086252639558,0.9810514934450602,0.0029455081001472753,0.013929919579845724,0.03108385469472539,0.02038905648600853,-11.689433018220463,300.5070716476427,0.9689161453052746,35.554711398613065,1.0028140862109776,0.9815240371357662,0.9755502439996017,0.9876071447352276,-10.79763532889222,325.7846026543496,0.9565232900405021,0.9863992680333341,0.9755502439996017,1.029145455252011,0.5875344421825162,1.8677835996586012,0.9743250451337601,0.04088135856682081,1.0323342270599063,0.977355964242114,0.9472803347280335,0.9627167227342397,1.0258603340712418,0.9624000397357572,0.0005529750055297501,0.09274987690792713,0.011735903314809778,0.015252244307260928,-41.3690805641037,747.8241726321629,0.9882640966851902,21.20727404926428,1.0288143176733782,0.9698747353563867,0.9740692508043511,0.985339000766497,-43.2368641637623,753.9608866598114,0.9736030974516874,1.029145455252011,0.9740692508043511,target,1.0,0.8662629521337827,0.699820646893965,0.7853309939599822,5,0.5920142771174094,E3,15.0,"gbm,rf",raw16,500,10000,498,500,0.9963603476419465,0.99930189105093,0.010852781576741518,0.014492433934795077,0.8740440748879662,0.985507566065205,0.987304288255638,0.990566399509146,0.9760739655743511,raw16,"x0,x1,x2,x3,x4,x5,x6,x7,x8,x9,x10,x11,x12,x13,x14,x15",62.1,2,heat_limited,0.53768125,2.5937504177018624,0.9712712427608469,1.0008602814664491,0.9765743484627625,47.418081064389014,0.44431974169263844,1.9076631226011382,0.2110288760210146,1.8677835996586012,0.9740692508043511,0.9963603476419465,0.9760739655743511,-1.8707945988433181,0.9597402857658163,0.9711916001235276,0.9620792211866604
1.0939192363807215,10.680134231002057,2.894735239370428,0.880693008370261,0.14612131852914265,1.1040958191638328,0.9064613117520529,0.45865451997196915,0.455587193555108,1.1378526179002653,0.9027200891500354,0.05581395348837209,0.004410799277859839,0.05220208214842108,0.08238372931649117,-7.902900089521792,216.61960929514171,0.947797917851579,135.38921216314895,1.1385214212450359,0.9042342552851328,0.9052860314610988,0.8964223737488826,-10.79763532889222,325.7846026543496,0.8442202916004615,1.0939192363807215,0.9052860314610988,0.9279524346170287,14.445716443402262,-7.049397364770165,0.8707738388314459,0.12707418489876812,0.9555804554003762,0.8132520258655971,0.7123884623365844,0.8180098514786582,1.0111692493459448,0.764296792915395,0.044522042776080316,0.023500328245527655,0.1991217502817394,0.08710358519701251,-50.286261528532464,684.9086745908548,0.8008782497182606,214.3587413262192,1.0293512304250558,0.7879442631625364,0.8308070628073853,0.9544282628388265,-43.2368641637623,753.9608866598114,0.755306512557087,0.9279524346170287,0.8308070628073853,target,1.0,0.8622514858375705,0.6827682272259806,0.7933765769749845,5,0.6235709094336702,E3,15.0,"gam,maxent,gbm,rf",all10_minus_drivers,500,10000,498,500,1.0595358891781004,0.9945193297984233,0.07733709798385317,0.017801208805752856,0.9344613821808965,0.9821987911942471,0.953805948568552,0.9327760095102964,0.9149748007045435,all10_minus_drivers,"tcold,tseas,lpann,lpdry,lpwet,vpd,vpdmax,wbal",46.5,2,heat_limited,0.5135,-5.962111846807922,0.833134684147795,1.0684695813296863,0.9115799801768389,36.073540381527344,0.4625367352991399,2.032381876737107,0.10261916631514367,-7.049397364770165,0.8308070628073853,1.0595358891781004,0.9149748007045435,-12.79763751523162,0.815732546705998,1.0050513963029954,0.9232049158067004
1.4734785726650017,11.574243743791499,4.752223786791932,0.7167035942885278,0.48505155913845543,1.4899479895979195,0.7938299624415032,0.0,0.044649851167162774,1.5986247225079864,0.758553152477393,0.18518518518518517,0.0013847858197932052,0.011572986473453844,0.20603371236633694,-6.045411542100288,113.54323353451586,0.9884270135265462,478.3398701164763,1.5671041211898062,0.7694987142579065,0.7992201949512622,0.6561727637644832,-10.79763532889222,325.7846026543496,0.6445997772910292,1.4734785726650017,0.7992201949512622,2.0056347880153886,12.695362812369979,24.616555112989666,0.5660286394222879,1.024521043018692,2.0653487534515187,0.6397650130548302,0.0,0.11563950524536502,2.5964479774602536,0.5424786312829624,0.3408450704225352,0.0036414738224191693,0.01888625500330315,0.27517939320313384,-18.620309050772633,345.84005298648054,0.9811137449966969,606.3960235460962,2.3092170022371366,0.5912305133786725,0.6528496069507654,0.632583095254686,-43.2368641637623,753.9608866598114,0.6136968402513829,2.0056347880153886,0.6528496069507654,target,1.0,0.8317043010844245,0.6363216444599145,0.7047377194507305,5,0.5065136188180679,E3,15.0,"gam,maxent,gbm,rf",uncorr_minus_drivers,500,10000,498,500,1.3989500154409493,0.9527007984533805,0.4083910530727489,0.009441037631799532,0.8519015133746549,0.9905589623682005,0.8258270960148593,0.6450128465697741,0.6355718089379745,uncorr_minus_drivers,"lpann,wbal",29.1,2,heat_limited,0.36882,14.234911038762299,0.6975066039559307,1.1293951559535889,0.7556639220904064,33.466452784052755,0.49272393060927505,1.924449640446464,0.19643747363577102,24.616555112989666,0.6528496069507654,1.3989500154409493,0.6355718089379745,24.023494818725165,0.670027584894892,1.306745489036926,0.6949378932666366
1.3843726484938224,29.242784288098335,2.0639727611958536,0.7209502708025604,0.48520523339078087,1.3891787769433337,0.7547481757411849,0.13505908835115363,0.41525202402716116,1.3454352656029085,0.7700273418157549,0.0,0.0012411784014442803,0.10083258489695851,0.24795875399262585,-1.437854278999029,180.4682822226879,0.8991674151030414,793.8049304882379,1.4030548472576372,0.759807338208828,0.7542171863706237,0.6448988292977563,-3.5018270401948826,182.26926168811906,0.5440662444007978,1.3843726484938224,0.7542171863706237,1.4422299172636197,22.9716084760542,5.677995828871252,0.6751907927129492,0.5819037297454469,1.4566529565728326,0.7040073057772173,0.06548607268031728,0.7513416815742398,1.42773361912417,0.7583813611281423,0.0,0.020238388314459215,0.1396738124818271,0.2857980421923258,-5.708212360016596,503.6644736104124,0.8603261875181729,841.4394910728955,1.5382241831761687,0.7309868436001727,0.7045415187462118,0.6309904956668958,-11.386208188887847,556.8435335963633,0.4913166831850688,1.4422299172636197,0.7045415187462118,target,1.0,0.6317982786868888,0.6595294328512342,0.8490165308196838,5,0.19776262685823487,E3,15.0,"gam,maxent,gbm,rf",drivers,500,10000,499,500,1.355382741497236,0.8550383607019403,0.42570036540803896,0.07031762391080296,0.48549370028451166,0.929682376089197,0.7894108755320418,0.668333454996715,0.598015831085912,drivers,"mat,lpann",36.9,0,region_excluded,0.4209275,17.09378021980843,0.6865504967080008,1.0666166963365502,0.5461196835139774,10.760712274705476,0.5635189584931517,2.2730956619507166,0.008121030732170187,5.677995828871252,0.7045415187462118,1.355382741497236,0.598015831085912,9.8072003799765,0.6956326887310372,1.2238358474655673,0.5922800244610766
1.385173677694978,21.459687065004175,5.651690995514946,0.7571393402264894,0.444110008010292,1.391348873500439,0.788771743785305,0.2789063693294639,0.4873556497588072,1.3155675621086649,0.8025949953660797,0.0,0.0014976202199245036,0.05893633031531422,0.2128988514721292,2.149863955320064,238.13768818894138,0.9410636696846858,721.2129833348037,1.3854807259637019,0.7907863849765259,0.7890944617451303,0.6749746851184026,-3.5018270401948826,182.26926168811906,0.6160383548030883,1.385173677694978,0.7890944617451303,1.4986651159102324,22.850118929819246,12.875539421882266,0.6951214508452322,0.5852343316327879,1.5107098979755356,0.7310809948301172,0.25257731958762886,0.7746986065445436,1.363579530231312,0.7860444612381132,0.013043478260869565,0.021233382570162482,0.08656921572255558,0.2660713911421325,1.4893312329944175,641.2715261904215,0.9134307842774444,835.739828609146,1.5600830521671425,0.7455843921780662,0.7311350196240227,0.62887842164373,-11.386208188887847,556.8435335963633,0.5423092059211743,1.4986651159102324,0.7311350196240227,target,1.0,0.6422177082226943,0.6543887036125656,0.8789266345337404,5,0.1766932893821716,E3,15.0,"gam,maxent,gbm,rf",uncorr,500,10000,499,500,1.3085355570130235,0.8933063542304971,0.36978825072613136,0.06125269371310784,0.5659136430450961,0.9387473062868922,0.8132838183367832,0.7118950288342215,0.6506423351211137,uncorr,"mat,lpann,wbal",42.0,0,region_excluded,0.43902625,15.563453043006504,0.7259585855926999,1.1994284643492925,0.6498019549724383,9.955228253828318,0.5708443988411396,2.2507261313595053,0.025549310168625494,12.875539421882266,0.7311350196240227,1.3085355570130235,0.6506423351211137,16.30105101422035,0.7228225895928104,1.1676426496767545,0.6453120204759437
1.36966283952715,27.976618003179908,6.563014254806765,0.7745363531921877,0.41723911935335095,1.3734516726811665,0.804931169098007,0.14061557030778515,0.3769194974406701,1.2973894162795394,0.8349469751085224,0.04782608695652174,0.0023592647300180536,0.04757627982620094,0.19677558658413705,3.0611872146118824,239.04854135844437,0.9524237201737991,638.7223621602412,1.377131143442828,0.813755389630876,0.8038474539811314,0.6946403510330248,-3.5018270401948826,182.26926168811906,0.6470640712068239,1.36966283952715,0.8038474539811314,1.5008590838201474,26.794560851582787,15.092144261947205,0.705615050057443,0.5846792313182311,1.5152769617007638,0.7328753304947068,0.18315317152763613,0.715580639644262,1.378643088922628,0.8109535550243426,0.012625324916450055,0.027623912686689643,0.08382014749808359,0.2664275541958964,3.705936073059357,617.1790282502683,0.9161798525019165,757.5032604698263,1.5896703867116533,0.7539030311128928,0.7326921044287074,0.6292304339809243,-11.386208188887847,556.8435335963633,0.5454102864828407,1.5008590838201474,0.7326921044287074,target,1.0,0.6504904734633388,0.6390594465329059,0.7847602912023142,5,0.20775552393592353,E3,15.0,"gam,maxent,gbm,rf",all10,500,10000,499,500,1.2824416752553172,0.9658079643694931,0.31837346575470815,0.035931790499390985,0.6999669577615126,0.964068209500609,0.8447691960345641,0.7519526972771735,0.7160209067777825,all10,"mat,tcold,twarm,tseas,lpann,lpdry,lpwet,vpd,vpdmax,wbal",80.6,0,region_excluded,0.45410625,17.206405327690444,0.7351524534468671,1.2214466410568725,0.7417475926500963,11.544940050018916,0.5766129646847231,2.183992317061745,0.07754215636177819,15.092144261947205,0.7326921044287074,1.2824416752553172,0.7160209067777825,21.20095740224923,0.7388931845796973,1.1240747681064367,0.7714786731911616
1.38670291526082,24.969519537520057,9.768684682636142,0.8046323650090268,0.3921159307716581,1.38732566078221,0.833263540634671,0.2566154640506002,0.27924399795675126,1.2868612401535044,0.8669654883084192,0.0014214641080312722,0.014432545544066961,0.005413015510838168,0.1704291170991143,6.266857642441259,317.21680200616544,0.9945869844891618,490.4541661716747,1.3430328483575822,0.8490706954313637,0.833440122044241,0.713026949245883,-3.5018270401948826,182.26926168811906,0.7076139337350447,1.38670291526082,0.833440122044241,1.56416695302794,27.543814448191938,21.45894019655168,0.7306027408501559,0.5861066321270916,1.5804177127290209,0.7636209323507493,0.3334509705066801,0.7597116332140449,1.2973415498198921,0.8550732149799145,0.00011401208528103979,0.08997004759560151,0.02193967909915149,0.25927387084775183,10.07273200766383,934.7848444698076,0.9780603209008485,809.6381188770565,1.5072814834039854,0.7856230950600954,0.7628678934075563,0.6283252593995675,-11.386208188887847,556.8435335963633,0.6063855803004161,1.56416695302794,0.7628678934075563,target,1.0,0.6507771191197305,0.6309090701906219,0.7934358498873364,5,0.19527030422080682,E3,15.0,"gam,maxent,gbm,rf",raw16,500,10000,499,500,1.2592288953433899,0.9864037327941926,0.26817670757987444,0.008947812236484587,0.7557298117095649,0.9910521877635154,0.8773366787280588,0.7910613913424338,0.7821135791059493,raw16,"x0,x1,x2,x3,x4,x5,x6,x7,x8,x9,x10,x11,x12,x13,x14,x15",94.8,0,region_excluded,0.43696875,21.263505057210907,0.776625865749009,1.1511055935538275,0.8462668706717522,9.684031132926007,0.5776651218897686,2.2196430244542302,0.049766406307029776,21.45894019655168,0.7628678934075563,1.2592288953433899,0.7821135791059493,21.130879071998642,0.7785287469507419,1.0999484680970673,0.865287244782103
1.4413670898366386,27.846554173747336,7.057746888122196,0.7542569341867718,0.4782629803141005,1.4475519360187263,0.7890096534135626,0.17309417040358743,0.2964529775463716,1.3704049686931934,0.8172803476519646,0.05056179775280899,0.0018258657475791892,0.03689589047746195,0.21800431610317542,3.5559198479273135,221.94300387927672,0.963104109522538,699.4237908648582,1.4527773611319434,0.7948550695095601,0.7889875418833332,0.6499795704464302,-3.5018270401948826,182.26926168811906,0.6130836799689683,1.4413670898366386,0.7889875418833332,1.5733921915889086,23.9877532726602,15.191513293437819,0.6910388970950271,0.6363564272686422,1.588536937129427,0.7279818406933554,0.2618079887876664,0.628591657324916,1.473400613259504,0.7882865533676761,0.020643594414086218,0.016894387001477103,0.06296423567973355,0.2756857712252585,3.805305104549972,549.4596247953083,0.9370357643202665,760.0957348634538,1.6731262796666377,0.7377448865107448,0.7282494812745239,0.5964597616373603,-11.386208188887847,556.8435335963633,0.5334955259576266,1.5733921915889086,0.7282494812745239,target,1.0,0.6520982342863272,0.6411591163183221,0.8248803193842411,5,0.1968974205800888,E3,15.0,"gam,maxent,gbm,rf",all10_minus_drivers,500,10000,499,500,1.3431322027546144,0.9586122884282283,0.37042068771666825,0.027288484962053782,0.6879943371556492,0.9727115150379462,0.8302660122159687,0.7114022921381122,0.6841138071760584,all10_minus_drivers,"tcold,twarm,tseas,lpdry,lpwet,vpd,vpdmax,wbal",62.0,0,region_excluded,0.42781125000000003,26.18420484998969,0.7361863003892444,1.0523048814766232,0.753550431122338,12.408024421624742,0.59852547977281,2.0539445329335706,0.17886342068764138,15.191513293437819,0.7282494812745239,1.3431322027546144,0.6841138071760584,21.92806193143044,0.7350626702997275,1.1425325587932165,0.7498052690542312
2.030973129111343,32.02161108525178,3.16710797788472,0.4388437551288364,1.1223632788795301,2.040134594752755,0.598418376349433,0.02960222016651249,0.060655737704918035,2.043400323167037,0.570667728528409,0.5,0.0002666994912194321,0.091390149768187,0.512917855164064,-0.3347190623101626,43.60993372733865,0.908609850231813,790.5659808453613,2.088995550222489,0.5866662350484761,0.5995499211160675,0.17858982785880514,-3.5018270401948826,182.26926168811906,0.08719967809061813,2.030973129111343,0.5995499211160675,2.180566202320848,20.410606424679145,9.649480812203826,0.3929304119481372,1.2636726494145014,2.203220981785161,0.5757285196147913,0.1292673053569019,0.1638747268754552,2.3614063290762406,0.5189305040163665,0.11538461538461539,0.0010667979648777285,0.08310644709365335,0.5230633368931241,-1.7367273766840219,154.6617263571272,0.9168935529063467,711.3048341825399,2.3772817717795656,0.5469030175726215,0.5765599547887371,0.19865229562331327,-11.386208188887847,556.8435335963633,0.11554584852965988,2.180566202320848,0.5765599547887371,target,1.0,0.5569801744401153,0.6096654757232095,0.6784886003254662,5,0.08390047993427711,E3,15.0,"gam,maxent,gbm,rf",uncorr_minus_drivers,500,10000,499,500,1.9664339923170617,0.5329115226954552,1.0667103907055187,0.10027639838845685,0.0983751166907912,0.8997236016115432,0.606602812630781,0.16891743922914082,0.06864104084068412,uncorr_minus_drivers,wbal,45.9,0,region_excluded,0.250135,-7.743557770896791,0.39202628175588294,0.8527124519816359,0.04746315023859582,11.386208188887847,0.5591380367871474,2.283519160498454,0.0,9.649480812203826,0.5765599547887371,1.9664339923170617,0.06864104084068412,10.34654951564139,0.5614267302936361,1.8226834067272557,0.036074284731312245
1.443236157972668,21.419218373752187,0.8653785491931965,0.7291769243394058,0.5169308444789669,1.4487467082805032,0.7577568008921814,0.18168778388716234,0.5315587266739846,1.4356443142799435,0.7742637683863545,0.0,0.0016720006564910554,0.073694686506299,0.25000770613922424,-2.636448491001686,172.84854449242079,0.926305313493701,811.7335387265069,1.4741762911854408,0.7629430546013014,0.7582609732350428,0.6216801975449006,-3.5018270401948826,182.26926168811906,0.5479855110386016,1.443236157972668,0.7582609732350428,1.4748222357326002,22.598335431468342,2.751429994445676,0.6803298867552929,0.5996933731595782,1.4901447572245072,0.7066798232442404,0.09627267291209886,0.7913526378421262,1.4884939418296568,0.760775681592516,0.0,0.021223124897423274,0.12487113742697788,0.28726983095609887,-8.634778194442172,486.96967982862634,0.8751288625730221,864.4944351033622,1.579115840470629,0.7303546670244644,0.7072256341789052,0.619709338384431,-11.386208188887847,556.8435335963633,0.494838200957453,1.4748222357326002,0.7072256341789052,target,1.0,0.6497074035569116,0.6718715541437896,0.8136400946694122,5,0.21288025470802202,E3,15.0,"gam,maxent,gbm,rf",drivers,500,10000,499,500,1.4304085074487023,0.8599832833880814,0.4693853649395671,0.0389768574908648,0.4892162449150061,0.9610231425091352,0.7908326024730384,0.6342981239506533,0.5953212664597887,drivers,"mat,lpann",37.3,1,region_excluded,0.38937125,11.422727030327607,0.6549350967425912,1.0262578469034012,0.5500593388550794,3.808350091150558,0.666862227437176,1.8923451700552796,0.3047667712971749,2.751429994445676,0.7072256341789052,1.4304085074487023,0.5953212664597887,2.2176198547500974,0.6961632616224631,1.3103391736156658,0.6005212697400149
1.4819040221375344,20.874446092523442,5.546054562885305,0.7499179386180863,0.5135325387770954,1.4848580903150297,0.7795582333258103,0.3058284217419777,0.5554858934169279,1.4272621692587355,0.7994466345603761,0.032432432432432434,0.0018976694567536517,0.031628516639561136,0.23075341973012137,2.0442275226904227,233.93519429487904,0.9683714833604389,762.5388766665444,1.4898755062246887,0.7807028112449799,0.7803456336127221,0.624167273631664,-3.5018270401948826,182.26926168811906,0.592538756992103,1.4819040221375344,0.7803456336127221,1.5685813221960825,20.81900468176002,10.573865935390259,0.6987013786312162,0.6277391557188549,1.582981678329149,0.7293614029282819,0.33558731265249214,0.7979890310786106,1.4657497543984996,0.7835850628418269,0.012025901942645698,0.022177088462169703,0.05915783352277233,0.2723286406646665,-0.8123422534975888,626.9520932974468,0.9408421664772276,851.7875565231027,1.6341955763185974,0.7332559717995315,0.7325772856378381,0.6019243341099955,-11.386208188887847,556.8435335963633,0.5427665005872231,1.5685813221960825,0.7325772856378381,target,1.0,0.6592644014899715,0.6637753067433217,0.8229822241433954,5,0.23286964077802458,E3,15.0,"gam,maxent,gbm,rf",uncorr,500,10000,499,500,1.4013632530684905,0.9115983593947742,0.426145413660639,0.02478216059214841,0.5810977041361646,0.9752178394078516,0.812220173821438,0.6679867143587123,0.6432045537665638,uncorr,"mat,lpann,wbal",39.2,1,region_excluded,0.3945975,14.198120338009579,0.683901645498342,0.9587979012461351,0.6234544695260997,5.713497250094967,0.6418770721754654,1.9815890564977046,0.23523614862398712,10.573865935390259,0.7325772856378381,1.4013632530684905,0.6432045537665638,9.952272320243004,0.7248571866313555,1.272510072144664,0.6766680954163098
1.3770662912347986,28.672012818726955,3.4419309774801787,0.7615296241588708,0.4440614607859796,1.3829367014532332,0.7845163666874725,0.0581034167732505,0.4141673807483576,1.3342506564330439,0.8187550700340707,0.056140350877192984,0.0029234367306745445,0.06699516955118091,0.21643364916720678,-0.059896062714703824,222.5657158871326,0.9330048304488191,667.4817705334045,1.4049797510124493,0.7933142073094673,0.7850053100236909,0.6750102147767849,-3.5018270401948826,182.26926168811906,0.6080150452256041,1.3770662912347986,0.7850053100236909,1.4639845629245856,26.941919968973025,8.953371053328961,0.6971524700475956,0.5797890618804684,1.4791944874739598,0.7175360351625623,0.08198757763975155,0.6940001091881859,1.415527968801167,0.797880207049544,0.00944424264438794,0.02823937305104218,0.11580449895588274,0.27750039584103026,-2.432837135558885,538.5121642033835,0.8841955010441173,742.0956940283702,1.5803846930241947,0.7371703173893608,0.7176956498417637,0.6323314950466835,-11.386208188887847,556.8435335963633,0.5165269960908008,1.4639845629245856,0.7176956498417637,target,1.0,0.6747962586474017,0.6524800678952002,0.8435392535577503,5,0.2245887087912437,E3,15.0,"gam,maxent,gbm,rf",all10,500,10000,499,500,1.3296402136231613,0.9687931594092767,0.3562494144101939,0.0266092007870327,0.7053513406177893,0.9733907992129673,0.835657620881386,0.7224432440324111,0.6958340432453785,all10,"mat,tcold,twarm,tseas,lpann,lpdry,lpwet,vpd,vpdmax,wbal",79.8,1,region_excluded,0.4234975000000001,10.635856038058943,0.6968980797636632,0.8647053312095943,0.7774835339447708,4.550213217911736,0.690378281822749,1.751288297573316,0.41399853444470436,8.953371053328961,0.7176956498417637,1.3296402136231613,0.6958340432453785,12.237657864894658,0.7242937446813611,1.0591445704113183,0.7909365019944987
1.2856275942422992,22.741570729932903,8.027097905186697,0.8377236172657148,0.3065999951452776,1.2785770018531162,0.8599985018566276,0.21775636613902272,0.4836864079171177,1.1939002221773378,0.8926532866875345,0.0,0.013837600525192844,0.02097240090297837,0.14036967307752318,4.525270864991815,324.42315822221514,0.9790275990970216,407.3457947069892,1.2457877106144692,0.8735696157442451,0.8566816410191056,0.7756124424863655,-3.5018270401948826,182.26926168811906,0.7546400415833872,1.2856275942422992,0.8566816410191056,1.4344849462081362,26.97996727970252,18.48494316550169,0.7464816182504513,0.5042161190558008,1.441643074622082,0.768847079413695,0.3114190568267268,0.7094859672065185,1.1875204667917,0.8583987697500034,0.0,0.08809289348432628,0.06973117284766461,0.24424071991001126,7.098734976613841,922.3393831806368,0.9302688271523354,720.4184567829362,1.3471753611904145,0.803975771872274,0.7642428256550017,0.6802554603818496,-11.386208188887847,556.8435335963633,0.610524287534185,1.4344849462081362,0.7642428256550017,target,1.0,0.6736627314508985,0.6592623421434849,0.9132767866280673,5,0.19096716891925875,E3,15.0,"gam,maxent,gbm,rf",raw16,500,10000,499,500,1.1868968424997657,0.9862135693548679,0.20029513726225054,0.013398294762484775,0.7488860659381547,0.9866017052375152,0.9022846309565888,0.8439484633914884,0.8305501686290038,raw16,"x0,x1,x2,x3,x4,x5,x6,x7,x8,x9,x10,x11,x12,x13,x14,x15",92.5,1,region_excluded,0.47192375000000003,1.5648890389086798,0.7582380767323748,0.9556591398856928,0.8578523753464953,8.634727519205432,0.6240525226198625,2.009088353789937,0.2138112270968684,18.48494316550169,0.7642428256550017,1.1868968424997657,0.8305501686290038,10.567975837581567,0.7629491254033334,1.0534760610887286,0.8739900215189271
1.4046896618685827,27.048114178067124,4.050886168302892,0.7542056458230757,0.4654222394834575,1.4100507168633571,0.7806477069232404,0.0991852639036486,0.36424908424908425,1.3586144213290245,0.8134232498394348,0.06222222222222222,0.002307976366322009,0.06073257761487487,0.22271572951687693,0.5490591281080093,219.99677831890497,0.9392674223851252,683.8976150540897,1.4313284335783212,0.7885212527504164,0.7811963741344154,0.6593771650885577,-3.5018270401948826,182.26926168811906,0.5986445874736828,1.4046896618685827,0.7811963741344154,1.5087626549655044,24.977015585846914,10.56088196783942,0.6894797308386673,0.6082049113161164,1.524437797126222,0.7177951756242065,0.1401643305944901,0.6475492957746479,1.4558661546247507,0.7887508333838414,0.01463963963963964,0.018217626784835055,0.09944225635061194,0.27943204613841527,-0.825326221048428,525.8417495643788,0.9005577436493881,739.7380651339632,1.6215358883409754,0.7342888886444389,0.7179298064461748,0.6143118158807852,-11.386208188887847,556.8435335963633,0.5148695595301733,1.5087626549655044,0.7179298064461748,target,1.0,0.6722709478121065,0.6507765349967948,0.8672942431021301,5,0.2103092785594734,E3,15.0,"gam,maxent,gbm,rf",all10_minus_drivers,500,10000,499,500,1.3480980043099409,0.9648011151753574,0.37302070645554203,0.02492270214560105,0.6998849124404874,0.975077297854399,0.8305252132275924,0.7093765968318856,0.6844538946862846,all10_minus_drivers,"tcold,twarm,tseas,lpdry,lpwet,vpd,vpdmax,wbal",63.8,1,region_excluded,0.41585249999999996,9.753293756805881,0.6852927789231305,0.8778928136419001,0.7620832701163653,7.980825360684129,0.6721806931578382,1.7945750960367282,0.3806485029176676,10.56088196783942,0.7179298064461748,1.3480980043099409,0.6844538946862846,12.601108144517582,0.7217355805680294,1.1086151972266467,0.7726883421135355
2.1039881544772676,16.937268034205033,2.3714388756213123,0.44228007549647136,1.1536276913367478,2.113478981761436,0.6104628396898739,0.007360157016683023,0.08137762877171593,2.125605938194304,0.5908125267570821,0.5454545454545454,0.00022566880026259642,0.04963953685948006,0.5084747501692898,-1.1303881645735703,33.008064970134434,0.9503604631405199,790.2606908411149,2.1667416629168543,0.5993558369383308,0.6123479960899316,0.15570872786058162,-3.5018270401948826,182.26926168811906,0.10606919100110157,2.1039881544772676,0.6123479960899316,2.21815442362084,11.754800582344615,7.104192881310478,0.39918759231905465,1.276228489862811,2.24119972223706,0.5829412394835073,0.0636182902584493,0.17964644051600573,2.4446726801821916,0.5340247169648259,0.125,0.0009847365829640572,0.05807406624197087,0.5181739773287334,-4.282015307577369,126.3406653148714,0.9419259337580291,694.3905776993626,2.419903682556161,0.5504755801403131,0.5853826819772313,0.1906901118058233,-11.386208188887847,556.8435335963633,0.13261604556385231,2.21815442362084,0.5853826819772313,target,1.0,0.5742321391932951,0.5523852802313438,0.3367296542116597,5,0.1032991967407153,E3,15.0,"gam,maxent,gbm,rf",uncorr_minus_drivers,500,10000,499,500,2.0535229082732127,0.6155156985448688,1.1046097629532465,0.05108685468003373,0.22459468934281304,0.9489131453199663,0.6215202399490645,0.1393897364771151,0.08830288179708146,uncorr_minus_drivers,wbal,49.0,1,region_excluded,0.19324875000000002,-21.56671242753962,0.4656067899670636,0.8846153846153846,0.18554914041212944,8.298396860771318,0.591129133660254,2.161201161810175,0.08046330350504705,7.104192881310478,0.5853826819772313,2.0535229082732127,0.08830288179708146,6.158558374326062,0.5764496078397424,1.9199850089009651,0.0797009347420532
1.3627205864504697,19.147596511672475,0.9721813989288397,0.7351058591826687,0.456950748840935,1.3671120647615331,0.7680469715698393,0.09265734265734266,0.5098299681190224,1.3419763684104222,0.7775465982471081,0.0,0.002154111275233875,0.09423016239046532,0.23342379571948438,-2.529645641266043,177.7021338020527,0.9057698376095347,805.6500220378223,1.3882305884705766,0.7709506563108423,0.7667176921417344,0.6655770904762751,-3.5018270401948826,182.26926168811906,0.5713469280858097,1.3627205864504697,0.7667176921417344,1.365837540641273,26.31712002216443,1.0974778730727834,0.6834379615952733,0.5364648039967223,1.377917846268896,0.7025406024664734,0.1695364238410596,0.7228424424813125,1.372272334851597,0.7499843136270659,0.0,0.02315156737239455,0.17062726335544923,0.2808959267465426,-10.288730315815064,478.7889289656148,0.8293727366445508,876.3852334997155,1.4627274562390056,0.7174004683840749,0.7011239972291122,0.6598052198400858,-11.386208188887847,556.8435335963633,0.4891779564846366,1.365837540641273,0.7011239972291122,target,1.0,0.6468245737977056,0.66970138184577,0.8947179679294777,5,0.1850392351950585,E3,15.0,"gam,maxent,gbm,rf",drivers,500,10000,499,500,1.3491286423685938,0.8570980771985379,0.42181204909584935,0.07268340672725569,0.4834545281611764,0.9273165932727443,0.7894983497691671,0.6713628732024235,0.5986794664751678,drivers,"mat,lpann",35.6,2,region_excluded,0.44673375000000004,1.0920647479182417,0.6993874683899972,1.3354492644992035,0.5973769991588846,10.464438740206216,0.5875975614491515,2.1498172959805117,0.10416818745893863,1.0974778730727834,0.7011239972291122,1.3491286423685938,0.5986794664751678,4.4766580463341255,0.6903250424948832,1.2241403541647147,0.5872503744235316
1.3416753647110227,27.171206240729248,3.2006004889683304,0.7572932053175776,0.4235502585139695,1.3453623329757145,0.7853578408949141,0.08966244725738397,0.5548299319727891,1.2920117148050898,0.8049172743495406,0.1377551020408163,0.0040210077137699,0.08187489380294681,0.21389140644310786,-0.3012265512265522,220.08205937393387,0.9181251061970532,735.0774856259769,1.3594320283985801,0.7896632832531627,0.7841608790297502,0.6900214954433214,-3.5018270401948826,182.26926168811906,0.6081466016403745,1.3416753647110227,0.7841608790297502,1.4282466760064498,25.483872831704275,8.846525649205306,0.6977781880846874,0.5455578758161296,1.442123818172106,0.7263719678908113,0.23496267079870403,0.7591733033663947,1.312077639844006,0.7832614433786133,0.058203125,0.026259642212374857,0.1173111998096799,0.26259902241698974,-2.5396825396825418,610.4684394437712,0.8826888001903201,845.7124730457875,1.4960636733281425,0.7380886362586071,0.7270174063551158,0.6540389225069984,-11.386208188887847,556.8435335963633,0.5367277226973184,1.4282466760064498,0.7270174063551158,target,1.0,0.6481028683413836,0.6556742427624573,0.8614617855893467,5,0.1452485535009075,E3,15.0,"gam,maxent,gbm,rf",uncorr,500,10000,499,500,1.2986039539023704,0.913134235053462,0.3607935913051626,0.06218963740279209,0.5855811753944141,0.937810362597208,0.8159825541107896,0.7189028396233301,0.656713202220538,uncorr,"mat,lpann,wbal",41.2,2,region_excluded,0.45399874999999995,11.417520814138339,0.7188104956268222,1.1220837627658578,0.6780985606352181,10.557876316655513,0.6001681632135039,2.0840906961491616,0.15537630483976939,8.846525649205306,0.7270174063551158,1.2986039539023704,0.656713202220538,10.743694177678876,0.7202012118440608,1.1702426684156282,0.6785834404507995
1.1908876859965531,40.294156881489585,9.179802269058634,0.809309863778106,0.2936136126416972,1.1947478786696577,0.8211440823899301,0.008143085647811545,0.4829149232914923,1.105155524136538,0.8699343975246159,0.1632996632996633,0.006093057607090104,0.10272592664514406,0.16751295229838792,5.677975228863752,290.63157698219163,0.897274073354856,486.72656710086665,1.1980900954952252,0.8393230825220636,0.8190963681889694,0.78511662610364,-3.5018270401948826,182.26926168811906,0.6823906994584958,1.1908876859965531,0.8190963681889694,1.3472020300811505,38.756450314611754,21.167575986410725,0.71784219596258,0.48521054161930693,1.3611986539180598,0.7358383856664555,0.03340216203085145,0.7337066603121649,1.153285106129618,0.8495389252187858,0.03760932944606414,0.03518381749548662,0.13800851153815655,0.24929298943205255,9.781367797522877,703.8693451163978,0.8619914884618435,700.1500800505992,1.4332843094846728,0.7627490252313964,0.734484273117335,0.6923076923076923,-11.386208188887847,556.8435335963633,0.5542991807695357,1.3472020300811505,0.734484273117335,target,1.0,0.6756418161499245,0.6791229670658498,0.9070009537580725,5,0.2787942077330954,E3,15.0,"gam,maxent,gbm,rf",all10,500,10000,499,500,1.0874402698397827,0.9671987779898761,0.17338142977607046,0.08594115993628783,0.6940858949884792,0.9140588400637122,0.8757700550961096,0.8649171472370246,0.7789759873007367,all10,"mat,tcold,twarm,tseas,lpann,lpdry,lpwet,vpd,vpdmax,wbal",79.1,2,region_excluded,0.519315,23.391462346363866,0.7409905569473887,0.9451185233767451,0.804471812545986,12.593837741915536,0.6009117478874134,2.038555232830507,0.19085334695963208,21.167575986410725,0.734484273117335,1.0874402698397827,0.7789759873007367,23.65081221810854,0.7414765818783133,0.9266607326899653,0.8053503400297164
1.289924023593951,33.417181240681316,16.390045589712663,0.8212087641555884,0.3316260892783455,1.2796742416853604,0.842727875585599,0.19057453999248966,0.48782894736842103,1.1128559886891538,0.90220586478025,0.0,0.015140324963072379,0.041702065684394496,0.16018830979460902,12.888218549517783,459.9698873501542,0.9582979343156055,528.7214767997621,1.2071146442677867,0.8727021486255366,0.8369691958701689,0.757296903590272,-3.5018270401948826,182.26926168811906,0.7155948379058774,1.289924023593951,0.8369691958701689,1.5078639211228886,31.69528228898554,32.56562782605486,0.7401116034794026,0.55362004705136,1.5220340793761018,0.7634014613999788,0.3047708457796364,0.7836289222373807,1.1267899139650501,0.8842541397796784,0.00011030222810500772,0.09299606105366814,0.04575612592847136,0.256429395399335,21.17941963716701,1015.5880089044139,0.9542438740715287,811.4568242383442,1.3819534561813305,0.8073705492802576,0.7610013175230567,0.6489263623715574,-11.386208188887847,556.8435335963633,0.603170236443086,1.5078639211228886,0.7610013175230567,target,1.0,0.6771954439743784,0.6674471382237489,0.8904966793011703,5,0.26188161827961415,E3,15.0,"gam,maxent,gbm,rf",raw16,500,10000,499,500,1.1026421812049096,0.9849275662214996,0.14215778131734283,0.03951560011243324,0.7453404909322456,0.9604843998875667,0.9135975759196132,0.8892437404190087,0.8497281403065755,raw16,"x0,x1,x2,x3,x4,x5,x6,x7,x8,x9,x10,x11,x12,x13,x14,x15",94.3,2,region_excluded,0.50862875,32.32373982804955,0.7519127214960695,0.9254192823011337,0.8579922073013801,12.457284968399485,0.5591793598356355,2.259088353789937,0.019034236075625932,32.56562782605486,0.7610013175230567,1.1026421812049096,0.8497281403065755,32.05787682550842,0.7494634054296294,0.911599362878291,0.851340060993468
1.2926912153797607,36.61797566643446,8.177902203336629,0.780978171672411,0.3744447411219263,1.2982297864039793,0.8022704365816137,0.01810926949048496,0.3536931818181818,1.220157543930519,0.8422943959243085,0.2581888246628131,0.005323732151649434,0.0817535257421657,0.19243263310955047,4.676075163141746,230.57780871938007,0.9182464742578343,583.1316438741216,1.315809209539523,0.8141239461554238,0.8010206242324144,0.7259597448970528,-3.5018270401948826,182.26926168811906,0.6442062191548872,1.2926912153797607,0.8010206242324144,1.4531733234648834,34.26207561066286,19.44305228040448,0.6960856720827179,0.5635589860167587,1.4682709256984134,0.7256024324529037,0.08707360861759425,0.6536251375473774,1.298532344973356,0.8133143375210465,0.06226493940660259,0.024546610864926967,0.11038566255187544,0.266543982333456,8.056844091516634,578.5494125692359,0.8896143374481246,714.462883584934,1.554892291720737,0.7415007449546255,0.725276382992479,0.6426236652865548,-11.386208188887847,556.8435335963633,0.5322380027346794,1.4531733234648834,0.725276382992479,target,1.0,0.675499276672747,0.681935503631682,0.9265599260646532,5,0.29732148665331665,E3,15.0,"gam,maxent,gbm,rf",all10_minus_drivers,500,10000,499,500,1.1916986789093975,0.9633759659611415,0.25847934039164244,0.06678066148224492,0.6889956715528865,0.9332193385177551,0.851594562243502,0.7986166873494416,0.7318360258671968,all10_minus_drivers,"tcold,twarm,tseas,lpdry,lpwet,vpd,vpdmax,wbal",63.4,2,region_excluded,0.47371,25.857076930099552,0.7325283279533469,0.7662793966082638,0.7302738386355894,12.805093889126805,0.5979531354961078,2.048697648271339,0.18295131031462142,19.44305228040448,0.725276382992479,1.1916986789093975,0.7318360258671968,22.167172484913245,0.7349182125995517,0.9735781879509041,0.7919668203063268
2.1088428769085126,24.43073212157958,2.8500111038670117,0.43873092072870506,1.1625118333859261,2.1183556032380766,0.6072249589490969,0.013776722090261283,0.07713147410358566,2.1272722682286407,0.5871553707665603,0.12568306010928962,0.0018771541112752338,0.053668956477413404,0.5146703663737732,-0.6518159363278708,34.491647419966775,0.9463310435225866,786.8178326834537,2.1702164891755413,0.595686630130505,0.6087995315244974,0.14920680037661438,-3.5018270401948826,182.26926168811906,0.09553784389920095,2.1088428769085126,0.6087995315244974,2.2400941027199917,16.365651866299856,8.29522840661724,0.39112506154603643,1.2945996669398112,2.2633673414881685,0.581403913673304,0.09636098981077147,0.1514479700706665,2.444553600666845,0.530275007346205,0.1791530944625407,0.003149105530937141,0.054505564219819724,0.5246190098887643,-3.0909797822706087,123.56004189077228,0.9454944357801802,706.3382332417144,2.4438388557256974,0.5511714759424562,0.5836215898707741,0.1790401796939169,-11.386208188887847,556.8435335963633,0.12453461547409717,2.2400941027199917,0.5836215898707741,target,1.0,0.5463389931597868,0.5368676876207081,0.3277975957181093,5,0.06956290259788347,E3,15.0,"gam,maxent,gbm,rf",uncorr_minus_drivers,500,10000,499,500,2.048346294387707,0.6033011362359009,1.1061088728567414,0.05776257846903401,0.2095525537963607,0.942237421530966,0.618195789150146,0.13822176801226366,0.08045918954322961,uncorr_minus_drivers,wbal,45.6,2,region_excluded,0.19755999999999999,-16.932783820946206,0.49763073518145445,1.0670851681813922,0.15790315627185914,10.120201355151204,0.5693195584616889,2.2553874262156843,0.021917658223227887,8.29522840661724,0.5836215898707741,2.048346294387707,0.08045918954322961,8.070341345185273,0.5782252525421742,1.9758268528061464,0.08215953818080424
1.3300327839801525,3.87399065460221,2.012449234476754,0.7118722304283605,0.4266126174020911,1.3278728606356969,0.7754724007218493,0.001093693036820999,0.5580964153275649,1.288820018365473,0.7671738498109347,0.0,0.0009847365829640572,0.09657983342193868,0.24251478560867423,-0.05493042146614835,225.93113989697662,0.9034201665780613,63.33433431339722,1.30718820861678,0.772209500034399,0.775457043170734,0.6320686229558307,-2.0673796559429025,156.5106633471575,0.535488789533892,1.3300327839801525,0.775457043170734,1.3598234516616314,4.066991010752474,3.98965661132622,0.6813248810109962,0.44425037764350456,1.3666183701099737,0.7771008761805354,0.20663009041032376,0.7256572414153557,1.2764482803713875,0.7598575367647059,0.0,0.01983833907763007,0.08442692598187311,0.23441195554346234,-4.099806911245752,573.3158346530626,0.9155730740181269,45.95942234711554,1.3308268773102436,0.7715151580982588,0.7759674338124244,0.6585268505079825,-8.089463522571972,481.55764271618096,0.5740999245261094,1.3598234516616314,0.7759674338124244,target,1.0,0.6832148776801897,0.7194483475806679,0.8846348254004097,5,0.20674019382657888,E3,15.0,"gam,gbm",drivers,500,10000,500,500,1.303251838514437,0.7959243330131421,0.4143219732303621,0.11107013471592511,0.42309623462292223,0.8889298652840749,0.7718911587691786,0.6283590511957347,0.5172889164798096,drivers,"mat,lpann",27.8,0,patchy,0.38355875,3.8922023279151627,0.7734567590682698,1.291081849144196,0.5149954180927776,6.439611519403588,0.6197187218886443,2.0814369698678874,0.02996633651806735,3.98965661132622,0.7759674338124244,1.303251838514437,0.5172889164798096,4.376211114508089,0.7512376752506552,1.211662364145172,0.49080197850819784
1.3050017721070353,6.108237068634537,1.069177763728546,0.7095539963892992,0.4174862661704767,1.308268504112025,0.770715172991555,0.006657528881926767,0.5272016831980764,1.2715794306703398,0.7605053057099546,0.0847457627118644,0.0012104053832266534,0.11248449406344144,0.24560953065625962,-0.9982018922143565,221.0339217653992,0.8875155059365586,92.15940982518468,1.3031292517006803,0.7704198172652804,0.7700779380531824,0.63993963013908,-2.0673796559429025,156.5106633471575,0.5274551360756385,1.3050017721070353,0.7700779380531824,1.318400679758308,6.523596755887468,1.9574118311743165,0.6705440669620877,0.43096204682779454,1.3267143298258948,0.7676633624957889,0.08834943439848073,0.7087074760121094,1.2522557865829738,0.749997096905301,0.0,0.020802560315115706,0.1125613670694864,0.24123192960402262,-6.132051691397655,566.0741058067638,0.8874386329305136,79.36177230594848,1.3330801559572636,0.7692508030210956,0.7655610530816688,0.6687409288824383,-8.089463522571972,481.55764271618096,0.5561795618129519,1.318400679758308,0.7655610530816688,target,1.0,0.673109282764894,0.711000519450687,0.8667239082582686,5,0.15607683961892166,E3,15.0,"gam,gbm",uncorr,500,10000,500,500,1.2909083020587022,0.7985242479930189,0.41108965876304315,0.12018135670434085,0.4205085176916953,0.8798186432956592,0.7680959054581266,0.631258391547158,0.5110770348428173,uncorr,"mat,lpann,wbal",31.7,0,patchy,0.39118875,1.9608002878221296,0.7653080974258152,1.2894982319890664,0.5106957659172657,5.4797239745788655,0.6246065618481089,2.0781178818578216,0.03294351150979735,1.9574118311743165,0.7655610530816688,1.2909083020587022,0.5110770348428173,2.898561383258758,0.7514056980414289,1.219884157320433,0.49313902913929697
1.3236753499911396,7.984519209165512,1.0667169654193787,0.7086410635155096,0.43219475456317563,1.327450544565459,0.7683360073344029,0.002091612633340305,0.4828021457873146,1.2984159779614326,0.7614738461231135,0.04524886877828054,0.0022669456753651733,0.10851940457203615,0.2508558915151079,-1.0006626905235239,196.09909327678787,0.8914805954279639,97.32979202688455,1.3286848072562358,0.7700861775159453,0.767302192564347,0.627254317591319,-2.0673796559429025,156.5106633471575,0.5187349130192829,1.3236753499911396,0.767302192564347,1.3513972809667674,8.131645494661086,2.9469850600139846,0.6711595273264401,0.45279456193353473,1.356143559535403,0.7666841404895358,0.20513233046416218,0.6678779069767442,1.2804498496142278,0.7507024646473914,0.01528140141632501,0.027521335959297556,0.10139728096676737,0.24723379568588155,-5.142478462557987,558.7743736968647,0.8986027190332326,68.46753002798577,1.3537647475821561,0.7663844937559832,0.7643138199630611,0.6519593613933237,-8.089463522571972,481.55764271618096,0.5505620804265563,1.3513972809667674,0.7643138199630611,target,1.0,0.6654213343335628,0.7088455301828918,0.8725321043882023,5,0.16226672366709236,E3,15.0,"gam,gbm",all10,500,10000,500,500,1.309412760049461,0.8074788059651017,0.41889927761025664,0.10948651756079571,0.4274448235907949,0.8905134824392043,0.7712033966765924,0.6242532739195579,0.5147667563587621,all10,"mat,tcold,twarm,tseas,lpann,lpdry,lpwet,vpd,vpdmax,wbal",67.6,0,patchy,0.38313250000000004,3.2817242349382223,0.7670134997073906,1.33199557454932,0.5189957584481575,5.037812947570142,0.6283815851922164,2.0693537540403932,0.04080481018077098,2.9469850600139846,0.7643138199630611,1.309412760049461,0.5147667563587621,0.3528734327242322,0.727644832915845,1.2096448792763086,0.4887844936393346
1.3786328194222932,4.4480520261082575,0.5498785482778601,0.6993681273592647,0.4654439128123339,1.3829962213825295,0.7688390183843076,0.0036137321822927123,0.44944146235311183,1.3507805325987143,0.76607421875,0.0,0.01243229935992122,0.08681109339004076,0.2589534255681582,-1.5175011076650424,223.92024505741628,0.9131889066099592,90.31682110051472,1.3724263038548752,0.7700527603609114,0.7678267104981328,0.598578633654287,-2.0673796559429025,156.5106633471575,0.5117675402642461,1.3786328194222932,0.7678267104981328,1.3462990936555892,7.943576031969542,-1.651659333304977,0.6631790579353356,0.45303058912386707,1.354385881570509,0.7636246242004802,0.2478859227325485,0.636989110128947,1.2844514188570682,0.753829597233989,0.00011938872970391595,0.08591826686361398,0.10673149546827794,0.2661257743064907,-9.741122855876949,638.743983122325,0.893268504531722,73.20058423554563,1.3463466504633146,0.7636281237860935,0.7614276516980525,0.65177793904209,-8.089463522571972,481.55764271618096,0.545046443573812,1.3462990936555892,0.7614276516980525,target,1.0,0.6660371834333582,0.7100833281233576,0.8688325248433347,5,0.17565529171923816,E3,15.0,"gam,gbm",raw16,500,10000,500,500,1.3709352018569538,0.8058378383805299,0.45590819359177387,0.08497299173482005,0.4275609725647195,0.9150270082651799,0.7718701106200763,0.5910567998287638,0.5060838080939436,raw16,"x0,x1,x2,x3,x4,x5,x6,x7,x8,x9,x10,x11,x12,x13,x14,x15",79.4,0,patchy,0.35258500000000004,-3.2905402587312,0.7293032961417256,1.2621428726381327,0.49008934207152466,5.85655620693708,0.659013843521543,1.9129444432392564,0.18110174933354095,-1.651659333304977,0.7614276516980525,1.3709352018569538,0.5060838080939436,-4.440652721734516,0.716109699693831,1.2335509903030566,0.4833903480825623
1.3871389331915647,3.8543316218357404,0.9275536293890663,0.7085692598063351,0.4678584086478823,1.3912202711713715,0.7709725695057678,0.01387645478961504,0.43887351456942864,1.3713728191000918,0.7695867256551497,0.0650887573964497,0.0017335466929263089,0.08071947545631757,0.25435937483944554,-1.1398260265538362,163.70226456742768,0.9192805245436825,89.37205754716899,1.3872335600907029,0.7723244393362273,0.7701944044912541,0.5964962555402721,-2.0673796559429025,156.5106633471575,0.5157767800839546,1.3871389331915647,0.7701944044912541,1.4039841389728096,7.1199122908122945,1.9972354942184083,0.6650972427375677,0.4974981117824773,1.4047172276192965,0.7562351221343132,0.3069775299881737,0.5969319468753217,1.354230417157055,0.7467727242428955,0.029321930360415395,0.016791810274085016,0.09351397280966767,0.26073802046927,-6.0922280283535635,507.9062135818703,0.9064860271903323,84.87786349981972,1.4016659071345385,0.7542825818829656,0.7541530848682402,0.6175979680696662,-8.089463522571972,481.55764271618096,0.5240839952599985,1.4039841389728096,0.7541530848682402,target,1.0,0.6610023509055767,0.7046267996383933,0.8285927809610142,5,0.15428985337723425,E3,15.0,"gam,gbm",all10_minus_drivers,500,10000,500,500,1.3741241295528994,0.8060322134970633,0.44981235221381,0.07568822266091069,0.4202354953847826,0.9243117773390893,0.7786549707602339,0.5965246833103073,0.5208364606493965,all10_minus_drivers,"tcold,twarm,tseas,lpdry,lpwet,vpd,vpdmax,wbal",57.2,0,patchy,0.352255,3.107811297711505,0.7581710659166306,1.406989608868256,0.5172823794641697,5.292079594578703,0.6398356917407917,2.0100657309586305,0.09398532817030225,1.9972354942184083,0.7541530848682402,1.3741241295528994,0.5208364606493965,-0.8817975951083579,0.7313323419139979,1.2658741349762457,0.5024213819741825
1.8404660641502746,49.2948682598643,2.967252143647081,0.4723042836041359,0.9346314017366649,1.846765947988442,0.6371841718979356,0.05135571915963369,0.0536239404947241,1.815909090909091,0.6133815964324439,0.13043478260869565,0.00023592647300180536,0.09416533758639022,0.47648899604986406,0.8998724877041786,50.58921309904632,0.9058346624136098,262.30416035625325,1.880748299319728,0.6291512188978361,0.6378070654293068,0.19392862601253247,-2.0673796559429025,156.5106633471575,0.09976328842614235,1.8404660641502746,0.6378070654293068,1.966838179758308,40.036365052390806,9.286864700542708,0.4216313802724438,1.0419656344410877,1.9793116553050996,0.6234134830027426,0.12217025257249767,0.18729993300081887,2.007950830391003,0.5691554573989862,0.0,0.0010360249466601018,0.07512745468277945,0.4859888896875353,1.197401177970736,166.83215942666203,0.9248725453172205,493.2752022101266,2.109600486100562,0.6012717487766949,0.623473535986762,0.19909288824383164,-8.089463522571972,481.55764271618096,0.12396543356105205,1.966838179758308,0.623473535986762,target,1.0,0.5105339779114975,0.5702746252028497,0.5694195316881968,5,-0.003625035517711006,E3,15.0,"gam,maxent,gbm,rf",uncorr_minus_drivers,500,10000,500,500,1.786341844371651,0.5775374237000925,0.8910775104670586,0.1047356660954075,0.1341813081006746,0.8952643339045925,0.6426091153983899,0.20071607869082134,0.09598041259541379,uncorr_minus_drivers,wbal,51.2,0,patchy,0.241809375,8.090629880153887,0.6269651694690335,1.8599258086209516,0.089400191697667,6.9547722567086865,0.6226957075380902,2.034188775842246,0.05284122847321027,9.286864700542708,0.623473535986762,1.786341844371651,0.09598041259541379,12.80075836188389,0.6101529476966855,1.6267869926459422,0.10827650397754329
1.3764619883040936,3.9767400487145323,0.10006826225975596,0.7252687510257673,0.44298245614035087,1.3801289175372304,0.7866868381240545,0.07085201793721974,0.5102102102102102,1.3604912764003674,0.7824319461599059,0.0,0.0023797800754964712,0.06652046783625731,0.23649954758575306,-1.9673113936831466,187.19026391144433,0.9334795321637427,12.845282558767524,1.390453514739229,0.7886054696022539,0.7856044294063365,0.6179504814305364,-2.0673796559429025,156.5106633471575,0.5514300135942791,1.3764619883040936,0.7856044294063365,1.4029928247734138,3.3808585561908444,1.8672693472020168,0.7054304119481372,0.4626132930513595,1.4112016341654592,0.7845420336111275,0.4686926031056938,0.7088697776194596,1.3494703805413888,0.7756033484727046,0.0,0.02680329886755293,0.05962046827794562,0.2332121212121212,-6.222194175369955,543.3181144349661,0.9403795317220544,48.33146614178037,1.4111347409995443,0.785236520186906,0.7826736077006188,0.6444121915820029,-8.089463522571972,481.55764271618096,0.5847917233040572,1.4029928247734138,0.7826736077006188,target,1.0,0.6738019212369113,0.6899894529531589,0.8060716008169686,5,0.21696526778486774,E3,15.0,"gam,maxent,gbm,rf",drivers,500,10000,500,500,1.3750569451374275,0.7974623854469954,0.43944291385556544,0.06438596871813784,0.43784543955694893,0.9356140312818622,0.7878666094279477,0.6058259228269541,0.5414399541088164,drivers,"mat,lpann",41.8,1,patchy,0.37582000000000004,1.9432166097636436,0.7860169905282687,1.3878126559212096,0.5441957177720991,2.6492873405916004,0.7654547269279278,1.5563702627069007,0.4891331078796308,1.8672693472020168,0.7826736077006188,1.3750569451374275,0.5414399541088164,0.6024186339522846,0.755223206031596,1.2893680716749463,0.5146808101794826
1.3368775474038632,0.5801098781506653,0.062086331052912946,0.7163343180699163,0.4298467127414496,1.34127583907535,0.7773558395200031,0.04311273981461522,0.4942141496997217,1.315358126721763,0.7724996777615832,0.041353383458646614,0.002728540948629575,0.0929691653375864,0.24265084034477793,-2.0052933248899896,191.5959282139823,0.9070308346624136,41.22180481921384,1.3448526077097505,0.7792047036979731,0.7762758777583985,0.6292793825462326,-2.0673796559429025,156.5106633471575,0.5363102172086462,1.3368775474038632,0.7762758777583985,1.3503351586102719,1.1936596331473766,0.9840679033666149,0.6857972263252913,0.4442739803625378,1.358376285598917,0.7728875012589385,0.26813746287653795,0.6980392156862745,1.296168432064862,0.7618516071713329,0.0010972933430870519,0.02804447726899721,0.09393882175226587,0.24062308715199357,-7.105395619205357,528.4489318697524,0.9060611782477341,44.972589879655736,1.3800698769557953,0.7783592885711854,0.7710059349862923,0.6585087082728592,-8.089463522571972,481.55764271618096,0.5645698865205935,1.3503351586102719,0.7710059349862923,target,1.0,0.6802185637354439,0.69534945761178,0.8496536801018356,5,0.24441582455852973,E3,15.0,"gam,maxent,gbm,rf",uncorr,500,10000,500,500,1.3360305442870468,0.7963938586148803,0.4264702692149164,0.09043972492786949,0.43116768180835713,0.9095602750721306,0.7787229300546042,0.6174622015528011,0.5270224766249316,uncorr,"mat,lpann,wbal",45.3,1,patchy,0.389514375,1.3161803617064987,0.7767188631157214,1.3605440701130225,0.5325649093539933,3.2847301073547834,0.7399757092802782,1.6425580840401761,0.42289375170537924,0.9840679033666149,0.7710059349862923,1.3360305442870468,0.5270224766249316,0.45681464491984514,0.7529397125614384,1.269887411328286,0.5060231378685889
1.3583643452064504,2.040569753578211,1.5224382047119178,0.7151136550139504,0.44730196703880915,1.3625250055567903,0.7735252610781823,0.06212290502793296,0.44656488549618323,1.3413911845730027,0.7712249120020394,0.0326975476839237,0.0037645658952896767,0.08893762183235868,0.24913252540645175,-0.5449414512309847,156.31829199039734,0.9110623781676414,64.50973983050652,1.3603628117913833,0.7736041194328095,0.7726222455995341,0.61422512608895,-2.0673796559429025,156.5106633471575,0.5252875042565912,1.3583643452064504,0.7726222455995341,1.3733478096676737,0.4430080331175077,2.4584018598518007,0.6845970786148039,0.4624480740181269,1.3819624236953991,0.769681800504572,0.21937977362657587,0.6866282931148993,1.345678043677259,0.7630091317582258,0.0017899761336515514,0.03438371902182833,0.08910026435045318,0.24817285629302285,-5.631061662720171,457.34375318469625,0.9108997356495468,82.25522102541416,1.401868449035394,0.7762915177771453,0.7676074547009567,0.6445391872278665,-8.089463522571972,481.55764271618096,0.5554389228774133,1.3733478096676737,0.7676074547009567,target,1.0,0.678102857738846,0.6897930142932772,0.794520539581474,5,0.23752883560327748,E3,15.0,"gam,maxent,gbm,rf",all10,500,10000,500,500,1.3375707746708028,0.8012122220949485,0.42903008872594744,0.09145931405514458,0.4379361551687376,0.9085406859448554,0.7773374785392789,0.6151660796637544,0.5237067656086096,all10,"mat,tcold,twarm,tseas,lpann,lpdry,lpwet,vpd,vpdmax,wbal",84.8,1,patchy,0.38665,2.85134540060551,0.7682836739719281,1.3542529882638783,0.5254507865895814,7.213471187504906,0.7343624769139632,1.5849187582706032,0.4617148212051485,2.4584018598518007,0.7676074547009567,1.3375707746708028,0.5237067656086096,0.42736386291580875,0.7431486360248969,1.2429225329197129,0.5003750191654421
1.3234538366117314,2.8991439521113307,-0.7672736966892746,0.7044456753651731,0.4332801701222754,1.3202933985330074,0.7633681387106045,0.031003811944091488,0.3498718142060021,1.3176078971533518,0.7620424941805755,0.009009009009009009,0.018217626784835055,0.10982633351054404,0.2559971581410899,-2.834653352632177,168.1460037618127,0.890173666489456,13.600896602579335,1.3220181405895692,0.7621605257761155,0.7662503575173992,0.6263182026593306,-2.0673796559429025,156.5106633471575,0.5164918691487865,1.3234538366117314,0.7662503575173992,1.2426359516616314,2.455260381489893,-6.288717940779197,0.6511775808304612,0.41439293806646527,1.2479513550747012,0.7396371551441764,0.18341423112671693,0.5375454994832157,1.231803321564012,0.7348153703725405,0.0003117530915514912,0.09870958476940751,0.17175698640483383,0.28260399476469583,-14.378181463351169,532.2552189190059,0.8282430135951662,55.941618674808986,1.2533292824953162,0.7416462551403339,0.7386334933063905,0.681476777939042,-8.089463522571972,481.55764271618096,0.5097197915342082,1.2426359516616314,0.7386334933063905,target,1.0,0.6748245751615212,0.697892228843364,0.8001839948037854,5,0.22728426390346543,E3,15.0,gam,raw16,500,10000,500,500,1.33390459248975,0.7979207104047334,0.4379677636288696,0.10406317113911968,0.43201340257210324,0.8959368288608803,0.7677578867138847,0.6071491117121675,0.5030859405730479,raw16,"x0,x1,x2,x3,x4,x5,x6,x7,x8,x9,x10,x11,x12,x13,x14,x15",77.9,1,patchy,0.373705,-9.860360481845177,0.7030170927814415,1.2572618608586241,0.49187496170568235,1.256408216528083,0.7369904238386403,1.6905655465648524,0.380284409459112,-6.288717940779197,0.7386334933063905,1.33390459248975,0.5030859405730479,-10.63447016824217,0.6940472568705,1.2379547475974575,0.4858599592260846
1.3723639907850433,0.09020166067222135,1.0702241060691398,0.7124158870835385,0.4606149211412369,1.3767948432985109,0.7697228144989339,0.11561525545694411,0.4229028889662374,1.3629247015610653,0.7678302519212272,0.014925373134328358,0.002749056294107993,0.08825093035619351,0.2548241102653775,-0.9971555498737628,140.54096511367382,0.9117490696438065,77.90914553093693,1.3752607709750566,0.7700503107428234,0.7686418047022353,0.602743389882317,-2.0673796559429025,156.5106633471575,0.5144924595261235,1.3723639907850433,0.7686418047022353,1.422583081570997,0.025979576078725586,4.40446240396799,0.6738880682750698,0.5009205060422961,1.4278995748319518,0.7623389455765675,0.30808213193534295,0.6092677345537757,1.385118347064208,0.7511815340753331,0.001076426264800861,0.01905875594945019,0.0783374244712991,0.25661403325316323,-3.685001118603981,440.3120697009955,0.9216625755287009,99.61102155431966,1.4197427717859132,0.7597593512947947,0.7608924395946999,0.614967343976778,-8.089463522571972,481.55764271618096,0.5366299195054789,1.422583081570997,0.7608924395946999,target,1.0,0.6733561956667692,0.685997125366747,0.7946933030099402,5,0.2417439296263399,E3,15.0,"gam,maxent,gbm,rf",all10_minus_drivers,500,10000,500,500,1.3575286895025707,0.7971178725656012,0.4430874026509317,0.08555871314836107,0.435019792489191,0.914441286851639,0.7757625948930297,0.602556867934074,0.516998154785713,all10_minus_drivers,"tcold,twarm,tseas,lpdry,lpwet,vpd,vpdmax,wbal",65.4,1,patchy,0.37929874999999996,4.058793969103736,0.758460733707721,1.3326029893485476,0.5157760329913916,9.434259776154143,0.7292734949723588,1.5518363450983794,0.46472275216740133,4.40446240396799,0.7608924395946999,1.3575286895025707,0.516998154785713,2.1934450731383457,0.7452254682566445,1.2793023407163155,0.5044916230835619
1.8596491228070176,50.318364484109395,2.4464075748763525,0.48018217626784837,0.9424286726918306,1.8660146699266504,0.6410324021653147,0.014385445314152739,0.09211262353160544,1.855119375573921,0.6195916988960272,0.08823529411764706,0.00034876087313310357,0.08277954988481304,0.47488045642046506,0.37902791893345,51.27792723962563,0.9172204501151869,209.24918479691456,1.9009297052154195,0.6312777981880857,0.6414916031480449,0.1872038820113098,-2.0673796559429025,156.5106633471575,0.10442433212649682,1.8596491228070176,0.6414916031480449,1.9719127643504533,38.24915156326466,7.9830487440701425,0.4355305268340719,1.0456948640483383,1.9844184223652646,0.6232699547143983,0.09231878831590336,0.1962593721677515,2.075585196809206,0.5739869892427399,0.015873015873015872,0.001292466765140325,0.0737820996978852,0.48713050266017544,-0.10641477850182879,163.40001457424412,0.9262179003021148,446.84992568000047,2.114512127196314,0.5990066413585114,0.6233143256508411,0.19622641509433963,-8.089463522571972,481.55764271618096,0.1224443153964545,1.9719127643504533,0.6233143256508411,target,1.0,0.5459261002451378,0.5831530806816405,0.4771357196564784,5,0.045954951041718005,E3,15.0,"gam,maxent,gbm,rf",uncorr_minus_drivers,500,10000,500,500,1.8143263119074995,0.5561421398144495,0.9040718484933944,0.08974553658589496,0.1043539143848958,0.910254463414105,0.6468720130731046,0.18906034130489774,0.09931480471900267,uncorr_minus_drivers,wbal,49.0,1,patchy,0.26915375,7.870108426554268,0.5041285644716195,1.0878582120311517,0.06280190411133746,6.573514244348111,0.6308891411275066,1.9776558127426949,0.0837975146665868,7.9830487440701425,0.6233143256508411,1.8143263119074995,0.09931480471900267,8.564782978466447,0.6081798469705655,1.6841009176302146,0.09052909748942639
1.4217836257309941,5.598346425401019,1.1779554654578916,0.7278126538650911,0.4654660641502747,1.425250055567904,0.7902338881149644,0.37426086956521737,0.4734166781151257,1.3778466483011937,0.7872638276098437,0.0,0.0025644181848022323,0.043682438419280524,0.23637878195767087,-0.8894241904850109,200.26695486108562,0.9563175615807195,83.5536818077313,1.4190702947845806,0.7940682970725809,0.7897630088997429,0.5985595292679199,-2.0673796559429025,156.5106633471575,0.5548770908486393,1.4217836257309941,0.7897630088997429,1.4421025302114803,2.2548407408206117,2.4348257004259253,0.715534219596258,0.4791587990936556,1.4441462198047552,0.79023527468149,0.6190589542172499,0.6926077823347004,1.3764613573950568,0.7833025180489522,0.0,0.02680329886755293,0.037056268882175225,0.23052437417654809,-5.6546378221460465,529.7251067255221,0.9629437311178247,88.96346790131317,1.4413641197022633,0.7879164981488971,0.7886185933679337,0.6316944847605225,-8.089463522571972,481.55764271618096,0.5946382158783472,1.4421025302114803,0.7886185933679337,target,1.0,0.6806676565740316,0.7059512763588695,0.8620512546470469,5,0.2502882772031416,E3,15.0,gbm,drivers,500,10000,500,500,1.4048853504566459,0.8148924959347971,0.4483805887584875,0.043495238301841765,0.3843465968864443,0.9565047616981582,0.7954680762777607,0.5978089548753673,0.5543137165735255,drivers,"mat,lpann",29.8,2,patchy,0.33793249999999997,7.679071563472052,0.7704891707982898,1.2474998372996073,0.5105490017691552,3.1334903046340123,0.6485129570954065,2.0152721435234398,0.08931524975190208,2.4348257004259253,0.7886185933679337,1.4048853504566459,0.5543137165735255,7.679071563472052,0.7704891707982898,1.2474998372996073,0.5105490017691552
1.4355174552542973,1.9599705869910053,1.1833578154033075,0.7136468078122435,0.48600035442140704,1.4400977995110025,0.7794315904536345,0.323499491353001,0.407591869699825,1.388682277318641,0.7777916598591076,0.050359712230215826,0.002851633021500082,0.05048289916710969,0.24899701676782224,-0.884021840539595,182.63193449429718,0.9495171008328903,70.8340483495665,1.4417233560090703,0.7827637444279346,0.7797251452946367,0.5808497631056091,-2.0673796559429025,156.5106633471575,0.5303668639384993,1.4355174552542973,0.7797251452946367,1.5056410498489425,1.540358126791773,5.654579837210338,0.6950701624815362,0.5347668051359517,1.514524595615306,0.7736529887402706,0.5714715392134747,0.6440386680988185,1.428664835883353,0.7746715485677363,0.014296187683284457,0.027982931232561955,0.029125755287009062,0.25170958210215283,-2.434883685361633,506.6207413850715,0.9708742447129909,61.625412355950225,1.5252671021317534,0.7696580211142636,0.7749507813751072,0.5889513788098694,-8.089463522571972,481.55764271618096,0.5598256235228602,1.5056410498489425,0.7749507813751072,target,1.0,0.6811019035262836,0.7033752153139997,0.8913632039962002,5,0.2553700727757148,E3,15.0,"gbm,rf",uncorr,500,10000,500,500,1.4183786363537758,0.8116280742773336,0.4617871011128707,0.043408464759094954,0.37165110332313367,0.956591535240905,0.7911015428776462,0.585783502947987,0.5423750381888919,uncorr,"mat,lpann,wbal",47.7,2,patchy,0.34845750000000003,7.156323781797125,0.7531759512597007,1.2251556500423022,0.4963529195729972,2.045897559466681,0.6738770835984222,1.9250493524524372,0.17024381701076052,5.654579837210338,0.7749507813751072,1.4183786363537758,0.5423750381888919,7.597154720523392,0.7491696395620617,1.2029633164848037,0.4903333400005039
1.4234228247386143,3.1254435681576638,3.833184799741196,0.7254328737895946,0.46369395711500977,1.421426983774172,0.7913713970993207,0.2437930482139997,0.5130735076467686,1.3682277318640954,0.7835982939123691,0.01893939393939394,0.0054160512063023145,0.040271132376395534,0.23454001650165016,1.7658051437982936,195.90974466516863,0.9597288676236044,60.941174937384645,1.3983446712018142,0.788809363979313,0.7920440938548303,0.6000878801772888,-2.0673796559429025,156.5106633471575,0.5598167478008933,1.4234228247386143,0.7920440938548303,1.4645251132930515,2.122709971671952,6.3553320136400036,0.7062920564582308,0.49563349697885195,1.4589439680767677,0.7890344267995827,0.5352217666790906,0.6949942431054335,1.3800706159278149,0.776598316520516,0.00964630225080386,0.03828163466272772,0.031108383685800604,0.23764879047740944,-1.7341315089319687,507.71037950305436,0.9688916163141994,45.31227614028634,1.4398450554458453,0.7864147184260498,0.7862704348908702,0.6190312046444122,-8.089463522571972,481.55764271618096,0.5879228209586116,1.4645251132930515,0.7862704348908702,target,1.0,0.6682702862076979,0.6951044968970231,0.8860167827742405,5,0.23146413646990555,E3,15.0,"gam,maxent,gbm,rf",all10,500,10000,500,500,1.3698071458012453,0.8173434441223938,0.43618890600255983,0.06638176020131462,0.4449361242578654,0.9336182397986854,0.7879276095971293,0.6087447218384542,0.5423629616371395,all10,"mat,tcold,twarm,tseas,lpann,lpdry,lpwet,vpd,vpdmax,wbal",82.2,2,patchy,0.39375562500000005,8.153598309627153,0.7679427749360613,1.2515131136516475,0.5195416756585634,9.957117684542672,0.6799605196639357,1.751589040501551,0.32583526298379084,6.3553320136400036,0.7862704348908702,1.3698071458012453,0.5423629616371395,8.356483889419554,0.7665197355239431,1.2430093064624597,0.5175398916999878
1.4660419989367357,0.8289950095761469,2.2126427182698416,0.7000759067782701,0.5140882509303561,1.4644809957768392,0.773199130568107,0.30863614912694665,0.33157748821735517,1.409779614325069,0.7739925693055159,0.0048543689320388345,0.016904644674216315,0.04804625199362041,0.26470158597662774,0.14526306232693909,216.76166648947347,0.9519537480063796,93.65487205711914,1.4533560090702948,0.7778876637120701,0.7720499070306395,0.5566254011921137,-2.0673796559429025,156.5106633471575,0.5085791491984932,1.4660419989367357,0.7720499070306395,1.4462802114803626,1.7830526023825541,0.8096656803337048,0.6546959625800098,0.5323829305135952,1.453267143298259,0.7453938132352229,0.5246314024177207,0.5586626405846571,1.3364195109193147,0.7492639897910067,0.00021696680407897592,0.0945552273100279,0.08610271903323263,0.2968392432309958,-7.279797842238267,674.9290413910431,0.9138972809667674,225.90938669777788,1.4196161830978784,0.7484984827874857,0.747173015321678,0.5907837445573295,-8.089463522571972,481.55764271618096,0.5046810255240968,1.4462802114803626,0.747173015321678,target,1.0,0.670633196900946,0.7059558932592015,0.9420792477805751,5,0.21566883646748022,E3,15.0,gbm,raw16,500,10000,500,500,1.4336507798772153,0.8146733423377297,0.48057357311755644,0.04692279324034102,0.41046099746524267,0.953077206759659,0.7832489481565998,0.5689323033215933,0.5220095100812523,raw16,"x0,x1,x2,x3,x4,x5,x6,x7,x8,x9,x10,x11,x12,x13,x14,x15",75.7,2,patchy,0.3245075,3.99956321609365,0.7280107415823177,1.23162027897694,0.4877970518040047,11.202730625605495,0.6254964198715582,1.958717487038202,0.14004397657177314,0.8096656803337048,0.747173015321678,1.4336507798772153,0.5220095100812523,3.663389295412756,0.7333721631260027,1.259626439898475,0.4908239209471734
1.4248183590288854,4.396201019344346,4.191728696969199,0.7131441818480223,0.475190501506291,1.4183818626361413,0.7821107873863772,0.15353089533417402,0.4410135928847122,1.3673553719008265,0.7792517600512014,0.024719101123595506,0.004564664368947973,0.05037214247740564,0.24437620436301433,2.1243490410262966,192.2223458809782,0.9496278575225944,42.33179642319743,1.3952380952380952,0.7825428382088422,0.7832569016863684,0.5901727036527586,-2.0673796559429025,156.5106633471575,0.5398005611753529,1.4248183590288854,0.7832569016863684,1.4942881419939578,2.5810078618576426,8.607055291910227,0.6806273592647301,0.5348140105740181,1.4802261228949432,0.7719402413330779,0.49537347458763575,0.6168040618005132,1.3738459526611744,0.7610726719844872,0.014906832298136646,0.02477227966518956,0.04052586858006042,0.25601379992216505,0.5175917693382548,524.403436892865,0.9594741314199395,46.812363995015076,1.4411868955390146,0.7706125158158926,0.7693370427146615,0.5889150943396226,-8.089463522571972,481.55764271618096,0.5483892257595622,1.4942881419939578,0.7693370427146615,target,1.0,0.6581100311672357,0.6864185312881194,0.8338361248895702,5,0.1794290196752924,E3,15.0,"gam,maxent,gbm,rf",all10_minus_drivers,500,10000,500,500,1.3663362040913725,0.8116332195494268,0.4391608998416383,0.07282469575026575,0.43495537509881965,0.9271753042497343,0.7836378471044453,0.6060788854079509,0.533254189657685,all10_minus_drivers,"tcold,twarm,tseas,lpdry,lpwet,vpd,vpdmax,wbal",64.8,2,patchy,0.38792375000000007,8.626051204798102,0.7695402515960863,1.3705230275289064,0.5333669605646452,9.967391865776943,0.6886978006794648,1.7177473588302927,0.3561907727033917,8.607055291910227,0.7693370427146615,1.3663362040913725,0.533254189657685,7.96686024633998,0.7588842034408346,1.2739657678373864,0.5181672953473102
1.8264664185716817,48.30754143723976,2.1766506966888644,0.46705235516166094,0.9269670388091441,1.8327183818626362,0.6358871347415336,0.015883977900552487,0.0667167543200601,1.7962809917355371,0.6093952678849974,0.10714285714285714,0.00028721483669785,0.10050062023746234,0.4758978042273753,0.10927104074596183,49.5073725169849,0.8994993797625377,180.40701231470473,1.8657369614512471,0.6258634741531426,0.636483330459725,0.2005387436955525,-2.0673796559429025,156.5106633471575,0.10003812345809027,1.8264664185716817,0.636483330459725,1.9372639728096677,36.2334987426342,7.7422244375348175,0.4250882159855572,1.023838746223565,1.9495498919265575,0.6218442731862875,0.07899947889525795,0.19647318148420279,2.0038184909114687,0.5682144691818095,0.0,0.0012309207287050715,0.08657477341389729,0.4831772245501602,-0.3472390850371543,156.56112534038095,0.9134252265861027,419.05755320918723,2.077649501240569,0.5972310198172112,0.621956511257895,0.21302612481857766,-8.089463522571972,481.55764271618096,0.12645135140468033,1.9372639728096677,0.621956511257895,target,1.0,0.522719349179097,0.5362370883884602,0.3361484887127624,5,0.009367407877990442,E3,15.0,"gam,maxent,gbm,rf",uncorr_minus_drivers,500,10000,500,500,1.7867540186996984,0.5431956027124346,0.8919452458945267,0.10519122719482829,0.07717285014330862,0.8948087728051717,0.6421871229400363,0.19993773228775466,0.09474650509292637,uncorr_minus_drivers,wbal,40.4,2,patchy,0.27223,7.778632907529193,0.6264984177340057,1.8355207497234094,0.09614723144299697,6.084762556262236,0.6222626933188421,2.076599344859752,0.03430561771516416,7.7422244375348175,0.621956511257895,1.7867540186996984,0.09474650509292637,7.717631968568162,0.6141174532575571,1.7210881402260452,0.08850418070158095
