2-4_2050_area_ratio,2-4_2050_bearing_err,2-4_2050_change_err,2-4_2050_class_agree,2-4_2050_commission,2-4_2050_fast_disp_area_ratio,2-4_2050_fast_disp_sorensen,2-4_2050_gain_sorensen,2-4_2050_loss_sorensen,2-4_2050_none_disp_area_ratio,2-4_2050_none_disp_sorensen,2-4_2050_novel_err,2-4_2050_novel_share,2-4_2050_omission,2-4_2050_other_err,2-4_2050_pred_change,2-4_2050_pred_shift,2-4_2050_sens,2-4_2050_shift_err_km,2-4_2050_slow_disp_area_ratio,2-4_2050_slow_disp_sorensen,2-4_2050_sorensen,2-4_2050_spec,2-4_2050_true_change,2-4_2050_true_shift,2-4_2050_tss,2-4_2050_unlimited_disp_area_ratio,2-4_2050_unlimited_disp_sorensen,5-8_2100_area_ratio,5-8_2100_bearing_err,5-8_2100_change_err,5-8_2100_class_agree,5-8_2100_commission,5-8_2100_fast_disp_area_ratio,5-8_2100_fast_disp_sorensen,5-8_2100_gain_sorensen,5-8_2100_loss_sorensen,5-8_2100_none_disp_area_ratio,5-8_2100_none_disp_sorensen,5-8_2100_novel_err,5-8_2100_novel_share,5-8_2100_omission,5-8_2100_other_err,5-8_2100_pred_change,5-8_2100_pred_shift,5-8_2100_sens,5-8_2100_shift_err_km,5-8_2100_slow_disp_area_ratio,5-8_2100_slow_disp_sorensen,5-8_2100_sorensen,5-8_2100_spec,5-8_2100_true_change,5-8_2100_true_shift,5-8_2100_tss,5-8_2100_unlimited_disp_area_ratio,5-8_2100_unlimited_disp_sorensen,algos,background,bias_power,cv_auc,cv_auc_dom,cv_boyce,cv_folds,cv_tss,exp,grid_km,kept,label,n,n_bg,n_rec,n_req,now_area_ratio,now_auc_truth,now_commission,now_omission,now_rank_r,now_sens,now_sorensen,now_spec,now_tss,predictors,secs,seed,species,thr,thr_maxtss_change_err,thr_maxtss_fut_sorensen,thr_maxtss_now_area_ratio,thr_maxtss_now_tss,thr_minpres_change_err,thr_minpres_fut_sorensen,thr_minpres_now_area_ratio,thr_minpres_now_tss,thr_p05_change_err,thr_p05_fut_sorensen,thr_p05_now_area_ratio,thr_p05_now_tss,thr_p10_change_err,thr_p10_fut_sorensen,thr_p10_now_area_ratio,thr_p10_now_tss
0.9410308001857297,2.0600437164617915,0.6185292981793822,0.9363203676349909,0.0004643244079863798,0.9379992614332083,0.9675264762516046,0.36128321630180366,0.8392879686908219,0.9340593112907584,0.9653897813356256,0.0,0.0016720006564910554,0.05943352422225662,0.03181094271769843,-0.3319536084586683,230.83631078025857,0.9405664757777434,54.919768500483364,0.9362637362637363,0.9665830113819783,0.9691412168088669,0.999475982532751,-0.9504829066380505,217.15741981288664,0.9400424583104945,0.9410308001857297,0.9691412168088669,0.9573890707212992,0.5486838038246447,2.1958040136064616,0.9438187264073526,0.00045573186394332353,0.9538024901079323,0.9758885401645602,0.7597113650030066,0.9373405405405405,0.931507528962318,0.9639742618255609,0.0,0.022371984244214674,0.043066661142644076,0.0220445507675197,-5.296914060899138,591.1981613830325,0.9569333388573559,32.26410860050863,0.9393469182849189,0.968207276321363,0.9777650781555915,0.9995529727313366,-7.4927180745056,553.820280942773,0.9564863115886926,0.9573890707212992,0.9777650781555915,glm,target,1.0,0.7728911855157043,0.7283831635838152,0.7812964515748032,5,0.4951689467759296,E4,15.0,glm,glm,500,10000,496,500,0.9351908630998007,0.9974524074408979,0.0002491185037559405,0.06505825540395524,0.9934246882221857,0.9349417445960447,0.9662527479056503,0.9997130496203426,0.9346547942163874,"mat,lpann",9.6,0,broad,0.49951249999999997,2.114219801921424,0.9781514382402707,0.9373946037099494,0.9357863970597093,6.436836129739909,0.7214280910714419,1.6569829832898972,0.24324562952498674,2.1958040136064616,0.9777650781555915,0.9351908630998007,0.9346547942163874,3.069808666840091,0.9524212536484272,0.8799632071132915,0.8799632071132915
0.9934994582881906,2.864292381125381,-1.3329696736633645,0.9401772525849336,0.024918743228602384,0.9968902450875591,0.9721827490218217,0.6547637371094351,0.6010008543878921,1.0063384525862964,0.9692675802492153,0.0,0.0016720006564910554,0.0314192849404117,0.029920369894682764,-2.283452580301415,206.4907036415175,0.9685807150595883,48.500233028949,1.005464260510132,0.9722805923929982,0.9717391304347827,0.9718777292576419,-0.9504829066380505,217.15741981288664,0.9404584443172301,0.9934994582881906,0.9717391304347827,0.9893110162820566,1.1388304407074656,-1.629674983798557,0.9416543574593796,0.020114347267680324,0.9885438462016531,0.974840867182698,0.8598509609099229,0.8526789434213815,1.0027783979558929,0.9681918398692001,0.0,0.022371984244214674,0.030803330985623732,0.02579034068851186,-9.122393058304157,563.7573422573699,0.9691966690143763,32.342875465506275,1.0032174885334186,0.9744723022771026,0.9744043652115961,0.9802698419149023,-7.4927180745056,553.820280942773,0.9494665109292786,0.9893110162820566,0.9744043652115961,gam,target,1.0,0.7726610545786039,0.7426143675736709,0.8786371071575658,5,0.4707753180415602,E4,15.0,gam,gam,500,10000,496,500,1.0070519699524758,0.9972889427744217,0.034589146098420974,0.027537176145945117,0.978238111565077,0.9724628238540549,0.9690459822792545,0.9601580434398729,0.9326208672939278,"mat,lpann",9.9,0,broad,0.46045,-1.2737151482490319,0.9581264071875639,0.9358040778782769,0.9210003294824771,6.270127266886316,0.6753308525223133,1.8369998466963053,0.035890870563305644,-1.629674983798557,0.9744043652115961,1.0070519699524758,0.9326208672939278,-0.5465142264730929,0.9469596989692971,0.9046067760233022,0.8996996839366722
0.9441262962389723,2.0024507494538852,0.5341903590909136,0.9399823568028886,0.0002128153536604241,0.9419641989465706,0.9698947115577085,0.4025330396475771,0.8415369161225514,0.9373636193603359,0.9674332789839526,0.0,0.0016720006564910554,0.05608651911468813,0.029899820190084768,-0.41629254754713685,231.44458527324798,0.9439134808853119,46.9088897166749,0.9390462748260914,0.9683363315898386,0.9710413183663721,0.999759825327511,-0.9504829066380505,217.15741981288664,0.9436733062128229,0.9441262962389723,0.9710413183663721,0.9585491154658823,0.6353085811371102,1.9197036267054157,0.9469883472837682,8.28603388987861e-05,0.9565370512315883,0.9777010715344543,0.7748116902681531,0.9397486658633155,0.933764977301481,0.9656455254515599,0.0,0.022371984244214674,0.04153374487301653,0.021079249163230403,-5.573014447800184,589.9730675245437,0.9584662551269835,26.203506735100476,0.9415147297081441,0.9697824477275131,0.9787513088728357,0.9999187223147885,-7.4927180745056,553.820280942773,0.9583849774417721,0.9585491154658823,0.9787513088728357,maxent,target,1.0,0.7725963970048186,0.7254597579692892,0.7771518077030231,5,0.4917597911408599,E4,15.0,maxent,maxent,500,10000,496,500,0.9390617813889315,0.9977825258774768,9.58148091369002e-05,0.06103403342020543,0.9943135304657993,0.9389659665797946,0.9684745226706725,0.9998896344693625,0.9388556010491571,"mat,lpann",9.4,0,broad,0.4967375,1.900451799419944,0.9788926018357937,0.9395983443200981,0.9393509279123688,6.319426622441949,0.7213041269461794,1.659397516480147,0.24046441815292252,1.9197036267054157,0.9787513088728357,0.9390617813889315,0.9388556010491571,2.638642768290566,0.9541801165536515,0.8870726659512495,0.8870726659512496
1.00272790589692,0.5829142867667088,-1.3750546619125448,0.9379205645823075,0.034089150286333386,1.004139861227187,0.966571303884013,0.7451796365654043,0.553529477570198,1.0014547268230845,0.9626199277318603,0.0,0.0016720006564910554,0.0313612443894134,0.034759825327510915,-2.3255375685505952,215.4464177572337,0.9686387556105865,24.7985767600484,1.0093961084786773,0.9638155254074015,0.9673193774935518,0.961528384279476,-0.9504829066380505,217.15741981288664,0.9301671398900626,1.00272790589692,0.9673193774935518,0.9854372954385383,1.710002047243563,-2.8572432921717414,0.9327609551944854,0.03051331979947798,0.9851877939135298,0.9620461874002108,0.8850827300930714,0.8097611964300072,0.9938230259730595,0.9530563746531796,0.0,0.022371984244214674,0.04507602436093964,0.038286799500561346,-10.349961366677341,559.4812048502914,0.9549239756390604,40.032148615648055,0.9989275038221939,0.9569287320631514,0.9619281130992748,0.9700694924208558,-7.4927180745056,553.820280942773,0.9249934680599163,0.9854372954385383,0.9619281130992748,gbm,target,1.0,0.7683735774617342,0.7416603542021998,0.8924041194839635,5,0.4513736871477758,E4,15.0,gbm,gbm,500,10000,496,500,1.016844243446267,0.9967210619531416,0.03673539782308754,0.019891154376820482,0.8988726739142218,0.9801088456231796,0.9719231902096972,0.9576858555535935,0.9377947011767731,"mat,lpann",11.2,0,broad,0.45520000000000005,-2.388006719775838,0.9396898835699399,0.922198374980837,0.9087141807595931,6.673334908716722,0.6841844182717519,1.7937873677755634,0.08566572488080526,-2.8572432921717414,0.9619281130992748,1.016844243446267,0.9377947011767731,-0.9908911574014745,0.9276883059383474,0.8809405181664878,0.8732706095268812
1.1269540318836093,8.03192397134353,0.9264543469785669,0.8532742491383555,0.14463705308775732,1.1320479679695243,0.9217291423570595,0.4017287103427954,0.389860630436816,1.0731311955776304,0.9376384614613511,0.17791411042944785,0.0016720006564910554,0.017683021204147966,0.08590804007192397,-0.024028559659483584,150.52105810100463,0.982316978795852,153.82711858365428,1.1548744833148503,0.9122774185700517,0.9236842584001892,0.8367685589519651,-0.9504829066380505,217.15741981288664,0.8190855377478172,1.1269540318836093,0.9236842584001892,1.1996105564071757,3.233872393521665,6.8851387802587265,0.804888806827507,0.2276587811244148,1.1992293509560605,0.8839005642479677,0.5282727973518342,0.7104153208952388,1.0870482002431099,0.9227989682756653,0.22054103622191656,0.022371984244214674,0.028048224717239095,0.1244714449096079,-0.6075792942468738,387.5471130161108,0.9719517752827609,252.9465670903488,1.2940008671245693,0.8485228290062667,0.8837489640623822,0.7766895598813346,-7.4927180745056,553.820280942773,0.7486413351640955,1.1996105564071757,0.8837489640623822,rf,target,1.0,0.7555475241045363,0.7144510043198381,0.8429218162932157,5,0.15265216662154737,E4,15.0,rf,rf,500,10000,496,500,1.1165108079104706,0.983977265967955,0.13347002912770198,0.016959221217231334,0.8247363465934658,0.9830407787827686,0.9289258293495581,0.8462608158220025,0.8293015946047713,"mat,lpann",20.9,0,broad,0.400275,0.34296809643734605,0.9013574660633484,0.8737544074812204,0.8228690996249055,7.4927180745056,0.6623674208641485,1.8681588226276253,0.0,6.8851387802587265,0.8837489640623822,1.1165108079104706,0.8293015946047713,1.2780170778278643,0.9171776843141661,0.9228882416066228,0.8497354570546758
1.0891115926327193,18.65778847594123,6.283167585928517,0.7320901033973413,0.20751431666924625,1.0808730636916677,0.8384969597339884,0.01739658136947507,0.09982742599230054,1.0385918244352543,0.8013660227330649,0.0,0.0016720006564910554,0.11840272403652685,0.1730901618289237,5.332684679290467,278.38002107557014,0.8815972759634731,397.033481231244,1.0544611351950801,0.815970007164519,0.8439925172713971,0.7658078602620088,-0.9504829066380505,217.15741981288664,0.647405136225482,1.0891115926327193,0.8439925172713971,1.1701951360981067,13.668361100985464,13.19214177033674,0.6856433612342032,0.23615196586154039,1.152306768038781,0.8513099890272778,0.4402249055212462,0.3038737700558461,1.0606286125375208,0.7587460573519852,0.0,0.022371984244214674,0.06595682976343373,0.1530212890973381,5.699423695831141,708.1619835884475,0.9340431702365662,324.1434669091572,1.1042831389909409,0.8023119632167953,0.8607918750715895,0.7683585971471533,-7.4927180745056,553.820280942773,0.7024017673837195,1.1701951360981067,0.8607918750715895,mahal,target,1.0,0.7446037855843869,0.7977516989526405,0.9267263263615652,5,0.315847100855619,E4,15.0,mahal,mahal,500,10000,496,500,1.024145331902499,0.9015616101218635,0.1933542848382646,0.16920895293576574,0.7992325434034151,0.8307910470642342,0.8208808270534328,0.7772823591735829,0.6080734062378172,"mat,lpann",3.1,0,broad,0.4529,34.960093787341904,0.8037493507106767,0.5477349379120037,0.46588134302157824,8.56836085180035,0.744681835711531,1.542810056722367,0.3747571958325975,13.19214177033674,0.8607918750715895,1.024145331902499,0.6080734062378172,20.831867572302176,0.8707297351930463,0.8566418825693699,0.5890610376101906
0.9963434452871073,3.153527905952558,0.5174067122951098,0.9579025110782866,0.01895991332611051,0.9958018308682047,0.9782833102857255,0.8154008438818565,0.6820809248554913,0.9868035495334483,0.9734840956873738,0.0,0.0016720006564910554,0.02261646803900325,0.022080657590547136,-0.43307619434294065,229.4892940635204,0.9773835319609967,15.475416185771717,0.9911684645629599,0.9750081011017498,0.9791737331252968,0.9786026200873362,-0.9504829066380505,217.15741981288664,0.9559861520483328,0.9963434452871073,0.9791737331252968,0.9849608484898703,2.0325555080448225,-0.579126172734501,0.9565177252584933,0.015702034221319966,0.9815417124153218,0.975839248936237,0.9227272727272727,0.8791298994459266,0.9732083054253181,0.9676145935480627,0.0,0.022371984244214674,0.03074118573144964,0.02352398040018047,-8.0718442472401,576.543930466905,0.9692588142685503,24.70478082569044,0.9808091641375534,0.9721559817982836,0.9766024503767402,0.984597878652416,-7.4927180745056,553.820280942773,0.9538566929209664,0.9849608484898703,0.9766024503767402,"gam,maxent,gbm,rf",target,1.0,0.7745882145947158,0.738485078437375,0.8688579051607533,5,0.4692747758381152,E4,15.0,"gam,maxent,gbm,rf",ens4,500,10000,496,500,0.9911658745975778,0.998455660019509,0.01510041391997547,0.02393453932239767,0.963006957404926,0.9760654606776024,0.9803959309767388,0.9826063923715346,0.9586718530491369,"mat,lpann",26.3,0,broad,0.476784375,-1.1026740863978368,0.9537401893575446,0.9299018856354438,0.9216546720444689,10.000866618454296,0.6695608754750478,1.7931741529970873,0.08637206427688504,-0.579126172734501,0.9766024503767402,0.9911658745975778,0.9586718530491369,-0.4241240540876712,0.923481145834493,0.86461367468956,0.8616034417288541
0.9608226280761492,2.4878386613110024,0.2864164999973884,0.917025685212539,0.02155239127070113,0.9602340090571612,0.9576227492662807,0.2952080186736235,0.6534336086795709,0.9549034684843825,0.9542033422630437,0.0,0.0016720006564910554,0.06072976319455193,0.043698946827639355,-0.6640664066406621,227.7789520511379,0.9392702368054481,88.27900529642135,0.9653594112309709,0.9595165791201575,0.9580369211946601,0.9756768558951965,-0.9504829066380505,217.15741981288664,0.9149470927006447,0.9608226280761492,0.9580369211946601,0.9599370261424369,0.6053156569028033,0.18198700139828716,0.9203696865255211,0.019223598624518376,0.9587537030515216,0.9593129633742636,0.7120591650877086,0.8733595252027083,0.9412319218079432,0.9466729710043066,0.0,0.022371984244214674,0.059286572482081454,0.039766229133222114,-7.310731073107313,607.9021401060697,0.9407134275179185,41.31036898703288,0.9639686922392351,0.9600892328069992,0.9599425032236244,0.9811435770309261,-7.4927180745056,553.820280942773,0.9218570045488446,0.9599370261424369,0.9599425032236244,"glm,gam,maxent,gbm,rf,mahal",target,1.0,0.7751301873998604,0.7583889457861395,0.8845264624691742,5,0.4736470359862256,E4,15.0,"glm,gam,maxent,gbm,rf,mahal",ens6,500,10000,496,500,0.9580522765598651,0.9962299366107631,0.017764065613981295,0.059711789054116206,0.9694933714340407,0.9402882109458838,0.960432182738136,0.9795382306198128,0.9198264415656965,"mat,lpann",27.0,0,broad,0.5029083333333333,1.0520696519851214,0.9370491371938519,0.8795032960294343,0.8722869841373313,10.652312425500376,0.6820577306187038,1.7327724973171854,0.15594649479074696,0.18198700139828716,0.9599425032236244,0.9580522765598651,0.9198264415656965,2.2357777319184757,0.9258040854431083,0.8435152537176146,0.8412885060480515
0.950181860393128,0.1903080505987873,0.3152025942581793,0.9419723453142951,0.001973378733942114,0.9486890439447241,0.971634318086613,0.4605809128630705,0.8039800995024876,0.9445749080404829,0.9693174167209926,0.0,0.0016720006564910554,0.051791518340814115,0.028553814538916002,-0.6352803123798711,232.70085083180297,0.9482084816591859,40.7285049319934,0.9450146184091138,0.969615292910235,0.9724308290592355,0.9977729257641922,-0.9504829066380505,217.15741981288664,0.9459814074233781,0.950181860393128,0.9724308290592355,0.958300534449186,0.06229643510812366,1.0873121222932491,0.9462087641555884,0.001864357625222687,0.9570963932796088,0.9761725820622201,0.7849850217032464,0.9266419152477275,0.9393713874624793,0.9664355701092379,0.0,0.022371984244214674,0.04356382317603679,0.023009852371808998,-6.405405952212351,590.0039506003781,0.9564361768239632,20.836526863837268,0.9479268877073683,0.9711588023054215,0.9768022425556672,0.9981712520827407,-7.4927180745056,553.820280942773,0.9546074289067039,0.958300534449186,0.9768022425556672,"glm,gam,maxent",target,1.0,0.7731157619396468,0.7326360976934561,0.7858959606020693,5,0.4945173738954696,E4,15.0,"glm,gam,maxent",ens_glm_gam_maxent,500,10000,496,500,0.9471677142419133,0.9982683848315401,0.002893607235934386,0.055725892994021156,0.9924301248563098,0.9442741070059788,0.9698949916839712,0.9966669609747484,0.9409410679807273,"mat,lpann",5.3,0,broad,0.49113749999999995,1.0837349583858513,0.9762517337399019,0.945443047677449,0.9402473031151348,7.296754698621277,0.697500361219477,1.7308562011344473,0.15815380540349633,1.0873121222932491,0.9768022425556672,0.9471677142419133,0.9409410679807273,1.8549024043134965,0.9504739542568919,0.8878200214625173,0.8878200214625172
0.9426172419130165,0.6963582082767061,0.3993725212690147,0.9306068439192516,0.00375328896455657,0.9394763950166177,0.9649055998717281,0.4789859906604403,0.6602106282532381,0.9309420395270059,0.9600602701393747,0.0,0.0016720006564910554,0.06113604705154001,0.03446185461083997,-0.5511103853690358,248.60813188786994,0.93886395294846,10.652270765280749,0.9321100917431193,0.9608131659413711,0.9665969524947714,0.995764192139738,-0.9504829066380505,217.15741981288664,0.9346281450881979,0.9426172419130165,0.9665969524947714,0.9441521315822182,0.19817178788559886,0.5242334239504043,0.933427703922534,0.0034179889795749267,0.9385138074620373,0.9647551670335777,0.8098628847172366,0.8659785335362092,0.9066507901069187,0.9467466399510792,0.0,0.021223124897423274,0.05926585739735676,0.03171276160932309,-6.968484650555196,621.6992760383358,0.9407341426026432,38.77270878769833,0.91486205873628,0.9516057915748078,0.9677577462387589,0.9966472954850246,-7.4927180745056,553.820280942773,0.9373814380876677,0.9441521315822182,0.9677577462387589,glm,target,1.0,0.7826467827447439,0.7346054898463692,0.8521889617524877,5,0.5150196664558051,E4,15.0,glm,glm,500,10000,500,500,0.9388318258470029,0.9975289205487698,0.0026061628085236855,0.06377433696152077,0.9941740841864566,0.9362256630384792,0.9657626314540998,0.9969980575666608,0.9332237206051399,"mat,lpann",3.4,1,broad,0.5003875,0.556944189219621,0.9704466916830969,0.9485091215698298,0.9380763963772467,1.6850366858532917,0.8185571730154558,1.4175034493331289,0.5190932368002825,0.5242334239504043,0.9677577462387589,0.9388318258470029,0.9332237206051399,0.7772191360767238,0.9529665658110203,0.9025755020695999,0.9025755020695998
0.980169478408915,3.2007023940234376,-1.6431493320760882,0.9322583292302642,0.02234561213434453,0.9834794270276573,0.9671344020695332,0.7010819165378671,0.4841852074564041,0.9925808932022694,0.9624638875272473,0.0,0.0016720006564910554,0.0421761337254295,0.034266632417159,-2.5936322387141386,211.1627819484377,0.9578238662745705,48.22237516795891,0.9915314043754411,0.9654550977017313,0.9674160486951764,0.9747816593886462,-0.9504829066380505,217.15741981288664,0.9326055256632166,0.980169478408915,0.9674160486951764,0.9626299871566475,2.0938534743896184,-3.162515333169546,0.9247599704579025,0.01978290591208518,0.96163327878022,0.9613475551800612,0.8772021743401663,0.7786092795598883,0.9715462280767037,0.9500849323686694,0.0,0.021223124897423274,0.05715291875543771,0.03892306563682286,-10.655233407675146,583.9097528078713,0.9428470812445623,70.33953646853955,0.9741231773269744,0.956191048640651,0.9607996284725154,0.9805949526557484,-7.4927180745056,553.820280942773,0.9234420339003107,0.9626299871566475,0.9607996284725154,gam,target,1.0,0.7821181869872001,0.750988140903297,0.906594900591316,5,0.4901339573378666,E4,15.0,gam,gam,500,10000,500,500,0.9967039705656906,0.9958449831034315,0.03336271654146865,0.036658745975778013,0.9727949027081864,0.963341254024222,0.9649314752965565,0.9615707222320324,0.9249119762562543,"mat,lpann",4.1,1,broad,0.4722475,-3.5792170825359353,0.9457248263888889,0.945692166181205,0.913156908564809,1.522899278257861,0.7486314222353179,1.644469569216618,0.25765936782624044,-3.162515333169546,0.9607996284725154,0.9967039705656906,0.9249119762562543,-3.6158182025652685,0.932054073771126,0.9096274720220757,0.8940814744030883
0.9488856214208327,0.046380443419252515,0.4635292078189135,0.9326994091580503,0.006229685807150596,0.9454238012866611,0.9655124183267728,0.5306503198294243,0.6356796116504855,0.937488310230886,0.9608280596374558,0.0,0.0016720006564910554,0.05734406438631791,0.03376316465450809,-0.48695369881913697,247.77222643764162,0.9426559356136821,18.032657668756524,0.9372920657324327,0.9609283930058284,0.9673794349474855,0.9929694323144105,-0.9504829066380505,217.15741981288664,0.9356253679280926,0.9488856214208327,0.9673794349474855,0.9476736959854166,0.38713502773811115,0.31420896441348667,0.9352022813064172,0.004971620333927166,0.9432992894284353,0.9657054528010234,0.8301197004540362,0.8591797435162044,0.9117114435265808,0.9476142896072045,0.0,0.021223124897423274,0.05729792434851059,0.03150315974805856,-7.178509110092113,620.2545997699344,0.9427020756514894,45.45356205117046,0.9181480044725373,0.9516173164087129,0.968028759226564,0.9951233388873085,-7.4927180745056,553.820280942773,0.9378254145387981,0.9476736959854166,0.968028759226564,maxent,target,1.0,0.7822748765266658,0.7315563033189779,0.8461930607450061,5,0.5142947546944446,E4,15.0,maxent,maxent,500,10000,500,500,0.9444657366242526,0.9976355358847322,0.003966733098267668,0.05950099647401502,0.994602851226354,0.9404990035259849,0.9673598107815118,0.9954308670316087,0.9359298705575936,"mat,lpann",3.0,1,broad,0.49751999999999996,0.373427221065203,0.9730122308064754,0.9641652613827993,0.9415266600755734,1.6698068887417765,0.8176559760838082,1.420377893607236,0.5157822708811584,0.31420896441348667,0.968028759226564,0.9444657366242526,0.9359298705575936,0.2697908325428262,0.9521483845060181,0.9060248351985283,0.9060248351985283
0.9881790744466801,2.7927766122054436,-2.25777936359125,0.939510503856885,0.02534437393592323,0.9906124273580689,0.9675743758482312,0.5790041621704949,0.6632088520055325,1.0008312724703339,0.9667005961901992,0.0,0.0016720006564910554,0.03716529948924315,0.03319804777806319,-3.2082622702293007,201.22189288316397,0.9628347005107568,15.400224302053196,1.0071176529892125,0.9680439609013191,0.9685593344037366,0.9713973799126637,-0.9504829066380505,217.15741981288664,0.9342320804234205,0.9881790744466801,0.9685593344037366,0.9768819654472387,3.5040445889449643,-3.1421123215527693,0.9357767109798129,0.023159464722210713,0.976694081332477,0.9650271964115409,0.818218138234119,0.8555827220863895,0.9948401180819131,0.9586887855348571,0.0,0.021223124897423274,0.04627749927497204,0.0351292719479349,-10.63483039605837,559.0789072904188,0.953722500725028,18.482940141726026,1.0075759304474818,0.960171861147105,0.9648755134546064,0.9772828869833787,-7.4927180745056,553.820280942773,0.9310053877084066,0.9768819654472387,0.9648755134546064,gbm,target,1.0,0.777205712379726,0.7550185061715328,0.9198586977496361,5,0.43658063742545383,E4,15.0,gbm,gbm,500,10000,500,500,1.0112294956308447,0.9963574358274605,0.03389927947263529,0.022669783841790588,0.9068365508545768,0.9773302161582094,0.9718733921527526,0.9609526752604627,0.938282891418672,"mat,lpann",4.7,1,broad,0.46326249999999997,-2.9253971185790544,0.967074886653812,1.0197570136440288,0.9385219597729264,3.1789130444018436,0.7000848385529589,1.7951096121416525,0.08414268055800811,-3.1421123215527693,0.9648755134546064,1.0112294956308447,0.938282891418672,-2.5028693264735775,0.9380954471616104,0.9119845163268435,0.9033661781242748
0.9941185574988392,2.139198256628049,0.5125832747837622,0.9215800919087478,0.03799721405355208,0.9954519834405551,0.9581758678458722,0.5194198623402163,0.602619101377286,0.9729420810906295,0.9605418387123957,0.006134969325153374,0.0016720006564910554,0.043878656554712896,0.043472900077061394,-0.43789963185428826,216.23018430680497,0.9561213434452871,59.69865438119625,0.9984474241354976,0.9635264798765046,0.9589413225706303,0.957117903930131,-0.9504829066380505,217.15741981288664,0.9132392473754181,0.9941185574988392,0.9589413225706303,1.002527240336413,0.0889466453357386,1.2652427790202259,0.9125533398982438,0.05071052740605709,1.001781608004806,0.9509251976652731,0.764767348945848,0.7975890223571154,0.9945176254620327,0.9485702914142858,0.005316578057032383,0.021223124897423274,0.048183287069644115,0.04991668326014735,-6.227475295485374,535.2196098795786,0.9518167129303559,78.91814788977797,1.0581658033452752,0.9497865735351183,0.9506154960173787,0.9502580566505466,-7.4927180745056,553.820280942773,0.9020747695809024,1.002527240336413,0.9506154960173787,rf,target,1.0,0.7631111945004512,0.7234823569553334,0.7594255689804355,5,0.13206966712260515,E4,15.0,rf,rf,500,10000,500,500,0.9890004599110839,0.9909298796602544,0.03142725739690327,0.04242679748581941,0.8415914133092021,0.9575732025141805,0.9628687592731757,0.9638001059509094,0.9213733084650899,"mat,lpann",21.0,1,broad,0.4732925,1.1852836244314329,0.9512006356609946,0.9946918595738158,0.9219926717693725,4.13098321029588,0.8389652680429426,1.320193929173693,0.6288712499102254,1.2652427790202259,0.9506154960173787,0.9890004599110839,0.9213733084650899,0.5504806268716189,0.9357053348613535,0.9285796412693545,0.889446612780179
1.1129856059433525,21.376699633708824,5.758367910919427,0.7624015263417036,0.2016522210184182,1.1070144409243747,0.8584975278577227,0.11543235415804716,0.20890365448504983,1.0687877969201356,0.8249688592437819,0.0,0.0016720006564910554,0.08866661507506578,0.15418443359876702,4.807885004281376,263.63754104420974,0.9113333849249342,339.75990359062365,1.0803105151729004,0.8366336153838698,0.8626025490770584,0.7724235807860262,-0.9504829066380505,217.15741981288664,0.6837569657109603,1.1129856059433525,0.8626025490770584,1.1901437626879894,14.84755575573854,12.163963679271571,0.7235146889873626,0.23140821145958487,1.1682376582212923,0.8641258133246706,0.5625322391559203,0.3536676811785982,1.0937709310113866,0.7887727778962584,0.0,0.021223124897423274,0.04126444877159548,0.13794946499124913,4.671245604765972,686.3475307663354,0.9587355512284045,282.5738910932807,1.1268968349953221,0.8236720417994357,0.875500108770702,0.773011744625513,-7.4927180745056,553.820280942773,0.7317472958539175,1.1901437626879894,0.875500108770702,mahal,target,1.0,0.7498305317884213,0.8033494061133538,0.9578178307751019,5,0.3559803491165816,E4,15.0,mahal,mahal,500,10000,500,500,1.051835811743063,0.9120586896871579,0.18726046297715776,0.13542465123409475,0.8225976521148516,0.8645753487659052,0.8427334622173657,0.784301606922126,0.6488769556880314,"mat,lpann",2.7,1,broad,0.43817,36.139419093451025,0.7768382037089311,0.4946152077265062,0.44307012278291324,5.475114280445881,0.7952162489395525,1.4303809596811283,0.4934150236104744,12.163963679271571,0.875500108770702,1.051835811743063,0.6488769556880314,19.698223479609812,0.8680018252801298,0.8597462823854055,0.6004538870851559
0.9522326265284011,0.2391028313563197,-0.5780367900588224,0.9387822090924011,0.007409843677449311,0.9538590114866572,0.9687649212159797,0.5600447364742066,0.6808510638297872,0.9483779795922609,0.9670840710796339,0.0,0.0016720006564910554,0.055177217149048136,0.033239147187259184,-1.5285196966968728,233.90050722525035,0.9448227828509519,14.024558671536491,0.9578183284605303,0.9705658200992812,0.9679407771512383,0.9916375545851528,-0.9504829066380505,217.15741981288664,0.9364603374361047,0.9522326265284011,0.9679407771512383,0.9497866346273356,1.1192557559298848,-0.7760933213689984,0.9383206138191367,0.007540290839789535,0.9498249466553417,0.9665320866978325,0.8274143302180685,0.865396588220645,0.9367914465034358,0.9591669441811614,0.0,0.021223124897423274,0.05775365621245391,0.033033253335289614,-8.268811395874598,601.2762962436852,0.9422463437875461,20.180020373689565,0.9529927207174315,0.9674245787862501,0.9665122604224214,0.9926037306457512,-7.4927180745056,553.820280942773,0.9348500744332973,0.9497866346273356,0.9665122604224214,"gam,maxent,gbm,rf",target,1.0,0.779030482741603,0.744115347242562,0.9015626891898407,5,0.4190972170215884,E4,15.0,"gam,maxent,gbm,rf",ens4,500,10000,500,500,0.9578223210179365,0.9982882006723977,0.006611221830446113,0.048788900812509584,0.9609874035961834,0.9512110991874905,0.9717031918329794,0.9923847783860145,0.9435958775735049,"mat,lpann",24.5,1,broad,0.494664375,-0.8495576697017064,0.9679866098858027,0.9643185650774183,0.9481952625070624,-0.1818446579004096,0.7500679775324545,1.6697071899432776,0.22858908705633052,-0.7760933213689984,0.9665122604224214,0.9578223210179365,0.9435958775735049,-1.4486936601665672,0.9390735311878959,0.9007741836578261,0.897186645745752
0.9258241758241759,1.6050597402362996,-0.0937901345745451,0.9104812900049237,0.0065198885621420835,0.9263765524479602,0.9549811328369352,0.2647741231063191,0.6464937560038425,0.9163947712961616,0.9497153391530662,0.0,0.0016720006564910554,0.08069571273796626,0.046319034163883895,-1.0442730412125956,243.25471351128033,0.9193042872620337,44.19362386935393,0.9299526161911483,0.9566634627439509,0.9547125836330393,0.99264192139738,-0.9504829066380505,217.15741981288664,0.9119462086594137,0.9258241758241759,0.9547125836330393,0.9245970916021047,0.6490681476378768,-0.2100880215675227,0.9086554242573445,0.007125989145295605,0.9246338381222681,0.9534358047016275,0.7037870038295544,0.8335132442082538,0.8966783260152316,0.9370234249316609,0.0,0.021223124897423274,0.08252889754319095,0.04535784277764387,-7.702806096073123,635.4496091039025,0.9174711024568091,13.367268372554458,0.9213426739383429,0.9508901530897041,0.9534162827743574,0.9930101190718088,-7.4927180745056,553.820280942773,0.910481221528618,0.9245970916021047,0.9534162827743574,"glm,gam,maxent,gbm,rf,mahal",target,1.0,0.7810209212691258,0.7637187014829269,0.9315945434165286,5,0.4405468335984767,E4,15.0,"glm,gam,maxent,gbm,rf,mahal",ens6,500,10000,500,500,0.9267016710102713,0.9962171702560838,0.007684347692779396,0.08098267668250805,0.9715208875937519,0.919017323317492,0.9539798892016351,0.9911486844428748,0.9101660077603668,"mat,lpann",25.0,1,broad,0.5242733333333334,-0.19803768549117073,0.9600544518654018,0.9498313659359191,0.9193991477852217,2.2078985866533563,0.7919223071623085,1.4899394450406256,0.4356568956383542,-0.2100880215675227,0.9534162827743574,0.9267016710102713,0.9101660077603668,-0.22947716590237022,0.9275040522237271,0.8680438448566611,0.8657758611191428
0.9522713202290667,1.7323280251452502,0.14837081248056938,0.9341867717052356,0.007313109425785482,0.9502439214009446,0.966953020669311,0.5933621154883972,0.6029376354442572,0.9430370539703652,0.9622554734376504,0.0,0.0016720006564910554,0.055041789196718774,0.03311584895967121,-0.8021120941574811,245.2286666273343,0.9449582108032812,25.326050049969645,0.9417683234196995,0.9621607027891425,0.9680603315858843,0.9917467248908297,-0.9504829066380505,217.15741981288664,0.9367049356941108,0.9522713202290667,0.9680603315858843,0.9446285785308862,1.1222063823311714,-0.6049864338480546,0.9316633842113902,0.007146704230020301,0.9429471111019039,0.9632788842922335,0.840681241695857,0.8357428734787226,0.9180124531765523,0.9483037365650504,0.0,0.021223124897423274,0.0625181256991341,0.035244552971630386,-8.097704508353655,615.5521267959534,0.9374818743008659,50.616898907326146,0.9254044679734386,0.95307963070505,0.9641757656458055,0.9929897996505059,-7.4927180745056,553.820280942773,0.9304716739513719,0.9446285785308862,0.9641757656458055,"glm,gam,maxent",target,1.0,0.7826308224186149,0.7395806540496024,0.868038097455204,5,0.5092181001049049,E4,15.0,"glm,gam,maxent",ens_glm_gam_maxent,500,10000,500,500,0.9508470029127702,0.9980169075458526,0.007051969952475855,0.05620496703970566,0.9923154559924066,0.9437950329602943,0.9675746294313528,0.9918770969450821,0.9356721299053765,"mat,lpann",4.4,1,broad,0.49323749999999994,-0.5992202035653875,0.964291419503935,0.9512877510347999,0.9358242255517222,0.8984730049937939,0.8012282157676348,1.4817760233021615,0.44506003884866674,-0.6049864338480546,0.9641757656458055,0.9508470029127702,0.9356721299053765,-0.6125406443405979,0.948920048771991,0.9088226276253257,0.9086164472855514
0.9840775421761337,3.404395864948242,0.5159300849808757,0.9377359264730019,0.021339575917040707,0.9809721871295018,0.968711674499377,0.7257551669316376,0.5315751270263731,0.9743760261019556,0.9634650807852219,0.0,0.002143853602494666,0.03726203374090698,0.03113724442068689,-0.4345528216571748,245.87798464426422,0.962737966259093,35.842356802796274,0.9721544510535336,0.9629788669754317,0.9704640527337084,0.9759170305676856,-0.9504829066380505,217.15741981288664,0.9386549968267786,0.9840775421761337,0.9704640527337084,0.9779177196834735,2.236783855726628,-0.10021163363932395,0.9379513376005252,0.018850727099473837,0.9736902073708852,0.9675665463095138,0.9046891526618874,0.8216229290119724,0.9464662250998487,0.9523858075040783,0.0,0.023141309699655343,0.04093300741600033,0.03030493951612903,-7.592929708144924,622.060242194416,0.9590669925839996,66.46778289529108,0.9483148118567876,0.9549197128166688,0.9697744077417734,0.9815093266143781,-7.4927180745056,553.820280942773,0.9405763191983776,0.9779177196834735,0.9697744077417734,glm,target,1.0,0.7566367240400215,0.6862610942091919,0.838542280840309,5,0.4515457948281621,E4,15.0,glm,glm,500,10000,498,500,0.9789782308753641,0.997139859846503,0.01985282845316572,0.040874597577801625,0.9938919766900445,0.9591254024221983,0.9693137473249993,0.977132262051916,0.9362576644741143,"mat,lpann",3.4,2,broad,0.4770025,-0.2797994541094866,0.9657998390580661,0.9593170320404721,0.9354825847625547,7.207933263028876,0.6810569828303776,1.7966234861260157,0.082398905173936,-0.10021163363932395,0.9697744077417734,0.9789782308753641,0.9362576644741143,-0.7173057918428487,0.9544987730127672,0.9233673156523072,0.9183365153618126
0.9837873394211423,3.934176662626612,-1.0707506431413272,0.9309453471196455,0.02696950936387556,0.9852286641659054,0.9645787237375418,0.8073687264287787,0.4092902002606944,0.9876556038155406,0.9610221237087533,0.0,0.002143853602494666,0.04318216994273332,0.03727423184860042,-2.0212335497793776,227.061993003523,0.9568178300572667,63.901450451351145,0.9874785764694022,0.9634063447940022,0.964637500243812,0.9695633187772926,-0.9504829066380505,217.15741981288664,0.9263811488345595,0.9837873394211423,0.964637500243812,0.9570990595351535,2.9990909132654906,-3.4824452234384786,0.9176924339405875,0.02508596760160749,0.9571585423960556,0.9524736964667527,0.9210163975466266,0.7357723577235772,0.9473344744610652,0.9414387444426043,0.0,0.023141309699655343,0.067986908066454,0.04717951948924731,-10.975163297944079,620.9467012532872,0.932013091933546,110.58652425213427,0.9513725669169157,0.9483950184178215,0.9524434518454227,0.9753931808022107,-7.4927180745056,553.820280942773,0.9074062727357566,0.9570990595351535,0.9524434518454227,gam,target,1.0,0.7532102141439483,0.7005239638485495,0.8452013725441823,5,0.4309744188185721,E4,15.0,gam,gam,500,10000,498,500,0.9945385558791967,0.9952640829817901,0.031273953702284224,0.03673539782308754,0.9723303765708585,0.9632646021769125,0.9659022126572062,0.9639766907999293,0.9272412929768419,"mat,lpann",3.5,2,broad,0.4697925,-3.399692903732465,0.9547550371602417,1.004733251571363,0.9272094438161993,6.569459417012801,0.6709894432513952,1.8493407941131381,0.021675790217199342,-3.4824452234384786,0.9524434518454227,0.9945385558791967,0.9272412929768419,-3.5707675704600312,0.9390431596973835,0.9478000919822168,0.9140689883951296
0.9845999071351184,3.743755506033665,0.5570826365423387,0.937992368291482,0.021610431821699427,0.9809527511612991,0.9684660819057711,0.7509578544061303,0.5139124122913138,0.9745007169725056,0.9630042837145173,0.0,0.002143853602494666,0.037010524686581024,0.031147524131621418,-0.39340027009571177,245.8260563442405,0.9629894753134189,41.16480954068191,0.9721544510535336,0.9626925947509943,0.9704620783778515,0.9756113537117904,-0.9504829066380505,217.15741981288664,0.9386008290252095,0.9845999071351184,0.9704620783778515,0.9760533620582508,2.416828453829339,-0.2872126400736974,0.9364537173806007,0.019555039980113518,0.9724886577862485,0.966223454533997,0.9095938787522072,0.8127839195979899,0.9449281833742651,0.9511492053774139,0.0,0.023141309699655343,0.0435016779218627,0.031964045698924734,-7.779930714579297,622.1212402776932,0.9564983220781373,74.25104717859023,0.9464664673801428,0.9538569753810082,0.968089567259309,0.9808184662900801,-7.4927180745056,553.820280942773,0.9373167883682174,0.9760533620582508,0.968089567259309,maxent,target,1.0,0.7564337970442303,0.6833180540429966,0.8351351541443941,5,0.44570129304602,E4,15.0,maxent,maxent,500,10000,498,500,0.9790932086463284,0.9971372254891336,0.019795339567683583,0.040702130921355203,0.9940322373951466,0.9592978690786448,0.9694317224551449,0.9771984813702984,0.9364963504489432,"mat,lpann",3.0,2,broad,0.47738,-0.279608895173455,0.9669772626885136,0.9726544534723287,0.9369440186234075,7.069567360372153,0.6813694009047474,1.7978690786447953,0.08096415327564888,-0.2872126400736974,0.968089567259309,0.9790932086463284,0.9364963504489432,-1.0336761005730004,0.9535763708700917,0.9264142265828607,0.9201875803216746
1.0007932208636434,3.0233883363825953,-1.9095035727430099,0.9504759560150993,0.022597121188670483,1.0048201201142835,0.9772176442074648,0.7046737085805238,0.6996640537513997,1.0055695255512376,0.9726856361262513,0.0,0.002143853602494666,0.021803900325027086,0.023591936594742957,-2.8599864793810603,216.5970471806355,0.9781960996749729,18.18316722467893,1.0155257586450246,0.973609443777511,0.977808290706557,0.9744978165938865,-0.9504829066380505,217.15741981288664,0.9526939162688595,1.0007932208636434,0.977808290706557,1.007913162364834,0.5544539524394736,-1.1379436846771558,0.9497681765960939,0.026660314040684426,1.0078515050444365,0.9774352307549448,0.8723059673601594,0.8848534201954398,1.0063010096499714,0.9671101439240318,0.0,0.023141309699655343,0.018747151675850355,0.02301747311827957,-8.630661759182756,557.4655701085877,0.9812528483241496,22.596553925786917,1.0185062638340598,0.971975083939089,0.9773857422882493,0.9738489047831917,-7.4927180745056,553.820280942773,0.9551017531073414,1.007913162364834,0.9773857422882493,gbm,target,1.0,0.7477962121109789,0.7018666293781763,0.8382908067128974,5,0.3871694105717597,E4,15.0,gbm,gbm,500,10000,498,500,1.020466043231642,0.9961036469227904,0.03654376820481373,0.016077724973171854,0.8974218869097351,0.9839222750268282,0.9739557646344702,0.9579065866148685,0.9418288616416968,"mat,lpann",4.8,2,broad,0.456865,-0.4030296303305647,0.9772313959409326,0.9977387705043692,0.9418638984255145,4.848443396578473,0.6951800809320142,1.7834776943124329,0.09754105597739704,-1.1379436846771558,0.9773857422882493,1.020466043231642,0.9418288616416968,3.056036486420421,0.9644845092008216,0.9161045531197302,0.8990740570543672
1.120047206314812,4.695284153948705,0.4811365530981826,0.8785286394222879,0.12699272558427488,1.1205807467298983,0.9365571095998387,0.3683978873239437,0.5409353758750127,1.0884266090317753,0.9473296647527688,0.009569377990430622,0.002143853602494666,0.006945519269462932,0.0711458793778719,-0.46934635353986787,168.71238082105228,0.993054480730537,61.298359592784664,1.1368887992741203,0.9291840836392116,0.9368229893868463,0.8566812227074235,-0.9504829066380505,217.15741981288664,0.8497357034379607,1.120047206314812,0.9368229893868463,1.1237933463147864,3.0075193964218556,0.7602626881974439,0.8708046118496635,0.13089862037535732,1.123552443496095,0.9351257487366593,0.6915246349834215,0.7303833393292561,1.1168663640197465,0.9348786518697338,0.05319148936170213,0.023141309699655343,0.007105274060570908,0.06869539650537634,-6.732455386308156,424.2456583644469,0.9928947259394291,139.6962501474683,1.170253063459827,0.9145278475821969,0.9350200928563068,0.8716015767870932,-7.4927180745056,553.820280942773,0.8644963027265222,1.1237933463147864,0.9350200928563068,rf,target,1.0,0.7363867978166353,0.6871165322985926,0.8918339879063778,5,0.13804837207964563,E4,15.0,rf,rf,500,10000,498,500,1.1146328376513874,0.9878439935223978,0.12036256323777403,0.005729725586386632,0.820892579797347,0.9942702744136134,0.9403715450838241,0.8613588204132085,0.8556290948268219,"mat,lpann",21.5,2,broad,0.40811250000000004,-1.2577107746538534,0.9573474503114957,1.0054039552353211,0.9042106444740596,7.69941674320298,0.7913547551306543,1.409186723900046,0.5278482435005176,0.7602626881974439,0.9350200928563068,1.1146328376513874,0.8556290948268219,-1.2041011443911902,0.9569216330361333,0.9994826000306607,0.9032788534919389
1.069474539544962,21.189355182490658,6.4185919635514015,0.7587497948465453,0.1795774647887324,1.060057141746516,0.8540078496490301,0.03994700906960155,0.2198038425366116,1.0190361395706478,0.8193795417584454,0.0,0.002143853602494666,0.11010292524377031,0.15391811182269555,5.468109056913351,268.5835198439558,0.8898970747562297,344.9821749739371,1.0336324226232483,0.8324773443851752,0.8600222498527583,0.7973362445414847,-0.9504829066380505,217.15741981288664,0.6872333192977145,1.069474539544962,0.8600222498527583,1.1405104196876166,13.92077245325413,12.537268090722954,0.7236685540784507,0.1996727016613498,1.1217708354912888,0.8691661784807655,0.482553547367932,0.4089692395453947,1.0294212497829376,0.7834197144533542,0.0,0.023141309699655343,0.05916228197373327,0.13120589717741934,5.044550016217353,701.4487891125726,0.9408377180262667,274.73731198956415,1.0712639481550783,0.8222631074485782,0.8790779146625891,0.8041410980615272,-7.4927180745056,553.820280942773,0.7449788160877939,1.1405104196876166,0.8790779146625891,mahal,target,1.0,0.7210647832456341,0.7612893861424033,0.9423581032785988,5,0.3223808521309087,E4,15.0,mahal,mahal,500,10000,498,500,1.00438831825847,0.9160820574504986,0.16376667177678983,0.1593783535183198,0.8269613581283611,0.8406216464816803,0.8387812269950381,0.8113632350344341,0.6519848815161144,"mat,lpann",3.1,2,broad,0.4668025,33.07640765030304,0.7897392461733922,0.5244711022535643,0.4678952170194768,9.000461891093003,0.6904423070046841,1.728518319791507,0.16084672435105074,12.537268090722954,0.8790779146625891,1.00438831825847,0.6519848815161144,18.465784587351152,0.8730746535902496,0.8637513414073279,0.6138607696007896
0.981001392973224,0.5309510554277495,-1.1577065987482538,0.9552150008206138,0.011782231852654389,0.9821966531262755,0.9788598435079324,0.8371376557905056,0.6410814526291672,0.9795299154180261,0.9750244086800416,0.0,0.002143853602494666,0.03078083887943043,0.022615364055962747,-2.1081895053863042,232.68392255767262,0.9692191611205696,43.9159719448402,0.9837080350841819,0.9768860157345856,0.9785143660761373,0.986703056768559,-0.9504829066380505,217.15741981288664,0.9559222178891287,0.981001392973224,0.9785143660761373,0.9717031942660646,1.0749550297443875,-1.947800864449567,0.951050385688495,0.01209760947922277,0.9717014356445899,0.9734386820206775,0.9355416846919227,0.8507265521796565,0.959787651013371,0.9644181719218744,0.0,0.023141309699655343,0.04039441521315822,0.026608702956989246,-9.440518938955167,592.3605615177353,0.9596055847868418,68.2622051962041,0.9647901786732994,0.9712553569562036,0.973377319241033,0.9881334579591173,-7.4927180745056,553.820280942773,0.9477390427459591,0.9717031942660646,0.973377319241033,"gam,maxent,gbm,rf",target,1.0,0.7549269099556337,0.7009467484542473,0.8755669250268305,5,0.3829898593687377,E4,15.0,"gam,gbm",ens4,500,10000,498,500,0.9926030967346313,0.9978235176709647,0.017744902652153918,0.025141805917522613,0.9437535522266544,0.9748581940824774,0.9784770441037872,0.9795603037259403,0.9544184978084176,"mat,lpann",20.1,2,broad,0.47242249999999997,-2.1438510769781978,0.9742563468530296,1.0002491185037559,0.9543533748699808,7.4927180745056,0.6623674208641485,1.8681588226276253,0.0,-1.947800864449567,0.973377319241033,0.9926030967346313,0.9544184978084176,-0.5579714521436685,0.9575960293482952,0.9254560784914917,0.9215798881037336
0.9780413248723108,2.5835793777582126,1.7862430694018383,0.877749056294108,0.045484445132332456,0.9767740179977066,0.9420197233228784,0.3191413237924866,0.3441266839990546,0.9504977243916125,0.9293385612001364,0.0,0.002143853602494666,0.06744312026002167,0.06000267272484298,0.8357601627637878,259.95390693854137,0.9325568797399784,82.32169933903339,0.9623954027623752,0.9325250449524788,0.9429094003384161,0.9486681222707424,-0.9504829066380505,217.15741981288664,0.8812250020107206,0.9780413248723108,0.9429094003384161,0.9947383684799271,3.7274505315530178,3.276018828484939,0.8866937469226982,0.04223805775365621,0.9799879845041536,0.9472252448313384,0.7519288469781398,0.741250810110175,0.9257770831782888,0.9105242818498004,0.0,0.023141309699655343,0.04749968927372913,0.04548891129032258,-4.216699246020661,665.7889735174484,0.9525003107262708,61.09650525232699,0.9471966775437556,0.9250925795715558,0.9550127733815191,0.9585686999634251,-7.4927180745056,553.820280942773,0.9110690106896959,0.9947383684799271,0.9550127733815191,"glm,gam,maxent,gbm,rf,mahal",target,1.0,0.7554903787595125,0.7179007668512953,0.899583004439776,5,0.39017624333319567,E4,15.0,"gam,gbm,mahal",ens6,500,10000,498,500,0.9607159282538709,0.9895841039434918,0.04501379733251571,0.0842978690786448,0.9451151440923429,0.9157021309213552,0.9340487499755664,0.948150273706516,0.8638524046278713,"mat,lpann",20.9,2,broad,0.4917375,3.460885596089625,0.9495076650628888,0.9078069906484746,0.8611277617235569,7.177593109375991,0.6669706264334466,1.8547255863866319,0.015473247395373368,3.276018828484939,0.9550127733815191,0.9607159282538709,0.8638524046278713,4.1867664662955555,0.9363097710824934,0.8561436455618581,0.8361441526037439
0.9837873394211423,3.934176662626612,-1.0707506431413272,0.9309453471196455,0.02696950936387556,0.9852286641659054,0.9645787237375418,0.8073687264287787,0.4092902002606944,0.9876556038155406,0.9610221237087533,0.0,0.002143853602494666,0.04318216994273332,0.03727423184860042,-2.0212335497793776,227.061993003523,0.9568178300572667,63.901450451351145,0.9874785764694022,0.9634063447940022,0.964637500243812,0.9695633187772926,-0.9504829066380505,217.15741981288664,0.9263811488345595,0.9837873394211423,0.964637500243812,0.9570990595351535,2.9990909132654906,-3.4824452234384786,0.9176924339405875,0.02508596760160749,0.9571585423960556,0.9524736964667527,0.9210163975466266,0.7357723577235772,0.9473344744610652,0.9414387444426043,0.0,0.023141309699655343,0.067986908066454,0.04717951948924731,-10.975163297944079,620.9467012532872,0.932013091933546,110.58652425213427,0.9513725669169157,0.9483950184178215,0.9524434518454227,0.9753931808022107,-7.4927180745056,553.820280942773,0.9074062727357566,0.9570990595351535,0.9524434518454227,"glm,gam,maxent",target,1.0,0.7556812374513442,0.6902977234704213,0.8418225786379061,5,0.4467458726783464,E4,15.0,gam,ens_glm_gam_maxent,500,10000,498,500,0.9945385558791967,0.9952640829817901,0.031273953702284224,0.03673539782308754,0.9723303765708585,0.9632646021769125,0.9659022126572062,0.9639766907999293,0.9272412929768419,"mat,lpann",4.4,2,broad,0.4697925,-3.399692903732465,0.9547550371602417,1.004733251571363,0.9272094438161993,6.569459417012801,0.6709894432513952,1.8493407941131381,0.021675790217199342,-3.4824452234384786,0.9524434518454227,0.9945385558791967,0.9272412929768419,-3.5707675704600312,0.9390431596973835,0.9478000919822168,0.9140689883951296
1.3517587939698492,3.9072885107145225,-9.636192356983207,0.9475935499753816,0.3601832692876145,1.3874198091065562,0.8307772971555905,0.6049266388477588,0.5655557772899621,1.823901464713715,0.703288930802782,0.0,0.0015796816018381749,0.008424475317765297,0.025623112170464587,14.011468461730248,422.2824047915049,0.9915755246822348,44.919124280700814,1.5965635738831616,0.7633668607728957,0.8432629462041227,0.9731377174224554,23.647660818713454,450.1325985028951,0.9647132421046902,1.3517587939698492,0.8432629462041227,1.4266453382084094,7.2146053013497635,-4.2945496376193475,0.9390386509108813,0.43475776965265084,1.3837237676915568,0.8318575011516609,0.8392401184761515,0.8116235850650447,19.962025316455698,0.09541062801932366,0.0,0.022125800098473657,0.008112431444241315,0.04065833779148441,55.6469708302169,1418.00101945455,0.9918875685557587,246.79895001851014,3.1263399693721285,0.47541287808498794,0.8174969394481589,0.9571199963937973,59.94152046783625,1669.9262134486328,0.949007564949556,1.4266453382084094,0.8174969394481589,glm,target,1.0,0.9093659588431416,0.9061074093063171,0.3546344648178702,5,0.766369246389533,E4,15.0,glm,glm,500,10000,494,500,1.4660087719298245,0.9972952547074828,0.4735014619883041,0.007492690058479532,0.9827468791774725,0.9925073099415205,0.8049503483029494,0.9718418535906799,0.9643491635322003,"mat,lpann",4.3,0,narrow,0.9174925,-4.270720016877959,0.775,1.6209795321637428,0.9622971748620377,-62.902560110098605,0.2115261446991577,13.935855263157896,0.23073161189358382,-4.2945496376193475,0.8174969394481589,1.4660087719298245,0.9643491635322003,-3.155697989799286,0.8705438936292729,1.2065058479532165,0.9273112685208065
1.52616021282885,0.9539810639647612,-13.327147998200626,0.9291194813720663,0.5261602128288502,1.5833202941636677,0.7741974560872199,0.3896631037748613,0.6373026700448255,2.2293608521970705,0.619317596124111,0.0,0.0015796816018381749,0.0,0.03657509195142499,10.320512820512828,400.7148848341107,1.0,141.94754102863016,1.8655211912943872,0.6979533098816757,0.7917154224198455,0.9607592425211084,23.647660818713454,450.1325985028951,0.9607592425211084,1.52616021282885,0.7917154224198455,1.5290219378427787,10.88905874571725,-16.971434997750777,0.9183694403413754,0.5290219378427788,1.4553440702781846,0.8145497912939773,0.7649219017774078,0.8020730127276884,20.658227848101266,0.09234365867913501,0.0,0.022125800098473657,0.0,0.04856762228446151,42.97008547008547,1370.3789624289755,1.0,425.2394875625818,3.040581929555896,0.49497820731476216,0.7908195536279028,0.9478227551388388,59.94152046783625,1669.9262134486328,0.947822755138839,1.5290219378427787,0.7908195536279028,gam,target,1.0,0.9096052631782057,0.9005282715276014,0.3230996863275652,5,0.7471974648073638,E4,15.0,gam,gam,500,10000,494,500,1.7105263157894737,0.9970545730398654,0.7105263157894737,0.0,0.96864041672828,1.0,0.7378640776699029,0.9577464788732394,0.9577464788732395,"mat,lpann",6.7,0,narrow,0.904565,-17.509504049160007,0.7734181689642984,1.7808845029239766,0.9535624239262737,-55.48062426763993,0.18030304591011628,15.45266812865497,0.1405299078421145,-16.971434997750777,0.7908195536279028,1.7105263157894737,0.9577464788732395,-11.826456122643215,0.8376584839492851,1.2070540935672514,0.9282467465612387
1.545521726278451,1.4807813505179865,-12.402979967649628,0.9226366322008862,0.5455217262784511,1.5980284775465499,0.769814502529511,0.3880396889246447,0.4319561386332485,2.250665778961385,0.6152585765488991,0.0,0.0015796816018381749,0.0,0.037920973144019564,11.244680851063826,424.93046330136355,1.0,70.54833157790596,1.8865979381443299,0.6928571428571428,0.7856935493235789,0.9593152708273627,23.647660818713454,450.1325985028951,0.9593152708273627,1.545521726278451,0.7856935493235789,1.6237431444241317,7.988847175201499,-8.760669404006457,0.9128302970622025,0.6237431444241316,1.5561249389946314,0.7824343675417661,0.773409437583034,0.7544146500981034,32.41772151898734,0.059848484848484845,0.0,0.022125800098473657,0.0,0.05726363931984349,51.18085106382979,1358.4139235016846,1.0,310.1251662877671,3.9693721286370596,0.4024653312788906,0.7622697382746156,0.9384804363505229,59.94152046783625,1669.9262134486328,0.938480436350523,1.6237431444241317,0.7622697382746156,maxent,target,1.0,0.9091563683513298,0.9038025675501704,0.3554604361557546,5,0.772579053772171,E4,15.0,maxent,maxent,500,10000,494,500,1.7178362573099415,0.9970848513918504,0.7178362573099415,0.0,0.980669043743494,1.0,0.7358795051102743,0.9573117718657624,0.9573117718657624,"mat,lpann",5.0,0,narrow,0.903715,-9.38989387660569,0.7081479084068291,1.938048245614035,0.9442162232655189,-62.86613421667126,0.21164379420833082,13.921966374269006,0.23155755520778998,-8.760669404006457,0.7622697382746156,1.7178362573099415,0.9573117718657624,-5.550778466474782,0.8452120246864424,1.3422880116959064,0.9478917854103177
1.0746378953591487,3.2567803765973053,-6.524593808404177,0.9823465452158214,0.0985811409991132,1.0863714598654357,0.9388030598470076,0.856305766413637,0.8684006211180124,1.1731025299600533,0.8967524509803921,0.0,0.0015796816018381749,0.023943245639964528,0.00851706495160992,17.123067010309278,409.03628713173674,0.9760567543600355,5.903181731856439,1.140893470790378,0.9106474050294275,0.9409417966802023,0.9926478693150503,23.647660818713454,450.1325985028951,0.9687046236750858,1.0746378953591487,0.9409417966802023,1.1200868372943327,3.3065553765395066,-2.0323709833001544,0.9764381257180371,0.13859689213893966,1.147510980966325,0.914152604965627,0.9228253760627861,0.922862372526802,1.620253164556962,0.6183574879227053,0.0,0.022125800098473657,0.01851005484460695,0.01442342994408954,57.909149484536094,1546.330518155214,0.981489945155393,112.87349512210567,1.2075038284839203,0.8525841137703781,0.9258959849097278,0.9863302380093761,59.94152046783625,1669.9262134486328,0.9678201831647693,1.1200868372943327,0.9258959849097278,gbm,target,1.0,0.9088402455846118,0.9048959072150442,0.15615011432782716,5,0.7650364031880763,E4,15.0,gbm,gbm,500,10000,494,500,1.1345029239766082,0.9989176166905501,0.15204678362573099,0.017543859649122806,0.663956741555528,0.9824561403508771,0.9205479452054794,0.9909580942444792,0.9734142345953565,"mat,lpann",7.0,0,narrow,0.9359125,-2.8516361605090523,0.8912784986816936,1.2320906432748537,0.9730321500151002,-59.94152046783625,0.16475903614457832,17.81578947368421,0.0,-2.0323709833001544,0.9258959849097278,1.1345029239766082,0.9734142345953565,-0.4626685040900256,0.9265030817536923,0.9678362573099415,0.920206668863081
1.0716819391073011,3.273480702254517,-3.398904599807981,0.9833723124897423,0.1003547147502217,1.0768267876701612,0.9370903337602652,0.8784364820846906,0.8585271317829457,1.111185086551265,0.9139072847682119,0.0,0.0015796816018381749,0.028672775642920485,0.00896911664988596,20.248756218905474,422.76602260461357,0.9713272243570795,7.768337652647192,1.111569301260023,0.9159162417272432,0.9377184846971535,0.9925155970988294,23.647660818713454,450.1325985028951,0.9638428214559089,1.0716819391073011,0.9377184846971535,1.1124314442413163,3.288251605069604,1.5178493497425336,0.9778331692105695,0.13494058500914077,1.1295754026354319,0.9176120087086055,0.9237746571225616,0.9316836058329651,1.3670886075949367,0.6737967914438503,0.0,0.022125800098473657,0.0225091407678245,0.014454899245785736,61.45936981757878,1563.7455399299915,0.9774908592321755,112.5198418552652,1.1584992343032159,0.8549130897481376,0.9254651665945478,0.9866908582762351,59.94152046783625,1669.9262134486328,0.9641817175084106,1.1124314442413163,0.9254651665945478,rf,target,1.0,0.9078552415978851,0.9051426279686142,0.27866210009577114,5,0.7840185704115717,E4,15.0,rf,rf,500,10000,494,500,1.1019736842105263,0.9963077292018119,0.12317251461988304,0.021198830409356724,0.5093092603713927,0.9788011695906432,0.9313162928186403,0.9926751869240132,0.9714763565146565,"mat,lpann",19.1,0,narrow,0.93804,-0.35925005967298773,0.9135973562176857,1.1461988304093567,0.9703953088250099,-59.94152046783625,0.16475903614457832,17.81578947368421,0.0,1.5178493497425336,0.9254651665945478,1.1019736842105263,0.9714763565146565,0.43870766904588265,0.9507796136839656,0.9612573099415205,0.9384105967840832
1.7190363582618977,1.4216424938805972,-10.141268703948157,0.909465780403742,0.7190363582618977,1.7479267720231575,0.7278214326386516,0.5737350767481524,0.3030897498773909,2.196404793608522,0.6257029785461362,0.0,0.0015796816018381749,0.0,0.04998253436620297,13.506392114765298,406.34164571843087,1.0,191.1990077485749,1.9793814432989691,0.671280276816609,0.7355547100070664,0.9463746390070765,23.647660818713454,450.1325985028951,0.9463746390070766,1.7190363582618977,0.7355547100070664,1.739945155393053,7.178043462986409,-11.332171390057397,0.8890837846709339,0.7399451553930531,1.7695217179111762,0.722146350059474,0.7439312943650863,0.6888263168738411,13.658227848101266,0.13644214162348878,0.0,0.022125800098473657,0.0,0.06793173259485372,48.60934907777885,1401.1700125127147,1.0,438.41699236946494,3.0038284839203677,0.4995218971122586,0.7299416180150126,0.9270194734944104,59.94152046783625,1669.9262134486328,0.9270194734944104,1.739945155393053,0.7299416180150126,mahal,target,1.0,0.9103868792446785,0.9073794633831959,0.40739515259358805,5,0.7154695750506687,E4,15.0,mahal,mahal,500,10000,494,500,1.8726242690058479,0.9973534202051436,0.872624269005848,0.0,0.9932504957685239,1.0,0.6962274953877473,0.9481068509824379,0.948106850982438,"mat,lpann",4.8,0,narrow,0.894945,-9.831399859550991,0.7588987643615869,1.7425073099415205,0.9558446357155277,-62.776757680967876,0.20767880024678467,14.206140350877194,0.21465832029212306,-11.332171390057397,0.7299416180150126,1.8726242690058479,0.948106850982438,-5.92644770276349,0.8495025479252608,1.4064327485380117,0.975830290384281
1.0614838900384274,3.663420539411163,-3.8678075832231364,0.9844185951091416,0.08986107005616317,1.0661868252229698,0.9405528209011738,0.8725673153825646,0.8805256869772998,1.1458055925432757,0.9066087496121625,0.0,0.0015796816018381749,0.02837718001773574,0.008219121786837076,19.779853235490318,422.7295535381367,0.9716228199822643,33.22836409247432,1.120733104238259,0.9149832559144431,0.9426441066819615,0.9932982077114703,23.647660818713454,450.1325985028951,0.9649210276937346,1.0614838900384274,0.9426441066819615,1.065585009140768,3.13386149275226,-4.404495784714179,0.9813618086328574,0.09403564899451554,1.083577354807223,0.9313111202201791,0.938560627275273,0.9355269008448199,1.8227848101265822,0.600896860986547,0.0,0.022125800098473657,0.028450639853747715,0.01124503047277381,55.53702468312207,1579.0624923104494,0.9715493601462523,111.24676661126104,1.2350689127105665,0.8406988694758479,0.9407014050226795,0.9907252975117201,59.94152046783625,1669.9262134486328,0.9622746576579724,1.065585009140768,0.9407014050226795,"gam,maxent,gbm,rf",target,1.0,0.911905849509866,0.9082686746260158,0.24359955273931028,5,0.7844632727605004,E4,15.0,"gam,maxent,gbm,rf",ens4,500,10000,494,500,1.0957602339181287,0.9994295771390762,0.11695906432748537,0.021198830409356724,0.9451049757816856,0.9788011695906432,0.9340774328566446,0.9930446878803686,0.9718458574710118,"mat,lpann",23.5,0,narrow,0.9319000000000001,-4.712612184265595,0.9107464266807835,1.193530701754386,0.974357148413548,-58.29724070868849,0.20996821207940983,13.414839181286549,0.261715353851504,-4.404495784714179,0.9407014050226795,1.0957602339181287,0.9718458574710118,-3.37305650637618,0.9433786768980351,0.9862938596491229,0.9493131629281863
1.0647354419154595,2.0992946334599765,-4.33663067628218,0.985177662891843,0.08587052911616908,1.0727585667344703,0.9437608515135503,0.8896940418679549,0.8701923076923077,1.1697736351531292,0.8996624731512733,0.0,0.0015796816018381749,0.02113508720070943,0.007438305217087555,19.311030142431274,429.65561151656175,0.9788649127992906,26.312382370082297,1.1351660939289805,0.913519313304721,0.9481746599856836,0.9935958201979674,23.647660818713454,450.1325985028951,0.9724607329972579,1.0647354419154595,0.9481746599856836,1.071983546617916,2.7473099662227014,-4.55894345558054,0.9821721647792548,0.09357861060329067,1.0880917520741826,0.9359588640878813,0.943665903634638,0.9354124213697174,1.8227848101265822,0.6098654708520179,0.0,0.022125800098473657,0.021595063985374773,0.010573685369921641,55.38257701225571,1588.7309142742959,0.9784049360146252,106.19039145371873,1.2442572741194486,0.8393039918116684,0.9444138083158707,0.9907703750450775,59.94152046783625,1669.9262134486328,0.9691753110597028,1.071983546617916,0.9444138083158707,"glm,gam,maxent,gbm,rf,mahal",target,1.0,0.9132551462323313,0.9098739239973964,0.2738313828797917,5,0.7956994488506088,E4,15.0,"glm,gam,maxent,gbm,rf,mahal",ens6,500,10000,494,500,1.10343567251462,0.999597926801886,0.11988304093567251,0.01644736842105263,0.9814989323335728,0.9835526315789473,0.9351867940920938,0.9928708050773778,0.9764234366563251,"mat,lpann",25.5,0,narrow,0.9302620833333334,-5.32286352465789,0.9145755190448518,1.2028508771929824,0.980966696867364,-60.35272207562131,0.20820001665219512,13.821637426900585,0.2375239088854113,-4.55894345558054,0.9444138083158707,1.10343567251462,0.9764234366563251,-4.658039586314295,0.9485761355613086,0.9702119883040936,0.9458163454410675
1.3028377180017736,2.888661313430987,-10.475238171390309,0.9543123256195635,0.3077150458173219,1.3420434986700047,0.8494120791020845,0.5902219801171183,0.7131196496117858,1.7423435419440745,0.7285748968196164,0.0,0.0015796816018381749,0.00487732781554833,0.02172930322395052,13.172422647323145,415.2353079703814,0.9951226721844517,65.63151933757561,1.5374570446735396,0.7849404117009751,0.864257749823503,0.9770507704856595,23.647660818713454,450.1325985028951,0.9721734426701112,1.3028377180017736,0.864257749823503,1.343235831809872,7.736505015102921,-9.010720621899665,0.9485988019038241,0.3488345521023766,1.2853831137140068,0.8698948267577812,0.8527438231469441,0.855234596760728,15.240506329113924,0.12314886983632112,0.0,0.022125800098473657,0.005598720292504571,0.032539257953866,50.93079984593658,1441.519849624843,0.9944012797074955,264.75438232594973,2.6745788667687598,0.5430297978745572,0.8487419543592745,0.9655945726649837,59.94152046783625,1669.9262134486328,0.9599958523724792,1.343235831809872,0.8487419543592745,"glm,gam,maxent",target,1.0,0.9125216890666763,0.9072873862210086,0.34379479326747636,5,0.7770523732127608,E4,15.0,"glm,gam,maxent",ens_glm_gam_maxent,500,10000,494,500,1.4234283625730995,0.9982370275389432,0.4269005847953216,0.003472222222222222,0.9836236904524333,0.9965277777777778,0.8224115828368901,0.9746131107633456,0.9711408885411235,"mat,lpann",6.5,0,narrow,0.9189308333333333,-9.592668507922504,0.8462434478741991,1.440606725146199,0.9707001757131484,-59.4876361205771,0.19696185439405875,14.575292397660819,0.19270561641453665,-9.010720621899665,0.8487419543592745,1.4234283625730995,0.9711408885411235,-2.6343266894824,0.8807756892909376,1.1279239766081872,0.9393417849527315
1.3684599467927874,6.9851339557041,-7.823292542506309,0.9425467749876908,0.39668932899793086,1.362541073384447,0.8224385720908669,0.6030031612223393,0.5130141068944963,1.8072569906790945,0.695600616625163,0.0,0.0017232890201870998,0.028229382205143365,0.029541718043567613,15.824368276207146,410.3793337056698,0.9717706177948566,64.29487456989085,1.5974799541809852,0.7468689363203387,0.8205928237129485,0.9704151143052402,23.647660818713454,450.1325985028951,0.9421857321000968,1.3684599467927874,0.8205928237129485,1.490516453382084,6.036129883836736,3.2433681986636245,0.9284014442803217,0.5147394881170019,1.4705954123962908,0.7910514099461702,0.8098885793871866,0.7829780005096407,20.430379746835442,0.09332545776727702,0.0,0.021428278352207453,0.024223034734917732,0.049444962735458446,63.18488866649987,1403.3838174360174,0.9757769652650823,207.0987025759581,3.080398162327718,0.4706323888159129,0.7835940725787952,0.9492314280562567,59.94152046783625,1669.9262134486328,0.9250083933213391,1.490516453382084,0.7835940725787952,glm,target,1.0,0.9456645995855084,0.9543550499491105,0.44911565825443966,5,0.843919489510925,E4,15.0,glm,glm,500,10000,495,500,1.460891812865497,0.9957646254757627,0.4926900584795322,0.03179824561403509,0.9843482900687212,0.9682017543859649,0.7868706371602554,0.9707007476960529,0.9389025020820179,"mat,lpann",5.3,1,narrow,0.919335,3.635503030858267,0.7628134013756379,1.5398391812865497,0.9471799526855742,-57.98351918809685,0.18159560120344434,15.708150584795321,0.12533689793079472,3.2433681986636245,0.7835940725787952,1.460891812865497,0.9389025020820179,3.8454617806844595,0.8422114608555287,1.2353801169590644,0.9017793816178421
1.2675140407921963,1.2981784783574994,-10.671768314432061,0.9585590021335959,0.2731303576707065,1.30934126114849,0.861033945389254,0.615321138770458,0.7495993589743589,1.6867509986684421,0.7416676991698674,0.0,0.0017232890201870998,0.005616316878510198,0.019379367036580355,12.975892504281394,421.8678903384193,0.9943836831214898,61.06835991888773,1.502176403207331,0.7943600073246658,0.877069482466432,0.9796300787019686,23.647660818713454,450.1325985028951,0.9740137618234583,1.2675140407921963,0.877069482466432,1.32095521023766,7.095989349961201,-7.642745602864572,0.9519735762350238,0.32586837294332727,1.2684236212786726,0.8771514629948365,0.8563055991627421,0.8689713322091063,14.227848101265822,0.1313383208645054,0.0,0.021428278352207453,0.004913162705667276,0.03034623004434009,52.298774864971676,1460.313584380256,0.9950868372943327,239.9389532461178,2.5811638591117916,0.5537737866153517,0.8574804312509231,0.9678597187161918,59.94152046783625,1669.9262134486328,0.9629465560105244,1.32095521023766,0.8574804312509231,gam,target,1.0,0.9462798359142344,0.9538310432871976,0.415995632228172,5,0.8644886321994634,E4,15.0,gam,gam,500,10000,495,500,1.3872441520467835,0.9981434517315702,0.391812865497076,0.004568713450292397,0.9568014958277431,0.9954312865497076,0.8339585087652147,0.9766997043992349,0.9721309909489424,"mat,lpann",6.0,1,narrow,0.92282,-9.32532328473765,0.8426841622847219,1.4532163742690059,0.9707247709780451,-54.12889064304837,0.17695822718266002,15.57218567251462,0.13342244826986605,-7.642745602864572,0.8574804312509231,1.3872441520467835,0.9721309909489424,-1.78480884291654,0.8845285453177077,1.138157894736842,0.9381523465026678
1.3578185042861366,6.286308847975874,-8.50791899642995,0.9436135729525685,0.38250073898906295,1.3838209982788297,0.8181161798490318,0.579142403388036,0.5508508112386229,1.7952729693741678,0.6990591878051685,0.0,0.0017232890201870998,0.024682234702926395,0.028308672420879574,15.139741822283504,421.4020312175736,0.9753177652970736,77.44980586069423,1.593127147766323,0.7497128721618518,0.827305209051589,0.9714732920350081,23.647660818713454,450.1325985028951,0.9467910573320817,1.3578185042861366,0.827305209051589,1.4664076782449726,7.04915727064224,0.9057034950663834,0.9314787461020844,0.4876599634369287,1.4357003416300635,0.8040875619896809,0.8140794223826715,0.7980353967313066,19.78481012658228,0.09622411693057248,0.0,0.021428278352207453,0.021252285191956124,0.046688120420549484,60.84722396290263,1405.3424947615633,0.9787477148080439,211.224397424794,3.1156202143950997,0.4669767441860465,0.7936625590660613,0.9519022719076812,59.94152046783625,1669.9262134486328,0.930649986715725,1.4664076782449726,0.7936625590660613,maxent,target,1.0,0.9459940031660974,0.9542412172379098,0.44422507326474114,5,0.8480060789483778,E4,15.0,maxent,maxent,500,10000,495,500,1.4581505847953216,0.9961273530026179,0.4866593567251462,0.02850877192982456,0.9832678671496324,0.9714912280701754,0.7904245037543677,0.9710593809772213,0.9425506090473967,"mat,lpann",4.6,1,narrow,0.919405,1.1522295321637444,0.7772511848341233,1.5204678362573099,0.9493000073213813,-58.030559175263896,0.18152780370439509,15.721856725146198,0.12452182229177544,0.9057034950663834,0.7936625590660613,1.4581505847953216,0.9425506090473967,1.4357689094531167,0.8489325103713448,1.2472587719298245,0.9105601771774245
1.12577593851611,5.075746602237587,-5.9924244887783225,0.9785717216477926,0.13878214602423883,1.1351901110937255,0.923787190385461,0.8313189700472937,0.8421256038647343,1.253994673768309,0.8704770344114606,0.0,0.0017232890201870998,0.01300620750812888,0.010552815454171804,17.655236329935132,407.21367777139085,0.9869937924918711,46.39619351534331,1.2247422680412372,0.8839460405725466,0.928596259472989,0.9896496990807081,23.647660818713454,450.1325985028951,0.9766434915725792,1.12577593851611,0.928596259472989,1.1463665447897624,4.324822176078783,-4.967779349516817,0.9732890201871,0.16099177330895795,1.16398243045388,0.9097880018042399,0.9152432781938682,0.9114334470989761,1.860759493670886,0.5398230088495575,0.0,0.021428278352207453,0.014625228519195612,0.01611127999245275,54.97374111831943,1542.4303125519848,0.9853747714808044,156.7040730580976,1.282542113323124,0.8299228446829923,0.9181793984562151,0.9841214388748648,59.94152046783625,1669.9262134486328,0.9694962103556692,1.1463665447897624,0.9181793984562151,gbm,target,1.0,0.9461512254917397,0.9566084137555727,0.3607589746764194,5,0.862221547516038,E4,15.0,gbm,gbm,500,10000,495,500,1.1831140350877194,0.9991572755415152,0.19005847953216373,0.006944444444444444,0.6843767193856324,0.9930555555555556,0.9097605893186004,0.9886976178055991,0.9817531733611546,"mat,lpann",6.6,1,narrow,0.933995,-4.906391662215647,0.919708810619848,1.1705043859649122,0.9809541132434634,-59.94152046783625,0.16475903614457832,17.81578947368421,0.0,-4.967779349516817,0.9181793984562151,1.1831140350877194,0.9817531733611546,0.5676565599908727,0.9337281610897246,0.9259868421052632,0.8919103885823061
1.1223765888264854,3.821432552879344,-6.74495145910754,0.9760996225176432,0.14676322790422702,1.1201689876388672,0.9194095940959409,0.8386357851870705,0.8024149286498353,1.1644474034620507,0.8963395878191326,0.0,0.0017232890201870998,0.024386639077741648,0.01189889025893958,16.902709359605915,421.77080092294904,0.9756133609222584,30.914554614633825,1.1718213058419245,0.8957805907172995,0.9193593314763231,0.9890544741077136,23.647660818713454,450.1325985028951,0.964667835029972,1.1223765888264854,0.9193593314763231,1.1248857404021937,3.757615768831158,-8.38671751217121,0.9717606269489578,0.15207952468007313,1.144216691068814,0.9061113007852509,0.9153444903281895,0.8974946921443737,1.4430379746835442,0.5699481865284974,0.0,0.021428278352207453,0.027193784277879343,0.01644671327791696,51.55480295566504,1562.613834595816,0.9728062157221207,135.50400596228508,1.1883614088820826,0.8418474457662701,0.9156315534763672,0.9850004507753336,59.94152046783625,1669.9262134486328,0.9578066664974543,1.1248857404021937,0.9156315534763672,rf,target,1.0,0.943896405143635,0.9526886879686332,0.4214079411533981,5,0.8595954259943849,E4,15.0,rf,rf,500,10000,495,500,1.1871345029239766,0.9973527558708325,0.20285087719298245,0.015716374269005847,0.4940081636993391,0.9842836257309941,0.9000668449197861,0.9879368805425144,0.9722205062735085,"mat,lpann",17.8,1,narrow,0.93368,-8.410044401959688,0.9156315534763672,1.1873172514619883,0.9722096385983217,-59.94152046783625,0.16475903614457832,17.81578947368421,0.0,-8.38671751217121,0.9156315534763672,1.1871345029239766,0.9722205062735085,-1.2583143609660183,0.9379504306556512,0.9576023391812866,0.9275918261355005
1.463198344664499,1.414618086271446,-7.163368549034676,0.9410696701132447,0.46319834466449894,1.4902206227507433,0.8031416902293433,0.7377433732113535,0.4695592522723375,1.7097203728362185,0.7380835380835381,0.0,0.0017232890201870998,0.0,0.03220304151253597,16.48429226967878,434.097170208462,1.0,139.75039015254606,1.6254295532646048,0.7617801047120419,0.811952478099124,0.9654549061969533,23.647660818713454,450.1325985028951,0.9654549061969533,1.463198344664499,0.811952478099124,1.469264168190128,4.23342867938095,-8.641367508664572,0.9270987198424422,0.46926416819012795,1.5179355783308932,0.7943014973106556,0.8119549332956206,0.7722684741766743,4.037974683544304,0.3969849246231156,0.0,0.021428278352207453,0.0,0.04305076573129697,51.300152959171676,1490.928376705584,1.0,315.4455804187393,2.0107197549770293,0.6642929806714141,0.8099578918143538,0.9537166426253155,59.94152046783625,1669.9262134486328,0.9537166426253156,1.469264168190128,0.8099578918143538,mahal,target,1.0,0.9461854950616567,0.9582471347328804,0.48455469518281225,5,0.8209239659669343,E4,15.0,mahal,mahal,500,10000,495,500,1.5531798245614035,0.9970632500999699,0.5531798245614035,0.0,0.9898359672543159,1.0,0.7833369121752201,0.967103547209181,0.9671035472091809,"mat,lpann",4.8,1,narrow,0.91256,-5.13847969382104,0.864374498797113,1.32218567251462,0.9574127268484198,-61.99350405196757,0.2033457249070632,14.427631578947368,0.20148669796557117,-8.641367508664572,0.8099578918143538,1.5531798245614035,0.9671035472091809,-2.7915037621897483,0.8941020981331571,1.0939327485380117,0.8970250597150153
1.0418267809636417,3.6306742955689515,-4.435754848816618,0.9851571475463646,0.07493349098433343,1.0411516194648724,0.946262935990801,0.8762342756661707,0.8873665121902076,1.1378162450066578,0.9018997197134849,0.0,0.0017232890201870998,0.033106710020691696,0.007511302918207973,19.211905969896836,423.01386955609945,0.9668932899793083,16.405076947388196,1.10446735395189,0.9150881776616591,0.9470865001809627,0.9944114988646635,23.647660818713454,450.1325985028951,0.9613047888439719,1.0418267809636417,0.9470865001809627,1.05827239488117,2.4905593542005136,-3.3036040125681936,0.9809925324142459,0.09323583180987204,1.071986334797462,0.9298080320339183,0.935266351989211,0.9368675561923525,1.759493670886076,0.5504587155963303,0.0,0.021428278352207453,0.03496343692870201,0.011761129571588801,56.637916455268055,1588.6132663365202,0.965036563071298,73.46873371906806,1.175344563552833,0.8433650123196058,0.9377151104696347,0.9908041831950956,59.94152046783625,1669.9262134486328,0.9558407462663936,1.05827239488117,0.9377151104696347,"gam,maxent,gbm,rf",target,1.0,0.9479518935830077,0.9571560004153989,0.47091547839141085,5,0.8742674628410534,E4,15.0,"gam,maxent,gbm,rf",ens4,500,10000,495,500,1.080592105263158,0.9994345005613694,0.10818713450292397,0.027595029239766082,0.9373268710978954,0.9724049707602339,0.9347386912604304,0.993566336289341,0.9659713070495748,"mat,lpann",21.7,1,narrow,0.934995,-3.3146152325811187,0.9311216082610129,1.1030701754385965,0.9688941396919528,-52.51603832637823,0.1671393241475455,16.326937134502923,0.08853894974786991,-3.3036040125681936,0.9377151104696347,1.080592105263158,0.9659713070495748,-1.660359397830554,0.9636735887686458,0.9632675438596491,0.9435186901133898
1.0091634643807272,3.007553451115996,-2.8408667635117624,0.9890242901690465,0.04581732190363583,1.0068846815834767,0.9588336192109777,0.9204236827810972,0.8990600735594606,1.073901464713715,0.9303370786516854,0.0,0.0017232890201870998,0.03665385752290866,0.005733662145499384,20.806794055201692,429.0266526500903,0.9633461424770914,10.25285116830186,1.0572737686139748,0.9342984409799554,0.9589524790348684,0.9965829677476246,23.647660818713454,450.1325985028951,0.9599291102247158,1.0091634643807272,0.9589524790348684,1.0092550274223036,0.776406019222577,-3.660557976682675,0.9872907434761201,0.04604661791590493,1.0220839433870181,0.9520304109093103,0.9576768257619321,0.953792661725684,1.4683544303797469,0.6564102564102564,0.0,0.021428278352207453,0.036791590493601464,0.007599660373798467,56.28096249115357,1631.5220931477504,0.9632084095063985,19.2893133245556,1.119448698315467,0.8692196531791907,0.9587716804094398,0.9954584385142445,59.94152046783625,1669.9262134486328,0.9586668480206431,1.0092550274223036,0.9587716804094398,"glm,gam,maxent,gbm,rf,mahal",target,1.0,0.9488197608225144,0.9585219402725025,0.5187336285988733,5,0.8766783006756352,E4,15.0,"glm,gam,maxent,gbm,rf,mahal",ens6,500,10000,495,500,1.0328947368421053,0.9996010458961625,0.06414473684210527,0.03125,0.9782583963289518,0.96875,0.9530744336569579,0.9961854460093896,0.9649354460093895,"mat,lpann",23.2,1,narrow,0.9381216666666666,-4.126435309685391,0.9371391219087046,1.1266447368421053,0.9798836472375514,-54.5795682928587,0.1765904642763463,15.67452485380117,0.12733655016518863,-3.660557976682675,0.9587716804094398,1.0328947368421053,0.9649354460093895,-0.9369611973195404,0.9654245999299147,0.9619883040935673,0.9463053908244792
1.2939698492462313,6.167425056600678,-9.27796780760961,0.9523325947808962,0.3143659473839787,1.3284306055390394,0.8413413077078153,0.6293668852897871,0.6314752806775655,1.6797603195739015,0.7324223602484472,0.0,0.0017232890201870998,0.02039609813774756,0.023273736128236744,14.369693011103845,415.82957287088294,0.9796039018622524,56.4466266150845,1.49553264604811,0.7832553015698155,0.854068681141679,0.9765547496748308,23.647660818713454,450.1325985028951,0.9561586515370832,1.2939698492462313,0.854068681141679,1.376028336380256,6.524306681441487,-2.619508710814685,0.9427314130969966,0.3945383912248629,1.3466325036603222,0.8366869443144596,0.8398769861609431,0.8297584867421044,15.265822784810126,0.12295719844357976,0.0,0.021428278352207453,0.01851005484460695,0.037893478967284774,57.32201175702156,1440.2204949876505,0.981489945155393,193.04902400607105,2.782542113323124,0.511336032388664,0.8261601346477518,0.9610868193292463,59.94152046783625,1669.9262134486328,0.9425767644846395,1.376028336380256,0.8261601346477518,"glm,gam,maxent",target,1.0,0.9468823504027025,0.9548682640372288,0.44781176691556707,5,0.8567244031816941,E4,15.0,"glm,gam,maxent",ens_glm_gam_maxent,500,10000,495,500,1.3989400584795322,0.9972442340309999,0.4201388888888889,0.021198830409356724,0.9819098803289205,0.9788011695906432,0.8160280338234174,0.9750152147452616,0.9538163843359049,"mat,lpann",6.4,1,narrow,0.9224866666666668,-2.466229588316679,0.8094100004686255,1.4607090643274854,0.9563388289450805,-58.38081079119503,0.18830211818367631,15.15186403508772,0.15841810119979138,-2.619508710814685,0.8261601346477518,1.3989400584795322,0.9538163843359049,0.5014681454846013,0.8795041495955458,1.1716008771929824,0.9193189513951807
1.4837422406148388,4.174790099770632,-7.522733114838374,0.9333353848678811,0.49571386343482116,1.501329995305899,0.7899411985487301,0.44994969818913483,0.6390577507598785,1.947070572569907,0.6709589969501863,0.0,0.002287461020843591,0.011971622819982264,0.03531588958001337,16.12492770387508,458.2924364608561,0.9880283771800177,166.75771621100697,1.6985108820160366,0.7307920876135495,0.7955965486462362,0.9630299155662353,23.647660818713454,450.1325985028951,0.951058292746253,1.4837422406148388,0.7955965486462362,1.585351919561243,8.12712428509036,0.5558768716663636,0.9173334153947152,0.5978062157221207,1.543435822352367,0.7761680898014007,0.7674022161189507,0.7974302030456852,18.10126582278481,0.10470510271703115,0.0,0.023746512391268668,0.012454296160877515,0.056118857238922806,60.49739733950261,1396.4372198082892,0.9875457038391224,193.25294397280715,3.098009188361409,0.47458893871449925,0.7639545675520396,0.9410385863685539,59.94152046783625,1669.9262134486328,0.9285842902076764,1.585351919561243,0.7639545675520396,glm,target,1.0,0.9513778133835598,0.9568936320014748,0.45924926455939447,5,0.8551000110837009,E4,15.0,glm,glm,500,10000,500,500,1.5798611111111112,0.9958856812882021,0.5928362573099415,0.012975146198830409,0.9909507792972657,0.9870248538011696,0.7651767372671248,0.9647452616936185,0.9517701154947882,"mat,lpann",4.6,2,narrow,0.9127225,-2.571992652886898,0.6941624365482234,1.9119152046783625,0.9457703008172493,-63.20180236340161,0.2042664426084115,14.53453947368421,0.19512910798122074,0.5558768716663636,0.7639545675520396,1.5798611111111112,0.9517701154947882,1.991069909983814,0.8179222915759423,1.3446637426900585,0.9194825385058891
1.4249187112030741,3.9149262022752396,-14.339270796037717,0.9360946988347284,0.4299438368312149,1.4791112501955876,0.8024488765463267,0.27791701475912,0.8103414249062562,2.0709054593874834,0.646070460704607,0.0,0.002287461020843591,0.005025125628140704,0.03025754382357477,9.308390022675738,460.2369818606489,0.9949748743718593,187.71275721839535,1.7415807560137457,0.7243252277095346,0.8206253428414702,0.9679350102510967,23.647660818713454,450.1325985028951,0.962909884622956,1.4249187112030741,0.8206253428414702,1.4530393053016453,8.404952880452697,-15.757846998448485,0.9275910881339242,0.4570383912248629,1.373108833577355,0.8391773778920308,0.7593621032251491,0.8409638554216867,22.31645569620253,0.08577633007600434,0.0,0.023746512391268668,0.0039990859232175505,0.042396477992708015,44.18367346938776,1404.9000621873915,0.9960009140767825,278.0964322639529,3.116385911179173,0.4806547619047619,0.8120545903395594,0.9549224666426254,59.94152046783625,1669.9262134486328,0.950923380719408,1.4530393053016453,0.8120545903395594,gam,target,1.0,0.9507324526733292,0.9533747483389499,0.4869396327753188,5,0.8647099230741471,E4,15.0,gam,gam,500,10000,500,500,1.611842105263158,0.9951582352176103,0.6156798245614035,0.003837719298245614,0.952325231839642,0.9961622807017544,0.7628043660789253,0.963386802295253,0.9595490829970075,"mat,lpann",5.9,2,narrow,0.9114424999999999,-18.337717636380212,0.779336450679136,1.7684576023391814,0.954107809625786,-60.6824695316444,0.17414143022006448,16.894919590643276,0.05476221526691005,-15.757846998448485,0.8120545903395594,1.611842105263158,0.9595490829970075,-12.391202671226083,0.8560944961045489,1.3801169590643274,0.9357677497734946
1.4682234702926398,2.9779668684128637,-8.203151812321828,0.9337867224684063,0.4813774756133609,1.4920982631826005,0.791862874364287,0.4154355578196638,0.6708739720787914,1.9454061251664447,0.6690777576853526,0.0,0.002287461020843591,0.013154005320721253,0.034400863620007195,15.444509006391627,463.8253947135086,0.9868459946792787,176.9666701222694,1.6971363115693012,0.7296356068971375,0.7996407185628742,0.9640991159806882,23.647660818713454,450.1325985028951,0.9509451106599669,1.4682234702926398,0.7996407185628742,1.5648994515539305,8.586914760327545,-0.7782433033969696,0.91908747743312,0.5773537477148081,1.5082967301122499,0.7869442552777508,0.7655182300377503,0.8064670277158331,18.253164556962027,0.10387902695595003,0.0,0.023746512391268668,0.012454296160877515,0.054238071722022003,59.16327716443928,1399.0211627370313,0.9875457038391224,206.01474031197824,3.0673813169984685,0.4766566265060241,0.7700463292943692,0.9430558059862965,59.94152046783625,1669.9262134486328,0.930601509825419,1.5648994515539305,0.7700463292943692,maxent,target,1.0,0.9515888631422774,0.9566100371467853,0.4608675652566895,5,0.8612046798139668,E4,15.0,maxent,maxent,500,10000,500,500,1.5725511695906433,0.9957810352283636,0.5864400584795322,0.013888888888888888,0.9893806514621365,0.9861111111111112,0.7666406194501669,0.9651256303251609,0.9512367414362721,"mat,lpann",5.2,2,narrow,0.9125924999999999,-3.651096933515369,0.735906294767001,1.751827485380117,0.95316060593581,-63.426995547195304,0.20576721878049067,14.450109649122806,0.2001499739175796,-0.7782433033969696,0.7700463292943692,1.5725511695906433,0.9512367414362721,0.6923983027455236,0.824869250696515,1.3318713450292399,0.9159837190786042
1.0187703221992315,0.3480171041734934,-6.240064157156652,0.9834646315443952,0.07596807567248005,1.041777499608825,0.9363169591539582,0.8585247883917775,0.8878486444314414,1.0692410119840212,0.9037966537966537,0.0,0.002287461020843591,0.0571977534732486,0.009263352696242224,17.407596661556802,436.25730688428155,0.9428022465267514,24.000477162976164,1.0939289805269188,0.9161925601750547,0.9340361666300607,0.9943343400718679,23.647660818713454,450.1325985028951,0.9371365865986192,1.0187703221992315,0.9340361666300607,1.0774680073126142,2.1148949758384106,0.6784761255890714,0.9806335138683735,0.1054616087751371,1.0989507076622742,0.9279776783119223,0.9351528263160814,0.9351090454057919,0.9620253164556962,0.5935483870967742,0.0,0.023746512391268668,0.027993601462522853,0.012272388177319198,60.61999659342532,1590.899395762017,0.9720063985374772,71.77548139710763,1.0359877488514548,0.8604738623542685,0.935760642393576,0.9895983591777858,59.94152046783625,1669.9262134486328,0.9616047577152629,1.0774680073126142,0.935760642393576,gbm,target,1.0,0.9520242017133457,0.959107122955726,0.5239904798671707,5,0.8632616222380305,E4,15.0,gbm,gbm,500,10000,500,500,1.0729166666666667,0.9991316793065356,0.10288742690058479,0.029970760233918127,0.6899839535920744,0.9700292397660819,0.9359076082165212,0.9938814988697617,0.9639107386358436,"mat,lpann",6.0,2,narrow,0.9397599999999999,1.0503727128981453,0.9108050847457627,1.149671052631579,0.9750292283264237,-59.94152046783625,0.16475903614457832,17.81578947368421,0.0,0.6784761255890714,0.935760642393576,1.0729166666666667,0.9639107386358436,0.700107075199746,0.9342136288611177,0.9342105263157895,0.9094276510263661
1.0263080106414426,0.8504968626549498,-5.672805229178966,0.9832492204168718,0.08217558380135974,1.0511657017681113,0.9308108932794263,0.8675338465622511,0.8741798533384794,1.055925432756325,0.9083549222797928,0.0,0.002287461020843591,0.055867573159917236,0.009602631984783838,17.97485558953449,435.53470683708326,0.9441324268400828,17.492790980090167,1.1030927835051547,0.910239651416122,0.9318745441283734,0.9938713873150945,23.647660818713454,450.1325985028951,0.9380038141551772,1.0263080106414426,0.9318745441283734,1.0734689213893966,2.3132999043373275,-0.32548241143121714,0.9804386180863286,0.10569012797074955,1.109809663250366,0.9182280823502198,0.9325842696629213,0.9362767003306819,1.139240506329114,0.5562130177514792,0.0,0.023746512391268668,0.032221206581352836,0.012682168262007082,59.61603805640503,1588.799134839128,0.9677787934186471,75.59936649709651,1.0758039816232772,0.83364072298045,0.9334876288091696,0.9895758204111071,59.94152046783625,1669.9262134486328,0.9573546138297542,1.0734689213893966,0.9334876288091696,rf,target,1.0,0.9505911711621551,0.9573779305414533,0.4833390450363261,5,0.8661466492236194,E4,15.0,rf,rf,500,10000,500,500,1.075657894736842,0.9983134329358941,0.10343567251461988,0.027777777777777776,0.5679419700561251,0.9722222222222222,0.9367846451840113,0.993848895844201,0.9660711180664232,"mat,lpann",16.3,2,narrow,0.9396525,-0.32548241143121714,0.9334876288091696,1.075657894736842,0.9660711180664232,-59.94152046783625,0.16475903614457832,17.81578947368421,0.0,-0.32548241143121714,0.9334876288091696,1.075657894736842,0.9660711180664232,1.803312600526219,0.9384879521638743,0.9195906432748538,0.8969375463306153
1.2926396689328998,0.17948092624413903,-7.6837255230359105,0.954979074347612,0.3221992314513745,1.320763573775622,0.8379180151024811,0.7790455158876212,0.5809304793914736,1.4503994673768308,0.7672870533894851,0.0,0.002287461020843591,0.029559562518474726,0.024469233537243614,15.963935295677544,436.30253000541205,0.9704404374815253,114.64946170384732,1.4057273768613974,0.7947814493857728,0.8465703971119134,0.9759705473865214,23.647660818713454,450.1325985028951,0.9464109848680469,1.2926396689328998,0.8465703971119134,1.302902193784278,3.5432141560895047,-8.748203045401887,0.9469473165928114,0.32084095063985374,1.34431429965837,0.8370979494118872,0.8527373179306881,0.823400422899209,2.1012658227848102,0.563265306122449,0.0,0.023746512391268668,0.017938756855575867,0.03115379361793786,51.19331742243436,1532.457977916669,0.9820612431444241,244.46391845007147,1.4211332312404288,0.7425679949399114,0.8528901017117341,0.968355571583123,59.94152046783625,1669.9262134486328,0.9504168147275471,1.302902193784278,0.8528901017117341,mahal,target,1.0,0.952319787709911,0.9615576256568522,0.4901829105751719,5,0.8452265183749269,E4,15.0,mahal,mahal,500,10000,500,500,1.3782894736842106,0.9975513312552559,0.3930921052631579,0.014802631578947368,0.9882145559110129,0.9851973684210527,0.8284923928077456,0.9766236306729265,0.961820999093979,"mat,lpann",4.4,2,narrow,0.922995,-9.175547121217754,0.8318550127055665,1.4672880116959064,0.9667901005774739,-62.42439718016501,0.20577205666255216,14.301169590643275,0.2090071291949227,-8.748203045401887,0.8528901017117341,1.3782894736842106,0.961820999093979,-4.01397720404843,0.8885989235035068,1.1299342105263157,0.9177308408606284
1.1449896541531186,7.749223616928589,-2.2593812825179,0.9782229607746594,0.15563109665976943,1.1273666092943202,0.9299794057075611,0.7836363636363637,0.9089466375719103,1.26797603195739,0.8706883898429473,0.0,0.002287461020843591,0.010641442506650901,0.011566339382100447,21.388279536195554,414.2705536545279,0.9893585574933491,49.53976027666298,1.2300114547537229,0.8843229915759194,0.9224832908426928,0.9883931130266088,23.647660818713454,450.1325985028951,0.9777516705199578,1.1449896541531186,0.9224832908426928,1.1612202925045705,3.677618078158332,-0.6967696060374351,0.973535204332841,0.17024680073126142,1.1804538799414348,0.9085109954675172,0.9075340621465884,0.9261383385470977,3.3797468354430378,0.45664739884393063,0.0,0.023746512391268668,0.009026508226691042,0.01648576802244334,59.24475086179881,1539.8603264832677,0.990973491773309,79.64871893437932,1.4073506891271057,0.8110687022900763,0.9170499603489294,0.9832086188243779,59.94152046783625,1669.9262134486328,0.9741821105976869,1.1612202925045705,0.9170499603489294,"gam,maxent,gbm,rf",target,1.0,0.9538673957270791,0.9594592934446637,0.5367960501317454,5,0.8738718301355497,E4,15.0,"gam,maxent,gbm,rf",ens4,500,10000,500,500,1.1663011695906433,0.9992386818167779,0.17671783625730994,0.010416666666666666,0.9446485389248447,0.9895833333333334,0.9136156571621393,0.9894909580942445,0.9790742914275778,"mat,lpann",22.4,2,narrow,0.9287537499999999,0.6817089939201324,0.8921895006402049,1.2256944444444444,0.9815443996009847,-52.08093089562877,0.16655882464887908,16.322916666666668,0.0887780386019823,-0.6967696060374351,0.9170499603489294,1.1663011695906433,0.9790742914275778,-1.1221372079243537,0.9518716577540107,1.0370979532163742,0.9532621329013717
1.1044930535028081,5.363366276584486,-3.638025360226216,0.982962005580174,0.11365651788353533,1.1021749335002347,0.9426125790844808,0.8279341476367499,0.9262820512820513,1.2326897470039946,0.8874310421947219,0.0,0.002287461020843591,0.009163464380727165,0.00854366935691153,20.00963545848724,411.42471477537566,0.9908365356192729,36.454115232323126,1.1981672394043528,0.8994267847837415,0.9416391600533746,0.991523555477172,23.647660818713454,450.1325985028951,0.982360091096445,1.1044930535028081,0.9416391600533746,1.1264853747714807,2.4193681910384157,-1.614878425119045,0.9786742983751846,0.1343692870201097,1.1528794533918985,0.9212808160952111,0.9268319318554111,0.9361515523592352,2.759493670886076,0.531986531986532,0.0,0.023746512391268668,0.007883912248628885,0.013081441165036302,58.326642042717204,1570.5900999271619,0.9921160877513712,45.602403471755245,1.2940275650842266,0.8544726301735648,0.9331040782333029,0.9867472051929318,59.94152046783625,1669.9262134486328,0.9788632929443031,1.1264853747714807,0.9331040782333029,"glm,gam,maxent,gbm,rf,mahal",target,1.0,0.9544279323428919,0.9606087578400567,0.5458416697419122,5,0.871479887202514,E4,15.0,"glm,gam,maxent,gbm,rf,mahal",ens6,500,10000,500,500,1.1379751461988303,0.9994239774661615,0.14619883040935672,0.008223684210526315,0.9822973111549713,0.9917763157894737,0.9277716044106333,0.9913058598504608,0.9830821756399346,"mat,lpann",23.3,2,narrow,0.93070625,-2.7879624154018003,0.9058309946990958,1.2198464912280702,0.9820857814201649,-54.172376885300096,0.17149015381600863,16.123538011695906,0.10063467223091638,-1.614878425119045,0.9331040782333029,1.1379751461988303,0.9830821756399346,-1.7459776928542254,0.9611484561923208,1.016812865497076,0.9535003637811275
1.401123263375702,1.9937531043460126,-9.554508814862215,0.9400644181848022,0.41619864026012415,1.4315443592552026,0.80990990990991,0.4256659231072038,0.7249806051202482,1.8711717709720372,0.6833623188405797,0.0,0.002287461020843591,0.01507537688442211,0.030000514059528093,14.09315200385124,455.2371620888172,0.9849246231155779,167.72823488271186,1.6391752577319587,0.7434027777777777,0.8203865566908778,0.9689601199268094,23.647660818713454,450.1325985028951,0.9538847430423874,1.401123263375702,0.8203865566908778,1.483546617915905,8.354911352530337,-3.67722873597922,0.9282680945347119,0.4961151736745887,1.4227672035139092,0.8145238454952913,0.7836268818262324,0.8274189637054401,16.848101265822784,0.11205673758865248,0.0,0.023746512391268668,0.012568555758683729,0.046777972744370774,56.26429173185703,1412.7191198788705,0.9874314442413162,209.86295101115343,2.8108728943338437,0.5087402049427366,0.7951785057048215,0.9510683375405697,59.94152046783625,1669.9262134486328,0.9384997817818861,1.483546617915905,0.7951785057048215,"glm,gam,maxent",target,1.0,0.9519637976256465,0.9564134408151297,0.4652059577104571,5,0.8607751128731131,E4,15.0,"glm,gam,maxent",ens_glm_gam_maxent,500,10000,500,500,1.5184576023391814,0.9963407353958783,0.5341739766081871,0.015716374269005847,0.9850931668141535,0.9842836257309941,0.7816559030549307,0.9682337854286212,0.9525174111596153,"mat,lpann",6.6,2,narrow,0.9150258333333333,-8.896394466664148,0.7228278823918071,1.8709795321637428,0.9482046600591203,-58.1877776519142,0.1846471934765868,15.45358187134503,0.1404755694661799,-3.67722873597922,0.7951785057048215,1.5184576023391814,0.9525174111596153,-0.11625351457040267,0.837303348621591,1.317799707602339,0.9266949569411269
0.8805477215377765,6.150165019140559,0.690464897856268,0.8981310520269161,0.00205952204245213,0.8848187169584942,0.9366620250646509,0.4608068479036221,0.0,0.8725626740947076,0.9283387989226591,0.34285714285714286,0.0010770556376169375,0.12151180050467567,0.06802008564123102,14.37591882968212,182.7481826993829,0.8784881994953243,192.73791687047668,0.8903212931550589,0.9398040623284489,0.9342897172287231,0.9974536612222427,13.685453931825853,190.40704759362447,0.8759418607175671,0.8805477215377765,0.9342897172287231,0.8847160289444874,3.7921577028881757,1.712025191128248,0.8580850976530445,0.0015086379535926943,0.8992869624034722,0.9439461051631907,0.7753471633410586,0.19130434782608696,0.8673506157661572,0.9253314565928078,0.25384615384615383,0.009334482192680125,0.11679260900910524,0.08935782476340368,59.70645651073676,726.9349568086617,0.8832073909908947,189.37106375537266,0.9123517659781154,0.952250421714461,0.9372312618209381,0.9949969007349686,57.99443131960851,769.6957034423068,0.8782042917258632,0.8847160289444874,0.9372312618209381,glm,target,1.0,0.6105308057343931,0.7006119307297085,0.904934623099962,5,0.18364261553077746,E4,15.0,glm,glm,500,10000,499,500,0.8752320283496456,0.9919905277778975,0.0033749578130273373,0.1281429294633817,0.9591199096687907,0.8718570705366183,0.9298658057839619,0.9968051118210862,0.8686621823577045,"tcold,lpann",7.7,0,cold_limited,0.57725,0.5224282050897671,0.9191786554306576,0.8476417482281472,0.8476417482281473,-37.78686611409164,0.9179770453569017,1.5446760040499494,0.48274252252757366,1.712025191128248,0.9372312618209381,0.8752320283496456,0.8686621823577045,-3.2081404634486645,0.8769304585120101,0.7970173810327371,0.7970173810327372
0.8739052990945525,3.634209003697208,0.24227090006423424,0.8982028557360906,0.0,0.8783697649132016,0.9352469160445527,0.44564778145962985,0.0,0.8701570017726007,0.9305710707152771,0.2,0.0010770556376169375,0.12609470090544753,0.06957066428432067,13.927724831890087,176.66240000127848,0.8739052990945525,164.82330731571903,0.8864298543204949,0.9397962530017243,0.9327102063448057,1.0,13.685453931825853,190.40704759362447,0.8739052990945524,0.8739052990945525,0.9327102063448057,0.8811780726816374,2.841837265436652,1.6543520000180223,0.8606392581651074,0.0,0.8917761118313511,0.9427924438352899,0.7810162301384391,0.009244992295839754,0.8674565996142188,0.9290246421720525,0.056043956043956046,0.009334482192680125,0.11882192731836266,0.09162542193874382,59.64878331962653,728.0277295133037,0.8811780726816374,159.85591132169614,0.9043237595996995,0.9497584169088914,0.936836427638676,1.0,57.99443131960851,769.6957034423068,0.8811780726816374,0.8811780726816374,0.936836427638676,gam,target,1.0,0.6113414139355011,0.7013240339048531,0.9020826560675133,5,0.17169813257375202,E4,15.0,gam,gam,500,10000,499,500,0.8720469119136011,0.99742305809692,0.0,0.1279530880863989,0.9734598769500322,0.8720469119136011,0.9316507042253521,1.0,0.8720469119136012,"tcold,lpann",7.7,0,cold_limited,0.57736,-2.90393059296035,0.8786790023653402,0.7982829902126224,0.7982829902126225,-38.334765360878606,0.9014779510880031,1.6089689503881202,0.42352236421725253,1.6543520000180223,0.936836427638676,0.8720469119136011,0.8720469119136012,-3.1628568605956104,0.8736626040405712,0.7915119811002362,0.7915119811002362
0.8935171441294345,5.487589817066123,0.533511012911104,0.9023777285409487,0.005120973727178269,0.8969105020434179,0.9402184118199338,0.4687920259473143,0.0,0.886806786528235,0.9330291236075694,0.3142857142857143,0.0010770556376169375,0.1116038295977438,0.06426172945996735,14.218964944736957,181.6909438775286,0.8883961704022562,182.63723407498694,0.9034923169028138,0.9447286756688753,0.9383555603460947,0.9936685630390898,13.685453931825853,190.40704759362447,0.8820647334413461,0.8935171441294345,0.9383555603460947,0.8970922004752877,3.9745093640405003,1.3765662611514102,0.8680350402100772,0.002363087768016875,0.9107857505213911,0.9487083047560049,0.7888824290617206,0.31949685534591193,0.8817432223329165,0.9301267248662348,0.21208791208791208,0.009334482192680125,0.10527088729272917,0.08147818343722173,59.37099758075992,726.8321152224709,0.8947291127072708,176.10787739824892,0.9244487618907972,0.9565126290525353,0.9432637090417746,0.9921632869919419,57.99443131960851,769.6957034423068,0.8868923996992129,0.8970922004752877,0.9432637090417746,maxent,target,1.0,0.610269323957206,0.7000535247254984,0.901297563918386,5,0.1807353339154249,E4,15.0,maxent,maxent,500,10000,499,500,0.8893435707053662,0.9920707047175413,0.0065811677354033074,0.11723759703003712,0.9602725361161834,0.8827624029699629,0.9344646645082059,0.9937699680511182,0.8765323710210811,"tcold,lpann",6.9,0,cold_limited,0.570045,0.44135339588711275,0.9198878097668952,0.849287040161998,0.8492870401619981,-37.81886098908303,0.918092151699841,1.5450345933175835,0.4825673118083629,1.3765662611514102,0.9432637090417746,0.8893435707053662,0.8765323710210811,-3.1884943404831816,0.8771493246585815,0.7972705028687141,0.7972705028687141
0.8883219533917174,6.108786968448783,2.060121931243474,0.9030752502872148,0.00011132551580822325,0.8910239586067265,0.9423322857907624,0.5805943430003581,0.0,0.8529585549084157,0.9206222667638484,0.14285714285714285,0.0010770556376169375,0.11178937212409085,0.06177669613792962,15.745575863069327,205.43315595735083,0.8882106278759092,128.67275932744437,0.8914188784673718,0.9425505649985756,0.9407406679571203,0.9998623600660672,13.685453931825853,190.40704759362447,0.8880729879419764,0.8883219533917174,0.9407406679571203,0.9036607834236736,4.576020898721026,5.640613647029149,0.8744973740357788,0.000774345144321914,0.9047967983766417,0.9494717840972983,0.8252492175203083,0.02608098833218943,0.8507959386989423,0.9192005955448663,0.06043956043956044,0.009334482192680125,0.09711356172064832,0.07534842303630226,63.63504496663766,810.3892501220048,0.9028864382793517,73.04764236077072,0.9194999908356092,0.9580619903366882,0.9485791230678599,0.9974320375453821,57.99443131960851,769.6957034423068,0.9003184758247338,0.9036607834236736,0.9485791230678599,gbm,target,1.0,0.6062845521532944,0.6814028965471188,0.9122770582100619,5,0.11021342794482325,E4,15.0,gbm,gbm,500,10000,499,500,0.8725109686128923,0.9945052712740277,0.00027421532230847116,0.12776324670941613,0.896694848618007,0.8722367532905839,0.9316225836975623,0.9997404153354632,0.8719771686260471,"tcold,lpann",8.7,0,cold_limited,0.576585,5.187136735515075,0.9523922659268939,0.8816444481943976,0.8811106482075524,-44.69198427201098,0.9062999564016858,1.680032905838677,0.35111730781879613,5.640613647029149,0.9485791230678599,0.8725109686128923,0.8719771686260471,6.036629306326063,0.9093131726200439,0.8040626054674317,0.8036519900929353
1.8088169808520114,7.281227408525979,-13.685453931825853,0.4860905957656327,0.8088169808520113,1.827603014510142,0.7073128687926805,0.0,0.0,2.0572296783995947,0.6541870289074795,0.09523809523809523,0.0010770556376169375,0.0,0.4475319100869762,0.0,0.0,1.0,925.4386980476345,1.9454799441229296,0.6790064906028537,0.7120435448924589,0.0,13.685453931825853,190.40704759362447,0.0,1.8088169808520114,0.7120435448924589,1.3015406798216336,1.3248377724501665,-57.99443131960851,0.4839262268176596,0.30154067982163363,1.3737669804407868,0.8425426827820388,0.0,0.0,2.066430675964983,0.6522241039643314,0.00989010989010989,0.009334482192680125,0.0,0.23376959556006544,0.0,0.0,1.0,361.12405978500976,1.7868362689932,0.7176596710227758,0.8689831196705146,0.0,57.99443131960851,769.6957034423068,0.0,1.3015406798216336,0.8689831196705146,rf,target,1.0,0.5736092418405249,0.5985083170459896,0.7077269604283579,5,0.02981782811881035,E4,15.0,rf,rf,500,10000,499,500,2.0563617954775566,0.9772355614327909,1.0563617954775566,0.0,0.7950871820045292,1.0,0.6543727915194346,0.0,0.0,"tcold,lpann",25.6,0,cold_limited,0.3455850000000001,-1.8703829541808261,0.9480525766281538,0.9420350995612555,0.8583106247014565,-57.99443131960851,0.8689831196705146,2.0563617954775566,0.0,-57.99443131960851,0.8689831196705146,2.0563617954775566,0.0,-2.84526383255632,0.9575500179786562,0.9856142423219709,0.8712989220621963
1.0391494730592252,6.088561313126888,1.2646712682890868,0.846965780403742,0.12138192073623275,1.0378875932660943,0.8998666114714134,0.34066684886581033,0.0,1.0103401705073014,0.9050868095647975,0.9047619047619048,0.0010770556376169375,0.08223244767700758,0.11171354343160511,14.95012520011494,252.1633913654337,0.9177675523229925,286.9319713396494,1.0133506286170426,0.9054505446579905,0.9001474040508817,0.8499265920352358,13.685453931825853,190.40704759362447,0.7676941443582281,1.0391494730592252,0.9001474040508817,0.9518837948252383,0.8670726506595088,-11.65807402721493,0.8494378795338914,0.04208165336039091,0.9685333408488811,0.9193170836465157,0.862030577408342,0.037114479874542604,0.9565466222947623,0.8787918183394002,0.9901098901098901,0.009334482192680125,0.0901978585351526,0.09326140528898921,46.33635729239358,795.874809103226,0.9098021414648474,249.47462007019942,0.9814512729338881,0.8848352542874586,0.9322298221614227,0.8604445231559373,57.99443131960851,769.6957034423068,0.7702466646207848,0.9518837948252383,0.9322298221614227,mahal,target,1.0,0.5968015561509767,0.6899475300974478,0.7966274094449058,5,0.15293424140011247,E4,15.0,mahal,mahal,500,10000,499,500,1.027716841039487,0.9755545710477815,0.10205028687141411,0.0743334458319271,0.9003226187172165,0.9256665541680729,0.9130136273795901,0.9033945686900958,0.8290611228581688,"tcold,lpann",5.2,0,cold_limited,0.504445,0.30984516485461455,0.9016663373509847,0.8227303408707392,0.8182135717512797,-35.33575001004683,0.8946161887237671,1.5250379682753965,0.4923403014171588,-11.65807402721493,0.9322298221614227,1.027716841039487,0.8290611228581688,-0.6123765079453918,0.9089154038204726,0.8427902463719203,0.8308002774366279
0.8708438474098263,4.736280356550026,0.5727864888372736,0.8955153454784178,0.0,0.8758389261744967,0.9338103756708408,0.44143132220795894,0.0,0.8647547902422554,0.927472925413333,0.2571428571428571,0.0010770556376169375,0.12915615259017366,0.07120339278929587,14.258240420663126,178.47228703063863,0.8708438474098263,190.18526669902437,0.8835162642187189,0.9381562357627963,0.9309636917217919,1.0,13.685453931825853,190.40704759362447,0.8708438474098263,0.8708438474098263,0.9309636917217919,0.8773864516301301,3.12119648537049,1.9890148072720706,0.8545564582307567,0.0,0.8904374048813483,0.9420437858266308,0.7693239687257445,0.04354136429608128,0.8610127816520762,0.9253163547729422,0.08461538461538462,0.009334482192680125,0.12261354836986996,0.09429683778914452,59.98344612688058,724.3904767761294,0.8773864516301301,189.21057519401896,0.9041221430011547,0.9496472128370248,0.9346892333949651,1.0,57.99443131960851,769.6957034423068,0.8773864516301302,0.8773864516301301,0.9346892333949651,"gam,maxent,gbm,rf",target,1.0,0.6108621957711966,0.6989787506435574,0.929275458315636,5,0.12138015013602596,E4,15.0,"gam,maxent",ens4,500,10000,499,500,0.866478231522106,0.9951973296909892,0.0,0.13352176847789402,0.9686970124273258,0.866478231522106,0.9284632597247022,1.0,0.866478231522106,"tcold,lpann",25.4,0,cold_limited,0.57993,0.9437091915657021,0.92431640625,0.8541807289908876,0.8541807289908876,-37.56876165868756,0.9123931103369308,1.5639132635842052,0.4661741214057509,1.9890148072720706,0.9346892333949651,0.866478231522106,0.866478231522106,-3.010773359839149,0.8755732696825719,0.7938111711103611,0.7938111711103613
0.8769110880213745,5.0024319994032,0.6202998108882465,0.8995773838831446,0.0002226510316164465,0.8812942896779273,0.9365832270408163,0.4661186048367787,0.0,0.8702836161053431,0.9301244513646775,0.2761904761904762,0.0010770556376169375,0.12331156301024195,0.06807142930490948,14.3057537427141,181.6479976747078,0.8766884369897581,188.46429956822226,0.887966473757733,0.9403631904953175,0.9341821704660037,0.9997247201321343,13.685453931825853,190.40704759362447,0.8764131571218923,0.8769110880213745,0.9341821704660037,0.8834076526661504,3.171892005121549,2.0389447415325677,0.8601981782373215,0.00018691089690528958,0.8963840820697818,0.9444547650009288,0.7791517436380773,0.08174386920980926,0.865760858045234,0.9275286579339022,0.10989010989010989,0.009334482192680125,0.11677925823075486,0.08967880883845182,60.03337606114108,726.7022923437493,0.8832207417692451,187.94062766234603,0.9091808867464579,0.9519119072991369,0.9378965201919601,0.9993801469937129,57.99443131960851,769.6957034423068,0.882600888762958,0.8834076526661504,0.9378965201919601,"glm,gam,maxent,gbm,rf,mahal",target,1.0,0.6115154761571011,0.7067324261365298,0.9127708229875037,5,0.12634371929182225,E4,15.0,"glm,gam,maxent",ens6,500,10000,499,500,0.8721523793452581,0.9942371923535236,0.0004851501856226797,0.12833277084036449,0.965985322710284,0.8716672291596355,0.9311926088671061,0.9995407348242812,0.8712079639839168,"tcold,lpann",25.7,0,cold_limited,0.5775899999999999,0.9359046487709364,0.9241078161695526,0.8538643266959163,0.8538643266959163,-37.5854112071957,0.914288853888136,1.557437563280459,0.47197582079944445,2.0389447415325677,0.9378965201919601,0.8721523793452581,0.8712079639839168,-3.143466971274215,0.8752693500311582,0.7940010124873439,0.7940010124873438
0.8769110880213745,5.0024319994032,0.6202998108882465,0.8995773838831446,0.0002226510316164465,0.8812942896779273,0.9365832270408163,0.4661186048367787,0.0,0.8702836161053431,0.9301244513646775,0.2761904761904762,0.0010770556376169375,0.12331156301024195,0.06807142930490948,14.3057537427141,181.6479976747078,0.8766884369897581,188.46429956822226,0.887966473757733,0.9403631904953175,0.9341821704660037,0.9997247201321343,13.685453931825853,190.40704759362447,0.8764131571218923,0.8769110880213745,0.9341821704660037,0.8834076526661504,3.171892005121549,2.0389447415325677,0.8601981782373215,0.00018691089690528958,0.8963840820697818,0.9444547650009288,0.7791517436380773,0.08174386920980926,0.865760858045234,0.9275286579339022,0.10989010989010989,0.009334482192680125,0.11677925823075486,0.08967880883845182,60.03337606114108,726.7022923437493,0.8832207417692451,187.94062766234603,0.9091808867464579,0.9519119072991369,0.9378965201919601,0.9993801469937129,57.99443131960851,769.6957034423068,0.882600888762958,0.8834076526661504,0.9378965201919601,"glm,gam,maxent",target,1.0,0.6108608827999294,0.7014284416901997,0.901285800936056,5,0.19136941342095987,E4,15.0,"glm,gam,maxent",ens_glm_gam_maxent,500,10000,499,500,0.8721523793452581,0.9942372033046147,0.0004851501856226797,0.12833277084036449,0.9659852749857444,0.8716672291596355,0.9311926088671061,0.9995407348242812,0.8712079639839168,"tcold,lpann",9.5,0,cold_limited,0.5775899999999999,0.9359046487709364,0.9241078161695526,0.8538643266959163,0.8538643266959163,-37.5854112071957,0.914288853888136,1.557437563280459,0.47197582079944445,2.0389447415325677,0.9378965201919601,0.8721523793452581,0.8712079639839168,-3.143466971274215,0.8752693500311582,0.7940010124873439,0.7940010124873438
0.8824588095591509,1.8382148172686357,-0.21262862285986728,0.9063884785819794,0.004953985453465934,0.8828690337820104,0.9326934565295313,0.6175078864353313,0.003669724770642202,0.8734067696463239,0.9267941020759881,0.9139784946236559,0.0019079271294928607,0.12249517589431498,0.06884750570389098,13.472825308965986,197.49249801456205,0.877504824105685,83.18364423840889,0.8850528836559569,0.9345754816853694,0.9322964408567176,0.993875022939989,13.685453931825853,190.40704759362447,0.871379847045674,0.8824588095591509,0.9322964408567176,0.8840217884702678,1.005491868805393,-0.016190159137075,0.8760155096011817,0.004258898293770527,0.8880840989797644,0.9346200349290225,0.880197218338362,0.08278016399843811,0.8390529283337219,0.9075736794181718,0.9954545454545455,0.01128344001312982,0.1202371098235027,0.085384072706146,57.978241160471434,803.8164147012661,0.8797628901764973,77.40173839181581,0.8785718213310362,0.9300537597689599,0.9339200805005775,0.9858762064996015,57.99443131960851,769.6957034423068,0.865639096676099,0.8840217884702678,0.9339200805005775,glm,target,1.0,0.6009829820198405,0.7137333464880448,0.9319592529417509,5,0.187315111636095,E4,15.0,glm,glm,500,10000,499,500,0.8841123860951738,0.9875200986218203,0.005273371582855214,0.12116098548768141,0.9258654798224247,0.8788390145123186,0.9328944716867065,0.9950079872204473,0.873847001732766,"tcold,lpann",8.0,1,cold_limited,0.572245,-2.1617195160671656,0.8592011575219891,0.7636052986837665,0.7636052986837665,-40.66324284053999,0.8969688976283542,1.6521895038812016,0.381417042889999,-0.016190159137075,0.9339200805005775,0.8841123860951738,0.873847001732766,-2.1824678669350774,0.8594877729390626,0.7641537293283834,0.7641537293283833
0.8892125575181832,2.833462184259986,-0.15676676643048282,0.9087580009847366,0.0,0.891323909864647,0.9425396730996065,0.5006770211071286,0.0,0.8837258377648349,0.9382743709811127,0.7903225806451613,0.0019079271294928607,0.11078744248181684,0.05985488479167951,13.52868716539537,194.28019257353208,0.8892125575181832,35.74977930460934,0.8967072440630612,0.9455410125836454,0.9413578731302973,1.0,13.685453931825853,190.40704759362447,0.8892125575181833,0.8892125575181832,0.9413578731302973,0.8840217884702678,0.4141196714130615,-1.1388857660006977,0.8747127851633022,0.0,0.8855335099487064,0.9392922536527035,0.8410262155500784,0.013585638039786511,0.8560103440235708,0.9224197987688583,0.8063636363636364,0.01128344001312982,0.11597821152973219,0.08092293646512014,56.85554555360781,758.1353521085595,0.8840217884702678,40.77411512503247,0.8946278340878682,0.9443837127185133,0.9384411516684736,1.0,57.99443131960851,769.6957034423068,0.8840217884702679,0.8840217884702678,0.9384411516684736,gam,target,1.0,0.6003962476558411,0.7068825968398423,0.9395629872848753,5,0.1643239511644007,E4,15.0,gam,gam,500,10000,499,500,0.8904404319946001,0.9980920762605009,0.0,0.10955956800539993,0.9346394294414017,0.8904404319946001,0.9420454799044877,1.0,0.8904404319946,"tcold,lpann",8.1,1,cold_limited,0.56843,-0.04372937826578038,0.9530272638957807,0.9105214309821127,0.9105214309821128,-26.74218068943206,0.9225577199022041,1.4058386770165372,0.615814696485623,-1.1388857660006977,0.9384411516684736,0.8904404319946001,0.8904404319946,-3.1545458731101945,0.8851878311603263,0.8102008099898751,0.8102008099898752
0.8845739943595072,1.8922574154057088,-0.19246466813169683,0.9067064664368948,0.005566275790411163,0.8847999700048742,0.9332099981101861,0.617031323784039,0.0036363636363636364,0.8752637798598801,0.9272041861250211,0.9139784946236559,0.0019079271294928607,0.12099228143090396,0.06835419621384967,13.492989263694156,197.81089633244162,0.879007718569096,82.24614405109772,0.8868090201556575,0.9349325210475102,0.9328450049718916,0.9931180033033584,13.685453931825853,190.40704759362447,0.8721257218724543,0.8845739943595072,0.9328450049718916,0.8848628875063416,1.023541454077133,-0.21596582576224677,0.8763129821106187,0.004392406077274305,0.8888168648892396,0.9349139796177204,0.8803693960521717,0.08326908249807248,0.8403247345104606,0.9077527326338098,0.9954545454545455,0.01128344001312982,0.11952951857093269,0.08493795908204341,57.77846549384626,803.005602504233,0.8804704814290674,77.20318527952024,0.8796165618871313,0.9301023890784983,0.9342541436464088,0.9854334543522536,57.99443131960851,769.6957034423068,0.865903935781321,0.8848628875063416,0.9342541436464088,maxent,target,1.0,0.6005608173486056,0.7135064853757822,0.93381831828571,5,0.19036114385076797,E4,15.0,maxent,maxent,500,10000,499,500,0.8860740803239959,0.9877718328281904,0.005885082686466419,0.11981100236247047,0.9270271294453745,0.8801889976375296,0.9333557009450316,0.9944289137380191,0.8746179113755486,"tcold,lpann",6.8,1,cold_limited,0.5714,-2.174836017188042,0.8601473094716338,0.7651451231859602,0.7651451231859601,-40.72917983748956,0.8966616530540092,1.654467600404995,0.3793426164441316,-0.21596582576224677,0.9342541436464088,0.8860740803239959,0.8746179113755486,-2.172409788178676,0.8607627666451196,0.7660943300708741,0.766094330070874
0.9321285438622532,0.8782473314126946,-0.11731938078145454,0.9420544066962088,0.0002226510316164465,0.9345356379588317,0.9660826420652764,0.7165994981370238,0.0,0.9199586393179708,0.9576953936449667,0.22580645161290322,0.0019079271294928607,0.06809410716936322,0.03740930299479969,13.568134551044398,183.3760131086886,0.9319058928306367,14.721959006099869,0.9387746956695271,0.9676589262187089,0.9646417116407705,0.9997247201321343,13.685453931825853,190.40704759362447,0.9316306129627709,0.9321285438622532,0.9646417116407705,0.9249686256708766,1.2979835850186419,-1.3753880064698834,0.9143997209913015,0.0012149208298843823,0.926850233921425,0.9613637859540578,0.8970440194014826,0.028639618138424822,0.8981495220128453,0.9457168700934684,0.26272727272727275,0.01128344001312982,0.07624629515900777,0.05719591650412915,56.619043313138626,753.8223087555699,0.9237537048409923,9.8226921738283,0.9369489910005682,0.9670697780048828,0.9597597514287299,0.9959709554591339,57.99443131960851,769.6957034423068,0.9197246603001261,0.9249686256708766,0.9597597514287299,gbm,target,1.0,0.5847570431367616,0.6644069779856978,0.9002872143927014,5,0.09017830427899823,E4,15.0,gbm,gbm,500,10000,499,500,0.933091461356733,0.9944922872812881,0.000590617617279784,0.06749915626054674,0.8466463688945277,0.9325008437394533,0.9647767447950766,0.9994408945686901,0.9319417383081434,"tcold,lpann",8.7,1,cold_limited,0.5488350000000001,-2.8434671586438753,0.927027877955235,0.881665541680729,0.8805979417070384,-31.49243171799656,0.9408933005633141,1.3766241984475194,0.6329176321597898,-1.3753880064698834,0.9597597514287299,0.933091461356733,0.9319417383081434,-3.2181373338399126,0.9167726274419142,0.8655923050961863,0.8646068281973951
1.0459403295235268,6.309253158786362,-2.3619419447805434,0.8739947480715575,0.08269630399287517,1.0543849124517266,0.9421179906009034,0.5843146776739104,0.0009407337723424271,0.9792774542078163,0.9575239354329701,0.08602150537634409,0.0019079271294928607,0.036755974469348376,0.0660006988551109,11.32351198704531,143.88964239030082,0.9632440255306516,158.82712595840562,1.062562362801836,0.9402738135552223,0.9416149744259441,0.8977564690768949,13.685453931825853,190.40704759362447,0.8610004946075465,1.0459403295235268,0.9416149744259441,0.9773303783610584,0.3619790336593951,-13.43105993843232,0.8858731331035614,0.01688873461322795,1.0267318640437404,0.952324004867026,0.8129228752626405,0.13318657127132635,1.0397439430230833,0.924731629758181,0.0,0.01128344001312982,0.0395583562521695,0.043864381458272816,44.56337138117619,575.5015710096328,0.9604416437478305,20.614969820139304,1.2985025385362634,0.8535453414564129,0.9714528783438888,0.9439918533604889,57.99443131960851,769.6957034423068,0.9044334971083194,0.9773303783610584,0.9714528783438888,rf,target,1.0,0.5635938757013478,0.6039995367167467,0.6188198269596357,5,0.020232211806387835,E4,15.0,rf,rf,500,10000,499,500,1.0681319608504893,0.9781768085592246,0.11048768140398245,0.042355720553493084,0.7797991348538971,0.9576442794465069,0.92609591416274,0.8954073482428115,0.8530516276893185,"tcold,lpann",25.3,1,cold_limited,0.48308500000000004,-9.274109980414806,0.9622441972256558,1.0030163685453932,0.8654602180891269,-57.99443131960851,0.8689831196705146,2.0563617954775566,0.0,-13.43105993843232,0.9714528783438888,1.0681319608504893,0.8530516276893185,-7.356096427592583,0.9560500541050471,0.9698574080323996,0.8622761799143643
1.0103532729701648,6.742219812980181,0.6608565969213664,0.8373851140653209,0.11819058928306368,1.0094297176708784,0.8868612798193811,0.38115780684664624,0.0,0.9831602937452519,0.8886335099704186,0.9139784946236559,0.0019079271294928607,0.10783731631289892,0.123450699882839,14.34631052874722,251.18972182002838,0.892162683687101,324.5294093933015,0.9839752544402315,0.8911554361930052,0.8875680664513151,0.8538722701413103,13.685453931825853,190.40704759362447,0.7460349538284112,1.0103532729701648,0.8875680664513151,0.933673333155323,1.9918441654282901,-11.14213616190829,0.8310356146397505,0.04583322207684708,0.9460289724367285,0.9060667062520819,0.8655592469545957,0.023319615912208505,0.9216143459736736,0.8584539357571479,0.9954545454545455,0.01128344001312982,0.11215988892152412,0.11141428393575964,46.85229515770022,813.5805990052521,0.8878401110784758,304.22218385856337,0.9457284774281054,0.869561121734789,0.9182937943605181,0.8480031878154609,57.99443131960851,769.6957034423068,0.7358432988939367,0.933673333155323,0.9182937943605181,mahal,target,1.0,0.6016099440214164,0.699181965620204,0.837698766393937,5,0.1711193786748423,E4,15.0,mahal,mahal,500,10000,499,500,1.004514006074924,0.964853711702181,0.10342136348295647,0.0989073574080324,0.872033478087958,0.9010926425919676,0.899063453646217,0.9020966453674122,0.8031892879593798,"tcold,lpann",5.1,1,cold_limited,0.51433,-0.9997533571886024,0.8712778782399035,0.7768309146135673,0.7768309146135675,-42.79730566414142,0.8729609083306833,1.737765777927776,0.30077621334046434,-11.14213616190829,0.9182937943605181,1.004514006074924,0.8031892879593798,-1.7893546671832894,0.902127597478403,0.839309821127236,0.8237474984338256
0.876317351937064,0.8283464810807004,-0.7949503106293054,0.9065833743640243,0.0,0.8768137677627386,0.9343641684896068,0.5826459390862944,0.016506189821182942,0.8679412509496075,0.9293025147427642,0.9139784946236559,0.0019079271294928607,0.12368264806293602,0.06676121765225791,12.890503621196547,203.6020888001757,0.876317351937064,63.835821819931425,0.8804629814408301,0.9364321341398705,0.9340822340446572,1.0,13.685453931825853,190.40704759362447,0.876317351937064,0.876317351937064,0.9340822340446572,0.8778537288723932,0.29016257923080957,-0.8297206567980737,0.8759129328737896,0.0,0.8778676512034271,0.934962217002724,0.8728482943514838,0.029158878504672896,0.8350043453377706,0.9100843248238419,0.9954545454545455,0.01128344001312982,0.12214627112760675,0.08355811926795867,57.164710662810435,803.969284500784,0.8778537288723932,65.1722193990938,0.8741545849447387,0.9328521691507257,0.9349543208559952,1.0,57.99443131960851,769.6957034423068,0.8778537288723931,0.8778537288723932,0.9349543208559952,"gam,maxent,gbm,rf",target,1.0,0.5963620713256425,0.6956388176114763,0.9272577303239679,5,0.09412693236484751,E4,15.0,"gam,maxent",ens4,500,10000,499,500,0.8824881876476544,0.994242107919263,0.0,0.11751181235234559,0.9330886252273513,0.8824881876476544,0.9375763348086728,1.0,0.8824881876476542,"tcold,lpann",24.9,1,cold_limited,0.570495,-1.9657219090052394,0.8768630979157295,0.7905627742153223,0.7905627742153223,-28.966919181900685,0.9211571813384829,1.4337242659466756,0.5887599483081543,-0.8297206567980737,0.9349543208559952,0.8824881876476544,0.8824881876476542,-2.3101895334796367,0.8699922304611184,0.78132382720216,0.7813238272021601
0.8789335015585572,1.5469802398009165,-0.3115937494550405,0.9093734613490891,0.0002783137895205581,0.8791571369652431,0.9354536203834873,0.6134659404846475,0.04384485666104553,0.8696294420528404,0.9300435675748888,0.9139784946236559,0.0019079271294928607,0.12134481223096334,0.06562043945653738,13.373860182370812,201.4306684844911,0.8786551877690366,69.3610918656808,0.8824985032927559,0.9372641309417801,0.935270127484768,0.9996559001651679,13.685453931825853,190.40704759362447,0.8783110879342044,0.8789335015585572,0.935270127484768,0.8810712664548344,0.31065040825933465,-0.04981269480894923,0.8797903331692105,0.00032041868040906784,0.8833211205681755,0.9376271998084521,0.881997420305878,0.05146198830409357,0.8361913644360599,0.9106734698589338,0.9954545454545455,0.01128344001312982,0.11924915222557475,0.08155579532721915,57.94461862479956,803.3639789340355,0.8807508477744252,72.08549656321998,0.8753642845360069,0.9330714048359038,0.9364353849647967,0.998937394846365,57.99443131960851,769.6957034423068,0.8796882426207904,0.8810712664548344,0.9364353849647967,"glm,gam,maxent,gbm,rf,mahal",target,1.0,0.6026317790760777,0.7062381434393638,0.9285627688126057,5,0.1261525514245537,E4,15.0,"glm,gam,maxent",ens6,500,10000,499,500,0.8813491393857577,0.9922369372267955,0.00027421532230847116,0.11892507593655079,0.9312211204367798,0.8810749240634492,0.9366415893980334,0.9997404153354632,0.8808153393989124,"tcold,lpann",24.8,1,cold_limited,0.5709816666666667,-2.5845679869220177,0.8561349388758657,0.7609053324333446,0.7609053324333446,-33.24634869071079,0.9128550266098502,1.5071717853526831,0.5191080097021952,-0.04981269480894923,0.9364353849647967,0.8813491393857577,0.8808153393989124,-1.9083900802692,0.8714054318755415,0.7815558555518056,0.7815558555518056
0.8789335015585572,1.5469802398009165,-0.3115937494550405,0.9093734613490891,0.0002783137895205581,0.8791571369652431,0.9354536203834873,0.6134659404846475,0.04384485666104553,0.8696294420528404,0.9300435675748888,0.9139784946236559,0.0019079271294928607,0.12134481223096334,0.06562043945653738,13.373860182370812,201.4306684844911,0.8786551877690366,69.3610918656808,0.8824985032927559,0.9372641309417801,0.935270127484768,0.9996559001651679,13.685453931825853,190.40704759362447,0.8783110879342044,0.8789335015585572,0.935270127484768,0.8810712664548344,0.31065040825933465,-0.04981269480894923,0.8797903331692105,0.00032041868040906784,0.8833211205681755,0.9376271998084521,0.881997420305878,0.05146198830409357,0.8361913644360599,0.9106734698589338,0.9954545454545455,0.01128344001312982,0.11924915222557475,0.08155579532721915,57.94461862479956,803.3639789340355,0.8807508477744252,72.08549656321998,0.8753642845360069,0.9330714048359038,0.9364353849647967,0.998937394846365,57.99443131960851,769.6957034423068,0.8796882426207904,0.8810712664548344,0.9364353849647967,"glm,gam,maxent",target,1.0,0.5999183674246739,0.7117023346012805,0.9358641507838591,5,0.1758278972756207,E4,15.0,"glm,gam,maxent",ens_glm_gam_maxent,500,10000,499,500,0.8813491393857577,0.9922369372267955,0.00027421532230847116,0.11892507593655079,0.9312211204367798,0.8810749240634492,0.9366415893980334,0.9997404153354632,0.8808153393989124,"tcold,lpann",9.3,1,cold_limited,0.5709816666666667,-2.5845679869220177,0.8561349388758657,0.7609053324333446,0.7609053324333446,-33.24634869071079,0.9128550266098502,1.5071717853526831,0.5191080097021952,-0.04981269480894923,0.9364353849647967,0.8813491393857577,0.8808153393989124,-1.9083900802692,0.8714054318755415,0.7815558555518056,0.7815558555518056
0.915225619712038,2.0062915954457026,0.12069700373467107,0.9090965041851304,0.014101232002374944,0.9147201079824528,0.9416752337592402,0.539233858510967,0.04201680672268908,0.9050181480543598,0.9374245361395735,0.9020618556701031,0.001989988511406532,0.09887561229033695,0.06078483770838901,13.806150935560524,202.28872841004036,0.9011243877096631,107.69699967616701,0.9166633406505688,0.9464620382324768,0.9410112087422376,0.982565608368508,13.685453931825853,190.40704759362447,0.883689996078171,0.915225619712038,0.9410112087422376,0.9026594750473953,3.155030617813054,-2.0038446043372886,0.8833702609551944,0.0036714640463539026,0.9100107096556,0.9449764648596007,0.861857040031006,0.09087154068566708,0.872310659855438,0.9188044831880449,0.9956101843722563,0.011683489249958968,0.10101198899895864,0.06961151646618025,55.99058671527122,798.3010149243551,0.8989880110010413,60.84330225670739,0.9082644476621639,0.9422838646470661,0.9449804579231368,0.9878243159479323,57.99443131960851,769.6957034423068,0.8868123269489736,0.9026594750473953,0.9449804579231368,glm,target,1.0,0.6145283850704184,0.8007052568410327,0.9525609356055028,5,0.22244578996243924,E4,15.0,glm,glm,500,10000,500,500,0.9142549780627742,0.9916733323712098,0.012107661154235573,0.09785268309146136,0.9466344162922282,0.9021473169085387,0.9425571068087404,0.988538338658147,0.8906856555666858,"tcold,lpann",7.1,2,cold_limited,0.5577675,-4.628868970682021,0.8372233822079747,0.7417524468444144,0.7417524468444143,-48.62225426450462,0.8721486708352255,1.8680391495106312,0.17827476038338652,-2.0038446043372886,0.9449804579231368,0.9142549780627742,0.8906856555666858,-2.52335007723066,0.8888509779778815,0.8129218697266284,0.8129218697266283
0.9625204096778982,2.4053723335742347,0.5889314765801679,0.950116937469227,0.009963633664835981,0.9594690862734806,0.9712787738466543,0.7071357400168621,0.0,0.9567190005908669,0.9701159342140738,0.010309278350515464,0.001989988511406532,0.04744322398693781,0.03177996587662137,14.27438540840602,200.92999505749816,0.9525567760130622,44.8252406543463,0.9597086409898223,0.9727599515279886,0.9707484022236509,0.9876812259130116,13.685453931825853,190.40704759362447,0.9402380019260739,0.9625204096778982,0.9707484022236509,0.9638060398921258,0.8615985843646854,1.030592911601282,0.9415004923682915,0.0052602066700488635,0.9633898878304492,0.9748797818129621,0.9183202080643108,0.01440922190201729,0.952434448989974,0.9678210834871349,0.004389815627743635,0.011683489249958968,0.04145416677792315,0.03626399858846485,59.02502423120979,773.3874157804725,0.9585458332220769,37.85286708045494,0.9624809838890009,0.9743067684060109,0.9762123282549136,0.9825555653944922,57.99443131960851,769.6957034423068,0.941101398616569,0.9638060398921258,0.9762123282549136,gam,target,1.0,0.625511046268886,0.793142891331128,0.9284127993242108,5,0.21351941709231195,E4,15.0,gam,gam,500,10000,500,500,0.9575599055011812,0.9987716447474119,0.007593655079311508,0.050033749578130275,0.929995791477382,0.9499662504218698,0.9705616137235464,0.9928115015974441,0.9427777520193139,"tcold,lpann",8.2,2,cold_limited,0.5377775,2.6378235581390825,0.9295279472924497,0.8540752615592305,0.8540752615592306,-12.18504563269154,0.9582059384154844,1.1780923050961862,0.8314097444089457,1.030592911601282,0.9762123282549136,0.9575599055011812,0.9427777520193139,2.9360478039336826,0.9195762082320613,0.8355973675329058,0.8355973675329058
0.9179530948493395,1.9066085907176102,0.1761372858676502,0.9090349581486952,0.015214487160457178,0.9173259345356379,0.9420380546375423,0.5340935357115341,0.042735042735042736,0.9074660251540474,0.9379694881127546,0.9020618556701031,0.001989988511406532,0.0972613923111177,0.06050732830390363,13.861591217693503,202.24245545775534,0.9027386076888823,107.42937452037084,0.9190181600478946,0.9470060938832388,0.9413562929283158,0.9811892090291797,13.685453931825853,190.40704759362447,0.883927816718062,0.9179530948493395,0.9413562929283158,0.9039545005473819,3.2251039271405375,-2.16832835304848,0.8838523715739373,0.003778270273156925,0.9112648666929711,0.9455802876923417,0.8613572588982426,0.09102192800992967,0.8746846980520169,0.9193369665995794,0.9956101843722563,0.011683489249958968,0.09982376972577502,0.0687708227381706,55.82610296656003,796.9795114185162,0.900176230274225,59.60774646512979,0.9100423394856944,0.9428653680069091,0.945585863543931,0.987470114230054,57.99443131960851,769.6957034423068,0.887646344504279,0.9039545005473819,0.945585863543931,maxent,target,1.0,0.6142904005881518,0.8005419492411043,0.9528184227094435,5,0.21447757429305164,E4,15.0,maxent,maxent,500,10000,500,500,0.9165330745865676,0.9918797528577967,0.012888120148498144,0.09635504556193047,0.9478879644017572,0.9036449544380695,0.9429995927756194,0.9877995207667731,0.8914444752048425,"tcold,lpann",6.8,2,cold_limited,0.5565975,-4.893200894552585,0.8445596254560319,0.7543030712116099,0.7543030712116099,-48.49264471686754,0.8722553146889793,1.8654235572055349,0.1807507987220447,-2.16832835304848,0.945585863543931,0.9165330745865676,0.8914444752048425,-2.1770073500721594,0.8941252897491547,0.819819439757003,0.8198194397570031
0.9681237939735787,0.9266033420155964,0.7851704374427282,0.957481946495979,0.004842659937657711,0.9698361516253609,0.9798905543659291,0.7205137891953155,0.0,0.9591246729129738,0.9751074440698413,0.030927835051546393,0.001989988511406532,0.036718865964078966,0.022961333689641705,14.470624369268581,197.54983845252428,0.9632811340359211,28.574565916724673,0.9736379964079026,0.9811828228799078,0.9788826668175048,0.9940126628739219,13.685453931825853,190.40704759362447,0.957293796909843,0.9681237939735787,0.9788826668175048,0.9589463565725882,1.4943446708044803,-0.4168787769381481,0.943049400951912,0.0025366478865717873,0.9625021137478158,0.9781068020421205,0.9090340846416884,0.24732824427480915,0.957203722152744,0.9739968592624682,0.0052677787532923615,0.011683489249958968,0.043590291313983606,0.03579694651734839,57.57755254267036,766.4240854280481,0.9564097086860164,31.48181066031384,0.9795450796385564,0.9835558600766653,0.9764531892127664,0.9915877092003896,57.99443131960851,769.6957034423068,0.9479974178864059,0.9589463565725882,0.9764531892127664,gbm,target,1.0,0.6024535532223461,0.7635522278521585,0.8639369580451763,5,0.08715411547059922,E4,15.0,gbm,gbm,500,10000,500,500,0.9614832939588255,0.9990718265810141,0.004028855889301384,0.042545561930475866,0.8758074507984593,0.9574544380695241,0.976255511345306,0.9961861022364217,0.9536405403059458,"tcold,lpann",8.4,2,cold_limited,0.5353375,-0.9032223889983371,0.9891222026366762,0.9976797165035437,0.9761224093424872,-39.97935525897771,0.9267984854859066,1.5502446844414446,0.4791134185303514,-0.4168787769381481,0.9764531892127664,0.9614832939588255,0.9536405403059458,-0.2042959230901289,0.929810793070974,0.8724265946675667,0.8689363639843481
1.0414873088911978,2.958234235187774,0.759874018915264,0.9179899064500247,0.06343698975805255,1.050579280866859,0.9539412334753433,0.6126635544743244,0.009779951100244499,1.0009074027179876,0.9581834864320442,0.0979381443298969,0.001989988511406532,0.021949680866854684,0.047104651879869265,14.445327950741117,201.39853553667086,0.9780503191331453,115.00477140702944,1.0864098982239074,0.93792443806791,0.9581742829098048,0.9215681776472747,13.685453931825853,190.40704759362447,0.8996184967804202,1.0414873088911978,0.9581742829098048,1.0028837681236815,0.4049854776073971,-4.839294410113524,0.9340944526505827,0.018651037355477823,1.05822670649907,0.9573736820484733,0.8991814660527662,0.23479005998286204,1.0197977828178986,0.9557551842834355,0.0,0.011683489249958968,0.015767269231796215,0.026756894207516424,53.155136909494985,709.7100059184224,0.9842327307682038,44.3126046593147,1.2549166956872377,0.8740753986962105,0.9828156245833889,0.9381475250154964,57.99443131960851,769.6957034423068,0.9223802557837002,1.0028837681236815,0.9828156245833889,rf,target,1.0,0.5928417943886629,0.7436424038949052,0.829572640142749,5,0.0013023577282289312,E4,15.0,rf,rf,500,10000,500,500,1.0345722240971988,0.991663658766965,0.05861879851501856,0.024046574417819776,0.8089781932032134,0.9759534255821802,0.9593696542429112,0.944508785942492,0.9204622115246721,"tcold,lpann",25.4,2,cold_limited,0.4997125,2.0027113334381426,0.9401390609165634,0.8858631454606818,0.851289330928092,-57.99443131960851,0.8689831196705146,2.0563617954775566,0.0,-4.839294410113524,0.9828156245833889,1.0345722240971988,0.9204622115246721,-0.5061177633337834,0.9594559174495441,0.9385757678029024,0.8870024767661651
1.0184429271188957,6.586535432931498,0.8620115828969155,0.8283788774002954,0.1264843402107763,1.0158974166697912,0.8838113305806644,0.3188405797101449,0.0,0.9884147885540643,0.8862003459730226,0.9020618556701031,0.001989988511406532,0.10804141309188066,0.12811684173741444,14.547465514722768,256.43753909836045,0.8919585869081194,333.47162304192,0.9888445420075833,0.888752872236883,0.8838085783097089,0.8436180950633144,13.685453931825853,190.40704759362447,0.7355766819714338,1.0184429271188957,0.8838085783097089,0.9342607674027396,1.5870491281785917,-11.960499058918586,0.8276813556540292,0.045753117406744814,0.9489882193788399,0.905414003528357,0.8548515843991906,0.022242817423540315,0.929139199186044,0.8564678994846777,0.9956101843722563,0.011683489249958968,0.11149235000400523,0.11047338322141381,46.03393226068992,805.0295782539629,0.8885076499959947,300.1424434913664,0.9527484008137979,0.8674863900882298,0.9187051352843733,0.8482688391038696,57.99443131960851,769.6957034423068,0.7367764890998645,0.9342607674027396,0.9187051352843733,mahal,target,1.0,0.6149327657983295,0.7872789350937757,0.9494353326520614,5,0.18842905778360047,E4,15.0,mahal,mahal,500,10000,500,500,1.010778771515356,0.9640882658114887,0.10894785690178872,0.09816908538643267,0.8683749990833036,0.9018309146135673,0.8969966536238422,0.8968650159744409,0.7986959305880084,"tcold,lpann",5.6,2,cold_limited,0.5098975,-0.2251244465362845,0.8398169159160788,0.7248987512656092,0.7248987512656093,-50.63619773860151,0.8716468630349017,1.9048894701316235,0.14330845200497278,-11.960499058918586,0.9187051352843733,1.010778771515356,0.7986959305880084,-5.054481844558104,0.913543093597178,0.9101206547418157,0.8273816567808079
0.9672146355944783,0.03216008579994423,0.45730937012291584,0.9570716395864106,0.0064012171589728365,0.9752727681751715,0.9744412281118018,0.7507274490785645,0.017543859649122806,0.9545454545454546,0.9726846753471098,0.18556701030927836,0.001989988511406532,0.03918658156449458,0.02488334326885522,14.142763301948769,199.83837435350262,0.9608134184355054,32.132809748842384,0.9750947914587906,0.9788020854383058,0.9768262202310776,0.9920857037988622,13.685453931825853,190.40704759362447,0.9528991222343675,0.9672146355944783,0.9768262202310776,0.9646070865931484,0.9400038202782639,0.20788967885876275,0.9510298703430166,0.0012015700515340044,0.9969562031452568,0.9698402393586993,0.9286780500236648,0.22118742724097787,0.9547448968777158,0.972597837755777,0.16505706760316066,0.011683489249958968,0.036594483458385625,0.02743152497690687,58.20232099846727,764.6344443237094,0.9634055165416143,21.937939425488498,1.0000366575633717,0.9711326979472141,0.9807615203223855,0.9960152306738688,57.99443131960851,769.6957034423068,0.959420747215483,0.9646070865931484,0.9807615203223855,"gam,maxent,gbm,rf",target,1.0,0.6106080275854437,0.7851741219219931,0.926761582494539,5,0.0636952206679767,E4,15.0,"gam,maxent,gbm,rf",ens4,500,10000,500,500,0.9633395207559905,0.999289217533755,0.004134323320958488,0.04079480256496794,0.9239700283760984,0.9592051974350321,0.9771159672532714,0.9960862619808307,0.9552914594158628,"tcold,lpann",30.2,2,cold_limited,0.5560475,0.11549025018840098,0.8289334823836587,0.7073278771515356,0.7073278771515357,-16.668013875188706,0.9497375294803845,1.236268140398245,0.7763378594249202,0.20788967885876275,0.9807615203223855,0.9633395207559905,0.9552914594158628,2.1322752907441114,0.9304556354916067,0.8590111373607829,0.8577382296998444
0.9671218643313048,0.7806486010402409,0.476357798867566,0.9528249630723782,0.011151105833457029,0.9674365415619962,0.9719572736714722,0.7579922318494174,0.013824884792626729,0.9547564784333586,0.9681535538474825,0.5876288659793815,0.001989988511406532,0.044029241502152296,0.029395440623265566,14.161811730693419,209.06997681199297,0.9559707584978477,50.144599097220826,0.9670125723408501,0.9735509856239918,0.9719486889266176,0.986213066617728,13.685453931825853,190.40704759362447,0.9421838251155759,0.9671218643313048,0.9719486889266176,0.9595471415983552,1.032524774654803,-0.5806155589531912,0.9447726899720992,0.0032709406958425676,0.9643340285215038,0.9735216683285867,0.9372141975756696,0.12285714285714286,0.9430230832821078,0.9618397224707089,0.6321334503950834,0.011683489249958968,0.04372379909748739,0.02906101775835764,57.41381576065532,785.3595920123822,0.9562762009025126,42.09661394142956,0.9636173683535255,0.9702892666125283,0.9760175507923746,0.9891525723899761,57.99443131960851,769.6957034423068,0.9454287732924889,0.9595471415983552,0.9760175507923746,"glm,gam,maxent,gbm,rf,mahal",target,1.0,0.610919211682383,0.7948960863724952,0.9353462011516195,5,0.061461588357452614,E4,15.0,"glm,gam,maxent,gbm,rf,mahal",ens6,500,10000,500,500,0.9630863989200135,0.9983533469718784,0.008542861964225447,0.04545646304421195,0.9319888327353203,0.9545435369557881,0.9724926396320891,0.9919129392971247,0.9464564762529126,"tcold,lpann",31.2,2,cold_limited,0.5565941666666667,0.10926464486844623,0.893865556146258,0.8075641241984475,0.8074820011235482,-30.570568278788613,0.9222566981875493,1.4489537630779614,0.575,-0.5806155589531912,0.9760175507923746,0.9630863989200135,0.9464564762529126,0.7065708369308865,0.9100644579277432,0.8313997637529531,0.8307427791537592
0.9512950868339023,2.8455214988599096,0.5369267129042399,0.9303298867552929,0.015715451981594183,0.9497956582055416,0.959502336403669,0.600091407678245,0.03125,0.9422427618806449,0.9567248666326231,0.8917525773195877,0.001989988511406532,0.06442036514769185,0.04261311077764302,14.222380644730093,205.68518345087125,0.9355796348523081,61.63646296939153,0.9497305926960686,0.9629174726973112,0.9589319843677199,0.980569829326482,13.685453931825853,190.40704759362447,0.91614946417879,0.9512950868339023,0.9589319843677199,0.9414968892686444,2.3995569766091194,-0.888810538536049,0.9172308386673231,0.004472510747376572,0.9464799053040979,0.9636719032795193,0.8921591927021444,0.09783989834815757,0.9229921359984739,0.9462197286185117,0.9596136962247586,0.011683489249958968,0.06297562147873222,0.04109020332333496,57.10562078107246,777.131647888747,0.9370243785212677,34.521965733517966,0.9497241518356275,0.9629706227967098,0.9652597268638858,0.9851678030638449,57.99443131960851,769.6957034423068,0.9221921815851126,0.9414968892686444,0.9652597268638858,"glm,gam,maxent",target,1.0,0.6148719741358984,0.8002939360137926,0.9510578864660275,5,0.21533660373721628,E4,15.0,"glm,gam,maxent",ens_glm_gam_maxent,500,10000,500,500,0.946823320958488,0.9960887295565031,0.013141241984475194,0.06631792102598717,0.9476658814223745,0.9336820789740128,0.9591852213012623,0.9875599041533546,0.9212419831273673,"tcold,lpann",8.7,2,cold_limited,0.5454933333333333,-2.3186409525387077,0.813537038357054,0.6958952075599055,0.6958952075599054,-40.34759968997697,0.9008978668895798,1.6384154573067837,0.39564696485622997,-0.888810538536049,0.9652597268638858,0.946823320958488,0.9212419831273673,-0.8255073649427374,0.8989695571006483,0.820768646641917,0.8207686466419171
1.119086665825659,0.2388728694696738,5.999069277168156,0.8004985228951256,0.2414280307808755,1.1699954788436477,0.8325367061303527,0.27933673469387754,0.041128646580583454,1.177703807521607,0.8398004880534177,0.16161616161616163,0.0010155096011816838,0.12234136495521634,0.14788117754571872,4.178410372040586,276.6377107367068,0.8776586350447837,363.55058248799503,1.1929088400123913,0.8399599321929418,0.8283367067508036,0.8345980329455689,-1.8206589051275701,449.75910574258063,0.7122566679903526,1.119086665825659,0.8283367067508036,1.2295325394785688,8.658074738094683,14.384636703688935,0.784763252913179,0.2897284331362974,1.3256318809117693,0.818695826110148,0.6981167084145097,0.43113364613288935,1.3223075974853105,0.8189249442655437,0.04806687565308255,0.009816592811422945,0.060195893657728664,0.12646714526939531,1.1297444569710713,918.1995223613609,0.9398041063422713,325.88534022392696,1.4429519779494546,0.8047292143401983,0.8430503611865362,0.8375834413869279,-13.254892246717864,1037.4235233257118,0.7773875477291992,1.2295325394785688,0.8430503611865362,glm,target,1.0,0.731906802296239,0.7372130302518891,0.7962872797096219,5,0.35298038178022356,E4,15.0,glm,glm,500,10000,498,500,1.0546445380232847,0.9727905601346791,0.1478573197919247,0.09321278176864008,0.942715383202275,0.9067872182313599,0.8826706531960553,0.8954970412129276,0.8022842594442876,"wbal,tcold",2.4,0,drought_limited,0.5679175,6.344772316789282,0.8806210465784934,0.9191231112212038,0.7887362626473009,13.007214864493088,0.5302615042170773,2.4103046816943277,0.003221401309569716,14.384636703688935,0.8430503611865362,1.0546445380232847,0.8022842594442876,3.454041944636865,0.8824535061768772,0.885608124845182,0.7826600132117665
1.2018165762583575,0.1740958228098748,4.486779559480225,0.7898408009190875,0.2812160968840671,1.2652589026887582,0.8235888043580352,0.20498500361981592,0.18239336751390858,1.2658257416491474,0.8269072164948453,0.13131313131313133,0.0010155096011816838,0.0793995206257096,0.14662846933431908,2.666120654352655,298.28921084798026,0.9206004793742903,142.82842259033436,1.315159537018784,0.8182802369570241,0.8362190468551262,0.807339290961575,-1.8206589051275701,449.75910574258063,0.7279397703358654,1.2018165762583575,0.8362190468551262,1.1530883234815386,6.115353407975647,0.2863813516168925,0.8033911866075825,0.1951512036323139,1.252287176306404,0.864,0.5129367986510843,0.620716211012707,1.3914204708879483,0.795085910652921,0.04179728317659352,0.009816592811422945,0.04206288015077529,0.08564088220364442,-12.968510895100971,808.493851402918,0.9579371198492247,233.66442645725667,1.550098994526185,0.7767628790646693,0.8898261250149206,0.8906017384622773,-13.254892246717864,1037.4235233257118,0.8485388583115019,1.1530883234815386,0.8898261250149206,gam,target,1.0,0.7410410902498631,0.7240884988631672,0.8180858317864452,5,0.37483516838857417,E4,15.0,gam,gam,500,10000,498,500,1.1492940302204608,0.9700848656631574,0.2172405251424325,0.06794649492197176,0.9334601871570236,0.9320535050780282,0.867311304989224,0.8464582093210546,0.778511714399083,"wbal,tcold",3.3,0,drought_limited,0.5266774999999999,-1.6488488617767079,0.9100483795007921,1.0203368838246223,0.8056044571362779,10.539011876035476,0.5497488226059655,2.3522417636859054,0.044259252774957014,0.2863813516168925,0.8898261250149206,1.1492940302204608,0.778511714399083,-3.0223181112724387,0.9088026081802015,0.9604161506068863,0.8097779075884635
1.1101803961145453,0.25077238766198207,5.886122566646379,0.8042118004267191,0.23247130061814053,1.1611659264381267,0.8366025940784131,0.2900423728813559,0.056054872280037846,1.166462275169353,0.8432685957653274,0.16161616161616163,0.0010155096011816838,0.12229090450359531,0.14421546581236075,4.065463661518809,282.64489437528397,0.8777090954964047,353.9375161319408,1.1824326227153679,0.8433209455971921,0.8318806269952294,0.8407342747999239,-1.8206589051275701,449.75910574258063,0.7184433702963287,1.1101803961145453,0.8318806269952294,1.218481395813701,8.46823866798428,14.170153699311104,0.79369768586903,0.2748507952825609,1.3128236935959063,0.8239001300669108,0.7127830600339902,0.4605199177108659,1.297653778197806,0.8264601738259595,0.04806687565308255,0.009816592811422945,0.056369399468859764,0.11968176026354228,0.9152614525932412,941.925075581258,0.9436306005311402,299.729312723656,1.417640436352343,0.8116128203481277,0.850699584239725,0.845923578094735,-13.254892246717864,1037.4235233257118,0.7895541786258753,1.218481395813701,0.850699584239725,maxent,target,1.0,0.7315164108779896,0.736663233025735,0.7826942328107271,5,0.3512700278518571,E4,15.0,maxent,maxent,500,10000,498,500,1.047386673272232,0.9741443604881673,0.14102055982164974,0.09363388654941789,0.9439929621618656,0.9063661134505822,0.8853883101641804,0.9003291431772821,0.8066952566278642,"wbal,tcold",2.0,0,drought_limited,0.5708625,7.351020417612386,0.8843405733154943,0.9276690611840476,0.7933080349947272,12.998993208651598,0.5302936232718022,2.4103046816943277,0.003221401309569716,14.170153699311104,0.850699584239725,1.047386673272232,0.8066952566278642,4.137426935780274,0.8881335807050093,0.8818924944265544,0.7836795731434232
0.8636558597199445,5.852076212018744,-4.937349375543598,0.916974396848843,0.0035826920650939825,0.8821573894311322,0.9354113973237626,0.5754310344827587,0.8206197854588796,0.8587362765708947,0.9231832605485564,0.13131313131313133,0.0010155096011816838,0.1399268323451495,0.05827146803027036,-6.758008280671168,423.41528695389525,0.8600731676548505,148.69185628016228,0.8739192880678138,0.9315760207992065,0.9229956949069937,0.997545503258258,-1.8206589051275701,449.75910574258063,0.8576186709131086,0.8636558597199445,0.9229956949069937,0.9179017105000142,2.5388502587753123,0.8120942515119403,0.9350073855243722,0.0006567863159998858,0.9172895022484107,0.9561166556136066,0.8282054788276585,0.9341452696340009,0.8582405390968484,0.9230939324252609,0.019853709508881923,0.009816592811422945,0.08275507581598561,0.03006288135417638,-12.442797995205924,1091.2498131782718,0.9172449241840144,65.53460901881591,0.9205714507550758,0.9578347347994826,0.9565087920432381,0.9996318173814212,-13.254892246717864,1037.4235233257118,0.9168767415654355,0.9179017105000142,0.9565087920432381,gbm,target,1.0,0.7605514960995218,0.7922650600757736,0.7860660832128697,5,0.40273887053658103,E4,15.0,gbm,gbm,500,10000,498,500,0.9093881595243993,0.9909030037925304,0.002848649987614565,0.09346049046321526,0.7529984369653537,0.9065395095367847,0.9495602086090138,0.997986624181519,0.9045261337183037,"wbal,tcold",4.4,0,drought_limited,0.6217825,-0.4768953139902674,0.9688500984454436,0.9486747584840228,0.9406418462826474,13.49910898647636,0.5326893824155765,2.3836016844191232,0.022094611155852872,0.8120942515119403,0.9565087920432381,0.9093881595243993,0.9045261337183037,2.517404277516709,0.9169204136204152,0.8235818677235571,0.8212142725484148
0.9731298095117952,8.856965310240298,-1.6384920760498467,0.8600032824552766,0.09289769143433833,1.0115156511794898,0.8988695709658227,0.4906198409125019,0.5944440846985689,0.8943879934594721,0.8995514727415651,0.010101010101010102,0.0010155096011816838,0.1197678819225432,0.08653954758750988,-3.459150981177417,407.1063305827366,0.8802321180774568,219.8624403046332,0.9775549860598721,0.8977656256675354,0.8922191675724058,0.9363559365979293,-1.8206589051275701,449.75910574258063,0.8165880546753861,0.9731298095117952,0.8922191675724058,1.0929780976041577,2.617530122503524,9.057355202264516,0.8784158050221565,0.13224249693023787,1.1562102651573887,0.8894961669567218,0.7563461612990737,0.8287289452042277,0.9513908863048034,0.9067823377060917,0.013584117032392894,0.009816592811422945,0.03926439932608013,0.06208368296195005,-4.197537044453348,995.207542893972,0.9607356006739198,196.696725347684,1.1398346209091967,0.898911465892598,0.9180560482440582,0.9258672301461525,-13.254892246717864,1037.4235233257118,0.8866028308200722,1.0929780976041577,0.9180560482440582,rf,target,1.0,0.7465043771882025,0.7572116529876052,0.8979869345383987,5,0.1797209482554522,E4,15.0,rf,rf,500,10000,498,500,0.9896457765667575,0.9775784938581055,0.07270250185781521,0.08305672529105772,0.7366521092153301,0.9169432747089423,0.921715096735639,0.9486151475892013,0.8655584222981436,"wbal,tcold",19.3,0,drought_limited,0.5901275,6.969549028557198,0.9251884286842295,0.9155065642804062,0.8457047850989816,7.100931666576548,0.7138940136789423,1.6652216992816449,0.5111458868556298,9.057355202264516,0.9180560482440582,0.9896457765667575,0.8655584222981436,5.828755883081504,0.9211448857333038,0.8719346049046321,0.8249209292839512
1.6622934275261763,1.0388014261517355,15.580241749246635,0.6278413753487608,0.7445944241200959,1.6834924603069068,0.6845652217002636,0.5791982810716444,0.0015667841754798276,1.6461983181499649,0.6645701612102354,0.16161616161616163,0.0010155096011816838,0.08230099659391951,0.33636242286089807,13.759582844119066,308.27014471765614,0.9176990034060805,537.7872970371741,1.6770677856318117,0.6726278140122028,0.6894048521607278,0.4898795222373948,-1.8206589051275701,449.75910574258063,0.4075785256434752,1.6622934275261763,0.6894048521607278,2.037265484451298,1.7284575170419885,36.43846846054478,0.48959871984244213,1.1126531311573717,2.140145759032408,0.5956307898947202,0.6480716946933843,0.00663075010360547,2.1461971483749025,0.5328266008436835,0.04806687565308255,0.009816592811422945,0.07538764670607384,0.43051454973013853,23.183576213826917,670.3529897588108,0.9246123532939261,731.5796554764219,2.310687526689701,0.5484756097560975,0.6088452642861172,0.3762666282476108,-13.254892246717864,1037.4235233257118,0.3008789815415369,2.037265484451298,0.6088452642861172,mahal,target,1.0,0.6952365609312454,0.7846821171988239,0.7717162423372741,5,0.2782868481338701,E4,15.0,mahal,mahal,500,10000,498,500,1.4346296755016101,0.830417637388142,0.5377755759227149,0.10314590042110477,0.6683715202126158,0.8968540995788952,0.7367478582911097,0.6199096607024055,0.5167637602813007,"wbal,tcold",2.2,0,drought_limited,0.4068725,42.291963825174385,0.591631972691455,0.5312112955164726,0.36243558231704953,13.174377779919755,0.5270600373241894,2.399727520435967,0.005961962911384289,36.43846846054478,0.6088452642861172,1.4346296755016101,0.5167637602813007,61.893942680505646,0.6235649298638352,1.0392865989596234,0.47190932663090157
0.9168411757285228,1.9084050805911374,-1.9909824829451694,0.9317454455933037,0.009259492872461209,0.9407994468232228,0.9594387195790397,0.5798319327731093,0.8316433419927931,0.933426769446391,0.9547541379726954,0.13131313131313133,0.0010155096011816838,0.09241831714393844,0.04124695807534732,-3.8116413880727396,421.4340393683653,0.9075816828560616,142.0357376260554,0.9364104874820468,0.9564863292611984,0.9469555374206966,0.9936563358857795,-1.8206589051275701,449.75910574258063,0.9012380187418412,0.9168411757285228,0.9469555374206966,0.9642194237413976,1.510876165935315,2.6325888506512616,0.949183489249959,0.008081327279476856,0.9643975810203133,0.9729405449780556,0.8663559760862402,0.9305714379063613,0.9534864609442413,0.9656303899709731,0.04179728317659352,0.009816592811422945,0.04386190353807933,0.018429312863225286,-10.622303396066602,1086.2915839321493,0.9561380964619207,53.549652151881844,0.9802399161458131,0.9789252876943284,0.9735552809478811,0.9954697529974867,-13.254892246717864,1037.4235233257118,0.9516078494594074,0.9642194237413976,0.9735552809478811,"gam,maxent,gbm,rf",target,1.0,0.7560094370616729,0.7761669096591093,0.796417436652703,5,0.3814112328093088,E4,15.0,"gam,maxent,gbm,rf",ens4,500,10000,498,500,0.935818677235571,0.9956330333643116,0.007257864751052762,0.0714391875154818,0.9205644006157645,0.9285608124845182,0.9593468886358111,0.9948702685668266,0.9234310810513446,"wbal,tcold",22.8,0,drought_limited,0.621355625,2.7052445173461503,0.9733306248004875,0.9387416398315581,0.923690499075297,13.32263875161409,0.5285607552808531,2.4132276442903144,0.0011555026436500526,2.6325888506512616,0.9735552809478811,0.935818677235571,0.9234310810513446,2.9603246408098194,0.9586585202693663,0.8905375278672282,0.8902838569556057
0.9993944745805475,0.4530780493662405,2.7481183287777933,0.8688453963564746,0.10296455153273622,1.0335629371559267,0.9097614563716259,0.45988768551945447,0.41748042154113896,1.0227166549871525,0.9026185870600802,0.16161616161616163,0.0010155096011816838,0.10357007695218873,0.08389037776340244,0.9274594236502232,370.2797465108598,0.8964299230478113,235.15784742614898,1.0407220704610098,0.9085614926032237,0.8967014107967595,0.9294591464574007,-1.8206589051275701,449.75910574258063,0.8258890695052119,0.9993944745805475,0.8967014107967595,1.0862388988834633,4.804977801023654,10.176949983614946,0.8884272936156244,0.12007767212084869,1.0970693130717941,0.9219165927240461,0.8267094758764318,0.7515114668828318,1.0548958376135102,0.906498700259948,0.04806687565308255,0.009816592811422945,0.03383877323738542,0.0553604541546239,-3.0779422631029174,1096.9622789567613,0.9661612267626146,121.87769101235058,1.1295469544625178,0.9114939385653086,0.9262230009033918,0.9326866125598297,-13.254892246717864,1037.4235233257118,0.8988478393224444,1.0862388988834633,0.9262230009033918,"glm,gam,maxent,gbm,rf,mahal",target,1.0,0.7537936807730924,0.7959477566079481,0.7742812577135437,5,0.3966705602314126,E4,15.0,"glm,gam,maxent,gbm,rf,mahal",ens6,500,10000,498,500,0.9721823135992074,0.9899294289994102,0.060540004954173894,0.08835769135496656,0.9337401011080064,0.9116423086450335,0.9245010487709912,0.9572113869533247,0.8688536955983581,"wbal,tcold",25.4,0,drought_limited,0.5975654166666666,6.710896285875256,0.9441444605411417,0.8831062670299727,0.846662212726891,13.256943823354504,0.5285607552808531,2.4148129799355957,3.501523162574571e-05,10.176949983614946,0.9262230009033918,0.9721823135992074,0.8688536955983581,5.6265001314522385,0.9348038994108695,0.840698538518702,0.8270425877763639
1.1743408603507002,1.4396290372393423,8.09506126145334,0.7988572952568521,0.2641352340103444,1.2225472726789182,0.835730525308125,0.26096013635072435,0.0669162377164249,1.2079829479093669,0.8444703050820561,0.16161616161616163,0.0010155096011816838,0.08979437365964425,0.14387661850927722,6.27440235632577,323.68422078761023,0.9102056263403557,263.4644349037099,1.2298572192965165,0.8417024501136651,0.8372244140171734,0.8190413634556548,-1.8206589051275701,449.75910574258063,0.7292469897960105,1.1743408603507002,0.8372244140171734,1.2306462206230904,8.123611080639762,11.654325997888037,0.8019756277695717,0.26759758987977955,1.3365172895022484,0.8376050224977104,0.7252329340178741,0.48626698168930893,1.3453589185191273,0.822754428073372,0.04597701149425287,0.009816592811422945,0.03695136925668922,0.11002683075903077,-1.6005662488298267,911.0866710399334,0.9630486307433108,284.3930045013277,1.49470088124539,0.7982446585020463,0.863470524227101,0.8499895948390401,-13.254892246717864,1037.4235233257118,0.813038225582351,1.2306462206230904,0.863470524227101,"glm,gam,maxent",target,1.0,0.7359185685198443,0.7369490323222878,0.8194366623274328,5,0.36682599345912614,E4,15.0,"glm,gam,maxent",ens_glm_gam_maxent,500,10000,498,500,1.084889769630914,0.9784473566722357,0.15922714887292544,0.07433737924201139,0.9511982499080479,0.9256626207579886,0.8879727209001153,0.8874610455548163,0.813123666312805,"wbal,tcold",4.5,0,drought_limited,0.5469941666666667,1.6008282306732013,0.8991067203028869,0.9139707703740402,0.8135170893715777,11.42374304273468,0.5393512814194185,2.39301461481298,0.015441717146958966,11.654325997888037,0.863470524227101,1.084889769630914,0.813123666312805,1.158118053169476,0.8971862118406118,0.8999752291305425,0.809414713681353
1.05810521004163,0.7940761995654384,3.951530979744633,0.827865993763335,0.17002649173710105,1.1060078189409857,0.8625801889175128,0.28384499245093103,0.254007146503318,1.0917425835085262,0.87484296043999,0.11428571428571428,0.00143607418348925,0.11192128169547118,0.11462998726219337,2.130872074617063,370.23855986201016,0.8880787183045288,158.4641791698651,1.1109577853501929,0.8719015982283412,0.8630061417380751,0.8835151158971877,-1.8206589051275701,449.75910574258063,0.7715938342017163,1.05810521004163,0.8630061417380751,1.088352037465376,7.799913153579666,6.070809252294662,0.8582799934350894,0.13592621148519377,1.1819817025895487,0.8904744307683561,0.7361535106846926,0.6940355242242034,1.157003739162592,0.8865225259548528,0.04221388367729831,0.010934679139996718,0.04757417401981781,0.06617784323079795,-7.184082994423202,1003.7713920503572,0.9524258259801822,132.68315859535932,1.2901898365619784,0.864678860203753,0.9121314882677898,0.9238022058941235,-13.254892246717864,1037.4235233257118,0.8762280318743056,1.088352037465376,0.9121314882677898,glm,target,1.0,0.7746279315873936,0.7788425831428482,0.8154706163956534,5,0.492858154350444,E4,15.0,glm,glm,500,10000,500,500,1.01716621253406,0.9770198469576773,0.10750557344562794,0.090339360911568,0.9539275384589587,0.909660639088432,0.9019193692974593,0.9240169473721068,0.8336775864605388,"wbal,tcold",2.9,1,drought_limited,0.5830225,3.4615458886099404,0.9233197150484506,0.9001981669556601,0.8252806910565174,10.952484233250559,0.545229494924332,2.36906118404756,0.03237158163801257,6.070809252294662,0.9121314882677898,1.01716621253406,0.8336775864605388,3.318485251487335,0.9219843279445036,0.8725291057716126,0.8128318845698126
1.1084899709852403,0.8724962626206434,5.0368408343668625,0.8161619891678976,0.1989403305159581,1.1637456450626313,0.856352708366622,0.2303370786516854,0.32166890982503366,1.1179046951646812,0.867758568395511,0.10714285714285714,0.00143607418348925,0.0904503595307178,0.11767062497431893,3.2161819292392924,414.9427300088778,0.9095496404692822,34.760198214459486,1.1711397110591681,0.8616641805564563,0.862749790594711,0.8637062900800304,-1.8206589051275701,449.75910574258063,0.7732559305493125,1.1084899709852403,0.862749790594711,1.1083982980667637,7.70650365894619,4.442694718173955,0.8533563105202692,0.14135183757388847,1.203752519770507,0.8916971573318323,0.6801152737752162,0.721352493660186,1.1925874183342235,0.8684994659020633,0.040337711069418386,0.010934679139996718,0.0329535395071247,0.06285909854597499,-8.812197528543908,976.3498724795645,0.9670464604928753,128.6576916697199,1.414806475406654,0.8242689259360481,0.9173280602432484,0.9207606973058637,-13.254892246717864,1037.4235233257118,0.887807157798739,1.1083982980667637,0.9173280602432484,gam,target,1.0,0.7786846651784369,0.7794672437328026,0.846446356232093,5,0.49219441874004116,E4,15.0,gam,gam,500,10000,500,500,1.0543968293287094,0.9779521994904048,0.13683428288332922,0.08243745355461976,0.9521568442443921,0.9175625464453803,0.89326709752098,0.9032879302496586,0.8208504766950389,"wbal,tcold",4.0,1,drought_limited,0.5675925,4.392242187539596,0.9301959619952495,0.8790190735694823,0.8195332447940342,7.583950337204559,0.5688226885842376,2.3137478325489225,0.07146608774817054,4.442694718173955,0.9173280602432484,1.0543968293287094,0.8208504766950389,4.576271557062695,0.9317264360054607,0.897944017835026,0.8242526180087248
1.0498549262015895,1.2197896419356198,3.6162896999510696,0.8282557853274249,0.16651949034943864,1.092816680407436,0.8645859807858486,0.28527481542247746,0.24730852045524454,1.0875379584209297,0.8749265672643858,0.11428571428571428,0.00143607418348925,0.11666456414784912,0.11513333607264659,1.7956307948234995,362.6725434861355,0.8833354358521509,173.41051202329948,1.1038609929876932,0.873156105265976,0.8618516603894345,0.8859177570739634,-1.8206589051275701,449.75910574258063,0.7692531929261142,1.0498549262015895,0.8618516603894345,1.0848967703246808,7.8467352358532025,6.197133604938864,0.8564438700147711,0.1370113367029327,1.173112110404714,0.886288389085512,0.7319367665599845,0.6893062582299536,1.152648231088466,0.8876290824409704,0.04221388367729831,0.010934679139996718,0.052114566378251806,0.06822094542739209,-7.0577586417789995,1005.2557468796108,0.9478854336217482,136.21185709323927,1.2722543577002212,0.8706155712357554,0.9092876415882538,0.9231939041764715,-13.254892246717864,1037.4235233257118,0.8710793377982196,1.0848967703246808,0.9092876415882538,maxent,target,1.0,0.774377429370908,0.780102111261057,0.8199677649836857,5,0.48551006683410075,E4,15.0,maxent,maxent,500,10000,500,500,1.0125588308149616,0.9766111492955715,0.1051027991082487,0.0925439682932871,0.9528157750183621,0.9074560317067129,0.9017932969832733,0.925715186105956,0.8331712178126689,"wbal,tcold",3.1,1,drought_limited,0.585445,3.925909649662973,0.9207167184954835,0.888184295268764,0.816226313338549,10.73003656160194,0.5469155083554583,2.364404260589547,0.03566301341083378,6.197133604938864,0.9092876415882538,1.0125588308149616,0.8331712178126689,3.7619041129530295,0.919717194062869,0.8725786475105276,0.8094145905165551
0.9274883310205626,0.9899188468983198,-1.2281055013391828,0.9465267520105038,0.000983978806610319,0.9444429669423685,0.9711268857795468,0.7022040974851927,0.8484003281378178,0.9299521139920579,0.9626760669924505,0.02142857142857143,0.00143607418348925,0.07349564778604768,0.030293380449521304,-3.048764406466753,421.1214705573252,0.9265043522139523,36.74079524929621,0.9346362893914218,0.9657772537374266,0.9613592334677208,0.999325877655437,-1.8206589051275701,449.75910574258063,0.9258302298693892,0.9274883310205626,0.9613592334677208,0.9660184471287016,0.166847170205358,2.4734485671018653,0.9619235187920565,0.0,0.9545665994727864,0.9767552558508529,0.9287730827972417,0.9313277072730787,0.9411184616016764,0.9696238436950954,0.008442776735459663,0.010934679139996718,0.03398155287129844,0.012248242102424757,-10.781443679615998,1035.872351692157,0.9660184471287016,18.91326201999606,0.9561318374160488,0.9775740255616416,0.9827155472925866,1.0,-13.254892246717864,1037.4235233257118,0.9660184471287017,0.9660184471287016,0.9827155472925866,gbm,target,1.0,0.7727635161940185,0.8012360714486645,0.8505264337070715,5,0.4432732682719672,E4,15.0,gbm,gbm,500,10000,500,500,0.9392370572207085,0.9994570646343619,0.0014119395590785236,0.062174882338370076,0.8048095833898021,0.9378251176616299,0.9672103925300497,0.9990020658986659,0.9368271835602959,"wbal,tcold",4.6,1,drought_limited,0.61462,1.4738161799275122,0.98837629052054,0.9613079019073569,0.9553043569989605,13.615765353422892,0.5291637704373054,2.4024523160762943,0.008771315522252188,2.4734485671018653,0.9827155472925866,0.9392370572207085,0.9368271835602959,7.303943876996932,0.9676611048876835,0.8645528858062917,0.8629040248807462
0.9664690298978176,0.4130630011493963,-0.45247424281742443,0.9467934515017233,0.01940204364829065,0.9798143666391851,0.9724487191542522,0.7062528115159694,0.8539361117651676,0.9512380284980145,0.9688444617364499,0.007142857142857143,0.00143607418348925,0.05293301375047307,0.02944076919916177,-2.2731331479449945,412.25508601303153,0.9470669862495269,67.39300573136558,0.966008617533583,0.9708498660669522,0.9632157657715451,0.9867076901802845,-1.8206589051275701,449.75910574258063,0.9337746764298114,0.9664690298978176,0.9632157657715451,0.9957737228361746,0.25418024201331946,2.2183333263923295,0.9585590021335959,0.0206744909906051,0.9880911769266553,0.9714223317630175,0.9227594868574505,0.9276531856995403,0.9557053046801167,0.96785444154971,0.00375234521575985,0.010934679139996718,0.02490076815443045,0.016510754806994255,-11.036558920325534,1020.6265038193346,0.9750992318455696,48.11085631181245,0.9869948367560852,0.9679776488287126,0.9771641150379168,0.9884102514847364,-13.254892246717864,1037.4235233257118,0.963509483330306,0.9957737228361746,0.9771641150379168,rf,target,1.0,0.7623598691384686,0.7770135887445331,0.7613407475839349,5,0.11965542584612243,E4,15.0,rf,rf,500,10000,500,500,0.9709437701263315,0.9924866923254791,0.016200148625216744,0.04525637849888531,0.7693151326532339,0.9547436215011147,0.9688187313836139,0.9885500192583774,0.9432936407594921,"wbal,tcold",20.1,1,drought_limited,0.601115,2.0445281449574235,0.9750336893049135,0.9483775080505326,0.9322271266772411,13.254892246717864,0.5285607552808531,2.414862521674511,0.0,2.2183333263923295,0.9771641150379168,0.9709437701263315,0.9432936407594921,2.5918635973317787,0.9630908634760408,0.9078523656180332,0.9004536306957138
1.5404314368613599,0.9003243039872473,14.647284177700293,0.6459256523879862,0.6558092594928725,1.5850642270152389,0.6985319081079413,0.5075642417661962,0.0005256932579839664,1.5366444755898154,0.6702043165467626,0.11428571428571428,0.00143607418348925,0.11537782263151256,0.3138225746805276,12.826625272572723,289.2179784719805,0.8846221773684875,549.9193209442393,1.565434115294714,0.6811056467901994,0.6964346012513656,0.5507060999429588,-1.8206589051275701,449.75910574258063,0.4353282773114464,1.5404314368613599,0.6964346012513656,1.9892915274565237,4.0699044216582365,41.98867648000314,0.5017130313474479,1.0715611525172049,2.0723523026825865,0.5975289700004037,0.6177467972871138,0.0228175519630485,1.9927271233101862,0.540956146854491,0.04221388367729831,0.010934679139996718,0.08226962506068135,0.4185870444504366,28.733784233285277,733.9712478539875,0.9177303749393186,697.3623044593522,2.180441787336465,0.5575099176075679,0.614011960031333,0.39930205381869405,-13.254892246717864,1037.4235233257118,0.31703242875801263,1.9892915274565237,0.614011960031333,mahal,target,1.0,0.7266122625227032,0.8301211269144746,0.8304056771892521,5,0.3465181016862465,E4,15.0,mahal,mahal,500,10000,500,500,1.3404508298241269,0.8400678642806847,0.46891255883081495,0.12846172900668815,0.6819376464475677,0.8715382709933118,0.744761017738453,0.668580832662208,0.54011910365552,"wbal,tcold",2.3,1,drought_limited,0.449095,38.49240993420523,0.6029330613200448,0.4901659648253654,0.3599059517072736,13.184029986519862,0.5282568280406886,2.4119891008174386,-0.0013936738726081366,41.98867648000314,0.614011960031333,1.3404508298241269,0.54011910365552,62.270736010315595,0.6330895128595637,0.9677730988357691,0.4834307715781061
0.9354863126024978,1.0670457930524435,-0.9561719939992663,0.9545174790743476,0.0007569067743156302,0.9525278583016409,0.9752237220262338,0.7417960306543525,0.8879051119278316,0.9427411819668302,0.9698053655970542,0.02857142857142857,0.00143607418348925,0.06527059417181784,0.02684184574927066,-2.7768308991268364,427.0365999537315,0.9347294058281822,47.837172132074684,0.948041341631699,0.9726049181038845,0.9658858342132364,0.9994814443503361,-1.8206589051275701,449.75910574258063,0.9342108501785185,0.9354863126024978,0.9658858342132364,0.9721579713869614,0.7877566485721559,2.5225325959849823,0.966713851961267,2.8555926782603728e-05,0.9684602263916886,0.983725363540403,0.9284602688045273,0.9440438513491468,0.9664708057689937,0.9823227046679761,0.0300187617260788,0.010934679139996718,0.02787058453982124,0.009800667897367821,-10.732359650732882,1020.2508744821782,0.9721294154601787,20.101717863510924,0.983073877091502,0.9912297874006499,0.9858534960832863,0.9999839920600618,-13.254892246717864,1037.4235233257118,0.9721134075202404,0.9721579713869614,0.9858534960832863,"gam,maxent,gbm,rf",target,1.0,0.7723164993232294,0.7881896606368818,0.8509034800712525,5,0.4405491627059538,E4,15.0,"gam,maxent,gbm,rf",ens4,500,10000,500,500,0.9446866485013624,0.9990917649995187,0.000594500866980431,0.05590785236561803,0.9432743998917812,0.944092147634382,0.9709452660272332,0.9995798172204909,0.943671964854873,"wbal,tcold",25.1,1,drought_limited,0.61331625,2.4907395733623545,0.9861470984178452,0.945578399801833,0.9443523237289915,11.85355102220268,0.5381494629108847,2.3898687143918753,0.017665184355194485,2.5225325959849823,0.9858534960832863,0.9446866485013624,0.943671964854873,4.5856691250022,0.9573334127314953,0.8720584592519197,0.8720584592519196
0.9472940582818217,0.5690672093287503,-0.37528264062772765,0.9355100114885935,0.0216223035196165,0.9675806494508125,0.9605720233026506,0.668184968808793,0.8003768091119294,0.9587129175426302,0.9549804716615485,0.11428571428571428,0.00143607418348925,0.07432824523779488,0.03890167235074167,-2.1959415457552978,421.6897863379401,0.9256717547622051,73.1398668987498,0.9687403193556563,0.9598615322995937,0.9507262150011013,0.9851865936079374,-1.8206589051275701,449.75910574258063,0.9108583483701425,0.9472940582818217,0.9507262150011013,0.9910334389902624,2.2244257585817877,3.658393249609315,0.9528454784178566,0.017590450898083896,0.9923088850984649,0.9769621120139472,0.9144721510137497,0.909872089209577,0.9833586719809344,0.9673289274689759,0.04221388367729831,0.010934679139996718,0.02655701190782147,0.015566986787247723,-9.596498997108549,1036.2978234083373,0.9734429880921786,39.25568912778941,1.004153887961489,0.9782082324455206,0.9778268601916127,0.990139108998063,-13.254892246717864,1037.4235233257118,0.9635820970902416,0.9910334389902624,0.9778268601916127,"glm,gam,maxent,gbm,rf,mahal",target,1.0,0.7763016113263504,0.8129441509500028,0.8503032348687667,5,0.5022280887156487,E4,15.0,"glm,gam,maxent,gbm,rf,mahal",ens6,500,10000,500,500,0.9509289076046569,0.9939591812604448,0.01372306167946495,0.06279415407480803,0.9510611307232784,0.937205845925192,0.9607790855648244,0.9903007808396652,0.9275066267648571,"wbal,tcold",25.2,1,drought_limited,0.6007904166666668,6.047311717406855,0.9774953358208955,0.8966559326232351,0.8941615019922817,9.956167896037272,0.558271890319238,2.316596482536537,0.06945271192968949,3.658393249609315,0.9778268601916127,0.9509289076046569,0.9275066267648571,11.99906950971673,0.9450536209181829,0.7870200644042606,0.7870200644042606
1.0742273243345528,0.0238934173656844,4.504915127392661,0.8251477104874446,0.1768134224801312,1.1157150075795856,0.8661898357070129,0.25941502580768494,0.28064260214200715,1.0950128474655454,0.8766550522648083,0.11428571428571428,0.00143607418348925,0.1025860981455784,0.11359247236717755,2.684256222265091,396.5660980461463,0.8974139018544216,110.39434478808428,1.1201667182967698,0.873108853025171,0.865299469663796,0.8788654002385355,-1.8206589051275701,449.75910574258063,0.776279302092957,1.0742273243345528,0.865299469663796,1.0978897170107655,7.881524746766274,5.978700851772855,0.8600956015099295,0.1379536822867586,1.1923398976585518,0.8911616590278957,0.7353803277113066,0.7034511121011686,1.1635780909725932,0.8856518849112145,0.04221388367729831,0.010934679139996718,0.040063965275993034,0.06418659641990417,-7.276191394945009,1005.3823256508323,0.959936034724007,127.3209161948969,1.309289956908265,0.8603849710010927,0.9151444205482808,0.9226656421585107,-13.254892246717864,1037.4235233257118,0.8826016768825178,1.0978897170107655,0.9151444205482808,"glm,gam,maxent",target,1.0,0.7761292363883442,0.7796233425105656,0.8160587638557818,5,0.49226426694164405,E4,15.0,"glm,gam,maxent",ens_glm_gam_maxent,500,10000,500,500,1.0270993311865246,0.9788273443597457,0.11302947733465445,0.0859301461481298,0.9561969885678354,0.9140698538518702,0.901850086761004,0.920112749045835,0.8341826028977053,"wbal,tcold",4.6,1,drought_limited,0.5782525000000001,3.8509043247353265,0.9265108382243169,0.9106019321278177,0.8317102786132575,7.340333332467397,0.5815853719296498,2.2486004458756503,0.11751111733604125,5.978700851772855,0.9151444205482808,1.0270993311865246,0.8341826028977053,3.3575376610548435,0.9262423972704347,0.8904879861283131,0.8257173466940655
0.894966569950801,5.841413262142396,-1.6988972064972963,0.8538179057935336,0.06976157436609058,0.9293635807558309,0.8809031511041271,0.25652616114815235,0.5752895752895753,0.9346531184302733,0.8932657188565909,0.09473684210526316,0.0029234367306745445,0.17479500441528953,0.0994413752661955,-3.5195561116248664,402.58918504050905,0.8252049955847105,241.56397688411423,0.9490270072376017,0.8957056987631488,0.8709441197225292,0.9522064542893195,-1.8206589051275701,449.75910574258063,0.7774114498740299,0.894966569950801,0.8709441197225292,0.8935149490276707,3.9441343313413313,-1.6393034775926356,0.8678401444280321,0.030097946828864332,0.9578849434020779,0.9063866185135906,0.6468776253150378,0.7841154731190294,0.9909602662612483,0.9207495769183143,0.16599839615076184,0.012791317905793534,0.13658299780119365,0.058498976527675314,-14.8941957243105,998.4933024583354,0.8634170021988063,159.43593141064102,1.0632400326099616,0.9244171825314693,0.9119727337163884,0.9831276313051274,-13.254892246717864,1037.4235233257118,0.8465446335039337,0.8935149490276707,0.9119727337163884,glm,target,1.0,0.7849356815282691,0.7835281154580993,0.8497029603062938,5,0.48273108028430267,E4,15.0,glm,glm,500,10000,496,500,0.9107257864751053,0.9772415535684948,0.04961605152340847,0.1388902650483032,0.9534516094031391,0.8611097349516968,0.9013430823480606,0.9649322455268041,0.8260419804785011,"wbal,tcold",2.6,2,drought_limited,0.619875,-1.6564708891552922,0.9101774609434249,0.8998761456527125,0.8220837327551829,8.308829202374612,0.5785985787473145,2.241169185038395,0.12276340207990466,-1.6393034775926356,0.9119727337163884,0.9107257864751053,0.8260419804785011,-1.4280755106835468,0.8930084578916697,0.8266534555362893,0.794521806730788
1.083436356755393,2.5656133776919887,4.81636561848473,0.8226961267027737,0.18541692948151886,1.1259540969655062,0.8575646125747455,0.2187818670622045,0.3562737272461793,1.0961807988787666,0.8748293634210893,0.08771929824561403,0.0029234367306745445,0.1019805727261259,0.11693054741108813,2.99570671335716,417.1192531074611,0.8980194272738741,98.83171255225021,1.1312906587062435,0.8683932346723044,0.8620560204415273,0.8729711510206903,-1.8206589051275701,449.75910574258063,0.7709905782945645,1.083436356755393,0.8620560204415273,1.0229589651332134,4.091254022103556,-0.8242097608133765,0.8705276546857049,0.07987092721094263,1.1109629399906962,0.9083563495328201,0.6781949934123848,0.7636647756225159,1.1623864897070304,0.8822255159046859,0.161186848436247,0.012791317905793534,0.05691196207772923,0.047682380690142454,-14.07910200753124,938.2794116296452,0.9430880379222708,128.45591497217566,1.2941107962265617,0.8636409787795716,0.9323847435137348,0.9552257919928284,-13.254892246717864,1037.4235233257118,0.8983138299150992,1.0229589651332134,0.9323847435137348,gam,target,1.0,0.7835023801073963,0.7738958650837446,0.871387380837098,5,0.45334012063938145,E4,15.0,gam,gam,500,10000,496,500,1.0327718602922962,0.9821682424113592,0.11729006688134753,0.08451820658905128,0.9567644865777339,0.9154817934109487,0.9007226155514666,0.9171014391260198,0.8325832325369684,"wbal,tcold",3.5,2,drought_limited,0.5687875,-1.1908406490902852,0.933668125403544,1.0039881099826604,0.8332675864607992,9.501459548564705,0.5521585569676137,2.3632895714639583,0.03645085612241328,-0.8242097608133765,0.9323847435137348,1.0327718602922962,0.8325832325369684,-2.276814007367989,0.9177482621272471,0.9093881595243993,0.8255922017184734
0.9093225684369876,5.93666905669653,-1.0965913911767045,0.8503918430986378,0.07932382994827804,0.944815297465493,0.8789913438264937,0.2608597794283142,0.523542600896861,0.9501868722261154,0.8906722563257973,0.09473684210526316,0.0029234367306745445,0.17000126151129052,0.10138575969877472,-2.9172502963042746,392.1897607921099,0.8299987384887094,243.30293102409607,0.9648821425554085,0.8931217841223431,0.8694169882129077,0.9456553679152334,-1.8206589051275701,449.75910574258063,0.7756541064039428,0.9093225684369876,0.8694169882129077,0.9138182129701019,4.2863813993024,-0.5448060616540804,0.8683427703922534,0.038864616351123676,0.9793146224220809,0.9077918618679787,0.6562585894123467,0.7777428920286064,1.0063689033159386,0.9201499109135964,0.16599839615076184,0.012791317905793534,0.12504640338102174,0.057491090075955154,-13.799698308371944,1001.4939736843905,0.8749535966189783,153.8166266157245,1.0836212585892309,0.9236473393948428,0.9143539242017308,0.9782131937440971,-13.254892246717864,1037.4235233257118,0.8531667903630753,0.9138182129701019,0.9143539242017308,maxent,target,1.0,0.7847211871343888,0.7843714702286482,0.8522077468362473,5,0.4692006399387312,E4,15.0,maxent,maxent,500,10000,496,500,0.9195937577408967,0.9771765964974551,0.054173891503591774,0.13458013376269506,0.9534708195694208,0.8654198662373049,0.9016698066947119,0.9617108442172345,0.8271307104545396,"wbal,tcold",2.6,2,drought_limited,0.616375,-0.47317910701504395,0.9146457725078949,0.922046073817191,0.8279764440905586,8.196745648818426,0.5788438331707801,2.2429279167698786,0.12152036135719047,-0.5448060616540804,0.9143539242017308,0.9195937577408967,0.8271307104545396,-0.9318457848016113,0.8963336359936128,0.833044339856329,0.794570918260268
0.9163618014381228,1.5914399185419938,0.4439515979887898,0.9290169046446742,0.0013624321937681341,0.9264115316082019,0.9613584593083454,0.5183307685344437,0.8765562698348116,0.8952347582340575,0.9441363160165157,0.0,0.0029234367306745445,0.08500063075564526,0.035214962501157375,-1.3767073071387803,437.46851251256044,0.9149993692443548,83.79600743103775,0.9120223042045679,0.9537514360620968,0.9549338424066882,0.9990665998306052,-1.8206589051275701,449.75910574258063,0.91406596907496,0.9163618014381228,0.9549338424066882,0.9675890231017448,0.3853569465701412,5.2634729076459825,0.952424913835549,8.56677803478112e-05,0.8862769421615755,0.9396116600628052,0.8954456308563957,0.9309516949966388,0.8884003780252291,0.9407720092258148,0.009623095429029671,0.012791317905793534,0.03249664467860305,0.011730967051464553,-7.991419339071881,1099.1325093890855,0.967503355321397,25.23513552874691,0.9151364571606041,0.9555663666585583,0.9834404888031,0.9999519761801854,-13.254892246717864,1037.4235233257118,0.9674553315015824,0.9675890231017448,0.9834404888031,gbm,target,1.0,0.7745272772228549,0.7885293061521741,0.8672437678001008,5,0.41587554185313336,E4,15.0,gbm,gbm,500,10000,496,500,0.9122368095120139,0.9955152591947227,0.00044587565023532325,0.08820906613822145,0.8081829213840074,0.9117909338617786,0.9536380947446145,0.9996848629153682,0.9114757967771467,"wbal,tcold",4.6,2,drought_limited,0.6178625,3.7957177171727636,0.9899671337138903,0.9398563289571464,0.9374464552967336,1.9870257323474796,0.7571266418031458,1.6048055486747586,0.572534052312756,5.2634729076459825,0.9834404888031,0.9122368095120139,0.9114757967771467,6.55693126681468,0.9518564523128956,0.8443150854594996,0.8440614145478773
0.9136873975022076,0.41399668068424944,0.6040740715214654,0.9136714262268176,0.010697615743660906,0.9224222760032977,0.9512346959950198,0.5178217821782178,0.8167806931809638,0.8608093903293623,0.9214329426163913,0.02456140350877193,0.0029234367306745445,0.09701021824145326,0.04384638334207792,-1.2165848336061047,438.02433780243945,0.9029897817585467,73.92204424427794,0.9045312455997071,0.945141065830721,0.9437171221769568,0.9926710801514183,-1.8206589051275701,449.75910574258063,0.8956608619099651,0.9136873975022076,0.9437171221769568,0.9648762100573974,0.24273159653796483,5.4234683514641775,0.9360844411619892,0.011422370713041492,0.8914560396960769,0.9296933923594032,0.8611396303901437,0.909234761693778,0.86678719644985,0.9270998415213946,0.07538091419406576,0.012791317905793534,0.04654616065564408,0.02011616670649723,-7.831423895253686,1050.3834566256053,0.9534538393443559,49.722554379343244,0.9279086921076128,0.949276091903103,0.9704976165562144,0.9935968240247163,-13.254892246717864,1037.4235233257118,0.9470506633690721,0.9648762100573974,0.9704976165562144,rf,target,1.0,0.7678405396903737,0.7758733459721058,0.7691236685932845,5,0.10073363305197472,E4,15.0,rf,rf,500,10000,496,500,0.9081000743126084,0.9843099026067422,0.007604656923458014,0.09950458261084964,0.7847884970484914,0.9004954173891504,0.9438660262235493,0.9946251619454463,0.8951205793345967,"wbal,tcold",19.4,2,drought_limited,0.6197875,5.754627219685104,0.9787903491082793,0.9346544463710676,0.9142762164707365,13.254892246717864,0.5285607552808531,2.414862521674511,0.0,5.4234683514641775,0.9704976165562144,0.9081000743126084,0.8951205793345967,4.442996765268459,0.9453469865769797,0.8579390636611345,0.8507094426798967
1.5467137630881795,1.1875726437702951,14.760968411391385,0.6393504841621533,0.6637063201715655,1.5916332012446477,0.6961456366472375,0.47913978494623655,0.000783187573423835,1.5399731371174958,0.666796951338675,0.09473684210526316,0.0029234367306745445,0.11699255708338589,0.3180560270773536,12.940309506263814,292.70226043335356,0.8830074429166141,556.0380382660012,1.568306626489059,0.6775806486984364,0.6934485184121103,0.5452958359981332,-1.8206589051275701,449.75910574258063,0.4283032789147474,1.5467137630881795,0.6934485184121103,1.9983152003198263,3.6077820188214105,42.17714722092568,0.4981638765796816,1.076158656729204,2.080136455264382,0.5979319163503458,0.6143668476564937,0.01861922757857867,1.997575707770062,0.5375041122930145,0.16599839615076184,0.012791317905793534,0.07784345640937777,0.4177533483650419,28.922254974207817,737.0878778945413,0.9221565435906223,700.5426821294268,2.1837416048759657,0.5550542616754054,0.6151164784091125,0.3967247754886424,-13.254892246717864,1037.4235233257118,0.31888131907926454,1.9983152003198263,0.6151164784091125,mahal,target,1.0,0.7248452997776166,0.8238602061381373,0.8565879438675778,5,0.2951369444947709,E4,15.0,mahal,mahal,500,10000,496,500,1.3445627941540748,0.839339525995765,0.47577408967054746,0.13121129551647262,0.6819347844701165,0.8687887044835274,0.741109350237718,0.6637312230820407,0.5325199275655681,"wbal,tcold",2.3,2,drought_limited,0.4436875,42.94864631913712,0.6106066629561898,0.5322269011642309,0.3722873913863207,12.692024848288895,0.5312842189091299,2.3808521179093387,0.01761162674998218,42.17714722092568,0.6151164784091125,1.3445627941540748,0.5325199275655681,60.83565251124045,0.6302970358235712,1.04131781025514,0.48692003290442987
0.8885076321433076,2.1245915619959987,-1.942355879120783,0.9176821762678483,0.0029771666456414785,0.9174755990532166,0.9540215536969999,0.47711762344439984,0.8110301424312686,0.8946215837421163,0.9425308613435666,0.08771929824561403,0.0029234367306745445,0.1144695345023338,0.04763227472403115,-3.763014784248353,430.0180559480549,0.8855304654976662,115.87439008102682,0.9057985299501535,0.9471724321368936,0.9378097821004395,0.997960347777989,-1.8206589051275701,449.75910574258063,0.8834908132756554,0.8885076321433076,0.9378097821004395,0.9421171364116623,1.2787497032886677,3.414212335259391,0.9409568357131134,8.56677803478112e-05,0.9303147774848813,0.959047603746606,0.8767162066525124,0.9017149301754736,0.9236553396063607,0.9576213260423787,0.0954290296712109,0.012791317905793534,0.05796853136868557,0.019887573903014308,-9.840679911458473,1064.3481726944249,0.9420314686313145,46.558202949455094,0.9506192010559417,0.9660470485212753,0.9701077766831836,0.9999519761801854,-13.254892246717864,1037.4235233257118,0.9419834448114999,0.9421171364116623,0.9701077766831836,"gam,maxent,gbm,rf",target,1.0,0.7811640219109712,0.7896929421492521,0.8702410888820769,5,0.37450768359259606,E4,15.0,"gam,maxent,gbm,rf",ens4,500,10000,496,500,0.9064404260589547,0.9973258322473075,0.0015605647758236314,0.09512013871686896,0.9411368392273138,0.904879861283131,0.9492873198809818,0.9988970202037887,0.9037768814869196,"wbal,tcold",22.6,2,drought_limited,0.632565625,2.635144347558205,0.9836796756208819,0.9432747089422838,0.9254331881581765,15.443455379180115,0.5415155755893518,2.2863017091899924,0.09086452606883988,3.414212335259391,0.9701077766831836,0.9064404260589547,0.9037768814869196,4.546619387501604,0.9362393681652491,0.8362893237552638,0.8362893237552638
0.8705184811404062,3.8508903368868346,-1.1408665758039227,0.8909917118004267,0.014280307808754888,0.8888327438100051,0.9252062741122469,0.3219731859584485,0.762176658880526,0.8794382153702406,0.918296642689577,0.09473684210526316,0.0029234367306745445,0.1437618266683487,0.06416468627511497,-2.961525480931493,410.50008491523494,0.8562381733316513,182.74475425618638,0.8916894308485173,0.9258917406062049,0.9155089158056597,0.9902165834096762,-1.8206589051275701,449.75910574258063,0.8464547567413274,0.8705184811404062,0.9155089158056597,0.9500556840572261,2.026803208036654,6.825597612900791,0.9188105202691613,0.009908906593563494,0.8835168243138471,0.926729673658906,0.813423560281729,0.8731607629427793,0.9133829149032338,0.9400420907958597,0.16599839615076184,0.012791317905793534,0.059853222536337417,0.02323334129944618,-6.429294633817073,1081.3728289565302,0.9401467774636626,71.97365297409307,0.9488334174463294,0.9599601593625497,0.9642255707361361,0.9944452448414414,-13.254892246717864,1037.4235233257118,0.9345920223051039,0.9500556840572261,0.9642255707361361,"glm,gam,maxent,gbm,rf,mahal",target,1.0,0.7829833212914064,0.8169168334700242,0.8949695084467717,5,0.40888678502907416,E4,15.0,"glm,gam,maxent,gbm,rf,mahal",ens6,500,10000,496,500,0.8807530344315085,0.9934070360735728,0.009933118652464702,0.12918008422095614,0.9519926975503488,0.8708199157790438,0.9260332428943971,0.9929794460590357,0.8637993618380795,"wbal,tcold",23.8,2,drought_limited,0.6378770833333334,5.970722045595955,0.9687962613567095,0.9052514243249938,0.8803916749860008,10.988518444800931,0.5688596491228071,2.232945256378499,0.12857593052978045,6.825597612900791,0.9642255707361361,0.8807530344315085,0.8637993618380795,8.230595923255867,0.9403292181069959,0.8105276195194452,0.810316227093093
0.9431310710230857,5.06488669112548,-0.027837878382996895,0.8505867388806827,0.09683360666077961,0.9684050956091593,0.8805090928743211,0.2889725658956428,0.4991615427613192,0.9773709413688391,0.8952614403213184,0.09473684210526316,0.0029234367306745445,0.15370253563769395,0.10187957161815993,-1.848496783510567,409.7347732474528,0.846297464362306,204.50247287298615,0.9849615590413698,0.8948697576755008,0.8710657525708944,0.9336594472196774,-1.8206589051275701,449.75910574258063,0.7799569115819835,0.9431310710230857,0.8710657525708944,0.931465775721751,4.078971067900568,-1.0972148820729952,0.8756667487280486,0.04143464976155801,0.9990696231973949,0.910487123797704,0.6879771516449718,0.7814911797133407,1.0311049020010683,0.9200299407254556,0.16599839615076184,0.012791317905793534,0.10996887403980696,0.05294001517024968,-14.352107128790859,993.1702581895948,0.8900311259601931,140.73590546687905,1.1053224115843006,0.9206542383507588,0.9216121115349359,0.9767724791496583,-13.254892246717864,1037.4235233257118,0.8668036051098513,0.931465775721751,0.9216121115349359,"glm,gam,maxent",target,1.0,0.78453084320788,0.7807363151026894,0.8622688280915861,5,0.46627639674636895,E4,15.0,"glm,gam,maxent",ens_glm_gam_maxent,500,10000,496,500,0.9433985632895715,0.980457674187355,0.06108496408223928,0.11768640079266782,0.9576573689814326,0.8823135992073322,0.9080109616977885,0.9568262194054413,0.8391398186127734,"wbal,tcold",4.6,2,drought_limited,0.6069166666666667,-0.9377651961545386,0.922723727391797,0.9506811989100817,0.8399961244721836,8.291918812327204,0.5721310939746438,2.2779539261828092,0.09676459259778003,-1.0972148820729952,0.9216121115349359,0.9433985632895715,0.8391398186127734,-2.4320504465291446,0.90509820890448,0.8722813970770374,0.8206593665618831
0.9813793615074556,2.4932447833169817,-2.0799551171913784,0.9597796651895618,0.009916170033878187,0.9907731546309262,0.9789863719148402,0.5932060165624472,0.9192948794819523,1.0089880340029238,0.9619178525226391,0.0,0.0010975709830953553,0.028536808526422514,0.015968207350509852,-12.877590446083598,306.94552237676635,0.9714631914735775,28.56895556805668,1.0111511453593878,0.9673335948738068,0.9805928237129485,0.9929709547932479,-10.79763532889222,325.7846026543496,0.9644341462668256,0.9813793615074556,0.9805928237129485,0.9989896242179302,4.00852658035916,-0.32873119977826804,0.9614516658460528,0.02339408541561419,1.0025211092880868,0.9776383365640176,0.8070017143372733,0.96807773753686,1.0304387200643992,0.925836905617365,0.0,0.023992696537009684,0.024404461197683906,0.012927093295778201,-43.56559536354057,744.878662367156,0.9755955388023161,68.77778635876616,1.0300223713646532,0.9583654757444182,0.9760886469673405,0.9916103407428054,-43.2368641637623,753.9608866598114,0.9672058795451215,0.9989896242179302,0.9760886469673405,glm,target,1.0,0.8940421834610431,0.7132492386560749,0.7508042689872927,5,0.7767210756891503,E4,15.0,glm,glm,500,10000,500,500,1.0048087528124587,0.9955809884355858,0.0303524948162527,0.025543742003794064,0.9570365984143365,0.9744562579962059,0.9721189182052241,0.9736165970011887,0.9480728549973947,"mat,twarm",3.7,0,heat_limited,0.5327900000000001,0.7755641874452053,0.9751801441152922,1.0245511095425068,0.9540023296285718,21.721214140339015,0.5263825391467992,2.0247275775356246,0.10927253901905898,-0.32873119977826804,0.9760886469673405,1.0048087528124587,0.9480728549973947,-2.1360874919118658,0.9521420688271295,0.9732430405435214,0.9257019866330789
0.9930759909987883,1.5618619795224618,1.0689505445732,0.9360126374528147,0.04426420040060338,0.9916483296659332,0.9501569365976146,0.5616037008481111,0.7863509039979628,1.006416156803292,0.9517628486230486,0.0,0.0010975709830953553,0.05118820940181508,0.039638122426346005,-9.72868478431902,283.3039574448241,0.9488117905981849,70.31348019577938,1.0038134813139417,0.951004711842606,0.9521079927541626,0.9686234640396851,-10.79763532889222,325.7846026543496,0.9174352546378701,0.9930759909987883,0.9521079927541626,1.0257257218357752,0.6641209328817013,2.56880383153041,0.945849745609716,0.0684723895387246,1.0047220777141943,0.9320105397636538,0.8736329528219047,0.9264038231780167,0.9924028979673979,0.9013408752304235,0.0,0.023992696537009684,0.04274666770294952,0.030079139034566837,-40.66806033223189,762.8613415103333,0.9572533322970505,36.99026617067799,0.9817449664429531,0.9044071164092838,0.9450966850828729,0.9754442199149885,-43.2368641637623,753.9608866598114,0.9326975522120389,1.0257257218357752,0.9450966850828729,gam,target,1.0,0.8992688002437402,0.7345916874219666,0.778267929785119,5,0.7679074032494329,E4,15.0,gam,gam,500,10000,500,500,0.9813164512286584,0.9983254899044457,0.01731592182467905,0.03599947059602065,0.9764456932630957,0.9640005294039794,0.973090925284733,0.9849484219810561,0.9489489513850355,"mat,twarm",4.0,0,heat_limited,0.545655,4.702680102239441,0.931711231897275,1.0440728812811577,0.9416926238140038,39.29386631182119,0.43836293173203866,2.105152865399038,0.03936419066610419,2.56880383153041,0.9450966850828729,0.9813164512286584,0.9489489513850355,-0.10259922096916085,0.9353561740178841,0.9355891825120218,0.928868287640034
0.994732807438364,2.665004031615979,-2.046321857917153,0.9609080091908748,0.014416775884665793,1.0027255451090218,0.9799607955751439,0.5815022994379152,0.929435725410327,1.024852455465916,0.9610931358130331,0.0,0.0010975709830953553,0.01968396844630184,0.014160873270966616,-12.843957186809373,308.6628506278622,0.9803160315536982,22.726196806719887,1.0290613575993477,0.9670905108164508,0.9829046054670552,0.9897807148240986,-10.79763532889222,325.7846026543496,0.9700967463777967,0.994732807438364,0.9829046054670552,1.0136012124509386,5.36133339014583,-0.25015754616533314,0.9603540948629575,0.03136050985116388,1.0194485573652408,0.9761017755231453,0.7877256993170549,0.9684478068346538,1.069178909237271,0.9222651785931383,0.0,0.023992696537009684,0.01775929740022539,0.013284427582002965,-43.48702170992763,736.1185862234586,0.9822407025997746,80.85487520272781,1.064295302013423,0.9545917593254871,0.9756059904276672,0.9887533969758205,-43.2368641637623,753.9608866598114,0.970994099575595,1.0136012124509386,0.9756059904276672,maxent,target,1.0,0.8935577671604461,0.7099789214140781,0.7488299492764579,5,0.7731962570338199,E4,15.0,maxent,maxent,500,10000,500,500,1.0180879692945692,0.9939325745249105,0.037808267525477564,0.01972029823090837,0.9486759889371899,0.9802797017690916,0.9714935292060161,0.967135790159911,0.9474154919290028,"mat,twarm",4.2,0,heat_limited,0.526795,1.1261717572866417,0.9623339783209033,1.0478007676357701,0.9395242649741729,20.956609109465326,0.5297090336458794,2.0272201879384126,0.10710587874372046,-0.25015754616533314,0.9756059904276672,1.0180879692945692,0.9474154919290028,-2.295444500782807,0.9485019853206593,0.9773459213835091,0.9205687910845679
0.9678528153515171,1.3194140997660497,-0.2844465940012082,0.9714016084030855,0.0013353445930908282,0.9600920184036807,0.9782619788743175,0.7905368013281683,0.925122051644021,0.9586875304564405,0.9774153420870767,0.0,0.0010975709830953553,0.03348252924157373,0.014458672636345898,-11.082081922893428,325.73428310705805,0.9665174707584263,4.226442921220533,0.9552639192067959,0.9756674961328939,0.9823066676719696,0.9990534452838787,-10.79763532889222,325.7846026543496,0.9655709160423052,0.9678528153515171,0.9823066676719696,0.9715540356740372,1.968387231167867,0.035373830481972846,0.9771048744460856,0.002331636420160883,0.956740966025051,0.9754381659406508,0.9282903717979604,0.9738006657528882,0.9259911450996177,0.9584389122541208,0.0,0.023992696537009684,0.030777600746123655,0.008954376819514656,-43.201490333280326,764.5587124585702,0.9692223992538763,22.341525017219954,0.9216107382550336,0.9564124056999161,0.9832065281665155,0.9991638213364922,-43.2368641637623,753.9608866598114,0.9683862205903684,0.9715540356740372,0.9832065281665155,gbm,target,1.0,0.905297499601056,0.7811266733759503,0.918864212896558,5,0.7739291582847927,E4,15.0,gbm,gbm,500,10000,500,500,0.9709489566329907,0.9993155637337864,0.0007058719724709931,0.029756915339480303,0.8671981105194485,0.9702430846605197,0.9845441013530907,0.9993864324883998,0.9696295171489195,"mat,twarm",5.2,0,heat_limited,0.5501,1.905782497528648,0.9700743881433249,1.0188379582653195,0.9618958980308696,39.39243614285748,0.5220098993833171,1.6714165968147527,0.41638225255972694,0.035373830481972846,0.9832065281665155,0.9709489566329907,0.9696295171489195,1.7425249070530455,0.967633257129106,0.9098910310142498,0.9097673335626182
0.9788817725463043,0.20676712447846057,0.36861781520257786,0.9746020022977187,0.003462004500605851,0.9794458891778356,0.9861802379929764,0.8687313722949332,0.9156262702514372,0.9575234176187124,0.9745944376063175,0.0,0.0010975709830953553,0.02458023195430154,0.01164498208069336,-10.429017513689642,336.6168752143404,0.9754197680456984,7.6372998657773,0.9751466217815533,0.9838217866606304,0.9858292512246326,0.9975459692545006,-10.79763532889222,325.7846026543496,0.972965737300199,0.9788817725463043,0.9858292512246326,0.9885749815412117,0.2577511422165344,0.7989766677221155,0.9786537830297062,0.009443127501651575,0.9878346472447878,0.9843378829971413,0.9489406607679195,0.9723532313764184,0.9547695713423224,0.9649190538697141,0.0,0.023992696537009684,0.020868145960439902,0.008197668919273982,-42.43788749604018,758.5427899412523,0.97913185403956,9.618286382816857,0.9795078299776286,0.9791148682247638,0.9847572891424998,0.9966134764127935,-43.2368641637623,753.9608866598114,0.9757453304523536,0.9885749815412117,0.9847572891424998,rf,target,1.0,0.8975337602510235,0.7651545151852767,0.8671667095731465,5,0.5256877896403778,E4,15.0,rf,rf,500,10000,500,500,0.9748533109807209,0.9993153797508297,0.0023382009088101646,0.02748488992808929,0.8522186200827173,0.9725151100719107,0.984898579215441,0.9979675576178242,0.9704826676897349,"mat,twarm",17.9,0,heat_limited,0.5488424999999999,0.7301244280483274,0.9839809858746691,0.9982353200688225,0.9847935303248465,43.2368641637623,0.41767231234935603,2.1504389641328805,0.0,0.7989766677221155,0.9847572891424998,0.9748533109807209,0.9704826676897349,3.3719331664049506,0.9708004531992288,0.901486742842017,0.8995075836159101
1.2808427508098619,18.528178231028164,3.612028046521144,0.6742163138027244,0.4010979499987636,1.2833066613322666,0.7688196771579385,0.08073817762399077,0.003408875702291522,1.3092479289620444,0.7536078969272794,0.0,0.0010975709830953553,0.1202551991889018,0.21650013863073905,-7.185607282371076,277.06661103912126,0.8797448008110982,610.611189684649,1.306709097125424,0.7631002873170064,0.7714208272347807,0.7156830093428457,-10.79763532889222,325.7846026543496,0.5954278101539439,1.2808427508098619,0.7714208272347807,1.7386624179069676,7.776243688797479,23.409247061658586,0.5693931560807484,0.793378152566743,1.7315618872303813,0.6696259833868061,0.6195482601912772,0.20150190490871853,1.803934393238076,0.5541978432111392,0.0,0.023992696537009684,0.05471573465977539,0.22936657242850686,-19.827617102103712,779.8000254358598,0.9452842653402246,517.1260686370182,1.7272930648769576,0.5968009187105242,0.6903255101172063,0.715476273430423,-43.2368641637623,753.9608866598114,0.6607605387706474,1.7386624179069676,0.6903255101172063,mahal,target,1.0,0.8721559739614912,0.7764562549726699,0.9110752231081337,5,0.5787197929021148,E4,15.0,mahal,mahal,500,10000,500,500,1.2309966029911326,0.9136333395179239,0.339105307274893,0.10810870428376053,0.8417823109334025,0.8918912957162395,0.7995451848922286,0.7052383326302872,0.5971296283465266,"mat,twarm",2.9,0,heat_limited,0.42819250000000003,15.409873400055496,0.7595494439114522,0.9338024440817047,0.6161886207754277,25.796315551883083,0.5127372353673724,1.9943089072219526,0.13558976652045107,23.409247061658586,0.6903255101172063,1.2309966029911326,0.5971296283465266,18.616365783392638,0.7394231866573194,1.0418890898663256,0.6124527702850098
0.9646875540938203,0.9153077647429768,-1.387219704423103,0.9733505662235352,0.00044511486436360937,0.9634676935387078,0.9801714147447245,0.8196380895876595,0.9194134897360704,0.9683794466403162,0.9807724046872421,0.0,0.0010975709830953553,0.03575756077054329,0.01503373347983693,-12.184855033315323,321.4024451877362,0.9642424392294567,7.90019087583569,0.9637324777108592,0.9777277780009911,0.9815733165512901,0.9996844817612929,-10.79763532889222,325.7846026543496,0.9639269209907497,0.9646875540938203,0.9815733165512901,0.965724944623635,1.6495513668065769,-0.8226532142315719,0.978889709502708,0.0006606303190455835,0.9510584657249189,0.9742180289201108,0.9446617292169427,0.9727881854232189,0.94038035822097,0.9633624601343117,0.0,0.023992696537009684,0.034935685695410564,0.009627006064173034,-44.05951737799387,759.6700459741049,0.9650643143045894,14.12277696414722,0.9350782997762863,0.959328539388194,0.9818915071959513,0.9997630827120061,-43.2368641637623,753.9608866598114,0.9648273970165955,0.965724944623635,0.9818915071959513,"gam,maxent,gbm,rf",target,1.0,0.8993070298396404,0.7436982246614056,0.8253862948754499,5,0.7668785393078561,E4,15.0,"gam,maxent,gbm,rf",ens4,500,10000,500,500,0.9799267657828561,0.9996479909072121,0.0025587859002073497,0.022632020117351215,0.9579137033318849,0.9773679798826488,0.9872769001091825,0.9977758177704491,0.9751437976530979,"mat,twarm",23.2,0,heat_limited,0.5699825,0.49457914295786054,0.9845074203320934,1.017867384303172,0.9758514832322782,40.82437704978264,0.45616180954406865,1.9685886972250408,0.15807033017601713,-0.8226532142315719,0.9818915071959513,0.9799267657828561,0.9751437976530979,-1.0351682517455814,0.9694226956887403,0.9581329686328143,0.9581329686328144
0.9546477410420634,0.6429211953196727,-0.7703408479489244,0.9589898243886427,0.005835950443878434,0.9530156031206242,0.9697714614941425,0.5857558139534884,0.9488261515601784,0.9536520656234772,0.96943074108974,0.0,0.0010975709830953553,0.05118820940181508,0.02368018401946992,-11.567976176841144,315.80564642336145,0.9488117905981849,46.49743614820138,0.9574731083817689,0.9716105281543485,0.9708263751834422,0.9958632053147295,-10.79763532889222,325.7846026543496,0.9446749959129144,0.9546477410420634,0.9708263751834422,0.9813857692457156,2.0412134708110443,1.0859078013754058,0.9720888724766125,0.005479345587378075,0.964184241066069,0.9760202106635699,0.8550512445095169,0.9838953294493811,0.9123566109881264,0.9461720599842147,0.0,0.023992696537009684,0.024093576341662457,0.007997982112266025,-42.15095636238689,775.6032676152176,0.9759064236583376,21.73497218814482,0.932751677852349,0.9578905942542306,0.9850746268656716,0.9980349801407568,-43.2368641637623,753.9608866598114,0.9739414037990943,0.9813857692457156,0.9850746268656716,"glm,gam,maxent,gbm,rf,mahal",target,1.0,0.9004343701538952,0.750097314548843,0.8542771982382267,5,0.7653189806009311,E4,15.0,"glm,gam,maxent,gbm,rf,mahal",ens6,500,10000,500,500,0.9629637799444126,0.9985728951699676,0.00330877487095778,0.0403449949265452,0.973450067077049,0.9596550050734548,0.9777612963399971,0.9971239022893738,0.9567789073628286,"mat,twarm",23.7,0,heat_limited,0.5697845833333334,4.554345971174719,0.9374440322374312,1.0427493713327745,0.9437501775435533,34.16903324319199,0.47288096660081774,2.015904177879737,0.1169421329140623,1.0859078013754058,0.9850746268656716,0.9629637799444126,0.9567789073628286,0.8004156804023523,0.9532235102704901,0.8981117924736401,0.8981117924736401
0.9782141002497589,1.5487524455146513,-1.4400183073503978,0.954732890201871,0.013699646380968867,0.9864722944588917,0.974006520398273,0.5720006674453529,0.89575713240673,1.0034652661216092,0.959921085346738,0.0,0.0010975709830953553,0.03548554613120997,0.020424928887565336,-12.237653636242618,300.5338993814138,0.96451445386879,31.21721620844547,1.000867895747311,0.9618160070453081,0.9751365676212858,0.9902890497642377,-10.79763532889222,325.7846026543496,0.9548035036330278,0.9782141002497589,0.9751365676212858,0.9896630785372867,2.54144327818517,-0.26271430719656763,0.9571947316592812,0.026192049119807253,0.9860738725039018,0.9661092081402377,0.8168494953927161,0.9588364326225718,1.0026665325015094,0.9174726793116442,0.0,0.023992696537009684,0.0365289705825205,0.01696286876372847,-43.499578470958866,750.7641306764862,0.9634710294174795,54.928184268651314,0.9953914988814317,0.9406910778751933,0.9684765625,0.9906069263465961,-43.2368641637623,753.9608866598114,0.9540779557640757,0.9896630785372867,0.9684765625,"glm,gam,maxent",target,1.0,0.8956152942224005,0.7170838278923208,0.7546191632629098,5,0.77370633527669,E4,15.0,"glm,gam,maxent",ens_glm_gam_maxent,500,10000,500,500,0.9942647902236732,0.9967384023771687,0.025389332509816034,0.03112454228614285,0.9678101321999913,0.9688754577138572,0.9716617998407221,0.9779307435671282,0.9468062012809852,"mat,twarm",6.0,0,heat_limited,0.5408933333333332,0.7178134343915232,0.9709978133271953,1.0131468654872722,0.9518341619618362,35.73462732987063,0.4489357990230286,2.120218820311466,0.026268359090386273,-0.26271430719656763,0.9684765625,0.9942647902236732,0.9468062012809852,-1.8086328829206408,0.9546457957053983,0.967243128777518,0.9306699155784179
1.004055490986424,2.514902261423913,-2.2599009123017595,0.9572767930411948,0.020598926778604813,1.0085767153430687,0.9790979371817695,0.53896218117854,0.9091018107686774,1.0400942119226813,0.9609193571930942,0.0,0.0010770556376169375,0.016543435792180816,0.015423636569011018,-13.05753624119398,306.70598955368615,0.9834565642078192,29.812979736099546,1.0360045235778346,0.965084285991087,0.9814664001382,0.9853985170642781,-10.79763532889222,325.7846026543496,0.9688550812720973,1.004055490986424,0.9814664001382,0.9872148602961178,3.0116826102160417,-2.366013718938291,0.9605695059904809,0.01601057008510473,0.9973988554964184,0.9721315088253561,0.7874079305821814,0.9658131433407467,1.0741597907023546,0.9238344733905788,0.0,0.024197849991793863,0.028795709788986903,0.012120383899757172,-45.60287788270059,723.2486019578631,0.9712042902110131,45.306194395545376,1.0356599552572707,0.9507000461568894,0.9774527250327552,0.9942582398439133,-43.2368641637623,753.9608866598114,0.9654625300549262,0.9872148602961178,0.9774527250327552,glm,target,1.0,0.9053715780158094,0.7361592105152537,0.8169081012865973,5,0.7783444097768422,E4,15.0,glm,glm,500,10000,500,500,1.0301539683239953,0.9962451831929635,0.0447566947544889,0.014602726430493668,0.9626727301330187,0.9853972735695063,0.9707611234856305,0.961095984967596,0.9464932585371022,"mat,twarm",3.6,1,heat_limited,0.52323,-0.9086526170024385,0.9772545433763858,1.0568668107821944,0.9450443145071556,22.30159077359078,0.5313332369763168,1.9844487581064985,0.14428423514974886,-2.366013718938291,0.9774527250327552,1.0301539683239953,0.9464932585371022,-4.028380548159106,0.9516815623297759,0.9969559271187188,0.93226215991535
1.0428546699967853,1.1675738039397743,0.8644828183738795,0.9518197111439357,0.05188061030193625,1.049134826965393,0.9679922878863684,0.77601585728444,0.7871794871794872,1.0725810818127672,0.9544261138759356,0.0,0.0010770556376169375,0.009025940305150968,0.025291888728012076,-9.93315251051834,283.47916663051586,0.9909740596948491,43.944006412980244,1.0711937511506193,0.957347656597209,0.9701855685078258,0.9632245963995864,-10.79763532889222,325.7846026543496,0.9541986560944355,1.0428546699967853,0.9701855685078258,1.0614774802782418,3.7613412502958,1.5735790261162634,0.9503426062694896,0.080985504993588,1.063828084357117,0.9505361332480173,0.885160811938085,0.9278127379854904,1.1261320185147916,0.9117584419886888,0.0,0.024197849991793863,0.019508024715346052,0.027184139431719035,-41.663285137646035,736.1652443102779,0.9804919752846539,46.98511365707651,1.0998657718120806,0.9324554674848717,0.9512516965766853,0.9709567277541634,-43.2368641637623,753.9608866598114,0.9514487030388175,1.0614774802782418,0.9512516965766853,gam,target,1.0,0.906174900340934,0.7398493369058606,0.7946748905451946,5,0.7750632923688529,E4,15.0,gam,gam,500,10000,500,500,1.0328451052190408,0.998838665106692,0.0412935103895531,0.008448405170512199,0.978419587500841,0.9915515948294878,0.9755308875071889,0.9641063005713848,0.9556578954008725,"mat,twarm",4.5,1,heat_limited,0.5233375,2.3780577591043652,0.9440691106434821,1.0607932236290643,0.9433218770628455,43.322100590900746,0.4217902276713272,2.122093792738342,0.0246385703876979,1.5735790261162634,0.9512516965766853,1.0328451052190408,0.9556578954008725,-1.0285732877460703,0.9471858364734733,0.9666475493007456,0.9520512500082075
1.0074433096763027,3.0212949700311356,-2.8631962737017727,0.9493476120137863,0.0258413907366651,1.0129275855171034,0.975118321511534,0.39926062846580407,0.9016775117903408,1.0512480372516109,0.953925747997202,0.0,0.0010770556376169375,0.01839808106036252,0.018370762864154934,-13.660831602593992,303.4231933632176,0.9816019189396374,37.055758077864716,1.046524472030087,0.9581700186339395,0.9779622808854507,0.9816824133639502,-10.79763532889222,325.7846026543496,0.9632843323035876,1.0074433096763027,0.9779622808854507,0.9906345937123537,3.7532844600966087,-2.7386370442231183,0.9551431971114394,0.01830334589826293,1.0112849653847693,0.966374850775965,0.7289818335445711,0.9644032070602604,1.100875427651439,0.9138108580597265,0.0,0.024197849991793863,0.027668752185909144,0.012435745146064818,-45.97550120798542,712.4393213304328,0.9723312478140909,52.37684033678687,1.0508724832214764,0.9446080677182189,0.9769058077110786,0.993435997491464,-43.2368641637623,753.9608866598114,0.965767245305555,0.9906345937123537,0.9769058077110786,maxent,target,1.0,0.9047510641808388,0.731058358527081,0.8174661095353166,5,0.7801931150373728,E4,15.0,maxent,maxent,500,10000,500,500,1.0408523404067587,0.9941030051278765,0.05560947633123042,0.014757135924471698,0.9568102538491898,0.9852428640755283,0.9655209684392564,0.951662384476742,0.9369052485522702,"mat,twarm",4.2,1,heat_limited,0.5179325,-0.8058029422053252,0.9726879240932201,1.0712048352230115,0.9354262658153039,21.78827226982628,0.5341179156677771,1.983235540653814,0.14533880431031188,-2.7386370442231183,0.9769058077110786,1.0408523404067587,0.9369052485522702,-4.525440968485029,0.949244822649271,1.0074557727092248,0.9210324865025576
0.9541284403669725,0.9546507526490018,-2.2329067651007932,0.9661907106515674,0.0014342590073938525,0.9521404280856172,0.9733316254643268,0.7442618095661188,0.9099776235010615,0.9565217391304348,0.9735990037359901,0.0,0.0010770556376169375,0.047305818640421375,0.020239672222051076,-13.030542093993013,331.61022035057476,0.9526941813595786,20.05158478611657,0.951897535702075,0.9705323578155948,0.9750578945370335,0.9989833301197216,-10.79763532889222,325.7846026543496,0.9516775114793004,0.9541284403669725,0.9750578945370335,0.9581082656511095,3.5772648383393175,-1.1900489434167767,0.9730120630231414,0.004430109198305677,0.9428548561367002,0.9658908341915551,0.9233657063576267,0.9671864091226438,0.9186456027369692,0.9467418382063721,0.0,0.024197849991793863,0.046321843547196206,0.013728726255926164,-44.426913107179075,770.3373338858997,0.9536781564528037,37.93093352465669,0.9171812080536913,0.9452262596560013,0.9740811304278797,0.9984112605393353,-43.2368641637623,753.9608866598114,0.952089416992139,0.9581082656511095,0.9740811304278797,gbm,target,1.0,0.904192610529462,0.7525982822902788,0.8382806760500966,5,0.7843349360354815,E4,15.0,gbm,gbm,500,10000,500,500,0.9786253143336128,0.9990334330597653,0.003926412846869899,0.025301098513257157,0.9223776014359328,0.9746989014867429,0.9852283748982709,0.9965870307167235,0.9712859322034664,"mat,twarm",5.2,1,heat_limited,0.5484424999999999,-0.3429108717296785,0.9808978958595946,1.009948383112013,0.973952424687194,35.09312227770871,0.4592964106591465,2.0729253981559093,0.0673773823676036,-1.1900489434167767,0.9740811304278797,0.9786253143336128,0.9712859322034664,-2.5809688303183194,0.947290912437872,0.9428023117307098,0.9427610792468326
0.957318430228245,2.1196636659290675,-1.5052823949207585,0.9691654357459379,0.000939686935878731,0.9591918383676735,0.9782009393506228,0.8971397139713971,0.8790771678599841,0.9459635064161568,0.9712020033388982,0.0,0.0010770556376169375,0.04362125670763372,0.018504256389718945,-12.302917723812978,330.85550380081764,0.9563787432923663,24.92529116682637,0.9533177287431291,0.9751046841970621,0.977233676975945,0.9993339059405073,-10.79763532889222,325.7846026543496,0.9557126492328736,0.957318430228245,0.977233676975945,0.9596626899312167,1.9597725898799467,-0.8212184748748896,0.9726838174954866,0.005673648622391482,0.9525791348193205,0.9697292644436702,0.9785738198861734,0.9527824620573356,0.9360032199637754,0.9594074844074844,0.0,0.024197849991793863,0.046010958691174754,0.01398101525297228,-44.05808263863719,754.9190840081567,0.9539890413088252,23.089471904554372,0.942102908277405,0.9634612726351196,0.9736257634647418,0.9979652985854645,-43.2368641637623,753.9608866598114,0.9519543398942898,0.9596626899312167,0.9736257634647418,rf,target,1.0,0.8989209973550152,0.7507967149257851,0.725726044384794,5,0.5481764120480859,E4,15.0,rf,rf,500,10000,500,500,0.973750386023735,0.998684796353427,0.0015882119380597345,0.02783782591432479,0.8659787655392064,0.9721621740856752,0.9850913073604685,0.9986194730988994,0.9707816471845745,"mat,twarm",19.5,1,heat_limited,0.5496099999999999,-0.08340658792990752,0.9810701517904237,0.9906913133630387,0.9839704184910509,13.274808388836334,0.7234186111892044,1.430096616226232,0.6259807156525572,-0.8212184748748896,0.9736257634647418,0.973750386023735,0.9707816471845745,-1.6648688439900141,0.947196471597174,0.9304495522124675,0.9296249025349228
1.3373228813768887,19.163015280367972,3.414648224715201,0.7091847201706877,0.40448576868864217,1.3362172434486896,0.7937707374504978,0.4521427504852919,0.0032698233037791614,1.3775515729059504,0.7862950058072009,0.0,0.0010770556376169375,0.0671628873117535,0.19585553946787426,-7.382987104177019,276.1751495604911,0.9328371126882465,573.0297285249217,1.365384109617863,0.7907359432504253,0.7982098837270813,0.713281564970464,-10.79763532889222,325.7846026543496,0.6461186776587104,1.3373228813768887,0.7982098837270813,1.77507480666848,8.52020939712645,21.464673243928765,0.5985044313146234,0.7973419344810166,1.7792628756652926,0.6895221091128998,0.8030951844339268,0.20085479452054794,1.9231233648621453,0.6095008605851979,0.0,0.024197849991793863,0.02226712781253643,0.2217094681958183,-21.772190919833534,764.5810145347941,0.9777328721874635,488.2062034832652,1.819552572706935,0.6394782360315471,0.7046533447228018,0.7140547697024597,-43.2368641637623,753.9608866598114,0.6917876418899231,1.77507480666848,0.7046533447228018,mahal,target,1.0,0.866653606415835,0.7556012167838791,0.9320803427747185,5,0.5867844871635339,E4,15.0,mahal,mahal,500,10000,500,500,1.288017823267305,0.935150508564674,0.34373759209423393,0.055719768826929014,0.8807161591628564,0.944280231173071,0.825413352615088,0.7012117958354105,0.6454920270084816,"mat,twarm",2.7,1,heat_limited,0.4074875,12.07690390544138,0.8109938631941326,0.8880751753650682,0.6585751701044242,24.417162079245212,0.5219781334306984,1.9799047072837164,0.1482340760056755,21.464673243928765,0.7046533447228018,1.288017823267305,0.6454920270084816,18.442585166897093,0.7552949249820643,1.125865796091234,0.6615467951497842
0.9738371374168501,0.7493673573231376,-1.9179105729651305,0.9758534383719022,0.003832933554242192,0.9791958391678336,0.9820345664038811,0.9124962541204675,0.8977233329481105,0.9802371541501976,0.9776064309736691,0.0,0.0010770556376169375,0.02999579613739212,0.014047626382428145,-12.71554590185735,332.01478036662144,0.9700042038626079,23.367040674101304,0.9838518791257923,0.9773305758829144,0.9828614382360311,0.9972830373889113,-10.79763532889222,325.7846026543496,0.9672872412515192,0.9738371374168501,0.9828614382360311,0.9713985932460265,0.15862576649169569,-1.3595275202662478,0.9778844575742656,0.00843275171958186,0.9707071111288967,0.9763229500873167,0.9607570758812294,0.9667447306791569,0.972831555644999,0.9599102315617668,0.0,0.024197849991793863,0.03703415847355536,0.012299088605998171,-44.596391684028546,758.0352815786043,0.9629658415264446,17.676133402452866,0.9821476510067114,0.9644929008374529,0.976936723832052,0.9969758205003135,-43.2368641637623,753.9608866598114,0.959941662026758,0.9713985932460265,0.976936723832052,"gam,maxent,gbm,rf",target,1.0,0.9059981247962672,0.7428780015510308,0.8274656170467727,5,0.7537083844150068,E4,15.0,"gam,maxent,gbm,rf",ens4,500,10000,500,500,0.9952353641858208,0.9995887312656944,0.008492522168791636,0.013257157982970839,0.968529345139036,0.9867428420170291,0.9890991907309954,0.9926180158760594,0.9793608578930884,"mat,twarm",23.4,1,heat_limited,0.542149375,-0.3855292888518633,0.9819498779873727,1.0134115674769488,0.9782814912135516,37.275209227566314,0.44449242568186137,2.112365994617726,0.03309429765693905,-1.3595275202662478,0.976936723832052,0.9952353641858208,0.9793608578930884,-3.5713515329315584,0.9444170973828863,0.9547580182644373,0.9542219959740335
0.9536091396918815,0.12236369441444594,-2.2233859630601422,0.9676062694895782,0.0008655011251514627,0.9526405281056212,0.9746190293251377,0.7320261437908496,0.9249425287356322,0.9565217391304348,0.975314791753148,0.0,0.0010770556376169375,0.04725636143326986,0.01998295390365875,-13.021021291952362,329.59959977351815,0.9527436385667302,17.563855123935582,0.95418562449044,0.974025624461671,0.9753677122098174,0.9993864923136251,-10.79763532889222,325.7846026543496,0.9521301308803554,0.9536091396918815,0.9753677122098174,0.9649477324835813,2.8350963971361693,-0.7567302065011461,0.9763458066633842,0.0027979637041930594,0.9469766697346833,0.9698065895217151,0.9145924841386042,0.9755642023346304,0.9254377138257195,0.9546903579827541,0.0,0.024197849991793863,0.037850231220611666,0.010995595454593237,-43.993594370263445,771.1724436033107,0.9621497687793883,27.520094407122706,0.9269798657718121,0.9564874152503019,0.9793133454631754,0.9989965856037907,-43.2368641637623,753.9608866598114,0.9611463543831791,0.9649477324835813,0.9793133454631754,"glm,gam,maxent,gbm,rf,mahal",target,1.0,0.9062929959517702,0.7485113609396795,0.82924273255035,5,0.7546578980518854,E4,15.0,"glm,gam,maxent,gbm,rf,mahal",ens6,500,10000,500,500,0.9779856178585609,0.9995037844312958,0.0028896633873031277,0.024904045528742223,0.9801150818133367,0.9750959544712577,0.9859484777517564,0.9974882079993864,0.9725841624706442,"mat,twarm",23.7,1,heat_limited,0.55749625,0.4294446810112831,0.9867878905116549,1.001323509948383,0.976913879493065,25.246384771866744,0.5077395104722631,2.0342568491639827,0.10098937761245552,-0.7567302065011461,0.9793133454631754,0.9779856178585609,0.9725841624706442,-1.8722614353814535,0.9565728651366475,0.9480301760268232,0.948030176026823
1.0288582803729074,2.6685609766338985,-0.9605831228575159,0.9541379451829969,0.03758747743514924,1.0337567513502701,0.9747461086384538,0.5447197329116148,0.8854308741475512,1.0670853863230279,0.9567278728029965,0.0,0.0010770556376169375,0.008729197062241895,0.019233336413953153,-11.758218451749736,295.0843768239296,0.9912708029377582,4.496034680950082,1.0623043947084658,0.9608365746349551,0.977171064659638,0.9733562376202913,-10.79763532889222,325.7846026543496,0.9646270405580495,1.0288582803729074,0.977171064659638,1.0191194186453192,3.8797448258500253,-1.142775284806099,0.9584769407516822,0.03711187968756072,1.0302533114570411,0.9673591674222415,0.7902379991932231,0.9609848935410967,1.1152143288388006,0.9195566338423481,0.0,0.024197849991793863,0.01799246104224148,0.01490607490880804,-44.3796394485684,722.0293404726353,0.9820075389577585,46.565467663707516,1.0723489932885906,0.9458730055918994,0.9727087262789176,0.986690822939168,-43.2368641637623,753.9608866598114,0.9686983618969265,1.0191194186453192,0.9727087262789176,"glm,gam,maxent",target,1.0,0.9062099237747974,0.7361079198223794,0.8127867227911875,5,0.7767812062955783,E4,15.0,"glm,gam,maxent",ens_glm_gam_maxent,500,10000,500,500,1.040058234437729,0.9970034657770444,0.0490360435875943,0.008977809149865443,0.9705284430526445,0.9910221908501345,0.9715626486743653,0.9573762319285194,0.9483984227786539,"mat,twarm",6.4,1,heat_limited,0.5208558333333334,-0.06150534501327343,0.9660205159149193,1.062006441081749,0.9405767760633164,38.64623572766317,0.44376805345979736,2.0863810826311378,0.05568125167772364,-1.142775284806099,0.9727087262789176,1.040058234437729,0.9483984227786539,-3.5027477791809076,0.9563470539785853,0.9958971191600123,0.9385839665706672
1.0062068794975148,3.0992168229146273,-2.48582907022975,0.9572460200229772,0.021711713939513835,1.010877175435087,0.9790472400800806,0.5164502934376667,0.9173183690525939,1.044127998267367,0.9597118109819087,0.0,0.0014565895289676677,0.015504834441999061,0.015460316808086618,-13.28346439912197,307.2440141044771,0.984495165558001,25.313411069461328,1.0398706046340374,0.9644155643227353,0.9814492967989251,0.9846097214675104,-10.79763532889222,325.7846026543496,0.9691048870255115,1.0062068794975148,0.9814492967989251,1.0014767030661018,4.635600535447338,-1.8412425216584936,0.9609080091908748,0.021800800528504256,1.012325423186202,0.9739092391520503,0.7752330766112687,0.968530846881729,1.094787683638559,0.9241041406475166,0.0,0.02796241588708354,0.020324097462402362,0.011439184483231675,-45.07810668542079,721.5498912322021,0.9796759025375976,61.40364112399829,1.0531543624161075,0.952536610878661,0.9789530910220565,0.9921817294962023,-43.2368641637623,753.9608866598114,0.9718576320337999,1.0014767030661018,0.9789530910220565,glm,target,1.0,0.8691567882624428,0.6808416328762519,0.7795684995426309,5,0.7180600929851596,E4,15.0,glm,glm,500,10000,498,500,1.0350509551330127,0.9955055812232316,0.047602241143512594,0.012551286010499846,0.9599381908657372,0.9874487139895002,0.9704412673293084,0.9586225409364574,0.9460712549259576,"mat,twarm",3.9,2,heat_limited,0.5194350000000001,-0.75150379372635,0.9794309221803222,1.054374200379406,0.9477057645890208,27.170200320638337,0.4901383769987524,2.0832928927515773,0.058365609540974805,-1.8412425216584936,0.9789530910220565,1.0350509551330127,0.9460712549259576,-3.5795654520824485,0.9505217233961278,0.9956765341686151,0.9294983975456663
1.0120181013378176,0.3553357371671382,0.43143444405275844,0.9524967175447234,0.03721654838151289,1.0207291458291659,0.9686807815574227,0.7247543887904655,0.8168213676832734,1.0346255888245168,0.9584192668485131,0.0,0.0014565895289676677,0.025198447043695442,0.02592813264027284,-10.366200884839461,289.2720038617509,0.9748015529563046,35.65416348033339,1.0344791310522579,0.9584135889447626,0.9689789095914655,0.9736191694858806,-10.79763532889222,325.7846026543496,0.9484207224421852,1.0120181013378176,0.9689789095914655,1.0214121944584775,2.0105971361908814,0.8039936919939308,0.9541379451829969,0.05623129833287996,1.0195285925807356,0.9525224903895693,0.8869917268086605,0.9366867314301607,1.0454316763936407,0.9167384085598327,0.0,0.02796241588708354,0.03481910387440252,0.024725100778793186,-42.43287047176837,746.6712081452446,0.9651808961255974,35.961709756754736,1.0411185682326622,0.9339967995791227,0.9549570332775823,0.9798341578984043,-43.2368641637623,753.9608866598114,0.9450150540240019,1.0214121944584775,0.9549570332775823,gam,target,1.0,0.8698551229114628,0.6883097714188154,0.7770840025596801,5,0.7101826440940284,E4,15.0,gam,gam,500,10000,498,500,1.0071469537212687,0.9987640980831736,0.027043719945294923,0.019896766224026117,0.9734315009092579,0.9801032337759739,0.9766133286442764,0.976492694711815,0.956595928487789,"mat,twarm",3.8,2,heat_limited,0.5314975,2.437615415849116,0.9453624634948801,1.0570432787753121,0.9442312028872197,38.88535309341596,0.47602575012024123,1.899920589403097,0.21775894466388013,0.8039936919939308,0.9549570332775823,1.0071469537212687,0.956595928487789,-1.2532237640491957,0.9456875426826818,0.9558168262231438,0.946580749834645
1.011152600212666,3.6007380407957044,-2.9656513254016854,0.9506708517971443,0.02754766438339227,1.0165783156631327,0.9753617617518321,0.39327296248382926,0.9138545627376425,1.0552818235962964,0.9537659053188967,0.0,0.0014565895289676677,0.016395064170726278,0.01825447373287038,-13.763286654293905,305.82867711755085,0.9836049358292738,30.769075172640196,1.0509165505089024,0.9581954810084379,0.9781504752302377,0.9804729267822399,-10.79763532889222,325.7846026543496,0.9640778626115136,1.011152600212666,0.9781504752302377,1.0100648972136945,5.743068382204569,-1.946196406509337,0.9554919579845724,0.02895115221699763,1.0313738044739686,0.965958788069816,0.7252190435975931,0.9656224008871639,1.1257798349768564,0.912856196156395,0.0,0.02796241588708354,0.01888625500330315,0.012990439205588738,-45.183060570271635,711.7809863916118,0.9811137449966969,71.68185840520462,1.0743176733780762,0.9439399495265417,0.9762010633156114,0.9896174482614452,-43.2368641637623,753.9608866598114,0.9707311932581422,1.0100648972136945,0.9762010633156114,maxent,target,1.0,0.8686574882156816,0.6769553556373135,0.764581325582921,5,0.7221150886339591,E4,15.0,maxent,maxent,500,10000,498,500,1.045925795208894,0.993387533474557,0.05724180526756959,0.011316010058675607,0.9540229361516421,0.9886839899413243,0.9664905660377359,0.9502435096061663,0.9389274995474906,"mat,twarm",3.9,2,heat_limited,0.514825,-0.45651419235694846,0.969178598342125,1.0713371862178498,0.9339917824228077,26.784082601186384,0.4909331985157345,2.088432523051132,0.053898071097135514,-1.946196406509337,0.9762010633156114,1.045925795208894,0.9389274995474906,-3.9580144892532942,0.9485537646279532,1.0061543212599815,0.919112547795156
0.9728974504809713,0.9901583247544181,-1.97700162931641,0.9682935335631052,0.007542224090605604,0.9750700140028006,0.977249420790763,0.7847286108555658,0.9017987077245474,0.9833234067897558,0.9743106743106743,0.0,0.0014565895289676677,0.03464477360963426,0.017525116594415795,-12.77463695820863,324.0320867007247,0.9653552263903658,10.13213565512036,0.9804328958788102,0.9708639876762901,0.9786167305908601,0.994653718733019,-10.79763532889222,325.7846026543496,0.9600089451233846,0.9728974504809713,0.9786167305908601,0.9750903509112813,2.721079593716013,-1.1329396273916714,0.9717093385852618,0.014222982162981386,0.962423466325183,0.9659250800383369,0.9264356099218485,0.9631806328571985,0.964831958140471,0.9465598033441733,0.0,0.02796241588708354,0.039132631251700155,0.014488930161879235,-44.36980379115397,765.7795264477292,0.9608673687482998,35.159005926682454,0.9578970917225951,0.9458168605315478,0.9729857353664535,0.9948993101526026,-43.2368641637623,753.9608866598114,0.9557666789009023,0.9750903509112813,0.9729857353664535,gbm,target,1.0,0.8720729486748647,0.7167914614233228,0.8307452826163996,5,0.7163166184574756,E4,15.0,gbm,gbm,500,10000,498,500,0.9949486036970044,0.9994143780192057,0.012749812502757312,0.017801208805752856,0.8890211085476586,0.9821987911942471,0.9846858103251915,0.9889174368217203,0.9711162280159673,"mat,twarm",5.2,2,heat_limited,0.5409625,-0.9788263114080138,0.9781735300934868,1.0296466228437817,0.9608296072526903,35.21435296026982,0.4893973108156939,1.9049058102086733,0.21342562411320332,-1.1329396273916714,0.9729857353664535,0.9949486036970044,0.9711162280159673,-0.3303662548535087,0.955153582231967,0.9195085366391671,0.9195085366391671
0.9915922747842429,1.0065546601922506,0.631181490148581,0.96602658788774,0.016345606963574767,0.992748549709942,0.9798730142796196,0.8534645967436577,0.8760082968425904,0.9658617142238345,0.9655580802864422,0.0,0.0014565895289676677,0.024753332179331834,0.01707312062128901,-10.166453838743639,329.2617552940464,0.9752466678206682,24.029289658945668,0.9896641506456618,0.9781502385893487,0.979363778588989,0.9884134691230346,-10.79763532889222,325.7846026543496,0.9636601369437028,0.9915922747842429,0.979363778588989,1.0116193214938016,0.7475734684550162,1.5561956600546125,0.9733710815690136,0.02417129755566782,1.0118051942854855,0.9811230680484554,0.9179838012109774,0.9695029750800228,0.9645803984705172,0.9514443761524278,0.0,0.02796241588708354,0.012551976061866086,0.009972351786581119,-41.680668503707686,767.977924049304,0.9874480239381339,9.76583340675294,1.0098434004474273,0.9780498664292074,0.9817444219066938,0.9913316145216361,-43.2368641637623,753.9608866598114,0.97877963845977,1.0116193214938016,0.9817444219066938,rf,target,1.0,0.8721632305479547,0.7147810678997605,0.6482683697733764,5,0.47089398932396637,E4,15.0,rf,rf,500,10000,498,500,0.9846252260996162,0.9987238665088759,0.01052190408964574,0.025896677990029558,0.8309268093886581,0.9741033220099704,0.9816496426626358,0.9908540092802086,0.9649573312901789,"mat,twarm",19.2,2,heat_limited,0.5433625,1.606555197508186,0.9815032239437975,0.9909560153527154,0.9642373658002725,17.97446377060051,0.7533741253622976,1.2567609299863238,0.7767735851715281,1.5561956600546125,0.9817444219066938,0.9846252260996162,0.9649573312901789,0.49477403912183604,0.955805001914512,0.9202805841090572,0.914054479043596
1.3836395558742798,19.097864734618156,3.343119946821428,0.6985167405219104,0.44209797472736717,1.3846519303860771,0.7862677865509033,0.53515625,0.0028646157678415742,1.4293681303806378,0.7779263617723099,0.0,0.0014565895289676677,0.05845841885308736,0.2079386929098268,-7.454515382070792,279.00864877819095,0.9415415811469127,607.7156667545207,1.4155905636062383,0.782401358766658,0.7900033197775749,0.686620273799716,-10.79763532889222,325.7846026543496,0.6281618549466286,1.3836395558742798,0.7900033197775749,1.8568375238021217,6.902757805458066,22.26762830534351,0.5652593139668473,0.8758015000194304,1.8641802393052944,0.6719573023346793,0.8312087236983566,0.11465530562239244,2.043519822901992,0.5972261253368158,0.0,0.02796241588708354,0.018963976217308515,0.24297714273653997,-20.969235858418788,747.815825252405,0.9810360237826915,539.4989135785339,1.9277404921700223,0.6275234965996791,0.6867986125280555,0.6859173576754233,-43.2368641637623,753.9608866598114,0.6669533814581148,1.8568375238021217,0.6867986125280555,mahal,target,1.0,0.8119524334858967,0.7037467052797177,0.9121723504392015,5,0.4658079485795,E4,15.0,mahal,mahal,500,10000,498,500,1.3336568579873826,0.9296885724805358,0.38117086513433623,0.047514007146953724,0.8711233808818586,0.9524859928530462,0.8163033820443504,0.6686735437358592,0.6211595365889053,"mat,twarm",2.6,2,heat_limited,0.380595,9.79202059799411,0.8062393760623937,0.8044514051263952,0.6318109951324471,30.546850694453084,0.4791635632355132,2.06348436052411,0.07558384783525707,22.26762830534351,0.6867986125280555,1.3336568579873826,0.6211595365889053,19.93522986047661,0.7350771091623828,1.1621079101777916,0.6473203489706165
0.9768292984495166,0.11675343005936156,-0.7003258666089636,0.9732172164779255,0.00712183782981775,0.9780456091218244,0.9816195990190377,0.9095607235142119,0.8880322209436133,0.9651307596513076,0.9743208243786852,0.0,0.0014565895289676677,0.030292539380301194,0.01554249789410967,-11.497961195501183,335.5923184929491,0.9697074606196988,6.380433483965923,0.9758304184309496,0.9801003633846687,0.9810735417370311,0.9949517081806868,-10.79763532889222,325.7846026543496,0.9646591688003856,0.9768292984495166,0.9810735417370311,0.9740022539152061,2.7899357784277754,-0.60863478322878,0.9760483341539472,0.011036412388761513,0.9733482732402257,0.9749756651524983,0.9563007296876281,0.9649197944245445,0.9420406520426645,0.9554404145077721,0.0,0.02796241588708354,0.03703415847355536,0.013053755724868618,-43.84549894699108,766.7090046245016,0.9629658415264446,39.679157550185124,0.9662639821029083,0.9699176261775816,0.9756481681989094,0.9960420876593965,-43.2368641637623,753.9608866598114,0.9590079291858411,0.9740022539152061,0.9756481681989094,"gam,maxent,gbm,rf",target,1.0,0.8723001123557615,0.6954902811307901,0.7605039953429106,5,0.6846395781846125,E4,15.0,"gbm,rf",ens4,500,10000,498,500,0.9845590506021971,0.9996777272054638,0.004389641328803988,0.01983059072660696,0.875127521908608,0.980169409273393,0.9877956606793526,0.9961843770372358,0.9763537863106289,"mat,twarm",21.1,2,heat_limited,0.549315,0.45046745940608446,0.984009413035511,1.006661666740195,0.9859629598338273,29.587776715548216,0.5409444929105223,1.773040102351436,0.3280477048740269,-0.60863478322878,0.9756481681989094,0.9845590506021971,0.9763537863106289,-0.3781868267429118,0.9649686646312068,0.940905280804694,0.9395033763528684
0.9900343727589703,0.8635199211007603,0.76617465473492,0.9392438043656656,0.032048270234179874,0.9940738147629526,0.9645253112969767,0.6659488559892328,0.807790815414855,0.9775028426011154,0.9531384762817441,0.0,0.0014565895289676677,0.042013897475209575,0.030766544079880016,-10.0314606741573,327.776378632593,0.9579861025247904,64.42077418021705,0.9955553217789233,0.9636121617881571,0.9627834731283007,0.9772826868130905,-10.79763532889222,325.7846026543496,0.935268789337881,0.9900343727589703,0.9627834731283007,1.0136789336649439,2.2049366160400155,1.8548416918521937,0.9481269489578205,0.04406792834104069,1.021729561006843,0.9658557827438095,0.8477055743763474,0.9396517920163124,0.9536123968605353,0.9178470254957507,0.0,0.02796241588708354,0.03038899467609684,0.020219075156708385,-41.382022471910105,781.086915403831,0.9696110053239032,57.14930685673972,1.0090380313199105,0.9539886864727629,0.9630244316646726,0.9841962232597031,-43.2368641637623,753.9608866598114,0.9538072285836063,1.0136789336649439,0.9630244316646726,"glm,gam,maxent,gbm,rf,mahal",target,1.0,0.8696150825467717,0.6970366468494659,0.7575381818277267,5,0.703520000410337,E4,15.0,"gbm,rf,mahal",ens6,500,10000,498,500,0.9816032117174748,0.9969009477243785,0.025455508007235186,0.043852296289760444,0.9331514969517153,0.9561477037102396,0.9650243782977492,0.9778732216129156,0.9340209253231553,"mat,twarm",22.5,2,heat_limited,0.5640766666666666,3.2737685380160713,0.9549532675270187,1.0161247628711343,0.9491219765706409,35.7925756921006,0.46732468287190476,2.0113821855560947,0.12087279978525145,1.8548416918521937,0.9630244316646726,0.9816032117174748,0.9340209253231553,2.647992220042127,0.9592270376458325,0.8967662240261173,0.88691166037946
1.0154801058384233,2.998331840940466,-1.5016129198690997,0.9598617265714755,0.0258413907366651,1.021379275855171,0.9791313598634322,0.5767474534597822,0.9110594568142892,1.0523580053061887,0.9611660730774304,0.0,0.0014565895289676677,0.010361284898241797,0.015039138742218478,-12.29924824876132,299.6106290929031,0.9896387151017582,11.381376200774422,1.0484443626226232,0.965797041906327,0.982037691401649,0.9816824133639502,-10.79763532889222,325.7846026543496,0.9713211284657084,1.0154801058384233,0.982037691401649,1.008899079003614,3.945833585542914,-1.317210669656454,0.9613593467914,0.029106594645008355,1.0196086277962304,0.9705952286597448,0.7988471476843569,0.9655022266204849,1.0946367478365868,0.9239785746883482,0.0,0.02796241588708354,0.02020751564139432,0.013391443827694645,-44.55407483341875,725.0081550811688,0.9797924843586057,52.015345609758164,1.0595973154362417,0.9498609662843239,0.9754521713898829,0.9895617030172114,-43.2368641637623,753.9608866598114,0.9693541873758171,1.008899079003614,0.9754521713898829,"glm,gam,maxent",target,1.0,0.8697643634355027,0.6818561841615546,0.7745851321020876,5,0.718558924324378,E4,15.0,"glm,gam,maxent",ens_glm_gam_maxent,500,10000,498,500,1.0328671637181805,0.9966315245628523,0.043984647284598756,0.01111748356641814,0.9684250048999918,0.9888825164335818,0.972894377048113,0.9617670744334087,0.9506495908669905,"mat,twarm",5.6,2,heat_limited,0.5226383333333333,0.10482476390360773,0.9680031639013917,1.0614990956015353,0.9415538000026829,41.31491827231548,0.43205533961836484,2.10032205408744,0.043563293323618524,-1.317210669656454,0.9754521713898829,1.0328671637181805,0.9506495908669905,-3.317551536505313,0.9523119642641555,0.989103101424979,0.9337691080617407
1.4192781027744739,21.978819111462258,5.493872811894573,0.6912645658952897,0.5289948297206107,1.4158538964205598,0.7322439669354758,0.0,0.23480947476828012,1.3781559280953344,0.7470327197061384,0.0,0.0012411784014442803,0.10971672694613685,0.27024556574609465,1.9920457716996909,201.19297714585932,0.8902832730538631,779.6024721575739,1.4168041597920105,0.7348593771010685,0.7359908495289313,0.6128510774368905,-3.5018270401948826,182.26926168811906,0.5031343504907535,1.4192781027744739,0.7359908495289313,1.5109566228754197,19.76300454510033,11.094902020872222,0.6344473165928114,0.6354048267294018,1.5192831579509642,0.696449584954467,0.03646585124971511,0.6760485954592931,1.4360394153195797,0.7239976047611483,0.0,0.020238388314459215,0.12444820385398218,0.3009579647175836,-0.2913061680156259,541.0102898506793,0.8755517961460179,831.0376802564338,1.5226519018369524,0.6997187864377329,0.6973850429509854,0.5970632113582648,-11.386208188887847,556.8435335963633,0.47261500750428276,1.5109566228754197,0.6973850429509854,glm,target,1.0,0.6385200209674539,0.6268500401206764,0.7595047265989303,5,0.2364595853720481,E4,15.0,glm,glm,500,10000,499,500,1.342827696055467,0.8155293829395146,0.45193478871919796,0.1091070926637309,0.4748233350968901,0.8908929073362691,0.7605278944211158,0.6478940068618148,0.5387869141980839,"mat,lpann",3.4,0,region_excluded,0.4138450000000001,11.65647335114144,0.7037905044836882,1.2393656891220837,0.5603858788804363,16.073270962882802,0.5928741018186947,2.008994659420969,0.21388422512592165,11.094902020872222,0.6973850429509854,1.342827696055467,0.5387869141980839,11.882126989420438,0.7025836660697801,1.2138808207626721,0.5605716398163574
1.3982086074228706,25.21768041581828,3.098956805907682,0.7101181683899557,0.5054736995412288,1.403735492051107,0.7457750907873648,0.02198327359617682,0.2117368510062574,1.3887598464956574,0.7654046969793054,0.0,0.0012411784014442803,0.10726509211835814,0.2592562161718036,-0.40287023428720037,168.63447604463775,0.8927349078816419,750.9760920612099,1.431278436078196,0.7543390639137946,0.7445014625654106,0.6300651969231316,-3.5018270401948826,182.26926168811906,0.5228001048047735,1.3982086074228706,0.7445014625654106,1.450265655150538,21.23240107573224,6.250909494325729,0.6555063187264073,0.5960455710924902,1.4618075957480903,0.6996040141036073,0.05222821458983821,0.6432608695652174,1.4449108392128844,0.7460153177395984,0.0,0.020238388314459215,0.14577991594195236,0.29381772496466524,-5.135298694562119,491.2824564100092,0.8542200840580476,800.0319540307554,1.5460968365198835,0.7211833595723234,0.6972469146457236,0.6220225623145649,-11.386208188887847,556.8435335963633,0.4762426463726124,1.450265655150538,0.6972469146457236,gam,target,1.0,0.6390164120630268,0.6644455914196079,0.82156818798529,5,0.21336601519255902,E4,15.0,gam,gam,500,10000,499,500,1.354703457322215,0.8492874778860874,0.441136512695587,0.08643305537337206,0.4961255069822325,0.9135669446266279,0.7759507396022959,0.6563070297101978,0.5698739743368257,"mat,lpann",4.4,0,region_excluded,0.40686,10.507509480370603,0.6972445185725703,1.1462569099597115,0.570293001695438,10.005191685584059,0.5718669458154142,2.243956713201537,0.03082341776772024,6.250909494325729,0.6972469146457236,1.354703457322215,0.5698739743368257,8.607779572830365,0.7004473660184425,1.1996627002717137,0.5803587685218137
1.4247396655096245,21.613086755141467,5.507353534346882,0.689120712292795,0.5336068160302935,1.4213157124743978,0.7312568603164054,0.0,0.20489824077268023,1.3842405574631387,0.7459310636946047,0.0,0.0012411784014442803,0.10886715052066898,0.27183748087134246,2.005526494151999,200.45917080418332,0.891132849479331,778.1937537638838,1.4229288535573221,0.733930377004189,0.735033836543467,0.6094757598905687,-3.5018270401948826,182.26926168811906,0.5006086093698996,1.4247396655096245,0.735033836543467,1.5151595252570642,19.56288729334392,11.00213422423656,0.6325086164451009,0.6390526287964896,1.5235564339511778,0.6957359213436769,0.037827943868212324,0.6650544135429263,1.442291089875264,0.7229975987030559,0.0,0.020238388314459215,0.12389310353942534,0.30218290320892005,-0.38407396465128807,538.2466854725474,0.8761068964605747,828.0427293964887,1.527554286703002,0.6990918218327857,0.6966610965728158,0.5947499874281308,-11.386208188887847,556.8435335963633,0.4708568838887055,1.5151595252570642,0.6966610965728158,maxent,target,1.0,0.6378606206404738,0.6244913874700313,0.7493186041229153,5,0.2316723725032755,E4,15.0,maxent,maxent,500,10000,499,500,1.3478169212030358,0.8161437811650134,0.45591679940035607,0.10809987819732034,0.47587343917680114,0.8919001218026796,0.7597697365139225,0.644791590627053,0.5366917124297328,"mat,lpann",3.1,0,region_excluded,0.41198,11.778956849092538,0.7026002830998317,1.2106952122177457,0.5606365330328531,16.024152677980187,0.5926372679564502,2.011079359130516,0.21226001897948743,11.00213422423656,0.6966610965728158,1.3478169212030358,0.5366917124297328,11.818085791289313,0.702494174313461,1.2094771854211561,0.560293641325877
1.4631162463286163,23.032722116106356,2.27284267287603,0.7162932873789595,0.5301356894919533,1.4683263435092169,0.7567444755065148,0.3531093638313081,0.42316031118479785,1.420647343970915,0.7645420695265809,0.0,0.0012411784014442803,0.06701944316333713,0.25266260642722893,-1.2289843673188527,163.19002479111012,0.9329805568366628,843.3856365699845,1.4782010899455027,0.7552480001613994,0.7575611246341392,0.6120161304649056,-3.5018270401948826,182.26926168811906,0.5449966873015684,1.4631162463286163,0.7575611246341392,1.5011234173032697,20.195016290383705,4.443265836447907,0.6741034794025932,0.6151304485739209,1.5167191923508359,0.705776230752088,0.1503197245450074,0.7533613663499974,1.5142151171444733,0.75159552424368,0.0,0.020238388314459215,0.11400703127065105,0.2887923362822593,-6.942942352439941,454.6705059060913,0.885992968729349,865.2147824750889,1.6297545923811172,0.7209623651197473,0.7084760093003594,0.6099200429119801,-11.386208188887847,556.8435335963633,0.49591301164132906,1.5011234173032697,0.7084760093003594,gbm,target,1.0,0.6286984196904083,0.6638588919492474,0.8748217741758632,5,0.15025823981759207,E4,15.0,gbm,gbm,500,10000,499,500,1.429448140166776,0.8572956892854795,0.4793403916424623,0.04989225147568631,0.45102347589862235,0.9501077485243137,0.7821593166084961,0.6265420833637492,0.5766498318880628,"mat,lpann",4.7,0,region_excluded,0.37372500000000003,11.443068704161764,0.6900362359613783,1.194650051531903,0.5663447302888343,8.925269878344821,0.5738708331753195,2.257706361847653,0.02011095700416088,4.443265836447907,0.7084760093003594,1.429448140166776,0.5766498318880628,11.443068704161764,0.6900362359613783,1.194650051531903,0.5663447302888343
1.7094934097142995,6.365665742668,3.1213192249321287,0.6031819300837026,0.7413403888632667,1.7171315712474398,0.7125229954682102,0.16504424778761062,0.21843761569788966,1.5899565744294082,0.7379195383250636,0.10743801652892562,0.0012411784014442803,0.031846979148967156,0.32701017798638143,-0.3805078152627539,125.17749949464704,0.9681530208510328,849.3701351735104,1.7382380880955952,0.7065138996667731,0.714637664280659,0.45744435167255865,-3.5018270401948826,182.26926168811906,0.42559737252359153,1.7094934097142995,0.714637664280659,1.7939256165578494,9.9387352836157,7.384510756254703,0.5637104053832267,0.857127752372393,1.8125634314406283,0.6665020701181297,0.21487949703108628,0.5536014542149511,1.7204310678455539,0.7097459018187389,0.10136847440446022,0.020238388314459215,0.06320213581454363,0.36242475003926083,-4.0016974326331445,391.39159554955665,0.9367978641854564,827.705143390352,1.9193125126164317,0.6651783509329962,0.6705961380171622,0.4564594263875153,-11.386208188887847,556.8435335963633,0.39325729057297165,1.7939256165578494,0.6705961380171622,rf,target,1.0,0.6028211707190488,0.6189238311197539,0.7950593325072532,5,0.048261786910245116,E4,15.0,rf,rf,500,10000,499,500,1.6559308535557014,0.8309327531852648,0.6788625503607233,0.02293169680502202,0.40339165794607135,0.977068303194978,0.7357633591152425,0.47109278049492664,0.4481610836899046,"mat,lpann",22.0,0,region_excluded,0.2733,10.071735772033897,0.6753030504862129,1.2402557856272838,0.522103261850551,11.386208188887847,0.5591380367871474,2.283519160498454,0.0,7.384510756254703,0.6705961380171622,1.6559308535557014,0.4481610836899046,8.121141470084392,0.6773589564215464,1.4376698210437553,0.5098182605557984
1.434060732577615,10.846055834276285,12.220842148492483,0.5927088462169703,0.6194868558390174,1.427655320394031,0.6656890611974328,0.0,0.06148097826086957,1.3011765299939406,0.6513577266992155,0.0,0.0012411784014442803,0.18542612326140254,0.3405671326013947,8.7190151082976,315.1730509462735,0.8145738767385975,694.1280505126798,1.351532423378831,0.6521165989836923,0.6693126969564004,0.5466237942122186,-3.5018270401948826,182.26926168811906,0.361197670950816,1.434060732577615,0.6693126969564004,1.6172979831355239,13.452913369413295,23.978909832214246,0.4786127523387494,0.780708942401734,1.6095561134554779,0.6290235090628102,0.0,0.3004778658824765,1.3217528504658986,0.6126682908065136,0.0,0.020238388314459215,0.16341095926621024,0.3739412657697744,12.592701643326398,817.8839655344062,0.8365890407337897,766.1295623137449,1.4652074862300661,0.6183468638139579,0.639276877240822,0.5049197914745964,-11.386208188887847,556.8435335963633,0.3415088322083861,1.6172979831355239,0.639276877240822,mahal,target,1.0,0.6213576517362185,0.730000482062154,0.9007999992837263,5,0.1972410558201049,E4,15.0,mahal,mahal,500,10000,499,500,1.2728614260282958,0.778023122741258,0.5064649114588213,0.23360348543052561,0.4009705175945606,0.7663965145694743,0.674389125349108,0.6054091539528432,0.37180566852231767,"mat,lpann",3.7,0,region_excluded,0.44484,67.45191173133789,0.577009009009009,0.4734376463974515,0.32512308525769673,17.981251025741287,0.5777825313032384,2.045066991473812,0.1852382336468632,23.978909832214246,0.639276877240822,1.2728614260282958,0.37180566852231767,31.97405319950355,0.6456537745246654,1.0591211468190762,0.377432585109577
1.3843726484938224,29.242784288098335,2.0639727611958536,0.7209502708025604,0.48520523339078087,1.3891787769433337,0.7547481757411849,0.13505908835115363,0.41525202402716116,1.3454352656029085,0.7700273418157549,0.0,0.0012411784014442803,0.10083258489695851,0.24795875399262585,-1.437854278999029,180.4682822226879,0.8991674151030414,793.8049304882379,1.4030548472576372,0.759807338208828,0.7542171863706237,0.6448988292977563,-3.5018270401948826,182.26926168811906,0.5440662444007978,1.3843726484938224,0.7542171863706237,1.4422299172636197,22.9716084760542,5.677995828871252,0.6751907927129492,0.5819037297454469,1.4566529565728326,0.7040073057772173,0.06548607268031728,0.7513416815742398,1.42773361912417,0.7583813611281423,0.0,0.020238388314459215,0.1396738124818271,0.2857980421923258,-5.708212360016596,503.6644736104124,0.8603261875181729,841.4394910728955,1.5382241831761687,0.7309868436001727,0.7045415187462118,0.6309904956668958,-11.386208188887847,556.8435335963633,0.4913166831850688,1.4422299172636197,0.7045415187462118,"gam,maxent,gbm,rf",target,1.0,0.6317982786868888,0.6595300510892559,0.8490165308196838,5,0.19776262685823487,E4,15.0,"gam,maxent,gbm,rf",ens4,500,10000,499,500,1.355382741497236,0.8550383566409846,0.42570036540803896,0.07031762391080296,0.4854937808723826,0.929682376089197,0.7894108755320418,0.668333454996715,0.598015831085912,"mat,lpann",26.3,0,region_excluded,0.4209275,17.09378021980843,0.6865504967080008,1.0666166963365502,0.5461196835139774,10.760712274705476,0.5635189584931517,2.2730956619507166,0.008121030732170187,5.677995828871252,0.7045415187462118,1.355382741497236,0.598015831085912,9.8072003799765,0.6956326887310372,1.2238358474655673,0.5922800244610766
1.434060732577615,10.846055834276285,12.220842148492483,0.5927088462169703,0.6194868558390174,1.427655320394031,0.6656890611974328,0.0,0.06148097826086957,1.3011765299939406,0.6513577266992155,0.0,0.0012411784014442803,0.18542612326140254,0.3405671326013947,8.7190151082976,315.1730509462735,0.8145738767385975,694.1280505126798,1.351532423378831,0.6521165989836923,0.6693126969564004,0.5466237942122186,-3.5018270401948826,182.26926168811906,0.361197670950816,1.434060732577615,0.6693126969564004,1.6172979831355239,13.452913369413295,23.978909832214246,0.4786127523387494,0.780708942401734,1.6095561134554779,0.6290235090628102,0.0,0.3004778658824765,1.3217528504658986,0.6126682908065136,0.0,0.020238388314459215,0.16341095926621024,0.3739412657697744,12.592701643326398,817.8839655344062,0.8365890407337897,766.1295623137449,1.4652074862300661,0.6183468638139579,0.639276877240822,0.5049197914745964,-11.386208188887847,556.8435335963633,0.3415088322083861,1.6172979831355239,0.639276877240822,"glm,gam,maxent,gbm,rf,mahal",target,1.0,0.6366314613818264,0.6786661465235815,0.8901360547227991,5,0.2056610022493816,E4,15.0,mahal,ens6,500,10000,499,500,1.2728614260282958,0.778023122741258,0.5064649114588213,0.23360348543052561,0.4009705175945606,0.7663965145694743,0.674389125349108,0.6054091539528432,0.37180566852231767,"mat,lpann",21.2,0,region_excluded,0.44484,67.45191173133789,0.577009009009009,0.4734376463974515,0.32512308525769673,17.981251025741287,0.5777825313032384,2.045066991473812,0.1852382336468632,23.978909832214246,0.639276877240822,1.2728614260282958,0.37180566852231767,31.97405319950355,0.6456537745246654,1.0591211468190762,0.377432585109577
1.4298128504502754,19.74035066517439,5.0779608563700895,0.6906696208764156,0.5326844187683569,1.4353603823271237,0.7393345948597804,0.004520625353173856,0.166723259762309,1.3932538881034136,0.7492615410583171,0.0,0.0012411784014442803,0.10287156831808142,0.26891041112491915,1.576133816175207,198.68253761963234,0.8971284316819186,771.5201358929282,1.4408279586020698,0.7380323234806121,0.7384341814767085,0.6101508233998331,-3.5018270401948826,182.26926168811906,0.5072792550817518,1.4298128504502754,0.7384341814767085,1.5047712193703577,19.32685458933878,9.553133520841628,0.635555145248646,0.6338981258756047,1.5204048929010203,0.6982377687588085,0.040278227110967325,0.6505905511811023,1.4528593968622547,0.7263392965507197,0.0,0.020238388314459215,0.12912690650524702,0.3022143118881851,-1.8330746680462195,524.0229191026542,0.870873093494753,819.1702204845271,1.5599388643769645,0.7070777618816956,0.6953713670613563,0.5980186734163635,-11.386208188887847,556.8435335963633,0.46889176691111656,1.5047712193703577,0.6953713670613563,"glm,gam,maxent",target,1.0,0.639537273888718,0.6396152636820907,0.7638598203788817,5,0.23478134169605833,E4,15.0,"glm,gam,maxent",ens_glm_gam_maxent,500,10000,499,500,1.3583341141197414,0.8295324978429742,0.4595006090133983,0.1011664948936569,0.48696279459131725,0.8988335051063431,0.7622613774060905,0.6419994160157676,0.5408329211221106,"mat,lpann",5.4,0,region_excluded,0.4052116666666667,10.336957653555945,0.7013151068101329,1.203269933476998,0.5635461829694468,13.21081022808217,0.5933716042411694,2.063009463131266,0.17180086137674278,9.553133520841628,0.6953713670613563,1.3583341141197414,0.5408329211221106,10.431647619281215,0.7006081432414712,1.1974843061931977,0.5624279428302525
1.4800106803893487,14.155706238183086,4.6045182700686915,0.6716724109634006,0.5773721387479671,1.4795669560128744,0.7261731502969752,0.0,0.14538245498100116,1.4476368410422138,0.7366987807645493,0.0,0.0016720006564910554,0.09736145835861834,0.285610069355253,1.102691229873809,199.34939509315456,0.9026385416413817,807.305310994403,1.4713014349282536,0.729417239042253,0.7279311728606525,0.577445772858894,-3.5018270401948826,182.26926168811906,0.4800843145002758,1.4800106803893487,0.7279311728606525,1.5618408183764638,14.460558264374242,9.361567599901498,0.6181068439192516,0.6757949829504903,1.576758720153838,0.6938504752329523,0.13057274313818817,0.5826198630136986,1.5099282545920039,0.710251331380247,0.0,0.021223124897423274,0.11395416457402659,0.3131137404500152,-2.0246405889863484,528.5706613871754,0.8860458354259734,826.4913597268775,1.5722813392161952,0.6959943497124407,0.6917259097991064,0.571450123204318,-11.386208188887847,556.8435335963633,0.45749595863029136,1.5618408183764638,0.6917259097991064,glm,target,1.0,0.6496991668374077,0.6261054200964429,0.7299744705385376,5,0.2445413894939869,E4,15.0,glm,glm,500,10000,499,500,1.4126065773447016,0.8136027678981329,0.5087369999063056,0.09613042256160405,0.4663987364481399,0.9038695774383959,0.7492888280468742,0.6036389517483028,0.5075085291866988,"mat,lpann",3.3,1,region_excluded,0.38388,9.005480032633727,0.6939326343966095,1.2436287829101471,0.5392283819701995,10.587780171775119,0.6434007670263697,1.8834442050032794,0.31170158405723036,9.361567599901498,0.6917259097991064,1.4126065773447016,0.5075085291866988,8.947777624228237,0.6948089497798141,1.2507027077672632,0.5390928606128798
1.5291404713935481,15.084829537527696,1.9853964364366372,0.6768627933694403,0.6020584023108478,1.5352579732761142,0.7339770716319151,0.054353562005277044,0.10551558752997602,1.5349171884467785,0.7449379002619444,0.0,0.0016720006564910554,0.0729179309172998,0.285712817878243,-1.5164306037582453,155.07937604520464,0.9270820690827002,807.2692499203747,1.5613469326533673,0.7402375584380093,0.7331202671964527,0.5593789415714768,-3.5018270401948826,182.26926168811906,0.4864610106541769,1.5291404713935481,0.7331202671964527,1.589595834104306,13.97206915998413,5.398652299821782,0.6197070408665682,0.6986333958922577,1.6053896693552694,0.688255374112003,0.17028220387790363,0.5326286043225705,1.6063231222648924,0.7211961301671064,0.0,0.021223124897423274,0.10903756178795168,0.3202192435468827,-5.987555889066066,475.05191732618647,0.8909624382120483,816.3729136843796,1.6729532543184242,0.7096126874527997,0.6881092612818602,0.5569673299026099,-11.386208188887847,556.8435335963633,0.44792976811465834,1.589595834104306,0.6881092612818602,gam,target,1.0,0.6536118014584449,0.6692222020803873,0.7366040792997245,5,0.24461270064796964,E4,15.0,gam,gam,500,10000,499,500,1.4983135013585684,0.8387962366133889,0.5538742621568443,0.05556076079827602,0.48082646847618904,0.944439239201724,0.7560614299911868,0.5684721512519162,0.5129113904536402,"mat,lpann",3.3,1,region_excluded,0.34636500000000003,6.17887211485132,0.6891812335839145,1.2477981823292421,0.5650677931321078,2.578892045105297,0.6832076039661762,1.844139417221025,0.34232425724505444,5.398652299821782,0.6881092612818602,1.4983135013585684,0.5129113904536402,5.605379820812795,0.6921518874643875,1.2933804928323809,0.5646430017812736
1.499041192319829,14.532081146199914,4.532485025340316,0.6665538322665354,0.5920091268781708,1.4981956500536429,0.7239400327945654,0.0,0.12315270935960591,1.467380327206625,0.7348968565815324,0.0,0.0016720006564910554,0.09296793455834163,0.28994605702543025,1.0306579851454334,200.3738678012633,0.9070320654416584,809.5785345079182,1.4909754512274387,0.7277909357312031,0.7259040533058775,0.5667335808566201,-3.5018270401948826,182.26926168811906,0.47376564629827844,1.499041192319829,0.7259040533058775,1.582617430149877,13.792858274742116,9.334708008931692,0.613172903331692,0.6911263249715841,1.5974841087548741,0.6923448665878361,0.1537478024612434,0.5517204358795427,1.5360662082105325,0.7077204803437064,0.0,0.021223124897423274,0.10850889482170707,0.3170332952556619,-2.051500179956156,523.8247926858812,0.8914911051782929,819.6966932038908,1.5962741875018023,0.6940053981406404,0.6903779822523362,0.5617278777008565,-11.386208188887847,556.8435335963633,0.4532189828791493,1.582617430149877,0.6903779822523362,maxent,target,1.0,0.6493161927447523,0.6239448851362926,0.7332857085802316,5,0.24263204604049288,E4,15.0,maxent,maxent,500,10000,499,500,1.4317904993909867,0.8140569374846124,0.5230956619507168,0.09130516255973016,0.4666853069856216,0.9086948374402698,0.7473463175942515,0.5924520037958975,0.5011468412361673,"mat,lpann",3.2,1,region_excluded,0.375995,8.884752762494863,0.693564201987788,1.2472828632999158,0.5369648822301998,10.465203048683481,0.6442718711149713,1.8820153658765109,0.31281480400029205,9.334708008931692,0.6903779822523362,1.4317904993909867,0.5011468412361673,8.783376843441404,0.695089523134196,1.260798276023611,0.5364781335200774
1.5186057237177464,20.585682365563173,1.3696408845437325,0.7218324306581323,0.5565696531300823,1.5254559641080658,0.761967289087995,0.23444773592890394,0.556698312236287,1.5003282165219147,0.7741056011632487,0.0,0.0016720006564910554,0.037963929412335846,0.251661957359363,-2.13218615565115,161.19845002725359,0.9620360705876642,854.0858659565233,1.5502474876256187,0.7596529922070284,0.7639433687680105,0.5926702314757244,-3.5018270401948826,182.26926168811906,0.5547063020633884,1.5186057237177464,0.7639433687680105,1.505167719595041,22.185330601762303,0.46246943253274075,0.6883616445100935,0.6054029763950199,1.5208055125260402,0.715778097982709,0.23417513938996393,0.7765232718784241,1.5490756452621237,0.754934248943078,0.0,0.021223124897423274,0.10023525679997886,0.2797660843228288,-10.923738756355107,434.4180965564721,0.8997647432000212,875.1090578718408,1.631917409233786,0.7189893389724654,0.7183269496586581,0.616088640059004,-11.386208188887847,556.8435335963633,0.5158533832590253,1.505167719595041,0.7183269496586581,gbm,target,1.0,0.6342996907503909,0.6750584383635225,0.8382045751961764,5,0.1981521129933658,E4,15.0,gbm,gbm,500,10000,499,500,1.497353134076642,0.8696485329054741,0.5172631874824323,0.01991005340579031,0.45637991586137233,0.9800899465942097,0.7849029704456137,0.5969961311044601,0.5770860776986697,"mat,lpann",5.1,1,region_excluded,0.347595,5.056771502868706,0.6776183577136982,1.194228426871545,0.5948442366852311,5.111124861223059,0.6277738128827738,2.066101377307224,0.16893352232342718,0.46246943253274075,0.7183269496586581,1.497353134076642,0.5770860776986697,1.0051238306685537,0.6978608431582708,1.3522439801367938,0.6093793083533527
1.5291404713935481,21.87338445570265,0.9133006755745021,0.6610762350237978,0.5927858824671699,1.5359650833902272,0.7383106581414355,0.07671887443589064,0.33093525179856115,1.440390830135326,0.7463971280480866,0.08588957055214724,0.0016720006564910554,0.06364541107362187,0.2777189827896224,-2.5885263646203804,153.073083535809,0.9363545889263781,843.6219705948644,1.5610719464026799,0.732801030766828,0.7404528135287399,0.5661651063225027,-3.5018270401948826,182.26926168811906,0.5025196952488808,1.5291404713935481,0.7404528135287399,1.5382094049853294,22.529676326515585,1.369198756384371,0.6509006236665026,0.6330786920779256,1.5540569414027028,0.7093245772725847,0.22337708094776712,0.6712497796580292,1.5206156410943408,0.7289949214597851,0.0033832769453842437,0.021223124897423274,0.09486928709259602,0.2885379222167493,-10.017009432503476,445.76170369066205,0.905130712907404,875.3149329516244,1.6709057876978977,0.7014327513793066,0.7132041281776241,0.5985383106760314,-11.386208188887847,556.8435335963633,0.5036690235834353,1.5382094049853294,0.7132041281776241,rf,target,1.0,0.6310126753588081,0.6496522974070942,0.8627706320992867,5,0.04456723267020266,E4,15.0,rf,rf,500,10000,499,500,1.514803710297011,0.8446329327656827,0.5556076079827602,0.04080389768574909,0.4148106588381348,0.9591961023142509,0.7628397384549468,0.5671216877144317,0.5263177900286826,"mat,lpann",23.4,1,region_excluded,0.3423,0.9101934287402464,0.6658483202668118,1.2695586995221588,0.5524063301335556,11.386208188887847,0.5591380367871474,2.283519160498454,0.0,1.369198756384371,0.7132041281776241,1.514803710297011,0.5263177900286826,0.7381079714740331,0.6841564934050484,1.3574908647990256,0.5501162349812097
1.5830036167682113,8.049284884230701,8.473980405935478,0.5850053339898243,0.7148093307765129,1.5785623719886863,0.6683183296769801,0.0,0.055299539170506916,1.4984599070894769,0.6631433219818309,0.0,0.0016720006564910554,0.13180571400830157,0.3583662984844593,4.972153365740595,249.74726134418484,0.8681942859916985,728.5127448820223,1.5409229538523075,0.6618917376674996,0.6722362139608314,0.47686130997850457,-3.5018270401948826,182.26926168811906,0.3450555959702031,1.5830036167682113,0.6722362139608314,1.7149163384525918,11.909368599931838,15.814305925745199,0.4839159691449204,0.848880547698977,1.7089631964104481,0.6284790345956285,0.011451942740286299,0.29908972691807545,1.5480932392605162,0.6294206301917212,0.0,0.021223124897423274,0.13396420924638525,0.38967082027688404,4.42809773685735,679.9405593160631,0.8660357907536148,783.501431383223,1.6559679326354644,0.6284405163896157,0.6379834092767847,0.46168932396868767,-11.386208188887847,556.8435335963633,0.32772511472230237,1.7149163384525918,0.6379834092767847,mahal,target,1.0,0.6489174867392198,0.7469196324552481,0.813885173164878,5,0.2496219053171959,E4,15.0,mahal,mahal,500,10000,499,500,1.455214091633093,0.7826321704105987,0.6146584840251101,0.15944439239201724,0.402635220152998,0.8405556076079828,0.6847106413020665,0.5211146799036426,0.36167028751162533,"mat,lpann",3.3,1,region_excluded,0.36703,59.166659566252605,0.592604694222077,0.564602267403729,0.3428597049354416,15.198661581878149,0.5953343260299228,2.0103063805865267,0.21015350125132493,15.814305925745199,0.6379834092767847,1.455214091633093,0.36167028751162533,25.801612846109798,0.6440169713210195,1.1507542396701957,0.3796768795215919
1.443236157972668,21.419218373752187,0.8653785491931965,0.7291769243394058,0.5169308444789669,1.4487467082805032,0.7577568008921814,0.18168778388716234,0.5315587266739846,1.4356443142799435,0.7742637683863545,0.0,0.0016720006564910554,0.073694686506299,0.25000770613922424,-2.636448491001686,172.84854449242079,0.926305313493701,811.7335387265069,1.4741762911854408,0.7629430546013014,0.7582609732350428,0.6216801975449006,-3.5018270401948826,182.26926168811906,0.5479855110386016,1.443236157972668,0.7582609732350428,1.4748222357326002,22.598335431468342,2.751429994445676,0.6803298867552929,0.5996933731595782,1.4901447572245072,0.7066798232442404,0.09627267291209886,0.7913526378421262,1.4884939418296568,0.760775681592516,0.0,0.021223124897423274,0.12487113742697788,0.28726983095609887,-8.634778194442172,486.96967982862634,0.8751288625730221,864.4944351033622,1.579115840470629,0.7303546670244644,0.7072256341789052,0.619709338384431,-11.386208188887847,556.8435335963633,0.494838200957453,1.4748222357326002,0.7072256341789052,"gam,maxent,gbm,rf",target,1.0,0.6497069815385242,0.6718708902588011,0.8136299550489607,5,0.21288025470802202,E4,15.0,"gam,maxent,gbm,rf",ens4,500,10000,499,500,1.4304085074487023,0.8599832803957983,0.4693853649395671,0.0389768574908648,0.48921622291023376,0.9610231425091352,0.7908326024730384,0.6342981239506533,0.5953212664597887,"mat,lpann",26.5,1,region_excluded,0.38937125,11.422727030327607,0.6549350967425912,1.0262578469034012,0.5500593388550794,3.808350091150558,0.666862227437176,1.8923451700552796,0.3047667712971749,2.751429994445676,0.7072256341789052,1.4304085074487023,0.5953212664597887,2.2176198547500974,0.6961632616224631,1.3103391736156658,0.6005212697400149
1.5830036167682113,8.049284884230701,8.473980405935478,0.5850053339898243,0.7148093307765129,1.5785623719886863,0.6683183296769801,0.0,0.055299539170506916,1.4984599070894769,0.6631433219818309,0.0,0.0016720006564910554,0.13180571400830157,0.3583662984844593,4.972153365740595,249.74726134418484,0.8681942859916985,728.5127448820223,1.5409229538523075,0.6618917376674996,0.6722362139608314,0.47686130997850457,-3.5018270401948826,182.26926168811906,0.3450555959702031,1.5830036167682113,0.6722362139608314,1.7149163384525918,11.909368599931838,15.814305925745199,0.4839159691449204,0.848880547698977,1.7089631964104481,0.6284790345956285,0.011451942740286299,0.29908972691807545,1.5480932392605162,0.6294206301917212,0.0,0.021223124897423274,0.13396420924638525,0.38967082027688404,4.42809773685735,679.9405593160631,0.8660357907536148,783.501431383223,1.6559679326354644,0.6284405163896157,0.6379834092767847,0.46168932396868767,-11.386208188887847,556.8435335963633,0.32772511472230237,1.7149163384525918,0.6379834092767847,"glm,gam,maxent,gbm,rf,mahal",target,1.0,0.6542380958005461,0.6872917289685765,0.8692424290530886,5,0.22492336014683517,E4,15.0,mahal,ens6,500,10000,499,500,1.455214091633093,0.7826321704105987,0.6146584840251101,0.15944439239201724,0.402635220152998,0.8405556076079828,0.6847106413020665,0.5211146799036426,0.36167028751162533,"mat,lpann",20.0,1,region_excluded,0.36703,59.166659566252605,0.592604694222077,0.564602267403729,0.3428597049354416,15.198661581878149,0.5953343260299228,2.0103063805865267,0.21015350125132493,15.814305925745199,0.6379834092767847,1.455214091633093,0.36167028751162533,25.801612846109798,0.6440169713210195,1.1507542396701957,0.3796768795215919
1.4849382236570625,15.309823042458731,3.5754406505335012,0.6761857869686525,0.5784887249071534,1.4900516921876523,0.7300679579326688,0.010315925209542231,0.14681304276585286,1.4671531003837608,0.7408180599474002,0.0,0.0016720006564910554,0.09355050125009103,0.28446956075006424,0.07361361033861868,183.35199696329371,0.906449498749909,806.3496182140411,1.4978251087445629,0.7334214055525531,0.7295549564333997,0.5766285907161003,-3.5018270401948826,182.26926168811906,0.48307808946600916,1.4849382236570625,0.7295549564333997,1.5619465517697126,14.414731866572197,8.049057853536956,0.6196557525028722,0.6792048848827681,1.577880455103894,0.6917458376933517,0.13104736038024103,0.5637210298131992,1.534577714268703,0.7143377300649526,0.0,0.021223124897423274,0.11725833311305543,0.3157756840880747,-3.3371503353508913,506.56732582436996,0.8827416668869446,819.2298656137252,1.6039161403812325,0.6988792416053867,0.689117941416205,0.5692877617044102,-11.386208188887847,556.8435335963633,0.45202942859135486,1.5619465517697126,0.689117941416205,"glm,gam,maxent",target,1.0,0.6518984197025708,0.6397163268035009,0.7467820405982655,5,0.24547644227388887,E4,15.0,"glm,gam,maxent",ens_glm_gam_maxent,500,10000,499,500,1.4318841937599551,0.8238202323643605,0.5162091258315376,0.0843249320715825,0.47448010219451564,0.9156750679284175,0.7530581187031651,0.5978173589313088,0.5134924268597263,"mat,lpann",5.3,1,region_excluded,0.3755533333333333,8.384870012630918,0.6886904291472378,1.2252881101845778,0.5392238730270109,6.41231250377754,0.6703243764050958,1.8305068865361191,0.35286212427328634,8.049057853536956,0.689117941416205,1.4318841937599551,0.5134924268597263,8.0677099155411,0.693951322281976,1.2684109435022954,0.5410069916353615
1.4010971672694614,20.812405954898452,5.431967606699084,0.696926801247333,0.5168094764181858,1.397688481420072,0.7328492688185165,0.0,0.361474435196195,1.3589426378509393,0.7475731272676678,0.0,0.002154111275233875,0.11571230914872442,0.26787146117313265,1.9301405665042015,207.35863789630093,0.8842876908512756,786.8972876407697,1.3975551222438878,0.7353165045304305,0.7365696839806709,0.6217690216908565,-3.5018270401948826,182.26926168811906,0.506056712542132,1.4010971672694614,0.7365696839806709,1.4818535063836535,19.053958456266912,10.383170822214115,0.63796569834236,0.6164521159895324,1.4896373056994818,0.6963107587671776,0.03673345476624165,0.6940069873689868,1.402875770295615,0.7236573127671436,0.0,0.02315156737239455,0.13459860960587877,0.29835872772521554,-1.0030373666737313,556.3880672263192,0.8654013903941212,837.3068896115499,1.4883928828906767,0.6993162591262023,0.6973831357638113,0.6090819182996128,-11.386208188887847,556.8435335963633,0.4744833086937339,1.4818535063836535,0.6973831357638113,glm,target,1.0,0.6476347674874124,0.642300979200322,0.8446376343068754,5,0.24424957404567257,E4,15.0,glm,glm,500,10000,499,500,1.3264311814859926,0.8149524733193161,0.4418392204628502,0.11540803897685749,0.47160349445450045,0.8845919610231425,0.7604712041884817,0.6557595444922987,0.5403515055154413,"mat,lpann",3.5,2,region_excluded,0.42055000000000003,10.574121314478024,0.7021726378235991,1.2402792092195258,0.5560069153406912,12.157120914570353,0.6358211726576809,1.8747072050969738,0.3110908385544797,10.383170822214115,0.6973831357638113,1.3264311814859926,0.5403515055154413,11.242258921278381,0.6968956080929524,1.204136606389956,0.5515775412347388
1.4059033424763938,22.05558418700116,2.705375957706535,0.711308058427704,0.5097215816685681,1.4111723398029845,0.7460434637515548,0.032730825598436736,0.29005616121572514,1.3990607957988286,0.7642861653090863,0.0,0.002154111275233875,0.10381823919217419,0.2598326445856206,-0.7964510824883475,171.33478836757394,0.8961817608078259,761.321981938456,1.4387280635968203,0.7543104331959735,0.7449856733524355,0.6269563518146773,-3.5018270401948826,182.26926168811906,0.5231381126225032,1.4059033424763938,0.7449856733524355,1.4533583569030688,20.05666149030668,5.559269301521441,0.6539061217790908,0.6010679072718141,1.464638641098232,0.6970665684160336,0.062067640276710224,0.6434577687322586,1.4531868655294573,0.7419938110551544,0.0,0.02315156737239455,0.1477095503687452,0.2974556604467033,-5.826938887366406,491.12167713533984,0.8522904496312548,802.3463454420662,1.5462986994261325,0.7201069106888038,0.69479491019577,0.618837688787569,-11.386208188887847,556.8435335963633,0.4711281384188237,1.4533583569030688,0.69479491019577,gam,target,1.0,0.6451225863072558,0.6673796361548404,0.8888354021566425,5,0.24551908449184845,E4,15.0,gam,gam,500,10000,499,500,1.3675630094631313,0.8445096199234814,0.45027171367000846,0.08270870420687716,0.4890265862104059,0.9172912957931229,0.7748822668091337,0.6491897218775093,0.5664810176706321,"mat,lpann",4.7,2,region_excluded,0.40371500000000005,9.082202290632747,0.6909533051184324,1.143727161997564,0.5628041548921465,9.209801227007741,0.594051787761255,2.1438911271432586,0.10878531279655457,5.559269301521441,0.69479491019577,1.3675630094631313,0.5664810176706321,8.505524882749771,0.6944515469189466,1.1627705424903962,0.5708458371155507
1.4084035245284852,20.023700591788668,5.301953364849243,0.693685376661743,0.5230477947423356,1.4049058812055009,0.7314204603061949,0.0,0.3113384484228474,1.3687891335083822,0.745936497447321,0.0,0.002154111275233875,0.11464427021385053,0.27006106211065195,1.8001263246543608,202.68696561967445,0.8853557297861495,785.0509349287381,1.4060796960151993,0.73410356578838,0.7352220844797871,0.6172034605887264,-3.5018270401948826,182.26926168811906,0.5025591903748761,1.4084035245284852,0.7352220844797871,1.4890698104728926,18.67207428442049,10.222968663307109,0.6351858690300345,0.6225317861013454,1.496901874899845,0.6951833905593171,0.03952811398804964,0.6784368608031004,1.4146348724360691,0.7219085192947848,0.0,0.02315156737239455,0.13346197562845286,0.30032237401686424,-1.1632395255807393,549.7086778188104,0.8665380243715471,833.6843459952676,1.497217175649566,0.6983925354519839,0.6962745847670022,0.6052265450827229,-11.386208188887847,556.8435335963633,0.47176456945427003,1.4890698104728926,0.6962745847670022,maxent,target,1.0,0.6471326617931668,0.6409134790853142,0.8384614760824327,5,0.2486766621081032,E4,15.0,maxent,maxent,500,10000,499,500,1.3350510634310877,0.8156028069414429,0.44881945095099784,0.11376838751991006,0.4726145837246632,0.88623161248009,0.759068293074392,0.6503211913278342,0.5365528038079241,"mat,lpann",3.2,2,region_excluded,0.416665,10.39705694447176,0.7016184230862644,1.2479621474749367,0.5547718103019443,12.097636045852077,0.6363068085825309,1.8734189075236578,0.3122195807524777,10.222968663307109,0.6962745847670022,1.3350510634310877,0.5365528038079241,11.115300550851636,0.6965539713036932,1.2018410943502296,0.5516573958668207
1.450057042988567,22.331277205036997,1.6115020225398013,0.7251046282619399,0.5167852028060296,1.4563542377840633,0.7617431010522137,0.2882235528942116,0.527951933124347,1.4218592203595233,0.7692259577795153,0.0,0.002154111275233875,0.06672815981746244,0.24711651144143587,-1.8903250176550812,175.1385058598187,0.9332718401825376,873.5112595319896,1.4669516524173791,0.7609416008836375,0.761836825679893,0.6217867865200476,-3.5018270401948826,182.26926168811906,0.5550586267025852,1.450057042988567,0.761836825679893,1.460125294071,22.954422994893662,2.105385708636897,0.6782168061710159,0.5869524992730829,1.4752951231237648,0.7083081570996979,0.2463768115942029,0.7408571428571429,1.4584263642046977,0.7475569440912558,0.0,0.02315156737239455,0.12682720520208296,0.28355262467053793,-9.28082248025095,471.26137025547064,0.8731727947979171,906.2104883459622,1.5824033220866858,0.7158905639307649,0.7098604261354479,0.6277888596476524,-11.386208188887847,556.8435335963633,0.5009616544455695,1.460125294071,0.7098604261354479,gbm,target,1.0,0.644216600791488,0.6752075595567526,0.8930214993505915,5,0.16076247625251283,E4,15.0,gbm,gbm,500,10000,499,500,1.4262391080296075,0.8661168343303883,0.4756628876604516,0.04942377963084418,0.4429971129097095,0.9505762203691558,0.7835800001930856,0.6294072560040879,0.5799834763732437,"mat,lpann",4.7,2,region_excluded,0.37798000000000004,2.1749309374325296,0.7122522965703836,1.4364986414316498,0.5782411571177282,6.218373523887621,0.6160798619027457,2.099034947999625,0.14373311920578136,2.105385708636897,0.7098604261354479,1.4262391080296075,0.5799834763732437,0.6676740198982678,0.6928061554524099,1.3192869858521503,0.5794227772330987
1.7263878437750322,15.75165544736251,2.794013165926079,0.6220868209420647,0.7423598805738282,1.7341265970935336,0.7197588556344309,0.17018970189701896,0.3093157109358346,1.6494395071702685,0.7385624029197915,0.1380952380952381,0.002154111275233875,0.015972036798796028,0.32085363597113425,-0.7078138742688034,130.06145266567196,0.984027963201204,906.1280969555784,1.7445877706114694,0.716793121350955,0.721854717367498,0.45669822884652966,-3.5018270401948826,182.26926168811906,0.44072619204773367,1.7263878437750322,0.721854717367498,1.8203589648700802,19.04819488777838,7.528831986511719,0.5854361562448711,0.8665644577198593,1.837936007691897,0.6725140695288825,0.3625158294639088,0.533566182135703,1.823732547408532,0.6887993927381605,0.153300841825432,0.02315156737239455,0.04620549284977928,0.35896924320861906,-3.857376202376128,314.73093868558163,0.9537945071502207,883.8735964256532,1.9423537214868645,0.6614199466833934,0.6763639090133743,0.4504752166552123,-11.386208188887847,556.8435335963633,0.40426972380543313,1.8203589648700802,0.6763639090133743,rf,target,1.0,0.622713525727333,0.6297459216635236,0.7898053534982156,5,0.06000122985092025,E4,15.0,rf,rf,500,10000,499,500,1.6778084887098286,0.8352966896929294,0.6901058746369343,0.01229738592710578,0.39818633730448555,0.9877026140728942,0.7376947367500284,0.4623330170085408,0.45003563108143485,"mat,lpann",23.7,2,region_excluded,0.268125,4.0900316484519745,0.6869877396193186,1.2822308629251382,0.5436168472912488,11.386208188887847,0.5591380367871474,2.283519160498454,0.0,7.528831986511719,0.6763639090133743,1.6778084887098286,0.45003563108143485,3.5442046536260925,0.6911992479998291,1.4179003091914175,0.5455156441451616
1.45229021530694,11.221755008630794,11.445608951537722,0.5963092893484326,0.6239289268636066,1.4435531064078806,0.6703986429177269,0.0,0.0659881812212738,1.3234447586346192,0.660001955947711,0.0,0.002154111275233875,0.17163871155666674,0.33692098932955034,7.94378191134284,314.8067628618989,0.8283612884433332,699.0725942525972,1.3741062946852658,0.6589308090008319,0.6755817751690142,0.543372830470235,-3.5018270401948826,182.26926168811906,0.37173411891356833,1.45229021530694,0.6755817751690142,1.621342285427295,13.855392882143406,22.048881615196336,0.48477761365501393,0.7798630752557426,1.614443672880722,0.6322402696904689,0.0,0.3080190634065479,1.346313000506088,0.6228256042631479,0.0,0.02315156737239455,0.15852078982844756,0.37277777194400985,10.662673426308489,799.25220415078,0.8414792101715525,775.3274090529874,1.488796608703175,0.6245365220615499,0.6420216198773798,0.5054561912265115,-11.386208188887847,556.8435335963633,0.3469354013980639,1.621342285427295,0.6420216198773798,mahal,target,1.0,0.6329733941240829,0.737470940330551,0.8780178141411639,5,0.21399991766312362,E4,15.0,mahal,mahal,500,10000,499,500,1.298299447203223,0.7825152212996499,0.5150847934039164,0.21678534620069334,0.40247453658926396,0.7832146537993067,0.681560146352898,0.5986933352799474,0.38190798907925405,"mat,lpann",3.7,2,region_excluded,0.435415,58.287566301825656,0.6360757088200268,0.6553921109341329,0.3646805687843917,16.38376016462255,0.5988692478351105,1.9615150379462194,0.21674570785370761,22.048881615196336,0.6420216198773798,1.298299447203223,0.38190798907925405,28.07309631540447,0.6454728026321411,1.119741403541647,0.3835027545795662
1.3627205864504697,19.147596511672475,0.9721813989288397,0.7351058591826687,0.456950748840935,1.3671120647615331,0.7680469715698393,0.09265734265734266,0.5098299681190224,1.3419763684104222,0.7775465982471081,0.0,0.002154111275233875,0.09423016239046532,0.23342379571948438,-2.529645641266043,177.7021338020527,0.9057698376095347,805.6500220378223,1.3882305884705766,0.7709506563108423,0.7667176921417344,0.6655770904762751,-3.5018270401948826,182.26926168811906,0.5713469280858097,1.3627205864504697,0.7667176921417344,1.365837540641273,26.31712002216443,1.0974778730727834,0.6834379615952733,0.5364648039967223,1.377917846268896,0.7025406024664734,0.1695364238410596,0.7228424424813125,1.372272334851597,0.7499843136270659,0.0,0.02315156737239455,0.17062726335544923,0.2808959267465426,-10.288730315815064,478.7889289656148,0.8293727366445508,876.3852334997155,1.4627274562390056,0.7174004683840749,0.7011239972291122,0.6598052198400858,-11.386208188887847,556.8435335963633,0.4891779564846366,1.365837540641273,0.7011239972291122,"gam,maxent,gbm,rf",target,1.0,0.6468245737977056,0.6697020212319591,0.8947179679294777,5,0.1850392351950585,E4,15.0,"gam,maxent,gbm,rf",ens4,500,10000,499,500,1.3491286423685938,0.8570980829693697,0.42181204909584935,0.07268340672725569,0.4834545655021897,0.9273165932727443,0.7894983497691671,0.6713628732024235,0.5986794664751678,"mat,lpann",27.6,2,region_excluded,0.44673375000000004,1.0920647479182417,0.6993874683899972,1.3354492644992035,0.5973769991588846,10.464438740206216,0.5875975614491515,2.1498172959805117,0.10416818745893863,1.0974778730727834,0.7011239972291122,1.3491286423685938,0.5986794664751678,4.4766580463341255,0.6903250424948832,1.2241403541647147,0.5872503744235316
1.45229021530694,11.221755008630794,11.445608951537722,0.5963092893484326,0.6239289268636066,1.4435531064078806,0.6703986429177269,0.0,0.0659881812212738,1.3234447586346192,0.660001955947711,0.0,0.002154111275233875,0.17163871155666674,0.33692098932955034,7.94378191134284,314.8067628618989,0.8283612884433332,699.0725942525972,1.3741062946852658,0.6589308090008319,0.6755817751690142,0.543372830470235,-3.5018270401948826,182.26926168811906,0.37173411891356833,1.45229021530694,0.6755817751690142,1.621342285427295,13.855392882143406,22.048881615196336,0.48477761365501393,0.7798630752557426,1.614443672880722,0.6322402696904689,0.0,0.3080190634065479,1.346313000506088,0.6228256042631479,0.0,0.02315156737239455,0.15852078982844756,0.37277777194400985,10.662673426308489,799.25220415078,0.8414792101715525,775.3274090529874,1.488796608703175,0.6245365220615499,0.6420216198773798,0.5054561912265115,-11.386208188887847,556.8435335963633,0.3469354013980639,1.621342285427295,0.6420216198773798,"glm,gam,maxent,gbm,rf,mahal",target,1.0,0.6508456974012264,0.6916379973968045,0.9209177192758263,5,0.20610348424399758,E4,15.0,mahal,ens6,500,10000,499,500,1.298299447203223,0.7825152212996499,0.5150847934039164,0.21678534620069334,0.40247453658926396,0.7832146537993067,0.681560146352898,0.5986933352799474,0.38190798907925405,"mat,lpann",23.2,2,region_excluded,0.435415,58.287566301825656,0.6360757088200268,0.6553921109341329,0.3646805687843917,16.38376016462255,0.5988692478351105,1.9615150379462194,0.21674570785370761,22.048881615196336,0.6420216198773798,1.298299447203223,0.38190798907925405,28.07309631540447,0.6454728026321411,1.119741403541647,0.3835027545795662
1.4196907541811297,18.923029141502752,4.85699556978505,0.6959830953553258,0.5259363545889264,1.4258509704476738,0.7399813044658203,0.005014464802314368,0.28653780942692436,1.38585639264795,0.7496587265473709,0.0,0.002154111275233875,0.10624560040779668,0.2677275437406197,1.3551685295901672,196.82158363460962,0.8937543995922033,780.8960658769753,1.4326283685815708,0.7395128969273456,0.7387344007062316,0.6150894459149775,-3.5018270401948826,182.26926168811906,0.5088438455071809,1.4196907541811297,0.7387344007062316,1.485924242023737,18.745162668904527,8.8023766318304,0.63874528147054,0.6218709523935397,1.5013621067250682,0.6980439053557701,0.045105409380617745,0.6656266810112964,1.4353844779851745,0.7257080689916511,0.0,0.02315156737239455,0.13594671036980255,0.3010469279961357,-2.5838315570574477,528.6219739666428,0.8640532896301975,825.4452014948864,1.5388009343368803,0.7075808173743157,0.6951565739805412,0.6056456073889066,-11.386208188887847,556.8435335963633,0.46969889701910406,1.485924242023737,0.6951565739805412,"glm,gam,maxent",target,1.0,0.6483493302280315,0.6532359881128799,0.8910746117931442,5,0.2445435526850943,E4,15.0,"glm,gam,maxent",ens_glm_gam_maxent,500,10000,499,500,1.351658390330741,0.8275080849437978,0.4553312095943034,0.10367281926356225,0.4821762613985786,0.8963271807364377,0.7622936940346823,0.6452478283086357,0.5415750090450735,"mat,lpann",5.3,2,region_excluded,0.40944,9.053741543730231,0.7025186744761628,1.2342124988288203,0.5613169611149629,8.27102041229132,0.6499376102577342,1.894828070832943,0.30283232352726475,8.8023766318304,0.6951565739805412,1.351658390330741,0.5415750090450735,9.466856190296546,0.6961494298609611,1.1972032230862926,0.5552707983049547
1.3181153641679957,4.419867004971763,3.238829601535942,0.7079537994419826,0.42333421938685095,1.315447877306068,0.7706293437775986,0.0,0.5970583481493454,1.2664370982552802,0.7603873346433564,0.0,0.0009847365829640572,0.10521885521885523,0.24499958928864793,1.1714499455930394,237.11806387288183,0.8947811447811448,105.62491569940019,1.2931292517006803,0.7668575157969681,0.7719901766858738,0.6348960721381629,-2.0673796559429025,156.5106633471575,0.5296772169193078,1.3181153641679957,0.7719901766858738,1.372262084592145,4.710369687350067,6.9401164061410725,0.6724314787461021,0.4515200151057402,1.3694449062967626,0.776414451261077,0.17300894156789354,0.745964316057774,1.2513665489734536,0.7524076160825269,0.0,0.01983833907763007,0.07925793051359517,0.23534336605479625,-1.1493471164308988,622.6530577188073,0.9207420694864048,50.069490485392635,1.3172059344776952,0.7658891013384321,0.7762566163887452,0.6529390420899854,-8.089463522571972,481.55764271618096,0.5736811115763902,1.372262084592145,0.7762566163887452,glm,target,1.0,0.6759220566431201,0.6994471034033204,0.8230180396208269,5,0.2790639138397224,E4,15.0,glm,glm,500,10000,500,500,1.2759181725491897,0.7801798489526165,0.40549276525587347,0.12957459270668373,0.43326575251962424,0.8704254072933163,0.7649004413180445,0.6362787258469382,0.5067041331402544,"mat,lpann",3.5,0,patchy,0.39583500000000005,6.924308168524762,0.7764432771662683,1.3014295941167537,0.5086354324854068,8.832754440067891,0.6766522076033903,1.7832396902184524,0.2969101013370099,6.9401164061410725,0.7762566163887452,1.2759181725491897,0.5067041331402544,7.9637835038995135,0.7651410786264605,1.2082565025923595,0.48965947947237076
1.348639907850434,0.6475380475341694,2.0575256593261093,0.7090821434432956,0.4403242955874535,1.3477439430984663,0.7739455621301775,0.0007665772326561902,0.5080135988343856,1.3142561983471075,0.7664395044093285,0.0,0.0009847365829640572,0.09168438773701931,0.24660136356168885,-0.009853996616793204,221.38898633894985,0.9083156122629806,70.85468721559684,1.3331746031746032,0.7717337428202112,0.7734822262253954,0.6202430077945896,-2.0673796559429025,156.5106633471575,0.5285586200575703,1.348639907850434,0.7734822262253954,1.3774782854984895,3.706179226752056,3.9376462813625617,0.6789143279172821,0.458199584592145,1.384907721906843,0.7747069427430359,0.2096069868995633,0.7151495862507957,1.3050608081600628,0.7596387319309233,0.0,0.01983833907763007,0.0807212990936556,0.23895388994704564,-4.15181724120941,570.5797186483251,0.9192787009063444,42.08592265433789,1.3612841156514255,0.7737439152531469,0.773322479127163,0.6478047895500726,-8.089463522571972,481.55764271618096,0.567083490456417,1.3774782854984895,0.773322479127163,gam,target,1.0,0.6747004228221074,0.7112065940228108,0.8823072992147143,5,0.27644920470074424,E4,15.0,gam,gam,500,10000,500,500,1.3208885610777275,0.790302100233415,0.4256676139445083,0.10477905286678092,0.4329538067075872,0.8952209471332191,0.7714467313480269,0.6181821719756377,0.5134031191088568,"mat,lpann",4.0,0,patchy,0.37292,4.161612567309126,0.7707390953150243,1.2796711282729896,0.5086463988504659,8.584442395424963,0.6326698224498634,1.9765928368440462,0.12401004066859955,3.9376462813625617,0.773322479127163,1.3208885610777275,0.5134031191088568,4.996917125530054,0.7608165282109879,1.2261752391695773,0.4911585497900033
1.3275739854687223,4.3892698270659025,3.3004461064006563,0.707481946495979,0.4283625730994152,1.324294287619471,0.7709668164865641,0.0,0.5824800910125142,1.276078971533517,0.7611401367679987,0.0,0.0009847365829640572,0.1007885876306929,0.24527681945128962,1.2330664504577538,236.79855078087638,0.8992114123693071,102.85484189543699,1.3011337868480726,0.7671462357114702,0.7726597891050287,0.630559376432829,-2.0673796559429025,156.5106633471575,0.5297707888021361,1.3275739854687223,0.7726597891050287,1.3796969410876132,4.4921705827775895,6.82768182600767,0.6726879205645823,0.4565237915407855,1.3765706277760623,0.7758655153114256,0.18322418837954577,0.7424322889006904,1.261514319340918,0.7527784523933433,0.0,0.01983833907763007,0.07682685045317221,0.23648408229901416,-1.2617816965643014,619.1408415613453,0.9231731495468278,49.029150223150154,1.3243455364828598,0.7655843236354526,0.7758745524334725,0.6490928882438316,-8.089463522571972,481.55764271618096,0.5722660377906594,1.3796969410876132,0.7758745524334725,maxent,target,1.0,0.6758543854419257,0.6987120120120716,0.823790726838151,5,0.27363718299648465,E4,15.0,maxent,maxent,500,10000,500,500,1.2842918194242576,0.7803011533117055,0.40948434822222707,0.1251925287979695,0.43363556090709193,0.8748074712020305,0.7659331997454867,0.6326983323928315,0.5075058035948619,"mat,lpann",3.1,0,patchy,0.3917675,6.955115815148394,0.7755041015878079,1.2717530424973427,0.5064895994816909,8.774136813016941,0.6767817193991691,1.7838254116319934,0.29638471751493967,6.82768182600767,0.7758745524334725,1.2842918194242576,0.5075058035948619,7.795393340212598,0.7649250303655089,1.2098184263618024,0.49052181846383625
1.3462254120148858,3.950682494401235,2.21403863262577,0.7039327917282127,0.4395933014354067,1.3461213603022895,0.7729081400636653,0.009410944579993029,0.4368373220236292,1.2998163452708906,0.7641844679576761,0.0,0.0009847365829640572,0.093367889420521,0.24704287826515525,0.14665897668286743,214.10950291532964,0.906632110579479,65.71153626677317,1.3331065759637188,0.7707843327825833,0.7728431428085878,0.6208734525447043,-2.0673796559429025,156.5106633471575,0.5275055631241834,1.3462254120148858,0.7728431428085878,1.3836621978851964,4.425466326459912,4.691589253807038,0.6720006564910553,0.4676406722054381,1.3914158808579369,0.7701353780753072,0.26796204247627653,0.6637998846295033,1.2940499542304171,0.7516331672614094,0.0,0.01983833907763007,0.08397847432024169,0.24458421416162587,-3.3978742687649333,567.5690754826223,0.9160215256797583,50.67655052067918,1.3671831485138488,0.7669172932330827,0.7685833391094256,0.6405478955007257,-8.089463522571972,481.55764271618096,0.5565694211804839,1.3836621978851964,0.7685833391094256,gbm,target,1.0,0.6704573314414547,0.7204819399226889,0.9158002937092696,5,0.22699385212528314,E4,15.0,gbm,gbm,500,10000,500,500,1.3164631103976399,0.7979153817196677,0.4234548886044645,0.10699177820682473,0.396284287113358,0.8930082217931753,0.7710100953344197,0.6201669553034578,0.5131751770966331,"mat,lpann",4.8,0,patchy,0.37716,2.8829753839175307,0.7522485353577028,1.2491485346117968,0.49812369943027157,8.089463522571972,0.6058803340578881,2.1148447838254114,0.0,4.691589253807038,0.7685833391094256,1.3164631103976399,0.5131751770966331,2.879930112433726,0.7417759350072611,1.2051109616677875,0.47890081008157503
1.506689704058125,5.98935815401984,3.6383261063804406,0.6556601838174955,0.5616471734892787,1.510713491887086,0.7549067344210629,0.10909522115498636,0.29205663546916244,1.404247015610652,0.7621384716745123,0.21875,0.0009847365829640572,0.05495746943115364,0.285598406439954,1.5709464504375381,139.19811797513037,0.9450425305688464,105.87743337214116,1.4940816326530613,0.7603851294220331,0.7540163659178877,0.5156082836619288,-2.0673796559429025,156.5106633471575,0.46065081423077503,1.506689704058125,0.7540163659178877,1.6379106873111782,0.7141263971334411,11.716677332565107,0.6114803873297227,0.6714501510574018,1.6482981401866938,0.7325285212025544,0.36842694115014546,0.5668544013350021,1.455525042500327,0.7441498823053245,0.15201654601861428,0.01983833907763007,0.03353946374622357,0.30951085250225,3.627213809993135,417.05518606449806,0.9664605362537765,150.03599797656685,1.6798318902222897,0.7261355906583025,0.7327469735064377,0.48388969521044994,-8.089463522571972,481.55764271618096,0.4503502314642265,1.6379106873111782,0.7327469735064377,rf,target,1.0,0.667250198062149,0.6878259115791654,0.8571288137682374,5,0.11231992706521332,E4,15.0,rf,rf,500,10000,500,500,1.4527192658958283,0.7917471517369955,0.5133739722758531,0.06065470638002473,0.3697451137716573,0.9393452936199753,0.7659623395805878,0.5395108092856726,0.47885610290564795,"mat,lpann",22.5,0,patchy,0.312515,3.2407938572521555,0.7072985740909288,1.138208560209992,0.4565249221397474,8.089463522571972,0.6058803340578881,2.1148447838254114,0.0,11.716677332565107,0.7327469735064377,1.4527192658958283,0.47885610290564795,8.287437203717886,0.7334009123162697,1.3039677202420983,0.4850420095510104
1.418615984405458,4.1961922945124,8.00597556674818,0.586461923518792,0.5720804536594011,1.4092464992220493,0.695180456122223,0.0,0.1696506170693551,1.3139577594123049,0.662585816897496,0.0,0.0009847365829640572,0.15346446925394294,0.3363109906357812,5.938595910805278,290.7695758640241,0.846535530746057,407.25281505697734,1.352562358276644,0.6729189960288391,0.7000164856300258,0.50661011768302,-2.0673796559429025,156.5106633471575,0.35314564842907714,1.418615984405458,0.7000164856300258,1.522516993957704,0.5325438121599291,14.795610548311412,0.5077753159363204,0.6222148791540786,1.5080639414740742,0.7095045079172665,0.037996545768566495,0.34245554254073046,1.2954622727867138,0.6400583362767327,0.0,0.01983833907763007,0.09969788519637462,0.3200912572995374,6.7061470257394395,761.5058445705965,0.9003021148036254,259.9591823848909,1.4040204567319865,0.6723255471070202,0.7138125269008365,0.521734397677794,-8.089463522571972,481.55764271618096,0.4220365124814194,1.522516993957704,0.7138125269008365,mahal,target,1.0,0.6528251934643272,0.7701667558081088,0.9392800738907919,5,0.21689960419676502,E4,15.0,mahal,mahal,500,10000,500,500,1.3114085515326377,0.7311654179705347,0.5322689112089724,0.2208603596763347,0.3325264246153938,0.7791396403236653,0.6741686923387362,0.5225623163588955,0.3017019566825607,"mat,lpann",3.2,0,patchy,0.38208000000000003,43.2287025782676,0.6867328590415136,0.7571859340087207,0.31262038362702116,13.758387119422444,0.6385838783246991,1.8486886348352387,0.22738033584993844,14.795610548311412,0.7138125269008365,1.3114085515326377,0.3017019566825607,20.647443251140952,0.7131917581116286,1.1364947827407423,0.33090233487698706
1.3300327839801525,3.87399065460221,2.012449234476754,0.7118722304283605,0.4266126174020911,1.3278728606356969,0.7754724007218493,0.001093693036820999,0.5580964153275649,1.288820018365473,0.7671738498109347,0.0,0.0009847365829640572,0.09657983342193868,0.24251478560867423,-0.05493042146614835,225.93113989697662,0.9034201665780613,63.33433431339722,1.30718820861678,0.772209500034399,0.775457043170734,0.6320686229558307,-2.0673796559429025,156.5106633471575,0.535488789533892,1.3300327839801525,0.775457043170734,1.3598234516616314,4.066991010752474,3.98965661132622,0.6813248810109962,0.44425037764350456,1.3666183701099737,0.7771008761805354,0.20663009041032376,0.7256572414153557,1.2764482803713875,0.7598575367647059,0.0,0.01983833907763007,0.08442692598187311,0.23441195554346234,-4.099806911245752,573.3158346530626,0.9155730740181269,45.95942234711554,1.3308268773102436,0.7715151580982588,0.7759674338124244,0.6585268505079825,-8.089463522571972,481.55764271618096,0.5740999245261094,1.3598234516616314,0.7759674338124244,"gam,maxent,gbm,rf",target,1.0,0.6832138049582714,0.7194480409262674,0.8846348254004097,5,0.20674019382657888,E4,15.0,"gam,gbm",ens4,500,10000,500,500,1.303251838514437,0.7959243330131421,0.4143219732303621,0.11107013471592511,0.42309623462292223,0.8889298652840749,0.7718911587691786,0.6283590511957347,0.5172889164798096,"mat,lpann",21.3,0,patchy,0.38355875,3.8922023279151627,0.7734567590682698,1.291081849144196,0.5149954180927776,6.439611519403588,0.6197187218886443,2.0814369698678874,0.02996633651806735,3.98965661132622,0.7759674338124244,1.303251838514437,0.5172889164798096,4.376211114508089,0.7512376752506552,1.211662364145172,0.49080197850819784
1.3217703349282297,1.548209862178453,3.586681423641158,0.6841354833415395,0.445086833244728,1.322049344298733,0.7552096794264327,0.0020607934054611026,0.2910079891211967,1.2725206611570248,0.7431988766655555,0.0,0.0009847365829640572,0.12331649831649831,0.2634713323476261,1.5193017676982556,230.4416562713914,0.8766835016835017,177.3446313335701,1.3036507936507937,0.7508932877912413,0.7551853759993894,0.616135564725661,-2.0673796559429025,156.5106633471575,0.49281906640916273,1.3217703349282297,0.7551853759993894,1.3836858006042296,3.154127575296684,7.829157620603511,0.6397505333989825,0.4818495090634441,1.3807748034488492,0.7557191743238255,0.07487150993193499,0.6478118161925602,1.2647835752582712,0.7291960181998752,0.0,0.01983833907763007,0.0981637084592145,0.2571739539945999,-0.2603059019684606,620.6728147317092,0.9018362915407855,108.20287659613614,1.3419160463820954,0.7471919222494892,0.7566737959442332,0.6296262699564587,-8.089463522571972,481.55764271618096,0.5314625614972441,1.3836858006042296,0.7566737959442332,"glm,gam,maxent,gbm,rf,mahal",target,1.0,0.6827120852464198,0.7344152606514448,0.9333951224971984,5,0.25035563618192536,E4,15.0,"gam,gbm,mahal",ens6,500,10000,500,500,1.2750721305074082,0.7862078891608111,0.41898605115300347,0.14391392064559516,0.4086488493268463,0.8560860793544048,0.7525792856189332,0.6241754392792512,0.48026151863365607,"mat,lpann",21.5,0,patchy,0.4026908333333334,14.976866906737419,0.7364515956593788,1.0384623728225264,0.41768376248207106,8.839892095622382,0.6462871438159741,1.9108184914419593,0.18300869802105435,7.829157620603511,0.7566737959442332,1.2750721305074082,0.48026151863365607,12.138913537173346,0.7502322231847453,1.1142807557975574,0.44078637483422356
1.348639907850434,0.6475380475341694,2.0575256593261093,0.7090821434432956,0.4403242955874535,1.3477439430984663,0.7739455621301775,0.0007665772326561902,0.5080135988343856,1.3142561983471075,0.7664395044093285,0.0,0.0009847365829640572,0.09168438773701931,0.24660136356168885,-0.009853996616793204,221.38898633894985,0.9083156122629806,70.85468721559684,1.3331746031746032,0.7717337428202112,0.7734822262253954,0.6202430077945896,-2.0673796559429025,156.5106633471575,0.5285586200575703,1.348639907850434,0.7734822262253954,1.3774782854984895,3.706179226752056,3.9376462813625617,0.6789143279172821,0.458199584592145,1.384907721906843,0.7747069427430359,0.2096069868995633,0.7151495862507957,1.3050608081600628,0.7596387319309233,0.0,0.01983833907763007,0.0807212990936556,0.23895388994704564,-4.15181724120941,570.5797186483251,0.9192787009063444,42.08592265433789,1.3612841156514255,0.7737439152531469,0.773322479127163,0.6478047895500726,-8.089463522571972,481.55764271618096,0.567083490456417,1.3774782854984895,0.773322479127163,"glm,gam,maxent",target,1.0,0.6757149705722849,0.7033128048451323,0.8425188859434343,5,0.27330107567343703,E4,15.0,gam,ens_glm_gam_maxent,500,10000,500,500,1.3208885610777275,0.790302100233415,0.4256676139445083,0.10477905286678092,0.4329538067075872,0.8952209471332191,0.7714467313480269,0.6181821719756377,0.5134031191088568,"mat,lpann",4.5,0,patchy,0.37292,4.161612567309126,0.7707390953150243,1.2796711282729896,0.5086463988504659,8.584442395424963,0.6326698224498634,1.9765928368440462,0.12401004066859955,3.9376462813625617,0.773322479127163,1.3208885610777275,0.5134031191088568,4.996917125530054,0.7608165282109879,1.2261752391695773,0.4911585497900033
1.3593168527379054,0.2349935198054709,1.9664468413825298,0.7132467585754144,0.4378433457380826,1.3552567237163815,0.7802346101941243,0.015798922800718134,0.47866362946089597,1.3172405876951332,0.7707823536987686,0.0,0.0023797800754964712,0.07852649300017721,0.23968701159825614,-0.10093281456037273,237.2076135130615,0.9214735069998228,41.13161446686643,1.3311111111111111,0.7742845469932491,0.7811358664526002,0.6223826990677059,-2.0673796559429025,156.5106633471575,0.5438562060675287,1.3593168527379054,0.7811358664526002,1.386872167673716,3.004465779417501,3.7460965992320743,0.6916748728048581,0.4585536253776435,1.3912971188332819,0.7781596408280027,0.38380147674507115,0.6993959250537525,1.3012946253432718,0.7616547334924423,0.0,0.02680329886755293,0.07168145770392749,0.2367852437417655,-4.3433669233398975,582.6656407349457,0.9283185422960725,59.68508877187744,1.3457643424983543,0.7713511704963681,0.7778535900402465,0.6475326560232221,-8.089463522571972,481.55764271618096,0.5758511983192944,1.386872167673716,0.7778535900402465,glm,target,1.0,0.6816850668887089,0.6775264698795963,0.7034459762226192,5,0.31090929683382906,E4,15.0,glm,glm,500,10000,500,500,1.3325596025771742,0.7844037357407384,0.4231728745905373,0.09061327201336312,0.4486289903028152,0.9093867279866369,0.7797328968416354,0.6204199178844545,0.5298066458710915,"mat,lpann",3.0,1,patchy,0.37362249999999997,3.818509858087305,0.7814454005527569,1.3521053430808947,0.5306693575982413,3.2531787472230516,0.7425500904349659,1.6304965615983686,0.4249062289146446,3.7460965992320743,0.7778535900402465,1.3325596025771742,0.5298066458710915,4.160702316517707,0.7625057155921353,1.265570427576632,0.5051217739152947
1.3641015417331206,0.43293821344832395,0.5544332487907977,0.7154829312325619,0.4422293106503633,1.3666814847743942,0.7803751044826582,0.014938113529662825,0.4334092634776006,1.3424931129476585,0.7758798106606297,0.0,0.0023797800754964712,0.0781277689172426,0.2415377971539031,-1.5129464071521048,206.95514316284803,0.9218722310827574,50.253793057880294,1.355283446712018,0.7785073362344515,0.7798922464277348,0.6186000305670182,-2.0673796559429025,156.5106633471575,0.5404722616497755,1.3641015417331206,0.7798922464277348,1.3829541163141994,3.4885708952483014,1.7977815291931103,0.693244296733957,0.4587188444108761,1.390465784660697,0.7779135739907195,0.40350877192982454,0.6688867257543931,1.3304563881260625,0.7698108972560462,0.0,0.02680329886755293,0.07576472809667674,0.23868247694334652,-6.2916819933788615,546.0419118231507,0.9242352719033232,56.03700108695358,1.3703731834523267,0.7751134846461949,0.7757054704291756,0.6474056603773585,-8.089463522571972,481.55764271618096,0.5716409322806817,1.3829541163141994,0.7757054704291756,gam,target,1.0,0.682297000411031,0.6964248192263842,0.7748908758914064,5,0.2929889676419512,E4,15.0,gam,gam,500,10000,500,500,1.3564223268325488,0.7904982706442476,0.4345835954617437,0.07816126862919495,0.44692451360513785,0.9218387313708051,0.7824053616143762,0.6101846626841275,0.5320233940549326,"mat,lpann",3.8,1,patchy,0.36334500000000003,1.8243611443448327,0.7766034086311198,1.3646007332364363,0.5325886719925963,1.4725231806245187,0.7609810419304721,1.6025120940625204,0.45955517503064747,1.7977815291931103,0.7757054704291756,1.3564223268325488,0.5320233940549326,2.3823313222049896,0.7566279416145368,1.2650063995487775,0.5060392195349217
1.3628610668084353,0.6727044007757854,2.023514306319818,0.7128159363203677,0.4403242955874535,1.3587241609246499,0.7798414986948614,0.016189962223421478,0.47010246215017587,1.3211662075298438,0.7705073682128375,0.0,0.0023797800754964712,0.07746322877901825,0.2403450686847084,-0.043865349623084526,236.2530174451966,0.9225367712209818,45.12477599542233,1.3349659863945578,0.7738608553781611,0.7808641685963119,0.6202430077945896,-2.0673796559429025,156.5106633471575,0.5427797790155715,1.3628610668084353,0.7808641685963119,1.3893740558912386,2.778776613386583,3.7240489137859054,0.6916133267684228,0.4603002265861027,1.3935060924918647,0.77793765939922,0.3937199908543556,0.693760556892051,1.3044854191186086,0.7615080806246596,0.0,0.02680329886755293,0.07092617069486405,0.23722793148880106,-4.365414608786066,581.7166176998138,0.9290738293051359,62.880735668673246,1.3488784242240113,0.7716219711994481,0.7776713127142335,0.6461901306240929,-8.089463522571972,481.55764271618096,0.5752639599292289,1.3893740558912386,0.7776713127142335,maxent,target,1.0,0.681680213448377,0.6761432972616883,0.6987221540590639,5,0.30401775402633224,E4,15.0,maxent,maxent,500,10000,500,500,1.3352712757880123,0.7843891287653612,0.4245395578887997,0.08926828210078747,0.44880855098311284,0.9107317178992125,0.7799793774210629,0.6191940222996245,0.5299257401988369,"mat,lpann",3.1,1,patchy,0.3720475,3.744030760210804,0.778629866929522,1.3399136603249668,0.5303294640221643,3.1817252686121797,0.7439463106138569,1.6270907000455561,0.4280435426382081,3.7240489137859054,0.7776713127142335,1.3352712757880123,0.5299257401988369,4.0945895370956835,0.7632895337628736,1.2696053973143588,0.5059468840834787
1.3852117667907142,3.1094552637677566,0.10917762718916091,0.7243865911701953,0.44907407407407407,1.3896865970215604,0.7859959818438872,0.07409111826967327,0.4905314599877825,1.372176308539945,0.7822552549065149,0.0,0.0023797800754964712,0.06386230728335991,0.2380932795920046,-1.9582020287537416,180.9695794910035,0.93613769271664,10.784200422039323,1.3895238095238096,0.7856858167738997,0.7849514292613161,0.6126967751795812,-2.0673796559429025,156.5106633471575,0.5488344678962211,1.3852117667907142,0.7849514292613161,1.4110885574018126,3.320314026249264,1.8213356515091483,0.7059535532578368,0.4677114803625378,1.419752499940619,0.7841058562538037,0.526073367330153,0.6918783002263013,1.3537334902576175,0.773465192510695,0.0,0.02680329886755293,0.056622922960725075,0.2341501976284585,-6.268127871062823,548.9496137088754,0.9433770770392749,58.58888746708075,1.4054888855131906,0.7791436871132068,0.7825320842266013,0.6404934687953556,-8.089463522571972,481.55764271618096,0.5838705458346305,1.4110885574018126,0.7825320842266013,gbm,target,1.0,0.6627725570975469,0.6899409338717482,0.8584860369646904,5,0.18994902179979012,E4,15.0,gbm,gbm,500,10000,500,500,1.383669219255049,0.8016650244015426,0.44412868516389353,0.06045946590884439,0.3970019178473132,0.9395405340911556,0.7883145249362942,0.601622852250394,0.5411633863415495,"mat,lpann",5.0,1,patchy,0.35002500000000003,2.0202242581791374,0.7779526000692693,1.355381044319587,0.534109667019987,0.2247570354741999,0.7394445223734044,1.6880925005965681,0.3798689657789962,1.8213356515091483,0.7825320842266013,1.383669219255049,0.5411633863415495,2.524503023335434,0.7668610918029154,1.3070698743952969,0.5206954319030359
1.467548289916711,0.02829714664869698,2.271566237103295,0.6755908419497785,0.52128743576112,1.472505001111358,0.7675434653625559,0.18177333826612405,0.3353870281169486,1.3711202938475666,0.766163855701644,0.017241379310344827,0.0023797800754964712,0.053739145844409,0.2668729949823147,0.20418658116039268,189.12044625520917,0.946260854155591,68.78672740787506,1.4731746031746031,0.7681333492257053,0.7669644059428161,0.550416475622803,-2.0673796559429025,156.5106633471575,0.49667732977839396,1.467548289916711,0.7669644059428161,1.5178908610271904,1.0411267777056992,5.357900814604156,0.6471565731166913,0.5710677870090635,1.5273746466829767,0.7507917861002772,0.4142632406921867,0.6061276513876196,1.3910553158101215,0.754566734484041,0.006888633754305396,0.02680329886755293,0.05317692598187311,0.27857707509881424,-2.731562707967816,569.5426359435901,0.9468230740181269,124.76484974232936,1.5817256569952909,0.7363517793925843,0.7520763418886743,0.5610486211901307,-8.089463522571972,481.55764271618096,0.5078716952082576,1.5178908610271904,0.7520763418886743,rf,target,1.0,0.6444389109671944,0.6566343277007167,0.7643480495823901,5,0.015419401196614313,E4,15.0,rf,rf,500,10000,500,500,1.43427988806213,0.7898539955361807,0.49204937414582295,0.05776948608369308,0.34447005746001474,0.942230513916307,0.77413490415549,0.5586386721410364,0.5008691860573433,"mat,lpann",23.0,1,patchy,0.32625,3.203618773713524,0.7481031263655504,1.3302384103086968,0.5027530740988277,2.9772732145680223,0.7292083539062567,1.670651018504458,0.3766660915210125,5.357900814604156,0.7520763418886743,1.43427988806213,0.5008691860573433,2.885885226442886,0.7431178768637506,1.2973729309933402,0.4963895122550821
1.3957558036505404,4.822073612639372,6.958177365358265,0.5977453635319219,0.549618996987418,1.3864414314292064,0.7023825047035375,0.0,0.16666666666666666,1.2968089990817264,0.6727103719177603,0.0,0.0023797800754964712,0.15386319333687754,0.32654026486797727,4.890797709415362,292.1543295862855,0.8461368066631224,333.3098142722141,1.3358730158730159,0.6838038286801538,0.706363148843316,0.5259819654592695,-2.0673796559429025,156.5106633471575,0.37211877212239175,1.3957558036505404,0.706363148843316,1.493603663141994,0.4400962607710994,13.43138654827446,0.5240952732644018,0.5994382552870091,1.481603762380941,0.7142747755508336,0.04933978155735478,0.3657982349521746,1.2818360141231855,0.6496802145657108,0.0,0.02680329886755293,0.1058345921450151,0.3149512516469038,5.341923025702489,742.2736810681157,0.8941654078549849,205.19610839199134,1.3901716542609752,0.6830213861260288,0.7171672235421064,0.5392416545718433,-8.089463522571972,481.55764271618096,0.433407062426828,1.493603663141994,0.7171672235421064,mahal,target,1.0,0.6569991889148896,0.7689928134564259,0.9418096226376005,5,0.2554863730057887,E4,15.0,mahal,mahal,500,10000,500,500,1.3031650649716902,0.7384327294025926,0.5146755754170553,0.2115105104453652,0.34710995613061546,0.7884894895546348,0.6847008072036094,0.5383432896810726,0.3268327792357075,"mat,lpann",3.0,1,patchy,0.38674749999999997,42.757798941846076,0.6760849703060758,0.727986636874417,0.31000530805585536,12.785408678050569,0.6417260731078417,1.8543072217280951,0.22855450180035075,13.43138654827446,0.7171672235421064,1.3031650649716902,0.3268327792357075,20.339959612218294,0.7137617796076628,1.1150834110679653,0.3310957872299798
1.3764619883040936,3.9767400487145323,0.10006826225975596,0.7252687510257673,0.44298245614035087,1.3801289175372304,0.7866868381240545,0.07085201793721974,0.5102102102102102,1.3604912764003674,0.7824319461599059,0.0,0.0023797800754964712,0.06652046783625731,0.23649954758575306,-1.9673113936831466,187.19026391144433,0.9334795321637427,12.845282558767524,1.390453514739229,0.7886054696022539,0.7856044294063365,0.6179504814305364,-2.0673796559429025,156.5106633471575,0.5514300135942791,1.3764619883040936,0.7856044294063365,1.4029928247734138,3.3808585561908444,1.8672693472020168,0.7054304119481372,0.4626132930513595,1.4112016341654592,0.7845420336111275,0.4686926031056938,0.7088697776194596,1.3494703805413888,0.7756033484727046,0.0,0.02680329886755293,0.05962046827794562,0.2332121212121212,-6.222194175369955,543.3181144349661,0.9403795317220544,48.33146614178037,1.4111347409995443,0.785236520186906,0.7826736077006188,0.6444121915820029,-8.089463522571972,481.55764271618096,0.5847917233040572,1.4029928247734138,0.7826736077006188,"gam,maxent,gbm,rf",target,1.0,0.673802394497678,0.6899894316550195,0.8060716008169686,5,0.21696526778486774,E4,15.0,"gam,maxent,gbm,rf",ens4,500,10000,500,500,1.3750569451374275,0.797462415628877,0.43944291385556544,0.06438596871813784,0.4378454939128094,0.9356140312818622,0.7878666094279477,0.6058259228269541,0.5414399541088164,"mat,lpann",26.1,1,patchy,0.37582000000000004,1.9432166097636436,0.7860169905282687,1.3878126559212096,0.5441957177720991,2.6492873405916004,0.7654547269279278,1.5563702627069007,0.4891331078796308,1.8672693472020168,0.7826736077006188,1.3750569451374275,0.5414399541088164,0.6024186339522846,0.755223206031596,1.2893680716749463,0.5146808101794826
1.3957558036505404,4.822073612639372,6.958177365358265,0.5977453635319219,0.549618996987418,1.3864414314292064,0.7023825047035375,0.0,0.16666666666666666,1.2968089990817264,0.6727103719177603,0.0,0.0023797800754964712,0.15386319333687754,0.32654026486797727,4.890797709415362,292.1543295862855,0.8461368066631224,333.3098142722141,1.3358730158730159,0.6838038286801538,0.706363148843316,0.5259819654592695,-2.0673796559429025,156.5106633471575,0.37211877212239175,1.3957558036505404,0.706363148843316,1.493603663141994,0.4400962607710994,13.43138654827446,0.5240952732644018,0.5994382552870091,1.481603762380941,0.7142747755508336,0.04933978155735478,0.3657982349521746,1.2818360141231855,0.6496802145657108,0.0,0.02680329886755293,0.1058345921450151,0.3149512516469038,5.341923025702489,742.2736810681157,0.8941654078549849,205.19610839199134,1.3901716542609752,0.6830213861260288,0.7171672235421064,0.5392416545718433,-8.089463522571972,481.55764271618096,0.433407062426828,1.493603663141994,0.7171672235421064,"glm,gam,maxent,gbm,rf,mahal",target,1.0,0.6770147424981066,0.7101558136904922,0.8581318068643478,5,0.23741414946923406,E4,15.0,mahal,ens6,500,10000,500,500,1.3031650649716902,0.7384327294025926,0.5146755754170553,0.2115105104453652,0.34710995613061546,0.7884894895546348,0.6847008072036094,0.5383432896810726,0.3268327792357075,"mat,lpann",20.3,1,patchy,0.38674749999999997,42.757798941846076,0.6760849703060758,0.727986636874417,0.31000530805585536,12.785408678050569,0.6417260731078417,1.8543072217280951,0.22855450180035075,13.43138654827446,0.7171672235421064,1.3031650649716902,0.3268327792357075,20.339959612218294,0.7137617796076628,1.1150834110679653,0.3310957872299798
1.3586744639376218,0.13958411789309366,1.7213139197002292,0.7132980469391105,0.437909799751905,1.3558790842409425,0.7797643196120425,0.01148786362794145,0.45680329117781504,1.3205463728191,0.7722366767903603,0.0,0.0023797800754964712,0.07923533581428319,0.24004688656740972,-0.34606573624267334,230.85733470265106,0.9207646641857168,46.7681108182773,1.3355328798185941,0.7758866763109605,0.7807475582268971,0.6223253859086046,-2.0673796559429025,156.5106633471575,0.5430900500943214,1.3586744639376218,0.7807475582268971,1.3823876510574018,3.0205600891472386,3.2477926587074055,0.6909773510585918,0.45727907854984895,1.38816180138239,0.7775700190961171,0.38638311131884395,0.6841297452164126,1.3041715705505428,0.7634506242905789,0.0,0.02680329886755293,0.07489142749244714,0.23764953886693016,-4.841670863864566,574.2016129820906,0.9251085725075529,61.74119102312649,1.349941769203504,0.7723286431511129,0.7766230420955645,0.6485123367198838,-8.089463522571972,481.55764271618096,0.5736209092274367,1.3823876510574018,0.7766230420955645,"glm,gam,maxent",target,1.0,0.6822314708198485,0.6841343180987465,0.7323968335760105,5,0.3040132802508494,E4,15.0,"glm,gam,maxent",ens_glm_gam_maxent,500,10000,500,500,1.3352061956309522,0.786913568990372,0.42417077033212575,0.08896457470117361,0.44957117346701136,0.9110354252988264,0.780261226613158,0.6195248195209277,0.5305602448197542,"mat,lpann",4.1,1,patchy,0.3714775,3.440156927740091,0.7716377494734731,1.3045968284270126,0.5196627075364695,2.9803599784441026,0.7636702156504763,1.5608391001583617,0.4801863784122329,3.2477926587074055,0.7766230420955645,1.3352061956309522,0.5305602448197542,3.7246493741991404,0.7612809908937194,1.2658741349762457,0.504602440399641
1.3681552365762892,0.6710425171127099,2.0285371622548065,0.7135442310848514,0.4426723374091795,1.364080906868193,0.7806130124106807,0.01658255227108868,0.484904214559387,1.3269054178145088,0.7715666929755327,0.0,0.0025644181848022323,0.0745171008328903,0.24011189041321293,-0.038842493688096,235.86131945744972,0.9254828991671097,35.642570540265275,1.3407256235827665,0.7749985468777246,0.7816066150334867,0.618217942839676,-2.0673796559429025,156.5106633471575,0.5437008420067857,1.3681552365762892,0.7816066150334867,1.3966672960725075,2.6866777619873687,3.858868585043652,0.6931827506975218,0.46299093655589124,1.4011543668796467,0.7795352702020951,0.38593272171253823,0.7076146836225093,1.3136393356871976,0.7637629716714521,0.0,0.02680329886755293,0.06632364048338368,0.2363741765480896,-4.23059493752832,579.0878121977585,0.9336763595166163,49.4084461384683,1.3578915388120918,0.7735257484001202,0.7791455752299541,0.644121915820029,-8.089463522571972,481.55764271618096,0.5777982753366453,1.3966672960725075,0.7791455752299541,glm,target,1.0,0.6675927633323819,0.6640296988609353,0.6603685902704072,5,0.3066029292777981,E4,15.0,glm,glm,500,10000,500,500,1.3403909148100743,0.7843373818238505,0.4271210707855175,0.08673015597544309,0.4487034871407034,0.9132698440245569,0.7804421374611855,0.6168784417505011,0.5301482857750579,"mat,lpann",2.5,2,patchy,0.36928500000000003,3.892280423980422,0.7740480111793182,1.3091958261925938,0.5235621205240735,3.8133352257690323,0.7281938363881888,1.6746426014708116,0.39341480867401124,3.858868585043652,0.7791455752299541,1.3403909148100743,0.5301482857750579,4.118190429311875,0.7648817668582317,1.2716879623402824,0.5079471450178756
1.387914230019493,0.935731972501685,0.6559592666615099,0.7161907106515674,0.45492202729044834,1.389330962436097,0.781852347994344,0.05982532751091703,0.3897356143079316,1.3696051423324151,0.7780275140476652,0.0,0.0025644181848022323,0.06700779727095517,0.24231267611427632,-1.4114203892813926,197.7644973080099,0.9329922027290448,66.16541235881388,1.382607709750567,0.7816280110018748,0.7814285714285715,0.6076532171786643,-2.0673796559429025,156.5106633471575,0.5406454199077091,1.387914230019493,0.7814285714285715,1.4010810045317221,2.5325629666322698,1.4933941002000966,0.6954496963728869,0.4711102719033233,1.4062136291299494,0.7767906499249783,0.44739386481497756,0.6562338066120842,1.3630704851575781,0.7716707986541527,0.0,0.02680329886755293,0.07002926737160121,0.24165480895915678,-6.596069422371875,528.2208578927643,0.9299707326283988,59.495471482593935,1.4022482150994988,0.7770330087264449,0.7746267042829479,0.6378809869375908,-8.089463522571972,481.55764271618096,0.5678517195659896,1.4010810045317221,0.7746267042829479,gam,target,1.0,0.6679740546650875,0.6847947423225503,0.7387642818441067,5,0.3059476271911973,E4,15.0,gam,gam,500,10000,500,500,1.3786797405471072,0.7921195066654357,0.44471440657743455,0.06603466603032736,0.4456357463900303,0.9339653339696726,0.7852804377564979,0.601097468428324,0.5350628023979966,"mat,lpann",3.5,2,patchy,0.350945,1.226750334185045,0.7666743642004438,1.333015163676595,0.5280399964992901,-0.22519765347114173,0.7176881119354948,1.791114389222726,0.2903815843241033,1.4933941002000966,0.7746267042829479,1.3786797405471072,0.5350628023979966,1.1432316360917243,0.7602786532439848,1.2979369590211944,0.5192167970409203
1.3702817650186072,1.107485471156906,2.0867820618412303,0.7126210405383226,0.4444001417685628,1.3665481218048454,0.780250021132515,0.016567621105708627,0.47058823529411764,1.3289944903581268,0.7710126070713941,0.0,0.0025644181848022323,0.0741183767499557,0.24072893313313726,0.019402405898327757,235.22020895586033,0.9258816232500443,39.57778780297673,1.3426077097505669,0.7744146202170189,0.7812418227355987,0.6167278007030415,-2.0673796559429025,156.5106633471575,0.5426094239530856,1.3702817650186072,0.7812418227355987,1.3982722809667674,2.4780934226401428,3.8759077083176727,0.6926288363696045,0.46431268882175225,1.4025795111755066,0.7791717333491512,0.3923159344864534,0.7012009690222154,1.3157839675689813,0.7633944705457174,0.0,0.02680329886755293,0.0660404078549849,0.23683794466403163,-4.213555814254299,577.0074784408948,0.9339595921450151,51.228440237569004,1.3595878272317585,0.773205721091428,0.7788603483909065,0.6431059506531205,-8.089463522571972,481.55764271618096,0.5770655427981355,1.3982722809667674,0.7788603483909065,maxent,target,1.0,0.6676636993631818,0.662782007700365,0.6531152919935345,5,0.29938422561896283,E4,15.0,maxent,maxent,500,10000,500,500,1.3416925179512766,0.7843165499936927,0.428184046684166,0.08649152873288934,0.44881684628232893,0.9135084712671107,0.7802121450738803,0.6159249674067444,0.5294334386738551,"mat,lpann",2.6,2,patchy,0.3689475,3.853129383579157,0.7736965524123135,1.3104106557910493,0.5232131723835209,3.610437460896133,0.7300651058509033,1.6714319803891793,0.3962123862738314,3.8759077083176727,0.7788603483909065,1.3416925179512766,0.5294334386738551,4.033938209561628,0.7653895998704033,1.2752239842072153,0.508684827772899
1.4369129895445685,4.453939798496663,0.7859917393396421,0.7348083866732316,0.47282030834662414,1.4415425650144476,0.7914789020893077,0.4398175689073964,0.5016086575021936,1.4097566574839302,0.7920433651840068,0.0,0.0025644181848022323,0.035907318802055645,0.2361833850963615,-1.2813879166032605,190.59002206701862,0.9640926811979443,85.63212720469777,1.4405215419501134,0.7937413474314066,0.7912409555321238,0.5922168729940395,-2.0673796559429025,156.5106633471575,0.5563095541919838,1.4369129895445685,0.7912409555321238,1.4475783610271904,2.33659668555822,1.4253332532065741,0.7202117183653373,0.48196752265861026,1.4567587468231158,0.7883633691700828,0.6581680033769522,0.6931288528040896,1.4023538642604942,0.7872711041435321,0.0,0.02680329886755293,0.03438916163141994,0.23058761528326746,-6.664130269365398,513.3676059066352,0.9656108383685801,85.18279246035823,1.4763532330750924,0.7800145177945221,0.7890336454546332,0.6295355587808418,-8.089463522571972,481.55764271618096,0.595146397149422,1.4475783610271904,0.7890336454546332,gbm,target,1.0,0.6790564468302358,0.7153810577253992,0.9217427992122031,5,0.20266936248241238,E4,15.0,gbm,gbm,500,10000,500,500,1.425472373473328,0.8148924959347971,0.4572314901186628,0.03175911664533484,0.3843465968864443,0.9682408833546652,0.7983936605042619,0.5898698215640871,0.5581107049187524,"mat,lpann",4.5,2,patchy,0.32864,12.312449250881276,0.7572891152628181,1.1491420265960908,0.4814500840853926,3.1552211081214647,0.6486817527635729,2.0140356205392975,0.09042439337627206,1.4253332532065741,0.7890336454546332,1.425472373473328,0.5581107049187524,8.273716071398896,0.7692137542730746,1.236240970128208,0.5083847367114607
1.4547005139110403,6.386368421343491,2.398910196475179,0.6701542753979977,0.5149521531100478,1.458012891753723,0.7649973776065686,0.16600313668717578,0.30249307479224374,1.3536730945821855,0.7554961668259759,0.008,0.0025644181848022323,0.06025163919900762,0.2670252370472449,0.3315305405322766,161.5308014276855,0.9397483608009923,16.807485448869304,1.4671655328798185,0.7664932629914891,0.7656725172584938,0.5558803301237965,-2.0673796559429025,156.5106633471575,0.4956286909247889,1.4547005139110403,0.7656725172584938,1.544042673716012,3.3236491347294077,8.03446306423482,0.6461718365337272,0.5827511329305136,1.5538348257761099,0.7536528427533739,0.41987078968826447,0.5710371422772478,1.4020661697397672,0.7491480025696025,0.024110218140068886,0.02680329886755293,0.03870845921450151,0.2768590250329381,-0.05500045833715106,504.8350965824397,0.9612915407854985,38.925593870184514,1.576206390196972,0.746695494078915,0.7557196667470729,0.5520682148040639,-8.089463522571972,481.55764271618096,0.5133597555895624,1.544042673716012,0.7557196667470729,rf,target,1.0,0.6769677608893666,0.6884133335031658,0.8735965088107965,5,0.0944710179945449,E4,15.0,rf,rf,500,10000,500,500,1.4199188667375318,0.8035964353985506,0.4857582922966787,0.06583942555914701,0.34470124965157384,0.934160574440853,0.7720594167690115,0.5642816835632698,0.4984422580041228,"mat,lpann",20.8,2,patchy,0.330335,9.649040378927632,0.7555224670121372,1.275527691606829,0.48911209706880454,6.903833500853219,0.6744674754035724,1.8278629845760028,0.25729515801693914,8.03446306423482,0.7557196667470729,1.4199188667375318,0.4984422580041228,9.75894424342928,0.7541995876858126,1.2591274920276807,0.4869916573695461
1.4684121920964026,2.9472193471195283,7.226172764861327,0.5810971606761858,0.6082092858408648,1.46054678817515,0.6936585365853658,0.0,0.0720687762941284,1.3798898071625345,0.6656634641355095,0.0,0.0025644181848022323,0.13979709374446217,0.34727164277340133,5.158793108918425,261.7416153204741,0.8602029062555379,403.416588333377,1.4150566893424037,0.6770637722526853,0.696968609221602,0.47545086351826377,-2.0673796559429025,156.5106633471575,0.33565376977380157,1.4684121920964026,0.696968609221602,1.5548527190332326,0.8845662011896707,12.59150990729231,0.5049954866239947,0.6497828549848943,1.544618892662882,0.7055847513791527,0.04963700827283471,0.30053590568060023,1.3662874329802537,0.6453716496269688,0.0,0.02680329886755293,0.09493013595166164,0.3325638998682477,4.502046384720337,715.008759933112,0.9050698640483383,274.48000861429665,1.4643273077117829,0.6776732144324813,0.7085104024241529,0.500544267053701,-8.089463522571972,481.55764271618096,0.40561413110203937,1.5548527190332326,0.7085104024241529,mahal,target,1.0,0.65568079767362,0.7701736252393103,0.930421009086202,5,0.249597118881599,E4,15.0,mahal,mahal,500,10000,500,500,1.3675076469184546,0.7325088116203801,0.5642015749398008,0.1966939280213463,0.33313604072467595,0.8033060719786537,0.678609062170706,0.4939191687260415,0.29722524070469514,"mat,lpann",3.0,2,patchy,0.3583,38.23434465600669,0.6939711448790389,0.8130464021519839,0.3206210225474835,14.107053937070734,0.6322371468272349,1.8720741046055058,0.21451085330267539,12.59150990729231,0.7085104024241529,1.3675076469184546,0.29722524070469514,22.272764056729965,0.7115661752108758,1.080287220426492,0.33201957231111257
1.4217836257309941,5.598346425401019,1.1779554654578916,0.7278126538650911,0.4654660641502747,1.425250055567904,0.7902338881149644,0.37426086956521737,0.4734166781151257,1.3778466483011937,0.7872638276098437,0.0,0.0025644181848022323,0.043682438419280524,0.23637878195767087,-0.8894241904850109,200.26695486108562,0.9563175615807195,83.5536818077313,1.4190702947845806,0.7940682970725809,0.7897630088997429,0.5985595292679199,-2.0673796559429025,156.5106633471575,0.5548770908486393,1.4217836257309941,0.7897630088997429,1.4421025302114803,2.2548407408206117,2.4348257004259253,0.715534219596258,0.4791587990936556,1.4441462198047552,0.79023527468149,0.6190589542172499,0.6926077823347004,1.3764613573950568,0.7833025180489522,0.0,0.02680329886755293,0.037056268882175225,0.23052437417654809,-5.6546378221460465,529.7251067255221,0.9629437311178247,88.96346790131317,1.4413641197022633,0.7879164981488971,0.7886185933679337,0.6316944847605225,-8.089463522571972,481.55764271618096,0.5946382158783472,1.4421025302114803,0.7886185933679337,"gam,maxent,gbm,rf",target,1.0,0.6806692378230929,0.7059507447342904,0.8620512546470469,5,0.2502882772031416,E4,15.0,gbm,ens4,500,10000,500,500,1.4048853504566459,0.8148924959347971,0.4483805887584875,0.043495238301841765,0.3843465968864443,0.9565047616981582,0.7954680762777607,0.5978089548753673,0.5543137165735255,"mat,lpann",18.7,2,patchy,0.33793249999999997,7.679071563472052,0.7704891707982898,1.2474998372996073,0.5105490017691552,3.1334903046340123,0.6485129570954065,2.0152721435234398,0.08931524975190208,2.4348257004259253,0.7886185933679337,1.4048853504566459,0.5543137165735255,7.679071563472052,0.7704891707982898,1.2474998372996073,0.5105490017691552
1.342415381889066,1.7272556640651828,6.29302244552068,0.656419251600197,0.4616781853623959,1.3393420760168926,0.7507482398548178,0.023564745292826615,0.21389626730043337,1.2288567493112947,0.726755863177085,0.0,0.0025644181848022323,0.11926280347332979,0.26970937287891567,4.225642789577777,279.1589072957859,0.8807371965266703,116.27759221050485,1.320249433106576,0.7478084106212679,0.751990619030507,0.6018263793366957,-2.0673796559429025,156.5106633471575,0.48256357586336596,1.342415381889066,0.751990619030507,1.4441559667673716,0.2603581606001626,13.319491899904502,0.6266822583292303,0.517347998489426,1.4487779387663,0.7586327306588034,0.2337999548430797,0.5909584872853727,1.2450111154701191,0.7127146485239637,0.0,0.02680329886755293,0.07319203172205438,0.26371541501976287,5.23002837733253,683.2245629299781,0.9268079682779456,41.129089356044645,1.4490607119347816,0.7600715371176331,0.7583869285590127,0.6023403483309143,-8.089463522571972,481.55764271618096,0.52914831660886,1.4441559667673716,0.7583869285590127,"glm,gam,maxent,gbm,rf,mahal",target,1.0,0.6804334850850079,0.7209047338875776,0.8928757639649243,5,0.2852981205278017,E4,15.0,"gbm,mahal",ens6,500,10000,500,500,1.2613619107534113,0.7965310038184357,0.42028765429420567,0.15892574354079442,0.38829493769923956,0.8410742564592056,0.7438652366608469,0.6230079196746512,0.4640821761338567,"mat,lpann",19.0,2,patchy,0.40017375000000005,22.50410844825409,0.7248241513390712,0.932620344057097,0.4122938774250309,5.854131003259134,0.687591288259924,1.794411783847105,0.2874238679924501,13.319491899904502,0.7583869285590127,1.2613619107534113,0.4640821761338567,17.53216006171948,0.7508274816716677,1.0825216391522225,0.455734830130315
1.3589845826687932,0.3360384941711345,1.5371982268850726,0.713913507303463,0.43928318270423533,1.3576128028450767,0.7789080692756601,0.005749329244921426,0.4425977223761157,1.3249770431588614,0.7729768158300091,0.0,0.0025644181848022323,0.08029860003544215,0.2412225673090767,-0.53018142905783,223.54616828000403,0.9197013999645579,49.75529728426015,1.340204081632653,0.7763921591426606,0.7797434597254306,0.6211409139538439,-2.0673796559429025,156.5106633471575,0.5408423139184018,1.3589845826687932,0.7797434597254306,1.3813727341389728,3.235486348926429,2.9805898743724857,0.6911517314951584,0.4585536253776435,1.388803116315527,0.7766652414711994,0.38463373896444764,0.6777360818382768,1.309951615012423,0.7643255850816907,0.0,0.02680329886755293,0.0771808912386707,0.2392411067193676,-5.108873648199486,565.7847648424807,0.9228191087613293,60.307848189035354,1.3551065876753254,0.772010922147449,0.7750312208852855,0.6475326560232221,-8.089463522571972,481.55764271618096,0.5703517647845513,1.3813727341389728,0.7750312208852855,"glm,gam,maxent",target,1.0,0.6681788097021673,0.671953220792598,0.6863622041454023,5,0.30612582744304717,E4,15.0,"glm,gam,maxent",ens_glm_gam_maxent,500,10000,500,500,1.3379829489988502,0.7877445948073469,0.4240406100180055,0.08605766101915525,0.44968547981531204,0.9139423389808448,0.7818212184756992,0.6196415714813878,0.5335839104622324,"mat,lpann",4.3,2,patchy,0.3697675,3.1034088178697132,0.7740056846415296,1.3300431698375166,0.5315700258908245,2.3147756678614133,0.7341598870203346,1.6818448055187973,0.38839485513027583,2.9805898743724857,0.7750312208852855,1.3379829489988502,0.5335839104622324,3.3763068829317238,0.7622496414366945,1.2735752868950256,0.5077357152386868
