2-4_2050_area_ratio,2-4_2050_bearing_err,2-4_2050_change_err,2-4_2050_class_agree,2-4_2050_commission,2-4_2050_fast_disp_area_ratio,2-4_2050_fast_disp_sorensen,2-4_2050_gain_sorensen,2-4_2050_loss_sorensen,2-4_2050_none_disp_area_ratio,2-4_2050_none_disp_sorensen,2-4_2050_novel_err,2-4_2050_novel_share,2-4_2050_omission,2-4_2050_other_err,2-4_2050_pred_change,2-4_2050_pred_shift,2-4_2050_sens,2-4_2050_shift_err_km,2-4_2050_slow_disp_area_ratio,2-4_2050_slow_disp_sorensen,2-4_2050_sorensen,2-4_2050_spec,2-4_2050_true_change,2-4_2050_true_shift,2-4_2050_tss,2-4_2050_unlimited_disp_area_ratio,2-4_2050_unlimited_disp_sorensen,5-8_2100_area_ratio,5-8_2100_bearing_err,5-8_2100_change_err,5-8_2100_class_agree,5-8_2100_commission,5-8_2100_fast_disp_area_ratio,5-8_2100_fast_disp_sorensen,5-8_2100_gain_sorensen,5-8_2100_loss_sorensen,5-8_2100_none_disp_area_ratio,5-8_2100_none_disp_sorensen,5-8_2100_novel_err,5-8_2100_novel_share,5-8_2100_omission,5-8_2100_other_err,5-8_2100_pred_change,5-8_2100_pred_shift,5-8_2100_sens,5-8_2100_shift_err_km,5-8_2100_slow_disp_area_ratio,5-8_2100_slow_disp_sorensen,5-8_2100_sorensen,5-8_2100_spec,5-8_2100_true_change,5-8_2100_true_shift,5-8_2100_tss,5-8_2100_unlimited_disp_area_ratio,5-8_2100_unlimited_disp_sorensen,background,bias_power,cv_auc,cv_auc_dom,cv_boyce,cv_folds,cv_tss,exp,grid_km,kept,label,n,n_bg,n_rec,n_req,now_area_ratio,now_auc_truth,now_commission,now_omission,now_rank_r,now_sens,now_sorensen,now_spec,now_tss,predictors,res,secs,seed,species,thr,thr_maxtss_change_err,thr_maxtss_fut_sorensen,thr_maxtss_now_area_ratio,thr_maxtss_now_tss,thr_minpres_change_err,thr_minpres_fut_sorensen,thr_minpres_now_area_ratio,thr_minpres_now_tss,thr_p05_change_err,thr_p05_fut_sorensen,thr_p05_now_area_ratio,thr_p05_now_tss,thr_p10_change_err,thr_p10_fut_sorensen,thr_p10_now_area_ratio,thr_p10_now_tss
0.9600487540628385,2.218363658659996,-0.8056049967474221,0.9146356474643033,0.02397074756229686,0.9600590853433364,0.955050720398227,0.412040872687103,0.6175072463768116,0.9549242502961408,0.9515143139610286,0.0,0.001261693746922698,0.06392199349945829,0.04665947722487547,-1.7560879033854726,228.95669870244546,0.9360780065005417,65.23566450870588,0.9644520616997682,0.9565520851509335,0.9551578801906999,0.9729475982532751,-0.9504829066380505,217.15741981288664,0.909025604753817,0.9600487540628385,0.9551578801906999,0.9494551932717404,2.065352464621185,-1.7648546833641259,0.9084400131298211,0.022061565231801798,0.9484783824656626,0.9509117006007124,0.7140508410269382,0.8273770491803278,0.9422490139167969,0.9430607709403019,0.0,0.022546364680781226,0.07260637196006131,0.04795886241998111,-9.257572757869726,586.8720866381394,0.9273936280399386,44.43581591367466,0.9635123108869772,0.95668646204981,0.9514387724741786,0.9783598163124314,-7.4927180745056,553.820280942773,0.90575344435237,0.9494551932717404,0.9514387724741786,target,1.0,0.7712418789591174,0.7760900611574517,0.9172286789323516,5,0.42931129709413246,E5,29.432449858883768,"gam,maxent,gbm,rf",30 km,500,7609,485,500,0.9679212019009659,0.9915245761077045,0.027537176145945117,0.0596159742449793,0.9398065051621463,0.9403840257550207,0.9557130893723099,0.9682809464947908,0.9086649722498115,"mat,lpann",2,35.9,0,broad,0.49728,-0.6388498111606467,0.9347611023536446,0.9117737237467423,0.8737953051603031,10.496141331120668,0.6706678336737104,1.7801241759926414,0.10140384954970871,-1.7648546833641259,0.9514387724741786,0.9679212019009659,0.9086649722498115,-0.18968723183058245,0.9232212838770216,0.8782768664724819,0.8522569075929565
0.9795697260485993,1.844061209543952,1.484605178941123,0.8389853110126374,0.07709719857607182,0.9809527511612991,0.9121877514177509,0.09860774045216503,0.27159880834160877,0.9636941748581641,0.8976516281973944,0.0,0.000994994255703266,0.09752747252747253,0.09267796819007916,0.5341222723030725,247.18878333386448,0.9024725274725275,207.97077357538313,0.9795947172093961,0.908614964656033,0.9117865519937451,0.9129912663755458,-0.9504829066380505,217.15741981288664,0.8154637938480733,0.9795697260485993,0.9117865519937451,0.982661474085429,1.3250881758067408,1.6828973727999852,0.8264094042343673,0.07621079670215851,0.9813966978102795,0.9136798962820459,0.4855947681611972,0.6840270485950691,0.9532633772419439,0.883233000584216,0.0,0.024444034137534876,0.0935493226167295,0.08616791966773565,-5.809820701705615,629.561054300018,0.9064506773832705,163.30593998075557,0.99511671953084,0.9134870527953152,0.9143776577404896,0.9252448490266997,-7.4927180745056,553.820280942773,0.8316955264099701,0.982661474085429,0.9143776577404896,target,1.0,0.7697755556480015,0.8127244071074792,0.9502419182473432,5,0.4111180916223976,E5,57.22184420000634,"gam,maxent,gbm,rf",60 km,500,3960,445,500,0.965104246512341,0.970902279487944,0.07310669937145485,0.1080024528591139,0.8855354960440251,0.8919975471408861,0.9078373818834291,0.9157911001236094,0.8077886472644955,"mat,lpann",4,24.9,0,broad,0.515838184803702,3.060667665786254,0.9132964107848188,0.9001992948030048,0.7946349608385266,11.740018840145993,0.6679812089637948,1.7695270581021003,0.11361027723821304,1.6828973727999852,0.9143776577404896,0.965104246512341,0.8077886472644955,5.855221236806374,0.901881528508507,0.8332247432163115,0.7603193750720938
1.1131403807460145,15.148043695728063,0.7388904129684848,0.7999035778762514,0.18298251044729918,1.1082000349847427,0.8770432105025399,0.26362038664323373,0.07236431690580163,1.116149545917413,0.8689247449104854,0.0,0.002420810766453307,0.06984212970128463,0.1343725578908403,-0.21159249366956567,223.6161668794873,0.9301578702987153,280.7788834509866,1.1124710152233088,0.8734155467318265,0.8803559657218194,0.7934934497816594,-0.9504829066380505,217.15741981288664,0.7236513200803747,1.1131403807460145,0.8803559657218194,1.1496457720512077,8.265562040299756,3.746490317732909,0.7554673395699983,0.2133032274102001,1.1460297072776615,0.8692453977662152,0.6356846473029045,0.33853530950305144,1.1557887425268538,0.8400497111689029,0.0,0.030947398654193336,0.06365745535899242,0.14152491240698203,-3.746227756772691,572.9200211379598,0.9363425446410076,269.07039049224625,1.1572461949204755,0.8571670351291029,0.8711598504413522,0.7907709188442313,-7.4927180745056,553.820280942773,0.727113463485239,1.1496457720512077,0.8711598504413522,target,1.0,0.7501578078467023,0.775246179566053,0.8723428981974383,5,0.38496360100483,E5,109.87259344993373,"gam,maxent,gbm,rf",120 km,500,1460,342,500,1.1048980530430783,0.9283265894179465,0.1776214931779856,0.07272344013490725,0.8102682825993153,0.9272765598650927,0.8810655304892482,0.7954043793042557,0.7226809391693485,"mat,lpann",8,23.1,0,broad,0.45264171711612555,21.435505098050346,0.8821584361031827,0.7495975778016251,0.5961581689415376,13.989187260125547,0.6838984791709463,1.6716234861260157,0.22638177644358115,3.746490317732909,0.8711598504413522,1.1048980530430783,0.7226809391693485,8.841610727746074,0.8803134303671849,0.9163153456998314,0.6763626662704179
0.9473959139452097,4.316131231901522,-1.228901831675977,0.9082348596750369,0.02391270701129856,0.9490388913723737,0.9492221779018748,0.39605998235812995,0.5330790320658004,0.9504769425798542,0.9488892440466677,0.0,0.001261693746922698,0.07651679306608884,0.05331484619729882,-2.1793847383140275,228.29395056140217,0.9234832069339112,47.05275693598703,0.9575763685855428,0.9529695321673568,0.9484288226352862,0.9730131004366812,-0.9504829066380505,217.15741981288664,0.8964963073705925,0.9473959139452097,0.9484288226352862,0.9419563326014003,0.23510399538116644,-1.6722839230972735,0.9015571147218119,0.024029498280647967,0.9420148743552029,0.9453932560297835,0.7509421909932928,0.773071668115762,0.937213167621741,0.9377008874262079,0.0,0.022546364680781226,0.08207316567924763,0.05375170532060027,-9.165001997602873,598.0600772214248,0.9179268343207524,7.863726634529125,0.951988681742464,0.9483060952514554,0.9453630021547587,0.9764294712886576,-7.4927180745056,553.820280942773,0.8943563056094099,0.9419563326014003,0.9453630021547587,target,1.0,0.7361580785812563,0.7224611093569695,0.9210211266126619,5,0.359635996259744,E5,29.432449858883768,"gam,gbm",30 km,500,7674,483,500,0.9592978690786448,0.991420062589624,0.024662731871838112,0.06536486279319331,0.9258177429684293,0.9346351372068067,0.9540510934626971,0.9715919124139148,0.9062270496207216,"mat,lpann",2,28.9,1,broad,0.49835500000000005,-1.8354105309862803,0.9567522818489526,0.9965506668710716,0.9150269605242851,1.0498909101532288,0.7309258838670604,1.716771424191323,0.1743363023392499,-1.6722839230972735,0.9453630021547587,0.9592978690786448,0.9062270496207216,-1.4596017886545418,0.9256964240509812,0.8962517246665644,0.8690771558843022
0.9563921993499458,5.555827976488104,0.2893491325488662,0.8716867717052356,0.04765129236960223,0.9566577909078541,0.9290368722186904,0.17616302453411986,0.4748913568324481,0.946486834722251,0.9211534971119866,0.0,0.0018874117840144429,0.0912590930196564,0.07378936117734111,-0.6611337740891843,235.75647412661854,0.9087409069803436,117.35823040569842,0.965036798064321,0.9319898210474471,0.9289966575028183,0.9462227074235808,-0.9504829066380505,217.15741981288664,0.8549636144039243,0.9563921993499458,0.9289966575028183,0.9523138749637486,2.4605683314981093,-0.12539176613906022,0.863952486459872,0.04561461656378175,0.9518344347537859,0.9285797679824236,0.5681181087647169,0.7664393365327945,0.939743494331572,0.9141739030347985,0.0,0.02813679632365009,0.09330074160003314,0.07077946065755449,-7.61810984064466,591.1932011490431,0.9066992583999669,102.69676893435849,0.9705405837117496,0.9341671009206184,0.9288457865585807,0.9552566342910553,-7.4927180745056,553.820280942773,0.8619558926910222,0.9523138749637486,0.9288457865585807,target,1.0,0.7409623099242835,0.7798073253180087,0.9339625638266218,5,0.33782924002168413,E5,57.22184420000634,"gam,maxent,gbm,rf",60 km,500,3942,452,500,0.9536064694159129,0.9745568482172144,0.04804154530124176,0.09443507588532883,0.8925501246923538,0.9055649241146712,0.9270699481102926,0.9446627229383718,0.850227647053043,"mat,lpann",4,16.1,1,broad,0.5328537841468877,-0.14855712660672982,0.9309289663613726,0.9647593131994481,0.8535868739931072,4.790477609309773,0.7546747967479674,1.5686417292656754,0.3449201766368257,-0.12539176613906022,0.9288457865585807,0.9536064694159129,0.850227647053043,2.2208064868045385,0.9107470511140235,0.8756515407021309,0.8045193234799728
1.103757158334623,13.18761557718102,-0.061072772301462575,0.8241527162317414,0.16471908373316824,1.1012030864317506,0.8906751519299966,0.37082421590080233,0.09679858835391984,1.117334109187639,0.8868517137136351,0.0,0.005580173970129657,0.060961925398545114,0.12032719920779006,-1.011555678939513,200.44520285863342,0.9390380746014548,250.78100110857997,1.105938098598649,0.8880931408218758,0.8927247813571948,0.8141048034934498,-0.9504829066380505,217.15741981288664,0.7531428780949048,1.103757158334623,0.8927247813571948,1.129282843766831,8.429501018804615,2.0809819465255845,0.789574101427868,0.18635290218336992,1.126722048434878,0.8843257775742994,0.7199446680080482,0.4034360964548903,1.1553670214085485,0.8634401795476779,0.0,0.0389483833907763,0.05707005841653892,0.12542293283239586,-5.411736127980015,539.6817471244377,0.9429299415834611,255.0115147232295,1.145813842046414,0.87725977285295,0.8856784286256312,0.8172064859592799,-7.4927180745056,553.820280942773,0.7601364275427409,1.129282843766831,0.8856784286256312,target,1.0,0.7510354559861884,0.7796580917223406,0.9363871414556213,5,0.3661887818208482,E5,109.87259344993373,"gam,maxent,gbm,rf",120 km,500,1473,336,500,1.1044381419592213,0.9427651635589754,0.1589759313199448,0.05453778936072359,0.8372657475906797,0.9454622106392764,0.8985412227503687,0.8168815115663076,0.762343722205584,"mat,lpann",8,10.8,1,broad,0.4729636763896533,7.639964349394623,0.8956448536385239,0.8719530890694466,0.7105138830261137,12.995003855773923,0.6981587815849232,1.6347922734937912,0.2687650503526702,2.0809819465255845,0.8856784286256312,1.1044381419592213,0.762343722205584,5.158269235645441,0.8990956983448791,0.9448298328989728,0.7332888042904677
1.016696331837177,4.135582775584169,-0.5877768550347384,0.9364024290169046,0.04035752979414951,1.016889856368195,0.9680353856086961,0.8183693111508319,0.5285215366705471,1.0151291589600782,0.9639667512323907,0.0,0.0029234367306745445,0.023661197956972604,0.034042159192617515,-1.5382597616727889,226.6196372312442,0.9763388020430274,32.89670735774145,1.0153644520616998,0.9651432687690091,0.9682556432813054,0.9544541484716157,-0.9504829066380505,217.15741981288664,0.9307929505146431,1.016696331837177,0.9682556432813054,1.0141691179516925,1.2659606655701623,-0.7775359912966966,0.9353664040702445,0.03585781165844968,1.0140664166891094,0.9714156406537682,0.9330217110523402,0.7966480901435952,1.0087073007367715,0.9611598928037741,0.0,0.02701870999507632,0.021688693706757262,0.029287114934530963,-8.270254065802296,574.2580448513115,0.9783113062932427,25.036116004791186,1.0103142185610297,0.9675134509296466,0.9714291591245681,0.9648270817247124,-7.4927180745056,553.820280942773,0.9431383880179551,1.0141691179516925,0.9714291591245681,target,1.0,0.7239551673978036,0.7102389322757457,0.9194780828058029,5,0.3430427958846573,E5,29.432449858883768,"gam,gbm",30 km,500,7711,493,500,1.0227655986509274,0.991819359343779,0.047275026828146556,0.024509428177219073,0.9308915369247763,0.975490571822781,0.96451172837167,0.9455456471834717,0.9210362190062527,"mat,lpann",2,20.9,2,broad,0.465845,0.0809348356902273,0.9668604529141394,0.9731718534416679,0.9168433846153097,3.245403373495604,0.7003082725855003,1.7929825233788135,0.08659279533816,-0.7775359912966966,0.9714291591245681,1.0227655986509274,0.9210362190062527,-0.04182203692070274,0.9526516568180118,0.9390042925034493,0.8964486703740191
1.022461693236341,1.960000332257323,2.7789992842873867,0.8822829476448384,0.073034360006191,1.024061728635012,0.9394276934895334,0.46616541353383456,0.37976280595508455,0.998337455059332,0.925123234676262,0.0,0.004174872804858034,0.05057266676984987,0.06581102378426262,1.8285163776493363,242.67334263444377,0.9494273332301502,100.26311839813485,1.006371610041335,0.9285671215806082,0.9388828835723236,0.9175764192139738,-0.9504829066380505,217.15741981288664,0.8670037524441239,1.022461693236341,0.9388828835723236,1.0495711977461988,0.8328778025616543,5.116995531153002,0.8826009354997538,0.07790943364958362,1.0459696297984298,0.9464464717854214,0.7846477159606238,0.7089773950484392,1.0058792885316663,0.9126504161565194,0.0,0.031255128836369606,0.028338235903384846,0.0543090395061467,-2.3757225433525986,586.306052843991,0.9716617640966152,93.28496403279095,1.035552107340894,0.9334558988386171,0.9481610252574767,0.9235786564798635,-7.4927180745056,553.820280942773,0.8952404205764788,1.0495711977461988,0.9481610252574767,target,1.0,0.7520790530316113,0.7921468985332238,0.938172141948613,5,0.3702313602345203,E5,57.22184420000634,"gam,maxent,gbm,rf",60 km,500,3980,456,500,0.9945577188410241,0.975302259049933,0.06616970718994328,0.07161198834891921,0.8874058393457815,0.9283880116510808,0.9309211790476922,0.9237815645417623,0.8521695761928432,"mat,lpann",4,16.7,2,broad,0.49676257650395583,16.044425211199798,0.9267452441825194,0.7773455465276713,0.7235737139145153,6.273527145201818,0.6798388913925192,1.8185459144565383,0.05714727176408263,5.116995531153002,0.9481610252574767,0.9945577188410241,0.8521695761928432,10.644964888724239,0.9418306607070985,0.8571592825387092,0.7924186558495565
1.1932750348243306,14.023353905497231,2.534908758143428,0.7995445593303792,0.22430738275808698,1.1910555674330916,0.8817372174715253,0.5078767928521044,0.04129353233830846,1.179180780980486,0.8642571047110433,0.0,0.002420810766453307,0.031032347933756383,0.13570929132562826,1.5844258515053777,239.71524434439027,0.9689676520662436,240.14269933901627,1.1741506200221796,0.8665547590121213,0.8835806149992061,0.7468558951965065,-0.9504829066380505,217.15741981288664,0.7158235472627501,1.1932750348243306,0.8835806149992061,1.2296474292579858,15.204349028174931,5.259369369057287,0.761734777613655,0.24406512822637444,1.22906092685049,0.8840974358497755,0.8051777095217201,0.3034300791556728,1.2178065540423209,0.8385718440303349,0.0,0.030947398654193336,0.01441769896838878,0.13208286140720432,-2.2333487054483125,607.7695826980472,0.9855823010316113,233.64334190065352,1.2081327156972366,0.8555602633129062,0.8840700893769626,0.7605965782094526,-7.4927180745056,553.820280942773,0.746178879241064,1.2296474292579858,0.8840700893769626,target,1.0,0.7600843537657876,0.7860670369619388,0.9645391430341897,5,0.3903290517037604,E5,109.87259344993373,"gam,maxent,gbm,rf",120 km,500,1487,341,500,1.1634983903112066,0.9340279662650793,0.2165031427257397,0.05300475241453319,0.826694364990984,0.9469952475854668,0.8754295837023915,0.7506180469715699,0.6976132945570366,"mat,lpann",8,10.7,2,broad,0.4182718767198679,20.260894086601212,0.8885975549801711,0.7351103786601257,0.6115671190673222,7.8088694583265505,0.7758123236918032,1.454717921201901,0.4750314187299973,5.259369369057287,0.8840700893769626,1.1634983903112066,0.6976132945570366,6.522861742810926,0.8949494747972508,1.0057105626245593,0.7123159391256286
2.071090747856932,7.460864086222273,-6.911572848037004,0.8756975217462662,1.0845403488028378,2.0832420591456735,0.6391271250951536,0.3574859051994153,0.37227091633466136,2.7286950732356856,0.5204892420319615,0.0,0.001302724437879534,0.013449600945906,0.0763036534135845,16.73608797067645,384.0323890949038,0.986550399054094,107.9730523223026,2.356930126002291,0.5839077322050092,0.6424755763029982,0.919115539780869,23.647660818713454,450.1325985028951,0.905665938834963,2.071090747856932,0.6424755763029982,2.1162020109689212,11.99032234451289,-5.6512838800321745,0.8384621697029377,1.1267138939670933,2.1110297706198144,0.6282845713389286,0.6432862604353593,0.6387573404053798,19.746835443037973,0.08419768151311775,0.0,0.02270022977186936,0.010511882998171846,0.10446601941747573,54.290236587804074,1289.0533940124085,0.9894881170018281,450.9888840585025,3.728177641653905,0.37700404858299597,0.635060316063506,0.8888726108907321,59.94152046783625,1669.9262134486328,0.8783607278925603,2.1162020109689212,0.635060316063506,target,1.0,0.9144107132941042,0.9103029177815589,0.609509893065045,5,0.7680060093024155,E5,29.432449858883768,"gam,maxent,gbm,rf",30 km,500,7667,433,500,2.193713450292398,0.992850736024424,1.2110745614035088,0.017361111111111112,0.9393173816094322,0.9826388888888888,0.615358205539025,0.9279799165362546,0.9106188054251434,"mat,lpann",2,23.9,0,narrow,0.845405,2.4251005991952113,0.8224625381892245,1.335891812865497,0.9180680247828752,-59.12442517236629,0.21464395639431508,13.195723684210526,0.27474569640062585,-5.6512838800321745,0.635060316063506,2.193713450292398,0.9106188054251434,0.05847953216375856,0.8546938775510204,1.2390350877192982,0.9095002928552471
3.971770617794857,3.316916174859898,-0.16176797798190634,0.731536189069424,2.9781259237363287,4.033953997809419,0.39462886982469225,0.2663966349898738,0.018964713197575003,5.9244340878828226,0.28277486659295226,0.0,0.0016514853110126374,0.0063553059414720664,0.20747582890667543,23.485892840731548,357.2147292150106,0.993644694058528,187.57014408278158,4.749599083619702,0.34418456389209867,0.3997146169624543,0.7778929035955997,23.647660818713454,450.1325985028951,0.7715375976541277,3.971770617794857,0.3997146169624543,3.497372029250457,12.077769517068532,-19.288087878919796,0.6553524536353192,2.5062842778793417,3.612005856515373,0.4222222222222222,0.5357376192342872,0.20979172301866378,109.74683544303798,0.01714481655046291,0.0,0.026454537994419824,0.008912248628884826,0.2319379616264,40.65343258891645,1090.1064513156487,0.9910877513711152,725.3526806739528,11.244257274119448,0.1415796385466825,0.4407408348365133,0.7528060764514966,59.94152046783625,1669.9262134486328,0.7438938278226117,3.497372029250457,0.4407408348365133,target,1.0,0.8531972888780641,0.8584697119726655,0.7206698078235991,5,0.6289460852519883,E5,57.22184420000634,"gam,maxent,gbm,rf",60 km,500,3970,299,500,3.976973684210526,0.9833460335384718,2.9906798245614037,0.013706140350877192,0.888892091630746,0.9862938596491229,0.3963428067856356,0.8221504955659885,0.8084443552151113,"mat,lpann",4,17.0,0,narrow,0.7360725481415137,-1.0944071392546348,0.6377487679169331,2.051169590643275,0.8737893981824669,-52.32456750182561,0.18642894420125464,14.457785087719298,0.1996935315597288,-19.288087878919796,0.4407408348365133,3.976973684210526,0.8084443552151113,-2.404590736341916,0.6079486722509356,2.23921783625731,0.8711256737958615
5.177357375110848,24.344368170390794,-11.809336318362272,0.6479566715903495,4.1881466154300915,5.335784697230481,0.3120616418057888,0.29955093774764463,0.0015735641227380016,9.132822902796272,0.1951443871349256,0.012711864406779662,0.002420810766453307,0.010789240319243274,0.29209682063093817,11.838324500351183,291.12228367903316,0.9892107596807568,241.8919482615601,6.756242840778923,0.2558482986767486,0.32026988228538616,0.6876501840788343,23.647660818713454,450.1325985028951,0.6768609437595909,5.177357375110848,0.32026988228538616,4.750685557586837,16.420803431202955,-27.19776208714537,0.5342811422944362,3.75845521023766,4.970961444607125,0.33111283665045566,0.5219543555126969,0.026971662683509732,242.29113924050634,0.008116545265348595,0.024196221411998675,0.030947398654193336,0.007769652650822669,0.34813858221041377,32.74375838069088,966.38007903023,0.9922303473491774,823.0796834224715,18.82542113323124,0.08983469797620887,0.34508245579177427,0.6293049044356293,59.94152046783625,1669.9262134486328,0.6215352517848065,4.750685557586837,0.34508245579177427,target,1.0,0.8614656530185764,0.8704384556377087,0.7921422609193733,5,0.5949985407618044,E5,109.87259344993373,"gam,maxent,gbm,rf",120 km,500,1473,152,500,5.724049707602339,0.9647632960365525,4.732090643274854,0.00804093567251462,0.8088463823700512,0.9919590643274854,0.2950481056694026,0.7185924187097896,0.710551483037275,"mat,lpann",8,12.7,0,narrow,0.6779925701706109,-24.286402262382474,0.5308451968705913,3.022478070175439,0.8214489585335274,-49.964627267134844,0.23073779675986344,11.151498538011696,0.39631151104155804,-27.19776208714537,0.34508245579177427,5.724049707602339,0.710551483037275,-25.346326067255816,0.4207103675941324,4.281980994152047,0.7680403408102938
1.9980786284362992,9.693452650524932,-7.654524825577468,0.8823137206630559,1.012710611882944,2.0527304021279926,0.6446950281906715,0.467458846615066,0.21579384871155444,2.6990679094540613,0.5212383009359252,0.0,0.001261693746922698,0.01463198344664499,0.07139115698659683,15.993135993135986,369.8245754906373,0.985368016553355,83.70512120573558,2.3418098510882017,0.5855899088229245,0.6573330046832635,0.9244725645378188,23.647660818713454,450.1325985028951,0.9098405810911738,1.9980786284362992,0.6573330046832635,2.1184872029250457,10.502524586732704,-0.8595813858971653,0.842647300180535,1.1285420475319927,2.1365300146412882,0.6235655657991986,0.6568831884172011,0.6306471706773327,22.746835443037973,0.07036247334754797,0.0,0.022546364680781226,0.010054844606946984,0.10457550634903977,59.08193908193908,1332.6512830094223,0.9899451553930531,410.461041171473,3.9892802450229707,0.3615715162676489,0.6348880665372073,0.8886923007573025,59.94152046783625,1669.9262134486328,0.8786374561503556,2.1184872029250457,0.6348880665372073,target,1.0,0.8954858410578785,0.8967266684766393,0.6160586100545513,5,0.6933333079226784,E5,29.432449858883768,"gam,maxent,gbm,rf",30 km,500,7675,429,500,2.129934210526316,0.9923761977560348,1.149671052631579,0.019736842105263157,0.9421145017825344,0.9802631578947368,0.626379400945875,0.931631455399061,0.9118946132937977,"mat,lpann",2,22.8,1,narrow,0.8641650000000001,3.428732696720708,0.8055056286065652,1.3859649122807018,0.9139285845024663,-55.06526035684797,0.16739346645245198,16.69608918128655,0.0665862458702835,-0.8595813858971653,0.6348880665372073,2.129934210526316,0.9118946132937977,2.9398354643671354,0.8332676000788799,1.293859649122807,0.9116612442687313
4.600502512562814,6.242667627683318,-9.503913110609318,0.6797041687182012,3.6055276381909547,4.739946800187764,0.3465816159633628,0.19429439567859555,0.007466029565477079,7.670106524633821,0.22829717796122095,0.0,0.0018874117840144429,0.005025125628140704,0.2510585381895914,14.143747708104137,364.01683101864415,0.9949748743718593,265.6794265859661,5.935166093928981,0.28620507399577166,0.3553162853297443,0.7311016071074271,23.647660818713454,450.1325985028951,0.7260764814792864,4.600502512562814,0.3553162853297443,3.965036563071298,10.180844897068596,-32.688128461969,0.6028229115378303,2.9707495429616086,4.140800390434358,0.38420278160155696,0.534686284457974,0.16114146289715164,174.81012658227849,0.011375908992728058,0.0,0.02813679632365009,0.005712979890310786,0.27494854609741937,27.253392005867248,1071.584584195414,0.9942870201096892,780.5057604047659,15.203675344563553,0.11369435781117097,0.4005154876421043,0.7069960331770645,59.94152046783625,1669.9262134486328,0.7012830532867538,3.965036563071298,0.4005154876421043,target,1.0,0.8484877117341256,0.8567784096962484,0.687328332112093,5,0.5793878948816461,E5,57.22184420000634,"gam,maxent,gbm,rf",60 km,500,3935,299,500,4.983552631578948,0.9811872906145359,3.9870248538011697,0.003472222222222222,0.890546652890939,0.9965277777777778,0.3330889988394112,0.7628999304468788,0.7594277082246566,"mat,lpann",4,16.6,1,narrow,0.6889423794596209,9.257458503842365,0.7219477769936485,1.5034722222222223,0.8428537027885312,-51.87198510996522,0.1761125252789488,15.327302631578947,0.14798513302034433,-32.688128461969,0.4005154876421043,4.983552631578948,0.7594277082246566,-11.110421633368816,0.554615309794767,2.712536549707602,0.851303892229269
6.029116169080698,28.574745020118712,-13.488604892597486,0.5793636139832595,5.032663316582915,6.223282741355031,0.27584264795078417,0.16137339055793992,0.0006066120715802245,10.953728362183755,0.1666434598568604,0.0,0.010473083866732315,0.0035471475022169673,0.3532296018327511,10.159055926115968,304.22465510618287,0.996452852497783,346.40965121439626,8.032531500572738,0.22061024171253202,0.2835215206375239,0.6246665637882762,23.647660818713454,450.1325985028951,0.6211194162860592,6.029116169080698,0.2835215206375239,5.2484003656307125,17.066646347333005,-35.89950161876385,0.48084892499589693,4.255484460694698,5.49975597852611,0.3042123441958252,0.5116666111906267,0.009742441209406495,310.9367088607595,0.006411557034451974,0.0,0.04248728048580338,0.007084095063985375,0.3996529042487091,24.0420188490724,965.7339473552756,0.9929159049360147,927.5874527665904,22.77105666156202,0.08039942019648896,0.3178144314815492,0.5802830869094843,59.94152046783625,1669.9262134486328,0.5731989918454989,5.2484003656307125,0.3178144314815492,target,1.0,0.8540419772082734,0.862473858426981,0.6915080841936181,5,0.5550966438412122,E5,109.87259344993373,"gam,maxent,gbm,rf",120 km,500,1459,162,500,6.767361111111111,0.9604811718401249,5.769188596491228,0.001827485380116959,0.8063734142265849,0.998172514619883,0.2570171517304661,0.6569183620239958,0.6550908766438788,"mat,lpann",8,14.5,1,narrow,0.6172193175564117,-33.58550468874355,0.43045921725482256,4.447368421052632,0.7587859434057234,-47.7150880725774,0.19030637761203767,13.552448830409357,0.25353199443575036,-35.89950161876385,0.3178144314815492,6.767361111111111,0.6550908766438788,-32.858542834235436,0.4410123296560675,4.281432748538012,0.7678793276226559
1.8958025421223765,7.816579939239659,-9.40647806132122,0.8896376989988511,0.9190067986993793,1.9294320137693632,0.6659544920414485,0.3194931553343138,0.4783047426841574,2.5798934753661786,0.5331969499721034,0.0,0.0021028229115378303,0.02320425657700266,0.06553046267076468,14.241182757392234,399.0992321489689,0.9767957434229974,77.74112095948357,2.215807560137457,0.6014105578114982,0.6746286939212984,0.9314609466281607,23.647660818713454,450.1325985028951,0.9082566900511582,1.8958025421223765,0.6746286939212984,1.9893738574040218,9.369902041052285,-4.873832544786723,0.8554899064500247,1.0049131627056673,1.9757198633479747,0.6611177170035671,0.6408281573498965,0.6876829849526792,24.481012658227847,0.06060606060606061,0.0,0.026259642212374857,0.015539305301645339,0.09408183043991235,55.067687923049526,1350.9735989026299,0.9844606946983546,269.4591253970897,4.111026033690658,0.3658426966292135,0.6586400642128196,0.9008857735304724,59.94152046783625,1669.9262134486328,0.885346468228827,1.9893738574040218,0.6586400642128196,target,1.0,0.9444241509447344,0.9565713527911317,0.7468350384123805,5,0.8090166601139945,E5,29.432449858883768,"gam,maxent,gbm,rf",30 km,500,7742,445,500,2.051900584795322,0.9922580534954638,1.0771198830409356,0.025219298245614034,0.9487581833834157,0.9747807017543859,0.6388023952095808,0.9359459224482699,0.9107266242026557,"mat,lpann",2,23.0,2,narrow,0.8747375000000001,-0.18507753382321823,0.8371767994409504,1.2905701754385965,0.9122440948484931,-51.532706723889476,0.17449383429864523,15.434758771929825,0.14159494001043305,-4.873832544786723,0.6586400642128196,2.051900584795322,0.9107266242026557,-1.6419861430653384,0.8597200622083981,1.2165570175438596,0.9027051359488967
3.63198344664499,0.9809540023627505,-2.5576834855115287,0.7535286394222879,2.6433638782146023,3.6570176811140667,0.42428518630514395,0.25575235888097997,0.05500921942224954,5.410785619174434,0.30439297954097,0.0,0.0025336451665846052,0.01138043156961277,0.18471632336154503,21.089977333201926,385.20515924393396,0.9886195684303872,103.98033420135424,4.317983963344788,0.3697927885236721,0.4268666241225271,0.8028592844073102,23.647660818713454,450.1325985028951,0.7914788528376975,3.63198344664499,0.4268666241225271,3.205553016453382,10.545770930142396,-21.69869007461657,0.6899926144756278,2.21709323583181,3.2785505124450953,0.45501468617218466,0.5454119693573747,0.340441332484617,86.51898734177215,0.02198437951981487,0.0,0.026782783522074513,0.011540219378427788,0.2055819640165688,38.24283039321968,1163.3384420795435,0.9884597806215722,606.910929387387,9.173047473200613,0.16980279993978625,0.47007362729915503,0.7813288856833754,59.94152046783625,1669.9262134486328,0.7697886663049478,3.205553016453382,0.47007362729915503,target,1.0,0.91108372774049,0.9262297899000071,0.8309753820700634,5,0.7000620900544181,E5,57.22184420000634,"gam,maxent,gbm,rf",60 km,500,4000,296,500,3.708698830409357,0.9836669119758349,2.723684210526316,0.014985380116959063,0.9159796851206496,0.985014619883041,0.41838081192268883,0.8380281690140845,0.8230427888971255,"mat,lpann",4,17.7,2,narrow,0.7733616957754889,1.5137622534973758,0.7180975482976696,1.6224415204678362,0.874308472668369,-56.74833799199852,0.21859506712457072,12.630847953216374,0.30814406419020957,-21.69869007461657,0.47007362729915503,3.708698830409357,0.8230427888971255,-18.31561933498351,0.557112664607381,2.8391812865497075,0.8520980904922713
5.554093999408809,20.041980903977674,-13.725760681234298,0.6184658624651239,4.564883239728052,5.718040995149429,0.29430534528939095,0.2989717901397311,0.0023905572986702523,9.974034620505993,0.18024631438451738,0.0,0.002420810766453307,0.010789240319243274,0.3183379262123144,9.921900137479156,322.6217163908601,0.9892107596807568,300.5808282474835,7.308591065292096,0.23883971654672292,0.3018604126733566,0.6595533608165605,23.647660818713454,450.1325985028951,0.6487641204973174,5.554093999408809,0.3018604126733566,4.976234003656307,18.073829438693735,-32.54806681586328,0.5048005908419497,3.9889168190127973,5.206930209858467,0.3168344079257745,0.5209986452486937,0.021572152312469357,268.6455696202532,0.007323256032297437,0.0,0.030947398654193336,0.012682815356489945,0.3707169395899271,27.393453651972965,1007.9947972274117,0.98731718464351,895.1612635563977,20.189127105666156,0.08340259458678134,0.330414499847048,0.6065745582401731,59.94152046783625,1669.9262134486328,0.5938917428836832,4.976234003656307,0.330414499847048,target,1.0,0.8653563830197027,0.8781619791410229,0.8553857344896425,5,0.5840714126259142,E5,109.87259344993373,"gam,maxent,gbm,rf",120 km,500,1479,156,500,6.247624269005848,0.9628967797743795,5.254020467836257,0.006396198830409356,0.8270462409016696,0.9936038011695907,0.2741874479941501,0.6875543383759346,0.6811581395455253,"mat,lpann",8,13.5,2,narrow,0.6566111722619703,-24.827255623841666,0.4837797275456015,3.502558479532164,0.8039356999697993,-52.33385615673207,0.20656855918902015,12.904422514619883,0.2920687706485827,-32.54806681586328,0.330414499847048,6.247624269005848,0.6811581395455253,-24.40508852654672,0.4253500590763971,4.183479532163743,0.7688639961928818
0.8413611399732819,2.1468409787637484,0.20057464893110755,0.8745896930904317,0.0012616891791598635,0.8462749803156987,0.9153568092278949,0.36646316646316646,0.0,0.8350004220477758,0.9087940016329911,0.15463917525773196,0.000994994255703266,0.15990054920587798,0.08903286751342526,13.88602858075696,169.8411431186822,0.840099450794122,212.65016974936876,0.8589902215126721,0.922773042488782,0.9124765724189355,0.9984400807487612,13.685453931825853,190.40704759362447,0.8385395315428832,0.8413611399732819,0.9124765724189355,0.8312595124295746,3.8958695210014866,-1.621525274451919,0.8138642704743148,0.0011882192731836267,0.8499661800349473,0.917543285014587,0.7029331648967668,0.013850415512465374,0.8335841617737457,0.9078297862501878,0.049653579676674366,0.008883144592154932,0.16992870684360897,0.13220591583697294,56.37290604515659,699.2915929758233,0.830071293156391,217.85872502990176,0.8942612584541505,0.9427667418165633,0.9065577953559582,0.9960595058886036,57.99443131960851,769.6957034423068,0.8261307990449946,0.8312595124295746,0.9065577953559582,target,1.0,0.6450376402362605,0.7423821617137885,0.9266502941346644,5,0.1730382612909181,E5,29.432449858883768,"gam,maxent,gbm",30 km,500,7671,493,500,0.8398793452581843,0.9974638384861643,0.001328889638879514,0.16144954438069525,0.9656595905903786,0.8385504556193047,0.9115276583548295,0.9987420127795528,0.8372924683988576,"tcold,lpann",2,28.7,0,cold_limited,0.5939,-1.602576781531262,0.9018832557185953,0.8317794465069187,0.82939787733484,-42.46074898187635,0.9069475978566888,1.6479708066149172,0.3864371915498821,-1.621525274451919,0.9065577953559582,0.8398793452581843,0.8372924683988576,-2.189187873915621,0.8633599708857113,0.7715786365170435,0.769854051944159
0.9244656375241205,7.043790169570684,2.4892336264655146,0.9079476448383391,0.016179308297461777,0.9247872220764126,0.9440158952781673,0.5741251633512414,0.0,0.8980965645311049,0.9318376377199906,0.04,0.0015386509108813392,0.09171367077334125,0.05967864554439171,16.174687558291367,198.63402957040026,0.9082863292266588,108.41217395155707,0.9234284573937338,0.9447309172779432,0.9439361363658275,0.9799963296017618,13.685453931825853,190.40704759362447,0.8882826588284205,0.9244656375241205,0.9439361363658275,0.9209366906090625,2.934927122715635,2.84309899190054,0.8786107008042016,0.010119889989586394,0.9268361422693197,0.9512344956704891,0.8322108452426582,0.06982543640897755,0.8884837950696314,0.9270537528200868,0.0653950953678474,0.01129369768586903,0.08918319938052388,0.07642109413095127,60.83753031150905,774.2222598387732,0.9108168006194761,95.20563651245429,0.9447570519987536,0.9591344341400889,0.9483048609277046,0.9664393872310281,57.99443131960851,769.6957034423068,0.8772561878505041,0.9209366906090625,0.9483048609277046,target,1.0,0.6907376073342066,0.7396483916099006,0.9246255502273719,5,0.2621885960799795,E5,57.22184420000634,"gam,maxent,gbm,rf",60 km,500,3948,453,500,0.9046574417819777,0.9942594310712715,0.014892001349983126,0.1102345595680054,0.9529860718846915,0.8897654404319946,0.9343049526003366,0.9859025559105431,0.8756679963425378,"tcold,lpann",4,20.1,0,cold_limited,0.5742722794446933,2.5163932972730194,0.9277156322752825,0.8671532230847114,0.8455548543862053,-44.701540464880196,0.8991890707627297,1.7072645966925413,0.33026593831914175,2.84309899190054,0.9483048609277046,0.9046574417819777,0.8756679963425378,0.7148575848929113,0.9080735990271726,0.8406598042524468,0.8230033431491051
0.9485676116966009,5.628030675094692,2.0111152724830106,0.8929611849663548,0.040652367522636186,0.9501331033707022,0.9326886103206953,0.5259389156802572,0.0,0.9273655777834051,0.9230297589068693,0.5830388692579506,0.002902921385196127,0.09208475582603533,0.07189959364230235,15.696569204308863,206.01241314085323,0.9079152441739646,119.76866612252405,0.9319097984434245,0.9281051152797289,0.9318796419729576,0.9497384841255276,13.685453931825853,190.40704759362447,0.8576537282994923,0.9485676116966009,0.9318796419729576,0.9494940055005207,2.5450559984918755,2.9519794706512883,0.8652552108977515,0.02894448746361913,0.9423792345414577,0.939646979447036,0.8272970561998216,0.08369230769230769,0.9070945587892405,0.9186515655044403,0.29842573579739906,0.014986459871984244,0.07945048196309845,0.08000874753975444,60.9464107902598,797.1802498838198,0.9205495180369015,100.36117688673293,0.9448120383438113,0.934132526600507,0.9443984084481,0.9040113344549721,57.99443131960851,769.6957034423068,0.8245608524918735,0.9494940055005207,0.9443984084481,target,1.0,0.7480113917086986,0.7682002646952856,0.9411694478069281,5,0.32312115058736485,E5,109.87259344993373,"gam,maxent,gbm,rf",120 km,500,1464,342,500,0.9320789740128248,0.9871056939591895,0.039697941275734054,0.10761896726290922,0.9372613894426804,0.8923810327370908,0.9237521289139263,0.9624201277955271,0.854801160532618,"tcold,lpann",8,15.5,0,cold_limited,0.5713057237204183,-0.40389258347204304,0.8562603120550277,0.7740676679041512,0.7457352070639054,-38.00091220100839,0.9357722510635905,1.4971734728315895,0.5282033120951803,2.9519794706512883,0.9443984084481,0.9320789740128248,0.854801160532618,1.4883055914192127,0.8930847639096874,0.8376012487343908,0.7899288037553684
0.8660197417248033,0.8773630620427753,-1.1070651233357385,0.891545626128344,0.005325070506160012,0.8685463612163024,0.9239706236455574,0.5166533864541832,0.004722550177095631,0.8574533637207732,0.9178718714852138,0.9681528662420382,0.0016104546200558017,0.13930532878135668,0.07852585507186816,12.578388808490114,199.1247511521094,0.8606946712186433,74.06492598689661,0.8715625623628018,0.9254670306235605,0.922492567439918,0.9934162231602128,13.685453931825853,190.40704759362447,0.8541108943788562,0.8660197417248033,0.922492567439918,0.8689087073776401,0.47123096383381835,-1.0166213823195491,0.8556232561956343,0.0039518303917118365,0.8712868496702554,0.9266081298853864,0.8411762524567064,0.028399006034788784,0.8240032219089811,0.8985369141555589,0.9971126082771896,0.010657721976038077,0.13504312301407173,0.09720162987692978,56.97780993728896,793.9792953403826,0.8649568769859283,67.5811980526917,0.8645503033413369,0.9214965397923875,0.9256277458299104,0.9868945364385018,57.99443131960851,769.6957034423068,0.8518514134244302,0.8689087073776401,0.9256277458299104,target,1.0,0.6278158623463639,0.7080268983210682,0.9477314418993608,5,0.12607746607784645,E5,29.432449858883768,"gam,maxent",30 km,500,7674,489,500,0.8745359433007087,0.9927940569304435,0.005210091123860952,0.1306741478231522,0.9376009143483464,0.8693258521768478,0.9275104649592655,0.9950678913738019,0.8643937435506497,"tcold,lpann",2,28.8,1,cold_limited,0.576325,-4.978450779534008,0.7970015329422057,0.6850531555855551,0.6836160017748181,-27.50658951238325,0.9297385215167242,1.393140398245022,0.6269731709723436,-1.0166213823195491,0.9256277458299104,0.8745359433007087,0.8643937435506497,-3.593818108187442,0.8574670799600923,0.7705239622004725,0.7674854084291998
0.8808631438325665,0.023419525730218993,-2.0504926131341907,0.8811751189890038,0.01829449309781802,0.8847437291440141,0.919133444736214,0.4286991143251808,0.006888633754305396,0.879463155229172,0.9138147848737986,0.9392523364485982,0.0021951419661907106,0.1374313492652516,0.08421572054197422,11.634961318691662,199.0133712238393,0.8625686507347484,51.07994106351006,0.890680502893634,0.9228008697304257,0.9172051178344891,0.977381170857038,13.685453931825853,190.40704759362447,0.8399498215917864,0.8808631438325665,0.9172051178344891,0.8533283490427492,1.6940079047893164,-7.699324681472746,0.8314356638765796,0.01081413046380604,0.8650160644834001,0.9156548217213579,0.7906120392263266,0.058931860036832415,0.8487822455857728,0.8973171290988305,1.0,0.013817085179714427,0.15748578142105685,0.11710924579523824,50.29510663813576,768.6483251266014,0.8425142185789432,43.22597020657884,0.8784801774226068,0.9208687846382015,0.9091904508060914,0.9641370760648189,57.99443131960851,769.6957034423068,0.8066512946437621,0.8533283490427492,0.9091904508060914,target,1.0,0.7242110961938224,0.8008695771299268,0.9238250146244127,5,0.34848371523823574,E5,57.22184420000634,"gam,maxent,gbm,rf",60 km,500,3942,451,500,0.8970426932163348,0.9919708642513524,0.021325514681066488,0.12428282146473169,0.9326915835872571,0.8757171785352683,0.9232445655195419,0.9798123003194888,0.8555294788547572,"tcold,lpann",4,21.6,1,cold_limited,0.5853672189879087,-5.338394873139251,0.797162123294238,0.6945030374620317,0.6847303915490195,-34.02562764812724,0.9192572501564782,1.4983547080661492,0.5281527012062508,-7.699324681472746,0.9091904508060914,0.8970426932163348,0.8555294788547572,-7.731410486275173,0.8605386001824996,0.809989875126561,0.7836283680838974
0.9250964821137004,7.355357009251236,0.43448198028217533,0.8888786312161496,0.03180198901588244,0.9258370514791346,0.9282766139708746,0.4756248071582845,0.0,0.9159069806702119,0.9185271667896597,0.6920415224913494,0.00296446742163138,0.10670550690218197,0.07474356732065145,14.119935912108028,197.63852080921424,0.893294493097818,25.371114251161387,0.9093993214927161,0.9207357859531773,0.9280516601609561,0.9606808588731878,13.685453931825853,190.40704759362447,0.8539753519710058,0.9250964821137004,0.9280516601609561,0.8893620998104189,1.5429936607466175,-5.5224697723436975,0.8423190546528804,0.01927852393794558,0.8927202525224057,0.921907456352604,0.8139385948389527,0.02845376263571696,0.8743667465078322,0.8958802175806032,0.9589275527666857,0.01798170031183325,0.12991642412752663,0.099169582702251,52.47196154726481,782.0137578353422,0.8700835758724733,18.305727847430415,0.8879194999908356,0.9129637000864053,0.9210342220369284,0.9360665899229611,57.99443131960851,769.6957034423068,0.8061501657954344,0.8893620998104189,0.9210342220369284,target,1.0,0.729597697809026,0.7434994949641943,0.9285661819884009,5,0.3442560133881309,E5,109.87259344993373,"gam,maxent,gbm,rf",120 km,500,1473,333,500,0.9215744178197772,0.9874864347570381,0.03562689841376983,0.11405248059399258,0.9308205353526531,0.8859475194060075,0.9221058640145777,0.9662739616613418,0.8522214810673492,"tcold,lpann",8,17.7,1,cold_limited,0.5720693450742983,-8.391990713300416,0.8905379792972736,0.8781007424907189,0.8210662669731805,-32.91768156605268,0.9150068104496119,1.4978484643941952,0.5287140575079872,-5.5224697723436975,0.9210342220369284,0.9215744178197772,0.8522214810673492,-8.15543399472989,0.8763543705454411,0.8515862301721229,0.807527200488668
0.9705915095739943,0.6042451766523982,1.4457195869698172,0.9374897423272608,0.018554252634703873,0.9752540212215515,0.965149386887362,0.6572708875397514,0.02959830866807611,0.9492487549590614,0.960409652380076,0.18,0.0020515345478417856,0.047962743060709516,0.03647931913493956,15.13117351879567,184.96263009147592,0.9520372569392905,37.37718215803555,0.9724605867092396,0.9693241602590045,0.9662451627482181,0.9770600110111947,13.685453931825853,190.40704759362447,0.9290972679504852,0.9705915095739943,0.9662451627482181,0.9638727937838776,1.7885514581974462,0.9015982604601689,0.9260421795503037,0.01001308376278337,0.992827349078406,0.9641420176921064,0.8889978391530933,0.19583843329253367,0.9506751171121521,0.9601312658241603,0.13730803974706413,0.011355243722304283,0.04614028997890577,0.04206223218269161,58.89602958006868,751.8501163934476,0.9538597100210943,35.06304349188386,0.9920453087483275,0.9689558720694859,0.9714068172238915,0.9667935889489064,57.99443131960851,769.6957034423068,0.9206532989700007,0.9638727937838776,0.9714068172238915,target,1.0,0.6380836248564076,0.7582529224450149,0.9573364569130967,5,0.11530855848159875,E5,29.432449858883768,"gam,maxent,gbm,rf",30 km,500,7711,492,500,0.9584036449544381,0.9966024991552497,0.01649510631117111,0.05809146135673304,0.9341354339251934,0.941908538643267,0.9619146094524148,0.9843849840255591,0.926293522668826,"tcold,lpann",2,30.7,2,cold_limited,0.551554375,-1.4172690810556645,0.8480187875578478,0.74628754640567,0.7413191003742645,-14.62595613318527,0.9449210274007166,1.2304885251434357,0.7817269823564106,0.9015982604601689,0.9714068172238915,0.9584036449544381,0.926293522668826,0.26398876612327626,0.9218341206069772,0.8611415794802565,0.8521080412413375
0.950441591212706,0.9720313995405832,0.06446279590714887,0.9260729525685213,0.017366780466082827,0.9560383937610138,0.9594303184811048,0.5674875311720698,0.013157894736842105,0.9475183590782477,0.9539598435349825,0.3131868131868132,0.001866896438536025,0.06692518925337687,0.046101987544447415,13.749916727733002,181.95588602242125,0.9330748107466231,73.25553040998939,0.9574735581720215,0.9603523330852594,0.9567831356246611,0.9785281703064782,13.685453931825853,190.40704759362447,0.9116029810531012,0.950441591212706,0.9567831356246611,0.9286667912739313,3.506654950468885,-3.532148105076942,0.8908891350730346,0.012696590211209313,0.9293444563440618,0.9500708473932542,0.8479322575253941,0.08410704533042053,0.9206392945715073,0.9415075598719788,0.5435483870967742,0.012719514196619071,0.08402979893727805,0.06827154849970908,54.46228321453157,794.2691436748581,0.915970201062722,47.05209857395426,0.9514287285324144,0.9582785437878047,0.9498480558766726,0.9578942707872133,57.99443131960851,769.6957034423068,0.8738644718499353,0.9286667912739313,0.9498480558766726,target,1.0,0.711901536256341,0.8016735183741863,0.9554119255979447,5,0.32463118548520037,E5,57.22184420000634,"gam,maxent,gbm,rf",60 km,500,3980,455,500,0.9499029699628755,0.9942322694168574,0.019342726965912927,0.06943975700303746,0.9376912786142135,0.9305602429969625,0.9544682554277863,0.9816892971246006,0.9122495401215631,"tcold,lpann",4,22.5,2,cold_limited,0.559072249589491,-2.287982097962839,0.8212441332977538,0.7113778265271684,0.7059166420463674,-18.51599956805412,0.9276191537713709,1.3095258184272696,0.7069477563539242,-3.532148105076942,0.9498480558766726,0.9499029699628755,0.9122495401215631,-3.8968962016652213,0.8682305720706839,0.7958572392845089,0.7838262088117669
0.96773415466825,2.456258410083251,-0.6985816126022559,0.9071680617101592,0.03883405076443521,0.9727794233437066,0.945757944351528,0.52,0.0,0.9657508229931628,0.9366526037808767,0.3170731707317073,0.0008411291646151321,0.07109989609618525,0.06056095107077593,12.986872319223597,202.48763823977046,0.9289001039038147,63.4828530781383,0.9602474555976851,0.9396709695809748,0.9441317077310402,0.9519866030464306,13.685453931825853,190.40704759362447,0.8808867069502453,0.96773415466825,0.9441317077310402,0.9271047502069371,2.267878685210917,-7.563340812264798,0.8638601674052191,0.02696857226776321,0.9266670424440562,0.933208507650449,0.8213360561196513,0.03975390440132513,0.9385929584331348,0.9217446450244378,0.7194533762057878,0.012760544887575907,0.09986382206082614,0.08940817089896513,50.43109050734371,789.4716000609884,0.9001361779391739,62.20247115346111,0.9442805036749208,0.9345387356473538,0.934185002494042,0.9105640662357213,57.99443131960851,769.6957034423068,0.8107002441748952,0.9271047502069371,0.934185002494042,target,1.0,0.6729496606705335,0.6833850662094514,0.9405229230541703,5,0.2515654007750713,E5,109.87259344993373,"gam,maxent,gbm,rf",120 km,500,1487,339,500,0.9737175160310496,0.9876990413465354,0.04556193047586905,0.07184441444481944,0.9306747714673825,0.9281555855551805,0.9405151223682804,0.9568690095846646,0.885024595139845,"tcold,lpann",8,16.7,2,cold_limited,0.554389102916896,-2.8704525321640517,0.9031321510297483,0.8830155248059399,0.8236405416537724,-13.72531983738228,0.9388450884295759,1.2378079649004388,0.7747570070809418,-7.563340812264798,0.934185002494042,0.9737175160310496,0.885024595139845,-1.703373958857469,0.8842610841034175,0.8380653054336821,0.7987694140943846
0.9562255582187461,4.18268898778382,-0.6848717837647511,0.8831240768094535,0.0680963794625962,0.9740432435307571,0.9142349042114623,0.5373661781519593,0.5073256840247131,0.9830063069376314,0.9146862208086698,0.08247422680412371,0.000994994255703266,0.11187082124385013,0.07315871076382828,-2.5055306888923212,384.84808350477465,0.8881291787561498,230.2200407006432,0.9837224365653778,0.9157580919931857,0.9080028374282582,0.9533472767185799,-1.8206589051275701,449.75910574258063,0.8414764554747296,0.9562255582187461,0.9080028374282582,1.024929324081213,3.1354725312115193,5.583955373743643,0.8953409650418513,0.08384020103372455,0.9820127151496356,0.8997340009388202,0.8270184216511257,0.7877168678672736,1.0103546041007518,0.9158320729264604,0.039112050739957716,0.009703758411291646,0.058910876952511494,0.05139731930144393,-7.670936872974221,1112.2712975796544,0.9410891230474885,88.53168676910673,1.0574944679529485,0.9189607351082096,0.9295031800425886,0.9530006883414174,-13.254892246717864,1037.4235233257118,0.894089811388906,1.024929324081213,0.9295031800425886,target,1.0,0.7640884093005728,0.7972838433470775,0.8261669226298316,5,0.41469565067971403,E5,29.432449858883768,"gam,maxent,gbm,rf",30 km,500,7697,483,500,0.9629427792915531,0.9882199107119399,0.051498637602179834,0.0885558583106267,0.8964499335541636,0.9114441416893733,0.9286507495835646,0.9636016667250253,0.8750458084143986,"wbal,tcold",2,20.3,0,drought_limited,0.607425,5.118320580397917,0.9309982088533818,0.9525885558583106,0.8739082947701027,13.254892246717864,0.5285607552808531,2.414862521674511,0.0,5.583955373743643,0.9295031800425886,0.9629427792915531,0.8750458084143986,4.524437505647716,0.9246607113465308,0.8633886549417884,0.8350197913253523
1.21163113409865,0.29271665372260713,9.293132273671123,0.8138129821106187,0.2839157310457929,1.2316959655328317,0.8367376123173725,0.56554957457892,0.11263181512227956,1.2231955150665732,0.835592329918571,0.03333333333333333,0.0015386509108813392,0.07228459694714268,0.14498962378516098,7.472473368543553,276.0600358466667,0.9277154030528573,419.67636244146127,1.2416852065673492,0.8331909547738694,0.838942252846289,0.8054897758111075,-1.8206589051275701,449.75910574258063,0.7332051788639649,1.21163113409865,0.838942252846289,1.4779691024872212,5.6468098667525055,29.083824302934843,0.7453327589036599,0.5018704132042605,1.4610017056908047,0.7474261231176359,0.7811070809020659,0.26554437018864735,1.5234005834737232,0.7370546473002019,0.0008748906386701663,0.011724519940915805,0.023901310717039322,0.19109450412579793,15.828932056216981,823.180156106191,0.9760986892829607,483.6734194055745,1.6208315540199543,0.7354466005036291,0.7878215174702683,0.7186604555859707,-13.254892246717864,1037.4235233257118,0.6947591448689314,1.4779691024872212,0.7878215174702683,target,1.0,0.8036961594502102,0.8345867457054634,0.8264775344024947,5,0.48489621809809264,E5,57.22184420000634,"gam,maxent,gbm,rf",60 km,500,3952,426,500,1.1068615308397325,0.966006815454195,0.16896210056973,0.06210056972999752,0.837930834663697,0.9378994302700024,0.8903284971900205,0.880580552540355,0.8184799828103575,"wbal,tcold",4,12.8,0,drought_limited,0.5367218987908644,13.785793417423019,0.8605151876578014,0.7278672281397077,0.6492292455367701,13.271307217170925,0.5285607552808531,2.4144661877631903,0.0002801218530059657,29.083824302934843,0.7878215174702683,1.1068615308397325,0.8184799828103575,7.863049708593017,0.8878962786785393,0.8885063165717116,0.7767220015167831
1.6855304654976662,3.133887629129447,10.950475786059343,0.6545626128344001,0.7151255203734074,1.7082524400946784,0.7129319572240825,0.5551395266690216,0.00795613374905924,1.6946391030133146,0.725657196107752,0.496551724137931,0.0014873625471852946,0.02959505487574114,0.3024870817624277,9.129816880931774,243.7811761520315,0.9704049451242589,639.3133404874218,1.7147765355262046,0.7193850558615753,0.7226914440863953,0.5100686221976388,-1.8206589051275701,449.75910574258063,0.48047356732189783,1.6855304654976662,0.7226914440863953,2.1561152517204945,7.086493121442231,36.5948141638324,0.5154480551452486,1.1590565121791028,2.1823538533105906,0.5869512254543683,0.6760772180863064,0.01810610175629187,2.2664256071003,0.5971947921252909,0.16218637992831542,0.011447562776957163,0.002941260458608184,0.4203606856763375,23.339921917114538,718.1628588462404,0.9970587395413918,773.8830210152822,2.3874762219030243,0.5751449723807559,0.6318265716043574,0.3502537258480206,-13.254892246717864,1037.4235233257118,0.3473124653894124,2.1561152517204945,0.6318265716043574,target,1.0,0.782365827411181,0.7939136575394649,0.8249729917213766,5,0.45027042538254386,E5,109.87259344993373,"gam,maxent,gbm,rf",120 km,500,1455,287,500,1.516398315580877,0.9387030619280496,0.5348278424572702,0.018429526876393362,0.7167296776092983,0.9815704731236067,0.7801391910382234,0.6219930669841381,0.6035635401077448,"wbal,tcold",8,7.9,0,drought_limited,0.34797743533296643,25.29796495893021,0.8306971117495842,0.6878127322269012,0.5596666433723292,21.813721671452292,0.5285607552808531,2.2244736190240277,0.13363340846183624,36.5948141638324,0.6318265716043574,1.516398315580877,0.6035635401077448,18.6207584471601,0.8449736842105263,0.9634381966807035,0.7479870357427627
0.9497918506370632,2.004589276895672,-0.8299746609443215,0.9121122599704579,0.04236154913586477,0.9713571447567884,0.9406273187183811,0.6503349665033497,0.6564067681319615,0.9644650782527446,0.9337832012960954,0.04678362573099415,0.0017540620384047267,0.09256969849880156,0.05487222170843738,-2.6506335660718916,405.4285021664884,0.9074303015011984,89.43958638760286,0.9659522937846743,0.9353235256199057,0.9307971014492754,0.9709781688071492,-1.8206589051275701,449.75910574258063,0.8784084703083477,0.9497918506370632,0.9307971014492754,1.0180759016533882,3.14582398302241,5.450392634615463,0.9209338585261776,0.06313715411633684,1.0202512017367034,0.9426645994197381,0.8746110195863079,0.8367691340458622,1.0059580063278135,0.9360699727565087,0.029955947136563875,0.011642458559002134,0.04506125246294868,0.0389712826793146,-7.804499612102401,1053.4822361443964,0.9549387475370513,50.07513764030094,1.040956558872627,0.9378197934300877,0.9463853631616929,0.9646064447966192,-13.254892246717864,1037.4235233257118,0.9195451923336706,1.0180759016533882,0.9463853631616929,target,1.0,0.784062147726605,0.8147466151231774,0.8994751319985838,5,0.48663279904323015,E5,29.432449858883768,"gam,maxent,gbm,rf",30 km,500,7653,480,500,0.9578895219222194,0.9923136514222676,0.03185533812236809,0.07396581620014862,0.9477945391675179,0.9260341837998514,0.9459514170040486,0.9774852060646381,0.9035193898644893,"wbal,tcold",2,20.2,1,drought_limited,0.61222125,5.519640608011056,0.9502623171839737,0.8918503839484766,0.8674134194621874,11.385782853516545,0.5485260486826854,2.339113202873421,0.05353828915578274,5.450392634615463,0.9463853631616929,0.9578895219222194,0.9035193898644893,5.7886875437756835,0.9449128724002248,0.8722318553381224,0.8511771696734649
1.0405197426516968,1.327313341732463,3.0926673524423576,0.8634703758411292,0.12849754005298347,1.0583761070184303,0.8973991239970541,0.5363848668846334,0.39919428676066654,1.0489079654286382,0.8971227430134956,0.04864864864864865,0.0018976694567536517,0.08797779740128674,0.08808567053431035,1.2720084473147875,364.49271985526224,0.9120222025987132,234.50851890322414,1.0613928863105129,0.8994781278177,0.8939116672436817,0.9119665358754083,-1.8206589051275701,449.75910574258063,0.8239887384741216,1.0405197426516968,0.8939116672436817,1.1119963448413719,4.097074278579669,8.878986738773953,0.8771233382570163,0.14386475913075758,1.0624903085749728,0.8821592361476581,0.8557330216854954,0.7255589363672443,1.0896988125077043,0.8871541773993747,0.0016722408026755853,0.012268176596093878,0.03186841428938576,0.06388900427865243,-4.375905507943911,1087.1573096699146,0.9681315857106142,127.96559279210571,1.1374276951745022,0.8911693123615096,0.9167928610059491,0.9193519985913012,-13.254892246717864,1037.4235233257118,0.8874835843019153,1.1119963448413719,0.9167928610059491,target,1.0,0.7403333458494921,0.7575715279708435,0.8350666202898698,5,0.33362878121707307,E5,57.22184420000634,"gam,maxent,gbm,rf",60 km,500,3933,429,500,1.0087441169185039,0.9764930882474129,0.08545949962843696,0.07671538270993312,0.8772803818200277,0.9232846172900668,0.9192655346330756,0.9395987254455688,0.8628833427356355,"wbal,tcold",4,12.2,1,drought_limited,0.5824302134646961,20.872984784237747,0.9053220441487754,0.7163240029725043,0.6829239996088909,10.907343379702693,0.5558880255252276,2.3076789695318305,0.07575545362232572,8.878986738773953,0.9167928610059491,1.0087441169185039,0.8628833427356355,14.887827620969817,0.9237230255031607,0.8237057220708447,0.7583431838428116
1.3555191118960515,9.145711959348603,10.505140931304414,0.7698691120958477,0.4108237668727135,1.3758144730193347,0.7982716353419229,0.5223962843422814,0.10716238381629306,1.355115627189909,0.8114756130823972,0.013245033112582781,0.0015489085836205483,0.05530465497666204,0.18978394649516628,8.684482026176843,293.76608979068374,0.944695345023338,411.21902843791656,1.3700470303303387,0.8057225694526962,0.8021122310172342,0.7185452785508099,-1.8206589051275701,449.75910574258063,0.6632406235741479,1.3555191118960515,0.8021122310172342,1.6812587452525771,10.225390836809993,32.357516000081,0.6722570983095355,0.6862845883663155,1.664164986819662,0.6947826694293763,0.7096513117960478,0.22963774352554572,1.6396433414143075,0.7252066437321959,0.008522727272727272,0.01444280321680617,0.005025843113738256,0.2518422148209825,19.102623753363133,898.3994762708146,0.9949741568862618,463.5565813429885,1.7806980084630615,0.6904004020773999,0.7421694445923638,0.6152811794650146,-13.254892246717864,1037.4235233257118,0.6102553363512764,1.6812587452525771,0.7421694445923638,target,1.0,0.7167842058231825,0.7272080852936501,0.8341568281366613,5,0.302137191185265,E5,109.87259344993373,"gam,gbm,rf",120 km,500,1460,294,500,1.2244983898934854,0.9454517313123852,0.2638345305920238,0.03933614069853852,0.7813410603128838,0.9606638593014615,0.8637127935592352,0.81352638397703,0.7741902432784915,"wbal,tcold",8,7.5,1,drought_limited,0.5137956338286552,23.52720935918967,0.8084881316814386,0.6149120634134259,0.537415599912789,12.91248512464973,0.5465100854434084,2.3149863760217984,0.07059070695752645,32.357516000081,0.7421694445923638,1.2244983898934854,0.7741902432784915,18.953822699546052,0.8725433796674114,0.93103789943027,0.728058891647096
0.8747571590765737,2.999116949608492,-1.5785219480111023,0.8854012801575578,0.019931878390311592,0.8952155527778517,0.9228200162779602,0.31781928319030794,0.7232715008431703,0.8804309740714786,0.9142715175230198,0.06872852233676977,0.002984982767109798,0.14517471931373785,0.06712141321234194,-3.3991808531386725,407.6857242404356,0.8548252806862622,173.10390396728454,0.8876904446759977,0.9184245860062659,0.911931741716685,0.9863447012255199,-1.8206589051275701,449.75910574258063,0.8411699819117819,0.8747571590765737,0.911931741716685,0.9484565521574003,1.6004941825740957,5.7961978665111324,0.9118045297882816,0.022016619549387474,0.8690029461932083,0.905352935320081,0.8367469047728633,0.8449672323979163,0.9109175329744833,0.9260310497570206,0.1414141414141414,0.013201624815361891,0.07356006739198721,0.032899865905759815,-7.458694380206731,1087.8346801660882,0.9264399326080128,60.3535625970555,0.9347024341007026,0.9377157075206678,0.950947488751777,0.9876578783076406,-13.254892246717864,1037.4235233257118,0.9140978109156535,0.9484565521574003,0.950947488751777,target,1.0,0.7833424969959484,0.8075748341268536,0.888434792461568,5,0.39640970699452943,E5,29.432449858883768,"gam,maxent,gbm,rf",30 km,500,7782,486,500,0.889051275699777,0.9910764438971379,0.016175377755759227,0.12712410205598215,0.9341953426318448,0.8728758979440179,0.9241420909770394,0.9885675268741902,0.8614434248182081,"wbal,tcold",2,19.7,2,drought_limited,0.6366156249999999,5.163556420478709,0.9546609257265878,0.9340351746346297,0.883216435339613,15.111136994449424,0.535577459834367,2.328635125092891,0.0609440106446304,5.7961978665111324,0.950947488751777,0.889051275699777,0.8614434248182081,5.9291048746939685,0.9225328597881188,0.8250433490215506,0.8096117018978559
0.9210798536646903,8.104718707894563,2.1697518133188876,0.8310253569670113,0.08830579033682351,0.9483790324725406,0.878339089010524,0.1966919091271423,0.4319804584742578,0.9302149030600327,0.8600127068647324,0.03333333333333333,0.0015386509108813392,0.1672259366721332,0.10399843843103412,0.34909290819131744,348.09675227195487,0.8327740633278667,331.9892637093325,0.9398462361654791,0.86908045643274,0.866985369441307,0.9395018408725563,-1.8206589051275701,449.75910574258063,0.772275904200423,0.9210798536646903,0.866985369441307,0.9954024957880008,2.357986049518047,9.071274874535352,0.8599007057278845,0.08067049316085553,0.9263451697937665,0.8722208806246479,0.746866497167581,0.7440256725385771,0.9500349262439907,0.8746681276075688,0.0017497812773403325,0.011724519940915805,0.08526799737285473,0.06029373605272718,-4.183617372182513,1123.8546368488112,0.9147320026271453,126.40800399022623,0.9973601459683994,0.8953547133138969,0.9168395895645205,0.9547775696745586,-13.254892246717864,1037.4235233257118,0.8695095723017039,0.9954024957880008,0.9168395895645205,target,1.0,0.7457315499407913,0.7741270201192888,0.9024426470948503,5,0.3660360192436479,E5,57.22184420000634,"gam,maxent,gbm,rf",60 km,500,4006,434,500,0.9011642308645034,0.9769415210850805,0.05850879365865742,0.15734456279415407,0.9130925465400638,0.8426554372058459,0.8864625407166123,0.9586470114499808,0.8013024486558267,"wbal,tcold",4,11.4,2,drought_limited,0.6266383042245112,9.799702196735304,0.9034025966413646,0.852415159772108,0.7665475561879327,12.481599833441404,0.5978897406566389,2.050111468912559,0.2577573643593669,9.071274874535352,0.9168395895645205,0.9011642308645034,0.8013024486558267,8.827303062861912,0.8901478429471643,0.8033936091156799,0.7407368939449523
1.4751860729153525,4.543332476653632,10.229084017301716,0.7078819957328082,0.5237037971489845,1.4895614478338342,0.7690631342805256,0.4639245695545231,0.07124400147655961,1.4371642139686989,0.7840369962141179,0.5448275862068965,0.0014873625471852946,0.04851772423363189,0.23217899592163793,8.408425112174145,252.70089535302765,0.9514822757663681,532.587730312806,1.4577431073812273,0.7782335686130718,0.7688167658811058,0.6412113459976146,-1.8206589051275701,449.75910574258063,0.5926936217639827,1.4751860729153525,0.7688167658811058,1.784317085010994,1.0956754045178059,29.109455231106182,0.6428380928934844,0.788857477369428,1.876942161575438,0.6577985706123944,0.7603375852634013,0.14787463185194955,1.9401733985289888,0.6491510027251765,0.8772401433691757,0.011447562776957163,0.004540392358433993,0.27814095380400944,15.85456298438832,531.0198678570991,0.995459607641566,829.4911334463749,2.049652548623782,0.6260756657670961,0.7150475877912701,0.5577806592069666,-13.254892246717864,1037.4235233257118,0.5532402668485328,1.784317085010994,0.7150475877912701,target,1.0,0.7100662814527569,0.7177640180145242,0.8091639548734308,5,0.3436197994592497,E5,109.87259344993373,"gbm,rf",120 km,500,1488,294,500,1.3359920733217736,0.9499912106304266,0.3736685657666584,0.037676492444884815,0.7646709100605008,0.9623235075551152,0.8239099083814048,0.7358976154627263,0.6982211230178414,"wbal,tcold",8,9.1,2,drought_limited,0.4381948266373143,16.473210279850704,0.853289831430125,0.7042605895466931,0.6158562768462938,22.465559357252992,0.5519605911330049,2.083453059202378,0.22510223914209715,29.109455231106182,0.7150475877912701,1.3359920733217736,0.6982211230178414,8.868118435625782,0.9363474456239745,0.9401783502600941,0.8170211226674289
1.0048468063008482,1.528365603341797,0.809597051380262,0.9647854094862958,0.025173718440119685,1.0055761152230447,0.9775954717169324,0.9000700770847933,0.8387447850535099,1.0017055606692296,0.9735322360324051,0.0,0.004256934186771705,0.020326912139271496,0.01895480720694735,-9.988038277511958,321.5861750576384,0.9796730878607285,16.511397669222106,0.9999211003866081,0.9739489499362203,0.9773046846091226,0.9821556907220109,-10.79763532889222,325.7846026543496,0.9618287785827393,1.0048468063008482,0.9773046846091226,1.0168655034391638,0.7972343835695597,1.2002701534840838,0.9650008206138191,0.04274666770294952,1.0105246308375686,0.9629983479628192,0.9580054667439741,0.9426467394523307,1.0037733950493057,0.9474979285409396,0.0,0.036968652552108974,0.0258811642637858,0.018810446934514932,-42.036594010278215,760.8147671660965,0.9741188357362142,11.506220225287384,1.0039821029082774,0.9548326598048628,0.9659730250481695,0.9846700578356908,-43.2368641637623,753.9608866598114,0.9587888935719051,1.0168655034391638,0.9659730250481695,target,1.0,0.8581243654508265,0.7232530835885523,0.8460901830453983,5,0.6760228207704244,E5,29.432449858883768,"gam,gbm,rf",30 km,500,7671,492,500,0.9958088851634534,0.996698013465722,0.016058587373715093,0.020249702210261615,0.9155316183501604,0.9797502977897384,0.9818077322664073,0.986041339111094,0.9657916369008324,"mat,twarm",2,18.2,0,heat_limited,0.5508333333333333,1.2796334416750526,0.9644600103347304,1.0077866501963206,0.9657707491254266,43.3408142677124,0.4217383822408693,2.122027617240923,0.02469609234191039,1.2002701534840838,0.9659730250481695,0.9958088851634534,0.9657916369008324,2.721344990152204,0.9545554248339947,0.9054131556888869,0.8908168563963486
1.0114246148519994,2.7448389834428895,0.06799349289248369,0.9458805186279337,0.04072801008927026,1.0041508301660331,0.9611977542108546,0.8227920227920228,0.7738102311211456,1.0120201418593318,0.9612217438105489,0.0,0.004769817823732152,0.029303395237270952,0.029188955196190594,-10.729641835999736,341.064493779743,0.970696604762729,34.895155353438916,1.0030507850511532,0.9584832331083742,0.9651831817064175,0.9711300811583025,-10.79763532889222,325.7846026543496,0.9418266859210314,1.0114246148519994,0.9651831817064175,1.051218280029534,4.075236125138474,2.278268009496415,0.9417569341867718,0.08424979598181323,1.031213734042979,0.9317940029157965,0.9353469387755102,0.9036489716893534,1.0393439323807607,0.9130606404499926,0.0,0.04085631052026916,0.033031515952279177,0.03227634885834982,-40.958596154265884,788.349335363266,0.9669684840477208,47.28749071795247,1.0150782997762864,0.913382330084153,0.9428235829039103,0.9697860776252526,-43.2368641637623,753.9608866598114,0.9367545616729736,1.051218280029534,0.9428235829039103,target,1.0,0.8341045599726916,0.7601328116367998,0.8885904670471456,5,0.6332157064731981,E5,57.22184420000634,"gam,maxent,gbm,rf",60 km,500,3948,455,500,1.0106542550844841,0.9928226734417441,0.03476419464419641,0.024109939559712357,0.946957415559611,0.9758900604402876,0.9707189169619642,0.9697818000536872,0.9456718604939747,"mat,twarm",4,13.1,0,heat_limited,0.54401776384535,2.2885130906511577,0.9426780540458651,1.0113380685578153,0.9456547217413931,43.53374689508343,0.41832413496005005,2.1398508845458153,0.009203512674003989,2.278268009496415,0.9428235829039103,1.0106542550844841,0.9456718604939747,3.3640645639433373,0.9411672388425699,0.9260378523845237,0.881877862152014
1.1414723410569005,2.2629633027250975,1.056131281338347,0.8700147710487445,0.1583125200919904,1.1350520104020805,0.9147976810915266,0.8393152954168968,0.4287132760936861,1.148329633439818,0.9076932770461849,0.0,0.005600689315608075,0.01684017903508989,0.07306430649254193,-9.741504047553873,349.0156911625073,0.9831598209649101,197.5857528022776,1.1328932488230807,0.9067436096622646,0.9182092171965034,0.8877806797665165,-10.79763532889222,325.7846026543496,0.8709405007314266,1.1414723410569005,0.9182092171965034,1.2258189872925815,11.068348658338323,4.916110184645326,0.8565977351058592,0.24256790891073718,1.208171595502021,0.8725987676694454,0.9268413247652002,0.7451545668815864,1.2710303884081304,0.8404705465340393,0.0,0.04540045954373872,0.016748921618155676,0.07170488491543273,-38.32075397911697,858.7858979323414,0.9832510783818443,131.69018479441405,1.2152125279642059,0.8481922843869926,0.8834959931560661,0.9130095463730751,-43.2368641637623,753.9608866598114,0.8962606247549194,1.2258189872925815,0.8834959931560661,target,1.0,0.7170714044934835,0.7093257714331556,0.8755219870153986,5,0.3564860634484255,E5,109.87259344993373,"gbm,rf",120 km,500,1464,353,500,1.1281157630034853,0.9695313436317288,0.14474787135483302,0.016632108351347773,0.8257486262772818,0.9833678916486522,0.9241676686429786,0.8741803121524715,0.8575482038011237,"mat,twarm",8,8.6,0,heat_limited,0.4709411117226197,3.614677492420448,0.9174236168455822,1.0065513742444965,0.843311970574556,42.720505020242435,0.4629511266350387,1.8924648166938722,0.2232501718921045,4.916110184645326,0.8834959931560661,1.1281157630034853,0.8575482038011237,3.7845203622547032,0.9174236168455822,1.0037278863546124,0.8431273616528145
1.0070723806226662,0.3443582552588964,-0.9900051935588845,0.9583743640242902,0.030614011226786024,1.006626325265053,0.9738688332564892,0.917096279782639,0.8060979787598492,1.003005035464833,0.971008420398178,0.0,0.004174872804858034,0.023541630604119786,0.02255848209227346,-11.787640522451104,341.4511054262086,0.9764583693958803,11.521824796469863,1.0045235778344686,0.973050985331549,0.9730175940071953,0.9782993566933689,-10.79763532889222,325.7846026543496,0.954757726089249,1.0070723806226662,0.9730175940071953,1.0457000738351534,2.6490477529735017,1.5230859238939942,0.9530096011816839,0.07383515330509463,1.0456200728320462,0.9498415430963653,0.9736662106703147,0.9154781920680447,1.0600724491849467,0.9333268206906657,0.0,0.036968652552108974,0.02813507946994132,0.027949384346640536,-41.713778239868304,761.412030375876,0.9718649205300587,33.03256964260313,1.0502013422818792,0.9429968137575837,0.9501538695338323,0.9735210089889206,-43.2368641637623,753.9608866598114,0.9453859295189793,1.0457000738351534,0.9501538695338323,target,1.0,0.8466730355910241,0.6926296899558684,0.8299146457676081,5,0.6565467340484906,E5,29.432449858883768,rf,30 km,500,7653,488,500,1.0183747297833856,0.9943695735929281,0.030771606299907356,0.012396876516521816,0.86294734527442,0.9876031234834782,0.9786122556037639,0.9732522912911762,0.9608554147746544,"mat,twarm",2,18.4,1,heat_limited,0.52639,0.8041703422108313,0.9489947007481296,0.9807429302510258,0.9455303890198743,43.2368641637623,0.41767231234935603,2.1504389641328805,0.0,1.5230859238939942,0.9501538695338323,1.0183747297833856,0.9608554147746544,1.1135598413039887,0.9311667339523617,0.9073543036131821,0.8886759884167983
1.110091743119266,1.1160678706865497,1.8913853288922162,0.9020392253405547,0.1216647295927199,1.1142228445689137,0.9365124420474974,0.8538647342995169,0.4958511440784511,1.1307596513075966,0.9268670749371077,0.0,0.005323732151649434,0.011572986473453844,0.055564149367323575,-8.906250000000004,302.88237229163985,0.9884270135265462,128.3670285852401,1.122741498566657,0.9284749668578791,0.9368569084729872,0.9137583480867325,-10.79763532889222,325.7846026543496,0.9021853616132787,1.110091743119266,0.9368569084729872,1.2192126841021256,10.625921157348955,6.901636891035018,0.8894120301985885,0.22745113278669413,1.2183360678698627,0.8905364938485406,0.9300858594708253,0.7960998344269332,1.2989031998390017,0.855448318123126,0.0,0.04184104710323322,0.008238448684568453,0.06492950358102538,-36.33522727272728,771.4471952583805,0.9917615513154315,139.47393664569324,1.2531991051454139,0.8707083143033023,0.8937958569002049,0.9184307713748171,-43.2368641637623,753.9608866598114,0.9101923226902486,1.2192126841021256,0.8937958569002049,target,1.0,0.8220898079246146,0.7413023038035622,0.8686917818359268,5,0.5405897547249847,E5,57.22184420000634,"gam,maxent,gbm,rf",60 km,500,3933,456,500,1.0870428376053294,0.9955353405722216,0.09562359377067985,0.00858075616535051,0.9634011225708464,0.9914192438346495,0.9500708140444332,0.9168807761629022,0.9083000199975517,"mat,twarm",4,13.3,1,heat_limited,0.4773380355276907,2.2210771034745065,0.9408485951541349,1.0102130851016897,0.9456430153499529,45.08796780855454,0.42349785231143955,2.0746459610888075,0.06588181155807793,6.901636891035018,0.8937958569002049,1.0870428376053294,0.9083000199975517,-0.5503649473745611,0.9344216380586564,0.9517139453831561,0.9274692448633468
1.2194168995276837,9.243802927770219,4.127940423903199,0.8128897915640899,0.24612379138950025,1.2147429485897179,0.8723298559364133,0.7493426818580193,0.05646904683917458,1.2444366235313227,0.867426572583077,0.0,0.008760052519284425,0.026706891861816563,0.11417306538071487,-6.66969490498902,277.702548773086,0.9732931081381835,313.986997384733,1.2257317939142098,0.8651407909818147,0.8770710075653754,0.825535942786026,-10.79763532889222,325.7846026543496,0.7988290509242095,1.2194168995276837,0.8770710075653754,1.4310418528737419,13.820483015196658,12.933661801736406,0.7875533398982438,0.43698752574515215,1.4187842650766338,0.8044934897341297,0.9160810919958,0.5904611089117163,1.5245019118534917,0.7601092133846185,0.0,0.0482520925652388,0.005945672871410251,0.12284445594067943,-30.303202362025893,841.5111498279479,0.9940543271285898,218.66144173545933,1.4408053691275169,0.7697976242850858,0.8178010805972058,0.8432861821475856,-43.2368641637623,753.9608866598114,0.8373405092761752,1.4310418528737419,0.8178010805972058,target,1.0,0.7102343731656701,0.6983356570925203,0.860823485728886,5,0.3204568013124863,E5,109.87259344993373,"gam,maxent,gbm,rf",120 km,500,1460,348,500,1.1654828605461685,0.9861389179615326,0.1856443287598712,0.02016146821370274,0.9407948846874217,0.9798385317862972,0.90496078231639,0.8386317444491315,0.8184702762354288,"mat,twarm",8,9.8,1,heat_limited,0.46613924050632916,5.607433323999352,0.9085822983103949,0.9863457890325142,0.8964177416962829,40.08124235610288,0.4511079166958839,2.0124851105130808,0.11991410054837592,12.933661801736406,0.8178010805972058,1.1654828605461685,0.8184702762354288,5.647910128941547,0.9085822983103949,0.9857060925574624,0.895778045221231
1.045723188011573,4.365573459153779,-0.8003243667345057,0.940792712949286,0.05526842899181483,1.0510352070414082,0.9666808899725693,0.6921768707482994,0.7626049133125038,1.0804320753695382,0.9504600049448905,0.0,0.005631462333825702,0.009545240980241846,0.02703762159708683,-11.597959695626725,308.644382513277,0.9904547590197581,38.65153456032653,1.0745338347842095,0.954842799188641,0.9683174779697076,0.9608231520272047,-10.79763532889222,325.7846026543496,0.9512779110469629,1.045723188011573,0.9683174779697076,1.0755450200132126,6.730990989090685,1.0949626669816368,0.9397874610208435,0.088913068822135,1.078114370322942,0.9508569227806662,0.8457720939110517,0.9153230622238147,1.1599919500905616,0.906223795770055,0.0,0.04133842113901198,0.013368048808922395,0.02816238310257014,-42.14190149678066,747.3503442264245,0.9866319511910776,72.23541350609626,1.1185682326621924,0.9310242872228088,0.9507208387942333,0.9681137202982371,-43.2368641637623,753.9608866598114,0.9547456714893148,1.0755450200132126,0.9507208387942333,target,1.0,0.8226261287025315,0.6750346873104149,0.7877310581398038,5,0.5887720316091676,E5,29.432449858883768,"gam,maxent,gbm,rf",30 km,500,7711,488,500,1.0551903648475758,0.9976776651892499,0.06330789253099219,0.00811752768341642,0.9615701933539796,0.9918824723165836,0.9652463239240099,0.9449706638033516,0.936853136119935,"mat,twarm",2,19.3,2,heat_limited,0.511123125,1.2189175861329176,0.9494375724055458,1.0570432787753121,0.935696078724634,36.06668782790141,0.47118817863878565,1.9839855296245643,0.14468688882923653,1.0949626669816368,0.9507208387942333,1.0551903648475758,0.936853136119935,-0.7380086240973895,0.9582345503398135,0.979706180791459,0.953152461174525
1.0793046316674497,0.4940720341294309,2.5564546536199675,0.9187900049236829,0.09530403818096392,1.0774654930986198,0.9450422474182133,0.8700564971751412,0.5809374016986474,1.0847095132383995,0.9391078501396013,0.0,0.005323732151649434,0.015999406513514183,0.04641689612144087,-8.241180675272252,312.82474935723707,0.9840005934864858,98.34721052550358,1.075059832206822,0.9377693282636248,0.9464708330855682,0.9324440393346071,-10.79763532889222,325.7846026543496,0.9164446328210929,1.0793046316674497,0.9464708330855682,1.1552869855827148,9.164047441316598,5.737389749264551,0.9138765796816019,0.16803326467959429,1.1450238104766097,0.9086974366628111,0.9429638854296388,0.8443707940100641,1.1843932380760716,0.8830642375106525,0.0,0.04184104710323322,0.012746279096879493,0.04980248155959276,-37.49947441449775,788.4356552761002,0.9872537209031205,113.19204000556209,1.151185682326622,0.8909919091495248,0.9161227507121994,0.9397393909832067,-43.2368641637623,753.9608866598114,0.9269931118863273,1.1552869855827148,0.9161227507121994,target,1.0,0.8152619331823239,0.7302244625377405,0.8393492865594625,5,0.5383356822613948,E5,57.22184420000634,"gam,maxent,gbm,rf",60 km,500,3980,460,500,1.0492345700798518,0.9931566460720064,0.06599902942603786,0.016764459346186086,0.9520335960435812,0.9832355406538139,0.9596124865446717,0.9426314376653756,0.9258669783191895,"mat,twarm",4,13.7,2,heat_limited,0.5041946559187939,4.875770410395496,0.9292405086586062,1.0237128865751974,0.9399697118205501,43.00832118184209,0.4517850715872082,1.9496625049631624,0.17452160908079906,5.737389749264551,0.9161227507121994,1.0492345700798518,0.9258669783191895,1.1930488013389322,0.9446614962971602,0.9786914898310319,0.9348613594695399
1.2300749276688345,7.660733481216596,3.2636179298290884,0.8172390448055146,0.24004055490986423,1.2345719143828766,0.8870586918816091,0.7511582723060828,0.0887524777799092,1.2603010449943148,0.8698901678025176,0.0,0.005600689315608075,0.0099656272410297,0.10428916259206536,-7.534017399063131,290.8273066353988,0.9900343727589703,281.47662879250674,1.2446151013860032,0.8738444233540722,0.8878933711827194,0.8298480253816894,-10.79763532889222,325.7846026543496,0.8198823981406598,1.2300749276688345,0.8878933711827194,1.4067151128900632,14.937183930800416,10.526253709453421,0.7915538322665354,0.4130493918315004,1.4109408139581416,0.8212193138247548,0.8734065155807366,0.6120757207077164,1.5475950895552426,0.7672801959080496,0.0,0.04540045954373872,0.006334278941437065,0.11596570028583095,-32.71061045430888,827.6571099785014,0.993665721058563,216.4021980462135,1.4729753914988815,0.793472164426191,0.8257443647871859,0.8518709497595987,-43.2368641637623,753.9608866598114,0.8455366708181615,1.4067151128900632,0.8257443647871859,target,1.0,0.6501110671689412,0.6335291879269971,0.6843883049286094,5,0.22169665420223383,E5,109.87259344993373,"gam,maxent,gbm,rf",120 km,500,1487,359,500,1.1866590197202982,0.9819491853233829,0.19929853972735695,0.01263952000705872,0.9234907112041978,0.9873604799929413,0.9030767678805609,0.8267630478966139,0.8141235278895551,"mat,twarm",8,10.3,2,heat_limited,0.43790588882773807,5.035979426601088,0.911781274646036,0.9823311421890855,0.8891869611104304,44.838468952656136,0.42372797628849,2.0783076719460007,0.06269893009165162,10.526253709453421,0.8257443647871859,1.1866590197202982,0.8141235278895551,5.952983004781061,0.9078148987499086,1.0193894207438126,0.9007635646290315
1.3235429764303226,27.0418141050003,3.9013924897520535,0.7120466108649269,0.457484768308372,1.3287330537403688,0.7469478357380688,0.041149464376806666,0.31093728174326024,1.2682791355281762,0.7617817947062621,0.0,0.001261693746922698,0.13394179187804936,0.2502439274893442,0.399565449557171,195.22531994342125,0.8660582081219507,719.610494915534,1.336433178341083,0.7544884552010442,0.7454634727286024,0.6651862642340693,-3.5018270401948826,182.26926168811906,0.5312444723560201,1.3235429764303226,0.7454634727286024,1.420369538209405,22.963144386090846,10.327451813333155,0.6542446249794847,0.5797097618355317,1.4344853373217243,0.6954976303317536,0.03270171149144254,0.6976894839127619,1.3362507814593194,0.742994762796743,0.0,0.022546364680781226,0.1593402236261267,0.293409591772484,-1.0587563755546925,564.9798868061952,0.8406597763738732,804.0860220526788,1.5083773106093377,0.722440017014819,0.6946540708786109,0.6323817825234256,-11.386208188887847,556.8435335963633,0.47304155889729893,1.420369538209405,0.6946540708786109,target,1.0,0.6674195777479077,0.7278148942180651,0.9153376397603514,5,0.21947105361389035,E5,29.432449858883768,"gam,gbm",30 km,500,7671,488,500,1.2721118710765482,0.8621007379110377,0.38442799587744775,0.11231612480089946,0.4852324854770645,0.8876838751991005,0.7813733879032175,0.7004890867946565,0.588172961993757,"mat,lpann",2,16.6,0,region_excluded,0.46574,19.193931351872173,0.692700421459002,1.0803194977981823,0.5451535539497052,10.029080154025838,0.5693024235720788,2.2575658202942,0.020220454047740644,10.327451813333155,0.6946540708786109,1.2721118710765482,0.588172961993757,18.15476248033483,0.6932192006920809,1.0973718729504356,0.5500790571458842
1.3974803990581839,17.054402696559464,6.948120208700281,0.6708620548170031,0.518557176493434,1.402321271822881,0.7348260322358005,0.03954586044138283,0.12540453074433658,1.2957483336699656,0.7323215660398108,0.0,0.000994994255703266,0.12107677743525014,0.2705691491000195,3.446293168505399,206.57170762537982,0.8789232225647499,705.4184424346618,1.3792310384480777,0.7319435980414819,0.7332057629418137,0.6204899539890923,-3.5018270401948826,182.26926168811906,0.4994131765538423,1.3974803990581839,0.7332057629418137,1.5075995876397663,18.449215586319724,13.865814326811442,0.6056027408501559,0.6576088393116756,1.5211527162010576,0.6796190556903291,0.019267822736030827,0.5732786531405137,1.3760531094638444,0.7067682361490465,0.0,0.024444034137534876,0.1500092516719093,0.32125545449766046,2.4796061379235956,599.1008606349491,0.8499907483280907,788.9383814223687,1.600686333881247,0.7016987492238091,0.6779317978179519,0.5829827178704929,-11.386208188887847,556.8435335963633,0.4329734661985838,1.5075995876397663,0.6779317978179519,target,1.0,0.6913135038678979,0.7576779915169377,0.8550548303863886,5,0.29546285100573144,E5,57.22184420000634,"gam,maxent,gbm,rf",60 km,500,3948,443,500,1.3036166026421812,0.8476212096433426,0.431439145507355,0.1278225428651738,0.4693583264312156,0.8721774571348262,0.7572244931161409,0.6638623257172056,0.5360397828520318,"mat,lpann",4,12.6,0,region_excluded,0.46533437826541274,60.53768057924769,0.6494179188676342,0.6307739154876791,0.3982796933469961,16.5997518595304,0.5784379682578514,2.0698491520659608,0.16647200525585815,13.865814326811442,0.6779317978179519,1.3036166026421812,0.5360397828520318,28.75589651099959,0.6781245855254432,1.0506418064274337,0.49172219586087307
1.5204505182416195,13.346333256225023,6.007268315335201,0.6200558017397013,0.6317935772022235,1.5272603140544232,0.7064294535350417,0.02456418383518225,0.03184713375796178,1.4303928499293073,0.6994587743993019,0.0,0.002420810766453307,0.11134305896060392,0.31480072389256775,2.505441275140319,212.54896930592915,0.8886569410393961,725.9763245754231,1.4895755212239388,0.7059485078523516,0.7051572205903597,0.5376170258122969,-3.5018270401948826,182.26926168811906,0.42627396685169305,1.5204505182416195,0.7051572205903597,1.6673363114905766,15.62786678907321,14.61006142992407,0.5130272443787953,0.8152044619491952,1.684658939159233,0.6414110765128981,0.0025738369474293805,0.2143012152777778,1.5413652466434462,0.6619888247214966,0.00033145508783559825,0.030947398654193336,0.1478681504586186,0.38565273999428396,3.223853241036223,590.8782252926712,0.8521318495413814,789.6870814622874,1.735732618161894,0.6701592756174434,0.6389384389741151,0.4830447390918082,-11.386208188887847,556.8435335963633,0.33517658863318966,1.6673363114905766,0.6389384389741151,target,1.0,0.7288965496544062,0.7534873656174037,0.8944406856649245,5,0.3561867701338196,E5,109.87259344993373,"gam,maxent,gbm,rf",120 km,500,1464,308,500,1.4313454511383865,0.8208486443045837,0.553148130797339,0.1218026796589525,0.45172528515365584,0.8781973203410475,0.7223961695199376,0.5690378859770786,0.4472352063181262,"mat,lpann",8,9.1,0,region_excluded,0.43277380297193174,59.46856742183153,0.627186798266228,0.6131827977138574,0.37993845978207696,15.394428932889493,0.5820619659851813,1.926145413660639,0.27264017148497555,14.61006142992407,0.6389384389741151,1.4313454511383865,0.4472352063181262,28.975736984699374,0.6604383911470526,1.1184765295605734,0.4404135275080452
1.4406388814719517,28.674820216193382,1.4407369231962508,0.7199860495650747,0.5210816321576813,1.4469911245489124,0.7525210251504644,0.10260521042084168,0.45668476855443496,1.4125681680468591,0.7719371683916406,0.0,0.001261693746922698,0.08044275068572955,0.25451651003954195,-2.0610901169986318,162.03910438108406,0.9195572493142704,778.7909667058204,1.464676766161692,0.7600008114248621,0.7535381463395228,0.618642411753211,-3.5018270401948826,182.26926168811906,0.5381996610674813,1.4406388814719517,0.7535381463395228,1.4595173270598187,26.536993569352774,2.501573128903356,0.6732726079107172,0.5953583040363722,1.474680839698734,0.7026992024347863,0.03465634075508228,0.7551883353584448,1.4624452978476377,0.7591517965085353,0.0,0.022546364680781226,0.13584097697655362,0.2902927904292161,-8.884635059984491,474.9843790813562,0.8641590230234464,849.6700644542534,1.5697436341090636,0.7267789610710238,0.7027061883369516,0.622458387112996,-11.386208188887847,556.8435335963633,0.48661741013644244,1.4595173270598187,0.7027061883369516,target,1.0,0.6985574731622033,0.7429772842753944,0.9180457406944648,5,0.27161182518222093,E5,29.432449858883768,"gam,gbm,rf",30 km,500,7674,488,500,1.4194462662793965,0.8685300764669572,0.46430244542303006,0.04485617914363347,0.4780599524350069,0.9551438208563665,0.7895557212148203,0.6382582670267902,0.5934020878831567,"mat,lpann",2,19.8,1,region_excluded,0.4152041666666667,15.15240847480972,0.6600168073367679,0.9994612573784316,0.5582264798151488,5.636584254406818,0.6430204577956276,1.9620069333833037,0.2504093904970983,2.501573128903356,0.7027061883369516,1.4194462662793965,0.5934020878831567,10.442023185726967,0.6835715525721892,1.1486226927761642,0.5964957974289853
1.4247639391217808,21.234202777948667,4.673917497999636,0.6743188905301165,0.5471757652256233,1.4276797035014142,0.7235546984853963,0.0017730496453900709,0.13694810224632067,1.379645526156332,0.7370163283927302,0.0,0.0018874117840144429,0.12241182610384252,0.28349297048425554,1.172090457804753,220.16626067675102,0.8775881738961575,727.4128479567586,1.432028398580071,0.7304853730238677,0.7238545243410449,0.5995452203727061,-3.5018270401948826,182.26926168811906,0.4771333942688636,1.4247639391217808,0.7238545243410449,1.516137559144617,17.55562651629242,10.250314642280012,0.6034999179386181,0.6676799450186355,1.5318893221515946,0.6771801390310024,0.007017543859649123,0.5618821041501454,1.4349676996814622,0.704412358025748,0.0,0.02813679632365009,0.15154238587401866,0.3271096100058051,-1.1358935466078357,596.010046745903,0.8484576141259813,781.4352434333366,1.5847968394036394,0.6888534356765923,0.6744127411018196,0.5765962083242536,-11.386208188887847,556.8435335963633,0.42505382245023493,1.516137559144617,0.6744127411018196,target,1.0,0.6816676381348722,0.7225749754295001,0.8506828869881862,5,0.26267397710993773,E5,57.22184420000634,"gam,maxent,gbm",60 km,500,3942,434,500,1.3589431275180361,0.844300505072768,0.4696898716387145,0.11074674412067835,0.4675592351571278,0.8892532558793217,0.7539420900027803,0.6340608803562304,0.5233141362355522,"mat,lpann",4,11.6,1,region_excluded,0.4438349007314525,60.07911022659953,0.6200898990303175,0.585097910615572,0.3663558113116743,11.672824941344562,0.6094078798277704,2.002248664855242,0.21884837152121528,10.250314642280012,0.6744127411018196,1.3589431275180361,0.5233141362355522,20.1894484901346,0.6841298779737605,1.1103485430525626,0.5395937722264652
1.489525936354589,25.650862374612018,5.150023962456318,0.6430124733300508,0.6099958734859334,1.494879547449527,0.7082486317435497,0.005638818815848048,0.04834921950545656,1.4192587356089679,0.7220680010853457,0.0,0.005580173970129657,0.12046993713134452,0.31041632282554876,1.6481969222614357,202.89815613600294,0.8795300628686555,735.1396673094772,1.4742762861856906,0.7199725185903654,0.7065843741773189,0.5535698424259651,-3.5018270401948826,182.26926168811906,0.4330999052946205,1.489525936354589,0.7065843741773189,1.5953847373846846,18.851656889195908,11.363017478423865,0.566285081240768,0.7405302529671434,1.611959831205598,0.6613699806742538,0.002871912693854107,0.40323352656490985,1.5083504510136643,0.6996605663557169,0.0002633658151171978,0.0389483833907763,0.14514551558245883,0.3576117236447471,-0.0231907104639828,587.8438497943251,0.8548544844175412,791.4365233934233,1.6663782910863107,0.6886288421189245,0.6587497199193367,0.5303987796905644,-11.386208188887847,556.8435335963633,0.3852532641081057,1.5953847373846846,0.6587497199193367,target,1.0,0.7502633226416378,0.7815824350923398,0.9396506869946922,5,0.38328346232598787,E5,109.87259344993373,"gam,maxent,gbm,rf",120 km,500,1473,311,500,1.4140588400637122,0.8389951618851499,0.5109388175770636,0.09687997751335145,0.4637254798548873,0.9031200224866486,0.7482170753243225,0.6019234980655522,0.5050435205522008,"mat,lpann",8,9.1,1,region_excluded,0.44510181618051736,54.94143396798472,0.6509559010960999,0.6629345076360911,0.39722682518959607,15.593718538460898,0.5810677971308328,2.076524875854961,0.16110420328779473,11.363017478423865,0.6587497199193367,1.4140588400637122,0.5050435205522008,23.969776752251384,0.6661971676001629,1.1036493956713203,0.49284677622052375
1.4619996601694298,14.563853238870195,2.247625876165049,0.7204784178565568,0.52610626987402,1.4657173510192139,0.7614216209801827,0.10085470085470086,0.4250720461095101,1.4426126035144415,0.7738534528202425,0.0,0.0021028229115378303,0.06410660970459015,0.24994089409249304,-1.2542011640298334,162.92754989465976,0.9358933902954099,789.5106000560404,1.4863506824658768,0.7636111362470968,0.7602709337750303,0.6149650921106393,-3.5018270401948826,182.26926168811906,0.5508584824060492,1.4619996601694298,0.7602709337750303,1.4808490391477889,20.784576228597757,3.233080883370997,0.6757139340226489,0.6091036451587323,1.4959670957747984,0.7036616945235089,0.16525634644101542,0.7508425977161829,1.4949540055371975,0.7505011454753723,0.0,0.02630067290333169,0.1282546060109434,0.2938666722851966,-8.15312730551685,462.918802234584,0.8717453939890566,841.7740344260645,1.5780776883813479,0.72082774049217,0.7027798791727489,0.6137418911443754,-11.386208188887847,556.8435335963633,0.485487285133432,1.4808490391477889,0.7027798791727489,target,1.0,0.6328294182105693,0.6842378408220006,0.9066843355741219,5,0.19276782137098972,E5,29.432449858883768,"gam,maxent,gbm,rf",30 km,500,7780,489,500,1.4287220088072707,0.8612221674666709,0.472219619600862,0.0434976107935913,0.4778341300729796,0.9565023892064087,0.7876590122194682,0.6320899335717935,0.5885923227782022,"mat,lpann",2,21.1,2,region_excluded,0.4045075,14.212552912397602,0.6862862020180761,1.0865033261500985,0.5510873437045889,13.20559215186179,0.5950656316604928,2.0547643586620445,0.17822468793342572,3.233080883370997,0.7027798791727489,1.4287220088072707,0.5885923227782022,5.893615596295254,0.6985202273110899,1.2648739810737375,0.5990628702757999
1.4891861057844018,17.4390182197925,4.245706049013043,0.6752215657311669,0.5746777677986261,1.4934165610065346,0.734852337179738,0.03391608391608392,0.11742088139603668,1.4446323974954554,0.7422309892901773,0.0,0.004174872804858034,0.08549166201422434,0.2801475056911239,0.7438790088181602,183.8904409995236,0.9145083379857757,748.8120214659517,1.5068496575171242,0.7370835369319598,0.734785025402986,0.5794176688991135,-3.5018270401948826,182.26926168811906,0.4939260068848892,1.4891861057844018,0.734785025402986,1.5345087362216172,17.81752639966311,6.714385274786993,0.6231638765796816,0.6691602125241204,1.548742054377437,0.6852981242795767,0.05046677142064886,0.5609716599190283,1.5323449733559584,0.7187294272547728,0.0,0.031255128836369606,0.13465147630250324,0.3219893902012897,-4.671822914100854,474.6568766643658,0.8653485236974967,784.9914336432679,1.645845949764974,0.7040435967302452,0.6828530605008187,0.5756575087584022,-11.386208188887847,556.8435335963633,0.44100603245589887,1.5345087362216172,0.6828530605008187,target,1.0,0.7182112612692675,0.775467766473432,0.9041639940641616,5,0.30597364124184157,E5,57.22184420000634,"gam,maxent,gbm,rf",60 km,500,4031,437,500,1.4264264967675442,0.8571797802066484,0.5020378525250633,0.07561135575751897,0.47196064427029183,0.924388644242481,0.7619341822008129,0.6088583108256077,0.5332469550680887,"mat,lpann",4,13.3,2,region_excluded,0.4161218092252575,34.76947172271279,0.6790444131247597,0.9116696336550173,0.48977117426224526,11.618781012595548,0.5685623252878055,2.2258034292139044,0.044966785896780825,6.714385274786993,0.6828530605008187,1.4264264967675442,0.5332469550680887,18.05667685296102,0.6944114940744764,1.1500281083106905,0.57131377547906
1.5611088186032964,17.163472723732923,5.451639192438762,0.6368476120137863,0.6487122848751122,1.563664293377548,0.7132517286310763,0.0327267166233369,0.01734273956496179,1.498762876186629,0.7182305927999111,0.0,0.010473083866732315,0.08760346627181591,0.314449500865581,1.9498121522438794,186.7268419477113,0.9123965337281841,740.7871161602617,1.5435478226088695,0.7176624372217363,0.7125011847218273,0.5252349398660532,-3.5018270401948826,182.26926168811906,0.43763147359423726,1.5611088186032964,0.7125011847218273,1.699690729824747,19.589004583529118,13.316997783548846,0.5407434761201378,0.8247733340382226,1.7159072699107953,0.6499818072751232,0.04878393665158371,0.2840276606510373,1.6193920990741568,0.6802063917806974,0.00024142926122646064,0.04248728048580338,0.12508260421347572,0.3849441861461659,1.9307895946609976,531.5701925939941,0.8749173957865243,821.1973865081252,1.7801712950947315,0.6730976682432993,0.6481612031488662,0.4769767168982684,-11.386208188887847,556.8435335963633,0.35189411268479276,1.699690729824747,0.6481612031488662,target,1.0,0.7663060746928559,0.7963982335040123,0.937333239446302,5,0.386860854046911,E5,109.87259344993373,"gam,maxent,gbm,rf",120 km,500,1494,310,500,1.4776304694087885,0.8322221185761846,0.5605265623536025,0.08289609294481402,0.45297504951863893,0.917103907055186,0.7403072559678563,0.5632892911891378,0.4803931982443239,"mat,lpann",8,9.5,2,region_excluded,0.4119083654375344,52.26930759872792,0.6673102593440122,0.7660217370936007,0.4406798492548636,16.658644458053494,0.5840636396861562,2.019628970298885,0.20334860145508937,13.316997783548846,0.6481612031488662,1.4776304694087885,0.4803931982443239,24.075312906579693,0.6732205718210698,1.1504028857865642,0.47809077146578227
1.319245082402977,0.7434895690750523,3.0371341656404427,0.6926698670605613,0.4418970405812511,1.321804845521227,0.7567826303394666,0.0020772027003635105,0.4761286131860994,1.270959595959596,0.7483598354275548,0.0,0.001261693746922698,0.12265195817827397,0.26175730498639144,0.9697545096975402,212.77243561050892,0.877348041821726,151.75659579563788,1.3201814058956916,0.7573690383111806,0.7565807067812799,0.6188865963625249,-2.0673796559429025,156.5106633471575,0.49623463818425084,1.319245082402977,0.7565807067812799,1.3575339879154078,5.358402583742702,5.600652997683865,0.6527264894140817,0.4640058534743202,1.3660483123916296,0.7600012046620421,0.059930849020361124,0.6813090270151548,1.2719759382764482,0.7375243182262947,0.0,0.022546364680781226,0.10647186555891239,0.25364676251442964,-2.4888105248881076,568.0229577913844,0.8935281344410876,123.20099506776239,1.3930072408729557,0.7638887419460637,0.7580193023907733,0.6433417997097243,-8.089463522571972,481.55764271618096,0.5368699341508119,1.3575339879154078,0.7580193023907733,target,1.0,0.6859380479940411,0.7377388445329617,0.9418512260908274,5,0.2507211552866767,E5,29.432449858883768,"gam,maxent,gbm,rf",30 km,500,7658,487,500,1.279562661344556,0.794234149965995,0.41670824565589953,0.13714558431134347,0.4120129710396425,0.8628544156886565,0.7570350491525585,0.6262185985873013,0.48907301427595784,"mat,lpann",2,20.3,0,patchy,0.426425,11.947577077794826,0.7461752145611343,1.1301820075059115,0.44491814145425357,11.031340349068353,0.6163694026593732,2.004251903594594,0.09920024907084901,5.600652997683865,0.7580193023907733,1.279562661344556,0.48907301427595784,12.73948990985917,0.7426700588063561,1.1098553051174698,0.4383773743965411
1.2716861598440545,2.903584919548848,7.719041476400035,0.6485003282455276,0.44896331738437,1.2752167148255167,0.7252105273441316,0.0,0.23802612481857766,1.1791322314049586,0.700399270988064,0.0,0.0016514853110126374,0.17727715754031542,0.2904743801822721,5.651661820457132,255.89462703521912,0.8227228424596845,324.51369312788114,1.2428571428571429,0.7181275907390557,0.7243279084960947,0.6127922971114168,-2.0673796559429025,156.5106633471575,0.43551513957110144,1.2716861598440545,0.7243279084960947,1.3554805513595165,2.5748932543098704,13.777931997672265,0.5963810930576071,0.48867069486404835,1.3490415904610342,0.7344206598784594,0.012525109299302848,0.5852880892735141,1.1674120570158233,0.6864403711793028,0.0,0.026454537994419824,0.13319014350453173,0.2776027563244792,5.6884684751002945,676.5956156239229,0.8668098564954683,228.26228054948544,1.3261937313281684,0.7275576839355681,0.7359940679579546,0.6243831640058055,-8.089463522571972,481.55764271618096,0.4911930205012738,1.3554805513595165,0.7359940679579546,target,1.0,0.6763579062563373,0.7364796024556399,0.9363571690956813,5,0.22724497722656806,E5,57.22184420000634,"gam,maxent,gbm,rf",60 km,500,3942,443,500,1.1787751914441287,0.7752399392362825,0.39848580167906805,0.21971061023493937,0.36808122587809605,0.7802893897650607,0.7162642505102803,0.6425638730517017,0.4228532628167625,"mat,lpann",4,11.9,0,patchy,0.481885356023287,42.590186239989464,0.683212114944906,0.7203939518840705,0.32237136526074384,12.936631552421696,0.6297942558125706,1.9070004555610993,0.18618650991996732,13.777931997672265,0.7359940679579546,1.1787751914441287,0.4228532628167625,20.758063043560238,0.7278011583815992,1.032561771915743,0.4079560213192941
1.515528087896509,10.126579168482806,4.024043938250954,0.57403988183161,0.6470848839269892,1.5204267615025562,0.6913064183290121,0.00030330603579011223,0.016361886429258902,1.4556244260789715,0.676601194761001,0.08823529411764706,0.005580173970129657,0.13155679603048023,0.362095642845354,1.9566642823080516,238.78359964776396,0.8684432039695198,435.04821904625453,1.4932426303854875,0.6854809371362048,0.6904659169961519,0.44192266544398595,-2.0673796559429025,156.5106633471575,0.31036586941350564,1.515528087896509,0.6904659169961519,1.6270062311178248,7.01925342021201,10.815083455809937,0.4866752831117676,0.7261376510574018,1.6359231372176433,0.6871817977021851,0.056350346723308554,0.16440498129223208,1.4923237871060546,0.6543958696245304,0.06162760073742428,0.0389483833907763,0.09913141993957704,0.3706972921625343,2.725619933237966,627.275868558975,0.9008685800604229,375.22173756316295,1.6133728290040001,0.675973378026215,0.6858518791385522,0.44185413642960814,-8.089463522571972,481.55764271618096,0.34272271649003105,1.6270062311178248,0.6858518791385522,target,1.0,0.6922859486802525,0.7216939483221878,0.8690608268848747,5,0.29785869220729205,E5,109.87259344993373,"gam,maxent,gbm,rf",120 km,500,1454,328,500,1.4557129531205935,0.7394858824706885,0.6099746187387466,0.15426166561815302,0.32593315130699624,0.845738334381847,0.6887925018330227,0.4528613959642739,0.29859973034612075,"mat,lpann",8,9.6,0,patchy,0.3856287837094111,30.805829664210716,0.6911925805388043,0.9131396837104366,0.3369287389317126,16.94382062190164,0.6282511789676724,1.7799422955940734,0.21130861518588828,10.815083455809937,0.6858518791385522,1.4557129531205935,0.29859973034612075,22.02463880596136,0.7103579422775984,1.1157125192528798,0.35703340355936763
1.3609782030834663,3.911944014246444,0.6663878885749375,0.7016145576891515,0.45168793195108986,1.3643031784841075,0.7708752467801072,0.030419715055833654,0.41196581196581195,1.3275941230486685,0.7630141039550251,0.0,0.0019489578204496963,0.0907097288676236,0.2516598491233119,-1.400991767367965,216.23926943500126,0.9092902711323764,15.678009050330088,1.3655328798185942,0.7714723926380368,0.7702657059220896,0.6104424575882622,-2.0673796559429025,156.5106633471575,0.5197327287206386,1.3609782030834663,0.7702657059220896,1.393150490936556,2.478506656742695,2.8128759726225194,0.6787399474807155,0.46988293051359514,1.4002280230873376,0.7735621264299568,0.3894720592775548,0.6480749011165073,1.312985484503727,0.7570586971516446,0.0,0.02670072214016084,0.07673243957703928,0.24407440585972492,-5.276587549949452,586.9554823274752,0.9232675604229608,39.316371505527066,1.391159046027647,0.7743260699235542,0.771591727239553,0.6388243831640058,-8.089463522571972,481.55764271618096,0.5620919435869665,1.393150490936556,0.771591727239553,target,1.0,0.6539431884079728,0.6841061691867665,0.8998510823636646,5,0.20904312661394972,E5,29.432449858883768,"gam,maxent,gbm,rf",30 km,500,7698,488,500,1.351779942295594,0.799903300797241,0.4421545870664034,0.09037464477080938,0.4277647587829773,0.9096253552291906,0.7735633244165667,0.6033935903173707,0.5130189455465612,"mat,lpann",2,21.6,1,patchy,0.398240625,2.8074739517737317,0.7716097474383882,1.3520402629238346,0.513196962083275,3.3268055032998793,0.7379946953304949,1.6456819315790616,0.4192686637390717,2.8128759726225194,0.771591727239553,1.351779942295594,0.5130189455465612,5.2428279647805835,0.7568463211824262,1.2505586046814325,0.49331981058963836
1.3479089136983873,0.5347215793697728,2.8224215475215253,0.6652818808468735,0.475544922913344,1.3490331184707713,0.7433929771107936,0.0006792324673119375,0.21359223300970873,1.2980945821854912,0.7336496678487588,0.0,0.002841375348760873,0.12763600921495658,0.28011233296643384,0.7550418915786228,241.5847047683993,0.8723639907850435,148.34259606142774,1.3291609977324264,0.7421239144826512,0.7430986659622243,0.5898670334708849,-2.0673796559429025,156.5106633471575,0.46223102425592844,1.3479089136983873,0.7430986659622243,1.415573074018127,0.5259984821034323,7.39568599500301,0.619748071557525,0.5151529456193353,1.420156290824446,0.7458754944008794,0.13130047340573656,0.540838375108038,1.3010069308225447,0.7176712624603598,0.0,0.02928565567044149,0.09957987160120846,0.27522111736920524,-0.6937775275689617,617.05734331156,0.9004201283987915,99.95538943229033,1.385715732442149,0.7368063588415702,0.7455126388712466,0.6040275761973876,-8.089463522571972,481.55764271618096,0.504447704596179,1.415573074018127,0.7455126388712466,target,1.0,0.6799834447475142,0.7326690665838316,0.9460501894604343,5,0.24243133278372025,E5,57.22184420000634,"gam,maxent,gbm",60 km,500,3951,443,500,1.3101503351628088,0.7837856855218384,0.44942187127144934,0.1392715361086405,0.38821845903960267,0.8607284638913595,0.7451709534139035,0.5968749391916872,0.4576034030830467,"mat,lpann",4,11.6,1,patchy,0.42260536398467435,31.355491199836283,0.6874956893578867,0.7853656420157494,0.34450377575275315,3.9050473068397933,0.7195824947982399,1.695793652515348,0.3603274634024245,7.39568599500301,0.7455126388712466,1.3101503351628088,0.4576034030830467,9.50723625307094,0.7464807130010148,1.2225524437598976,0.4460133402050823
1.4748139287612971,0.39866108546897294,4.2733297342334,0.6114598719842442,0.581959950381003,1.4704156479217605,0.7197149643705463,0.010556348074179744,0.08182653999387067,1.4038797061524335,0.704458854201484,0.08272058823529412,0.005580173970129657,0.10714602161970584,0.3204324145898663,2.2059500782904973,261.83211195255944,0.8928539783802941,212.57723579307375,1.436530612244898,0.7119151985556207,0.7215524108733207,0.498089561363289,-2.0673796559429025,156.5106633471575,0.3909435397435832,1.4748139287612971,0.7215524108733207,1.566984516616314,0.4449333838659868,10.005278204344105,0.5616793861808633,0.6328361027190332,1.5624807011709936,0.7258048070594997,0.22407585213634182,0.41316270566727603,1.4086308356218125,0.6872326101591851,0.020542533579141427,0.0389483833907763,0.06585158610271903,0.31512098280517875,1.9158146817721322,672.0656172326072,0.934148413897281,128.23612336244955,1.5043040153931844,0.7090936662791285,0.7278177237536549,0.5135703918722787,-8.089463522571972,481.55764271618096,0.4477188057695596,1.566984516616314,0.7278177237536549,target,1.0,0.69325685365576,0.7203452538156611,0.8952274958670101,5,0.2900077731779128,E5,109.87259344993373,"gam,maxent,gbm,rf",120 km,500,1468,338,500,1.41315053040328,0.7554322394181074,0.5507082890426709,0.13755775863939085,0.3388253896743085,0.8624422413606091,0.7147852821402566,0.5060224552937285,0.3684646966543377,"mat,lpann",8,9.5,1,patchy,0.40509080902586686,27.567984574078707,0.7139164767176815,1.015033516280886,0.3487818953719055,14.942662092767945,0.6152461027975633,1.9359828188385362,0.16043665233212034,10.005278204344105,0.7278177237536549,1.41315053040328,0.3684646966543377,18.19371372305313,0.7235509298820005,1.2173243378094019,0.35864575091089756
1.4197457026404394,4.798118387598379,2.319209725391702,0.7065382406039717,0.4790005316321106,1.414203156256946,0.7759885835289785,0.12511706312043455,0.39080084814875227,1.3851698806244261,0.7682919786713892,0.0,0.0020617922205809947,0.059254828991671095,0.24976615580704514,0.2518300694487996,214.75323889531882,0.9407451710083289,29.61864191477259,1.3972789115646258,0.7730041619371926,0.7775570548440547,0.5868867491976157,-2.0673796559429025,156.5106633471575,0.5276319202059447,1.4197457026404394,0.7775570548440547,1.4529597809667674,0.9937030231053541,4.377707281565902,0.6886180863285738,0.4979229607250755,1.4476853281394741,0.7765162542455118,0.4986733260496332,0.6414675407062804,1.3829737151824244,0.762832965658029,0.0,0.02621861152141802,0.04496317975830816,0.24228921754519026,-3.71175624100607,554.5729369974282,0.9550368202416919,40.24161615901079,1.4209073877158338,0.7737421696070946,0.7786811896812186,0.6172714078374456,-8.089463522571972,481.55764271618096,0.5723082280791374,1.4529597809667674,0.7786811896812186,target,1.0,0.6803469194197508,0.7396319847907593,0.9340598895323856,5,0.24645404340642768,E5,29.432449858883768,"gam,maxent,gbm",30 km,500,7782,490,500,1.386901533722368,0.8002954753019643,0.45933574853027315,0.07243421480790507,0.42938518863207276,0.927565785192095,0.777213280135237,0.5879823315366504,0.5155481167287452,"mat,lpann",2,17.6,2,patchy,0.37325083333333336,3.542595936387638,0.7718155459347817,1.3258780397856693,0.5169522762150809,3.59068359367053,0.709070972386142,1.7513721066446841,0.3258240893557409,4.377707281565902,0.7786811896812186,1.386901533722368,0.5155481167287452,3.8394972926651736,0.7635629573555387,1.2847690739093651,0.5058431517002742
1.4084263689526848,2.818580419410239,3.9877438518905794,0.6546857049072706,0.5076643629275208,1.4062902867303846,0.7475406201793846,0.10176560544974281,0.1692573402417962,1.3308769513314969,0.7336530980075443,0.0,0.0031593632036763498,0.09923799397483608,0.2819304383618028,1.920364195947677,243.5084676433345,0.9007620060251639,135.20326772747043,1.383764172335601,0.7469084129218827,0.7480087559553372,0.5621656732385756,-2.0673796559429025,156.5106633471575,0.46292767926373957,1.4084263689526848,0.7480087559553372,1.505995090634441,0.8610222944346333,10.368894145808694,0.6258513868373543,0.5571893882175226,1.5044773283294934,0.7556263692491536,0.3135202492211838,0.53374734433731,1.357107362364326,0.7211175713461453,0.0,0.02994214672575086,0.05119429758308157,0.27256289058782474,2.2794306232367223,630.4972727765415,0.9488057024169184,72.17043899747054,1.5061268925008862,0.7532302221503834,0.7572287000583947,0.5717162554426706,-8.089463522571972,481.55764271618096,0.520521957859589,1.505995090634441,0.7572287000583947,target,1.0,0.6854786841994797,0.7421586499596436,0.9601192113110912,5,0.23526253570855465,E5,57.22184420000634,"gam,maxent,gbm,rf",60 km,500,4006,443,500,1.35332017267935,0.7947520579681643,0.4771677115647439,0.12384753888539385,0.38383053387184235,0.8761524611146062,0.7446096551469843,0.57198731295363,0.44813977406823624,"mat,lpann",4,12.2,2,patchy,0.4051052395879982,31.80663719380087,0.7263765636694108,0.8971082716879624,0.389827003562885,7.38292680521171,0.6955685275014388,1.7316962058268435,0.3408805151621854,10.368894145808694,0.7572287000583947,1.35332017267935,0.44813977406823624,20.685648197147167,0.7448811867123927,1.0825867193092826,0.4346066067192389
1.519980506822612,3.916925105415203,6.437293717848758,0.6045872312489742,0.6075668970405812,1.5136919315403423,0.7219142106798949,0.0919026912680691,0.030960692062528456,1.4162764003673094,0.703257864383913,0.0,0.010473083866732315,0.08758639021796917,0.3253133195807893,4.369914061905855,249.3848523079285,0.9124136097820308,250.43833044512962,1.4687301587301587,0.7143500105629599,0.724143387071254,0.47600489072290997,-2.0673796559429025,156.5106633471575,0.38841850050494076,1.519980506822612,0.724143387071254,1.640412575528701,1.9418149406039902,13.802445498387616,0.553319382898408,0.6854937688821753,1.6457091280492149,0.7240701338576315,0.2894736842105263,0.32249307165884283,1.4626912514711652,0.6841686048363972,0.04563013037180106,0.04248728048580338,0.04508119335347432,0.329569558417072,5.712981975815645,634.9141458746511,0.9549188066465257,190.30782479452435,1.6353486252468479,0.7182369273039936,0.723310300440694,0.4730950653120464,-8.089463522571972,481.55764271618096,0.4280138719585722,1.640412575528701,0.723310300440694,target,1.0,0.6783308153539214,0.6976105065167795,0.9124475647868229,5,0.23221837155975264,E5,109.87259344993373,"gam,maxent,gbm,rf",120 km,500,1488,334,500,1.4262316419723626,0.7644633914074201,0.556565503178081,0.13033386120571838,0.351708491457169,0.8696661387942817,0.7168863217753617,0.5007686170730283,0.37043475586731,"mat,lpann",8,8.9,2,patchy,0.3736585030269675,35.753443822549585,0.6863961813842482,0.7752348309000586,0.32947587119122135,11.672692484222836,0.6554134063943904,1.8186649890448403,0.26324111532669736,13.802445498387616,0.723310300440694,1.4262316419723626,0.37043475586731,16.698782907543155,0.7302888368462139,1.2006638176020132,0.3934252879077227
