rank_overall,group,gbif_taxon_key,scientific_name,common_name,rank,family,region_assigned,region_basis,occ_continent_shares,inat_taxon_id,inat_obs_count,gbif_records,wikipedia_title,wikidata_id,pageviews_12m,popularity_score,iucn_category,flag_threatened,flag_data_deficient,flag_narrow_range,flag_marine,flag_domestic_or_oddity,flag_invasive_or_introduced,cultivated_or_note,must_include,source,lat_p5,lat_p95,lon_p5,lon_p95,gbif_sample_cells05,exclusion_reasons
1,bird,9761484,Anas platyrhynchos,Mallard,species,Anatidae,NORTH_AMERICA,gbif majority records,NORTH_AMERICA:0.67;EUROPE:0.31,6930,970755,29668242,Mallard,Q25348,375519,0.9905,LEAST_CONCERN,,,,,,,,,inat_pool,56.96,63.8,5.29,16.65,89,
2,bird,5231190,Passer domesticus,House Sparrow,species,Passeridae,NORTH_AMERICA,gbif majority records,NORTH_AMERICA:0.61;EUROPE:0.27;OCEANIA:0.04;ASIA:0.04,13858,570239,25838721,House sparrow,Q14683,434907,0.988,LEAST_CONCERN,,,,,,Y,,,inat_pool,56.03,61.74,11.93,18.38,85,
3,wild_plant,3120060,Achillea millefolium,common yarrow,species,Asteraceae,EUROPE,gbif majority records,EUROPE:0.91;NORTH_AMERICA:0.08,52821,347304,1736475,Achillea millefolium,Q25408,238267,0.9849,LEAST_CONCERN,,,,,,,,,inat_pool,46.84,53.05,1.07,13.29,67,
4,bird,5232437,Branta canadensis,Canada Goose,species,Anatidae,NORTH_AMERICA,gbif majority records,NORTH_AMERICA:0.88;EUROPE:0.12,7089,489235,23311553,Canada goose,Q26733,394875,0.9818,LEAST_CONCERN,,,,,,,,,inat_pool,55.54,59.37,11.91,18.07,53,
5,bird,2490384,Cardinalis cardinalis,Northern Cardinal,species,Cardinalidae,NORTH_AMERICA,gbif majority records,NORTH_AMERICA:1.00,9083,391308,27199330,Northern cardinal,Q726389,434018,0.9816,LEAST_CONCERN,,,,,,,,,inat_pool,29.52,43.78,-98.13,-71.17,164,
6,bird,9510564,Turdus migratorius,American Robin,species,Turdidae,NORTH_AMERICA,gbif majority records,NORTH_AMERICA:1.00,12727,472234,29404400,American robin,Q460967,285293,0.9813,LEAST_CONCERN,,,,,,,,,inat_pool,29.72,48.35,-123.25,-74.17,134,
7,bird,2495347,Zenaida macroura,Mourning Dove,species,Columbidae,NORTH_AMERICA,gbif majority records,NORTH_AMERICA:1.00,3454,312520,27330756,Mourning dove,Q750027,340530,0.9724,LEAST_CONCERN,,,,,,,,,inat_pool,27.04,44.52,-121.35,-72.95,169,
8,bird,9809229,Sturnus vulgaris,European Starling,species,Sturnidae,NORTH_AMERICA,gbif majority records,NORTH_AMERICA:0.71;EUROPE:0.23;OCEANIA:0.04,14850,348416,28305185,Common starling,Q25469,246041,0.9668,LEAST_CONCERN,,,,,,Y,,,inat_pool,55.39,59.61,11.68,18.14,64,
9,tree,5352251,Robinia pseudoacacia,black locust,species,Fabaceae,EUROPE,gbif majority records,EUROPE:0.90;NORTH_AMERICA:0.08,56088,141750,502158,Robinia pseudoacacia,Q157417,182775,0.9636,LEAST_CONCERN,,,,,,,,,inat_pool,40.9,50.94,-72.17,7.7,37,
10,bird,2482593,Cyanocitta cristata,Blue Jay,species,Corvidae,NORTH_AMERICA,gbif majority records,NORTH_AMERICA:1.00,8229,207845,24088929,Blue jay,Q199758,485345,0.9589,LEAST_CONCERN,,,,,,,,,inat_pool,29.24,45.64,-97.84,-71.16,142,
11,insect_arachnid,5133088,Danaus plexippus,Monarch,species,Nymphalidae,NORTH_AMERICA,gbif majority records,NORTH_AMERICA:0.96,48662,555612,819460,Monarch butterfly,Q212398,406782,0.9586,LEAST_CONCERN,,,,,,,"monarch; IUCN lists the migratory form as threatened, kept because requested",Y,seed,-33.26,37.86,-122.48,152.86,117,
12,tree,3190653,Ailanthus altissima,tree-of-heaven,species,Simaroubaceae,ASIA,manual (native/origin),EUROPE:0.70;NORTH_AMERICA:0.26,57278,135659,222156,Ailanthus altissima,Q159570,306396,0.9557,LEAST_CONCERN,,,,,,Y,invasive in many regions,,seed,-33.94,48.95,-120.91,148.5,189,
13,tree,2878688,Quercus robur,English oak,species,Fagaceae,EUROPE,manual (native/origin),EUROPE:0.99,56133,114766,1707633,Quercus robur,Q165145,100437,0.9549,LEAST_CONCERN,,,,,,,,,seed,46.57,58.82,-2.23,22.4,97,
14,tree,5285637,Pinus sylvestris,Scots pine,species,Pinaceae,EUROPE,manual (native/origin),EUROPE:0.97,58722,123300,1162438,Pinus sylvestris,Q133128,104428,0.9548,LEAST_CONCERN,,,,,,,,,seed,47.07,60.13,-2.75,60.21,120,
15,insect_arachnid,4989904,Harmonia axyridis,Asian Lady Beetle,species,Coccinellidae,EUROPE,gbif majority records,EUROPE:0.72;NORTH_AMERICA:0.25,48484,578285,1019969,Harmonia axyridis,Q499627,202615,0.9523,NOT_EVALUATED,,,,,,Y,invasive,Y,seed,-30.77,52.82,-117.66,19.58,180,
16,bird,2481930,Cathartes aura,Turkey Vulture,species,Cathartidae,NORTH_AMERICA,gbif majority records,NORTH_AMERICA:0.96;SOUTH_AMERICA:0.04,4756,274848,17638982,Turkey vulture,Q245181,269188,0.9515,LEAST_CONCERN,,,,,,,,,inat_pool,14.97,40.67,-122.17,-74.38,180,
17,bird,9630752,Ardea herodias,Great Blue Heron,species,Ardeidae,NORTH_AMERICA,gbif majority records,NORTH_AMERICA:1.00,4956,468138,14201424,Great blue heron,Q333796,241159,0.9508,LEAST_CONCERN,,,,,,,,,inat_pool,25.38,47.64,-123.05,-75.48,151,
18,insect_arachnid,1920496,Pieris rapae,Small White,species,Pieridae,EUROPE,gbif majority records,EUROPE:0.94;NORTH_AMERICA:0.05,55626,271890,3650952,Pieris rapae,Q27653,91048,0.9508,NOT_EVALUATED,,,,,,,,Y,seed,,,,,,
19,bird,9409198,Agelaius phoeniceus,Red-winged Blackbird,species,Icteridae,NORTH_AMERICA,gbif majority records,NORTH_AMERICA:1.00,9744,316328,21108941,Red-winged blackbird,Q754043,192832,0.9502,LEAST_CONCERN,,,,,,,,,inat_pool,26.52,49.13,-122.94,-75.2,170,
20,insect_arachnid,1341976,Apis mellifera,Western Honey Bee,species,Apidae,EUROPE,gbif majority records,EUROPE:0.57;NORTH_AMERICA:0.33;OCEANIA:0.03,47219,746630,1277223,Western honey bee,Q30034,176286,0.9482,NOT_EVALUATED,,,,,,Y,"managed honeybee, introduced worldwide",Y,seed,-36.38,38.98,-121.8,151.38,172,
21,bird,8323485,Haemorhous mexicanus,House Finch,species,Fringillidae,NORTH_AMERICA,gbif majority records,NORTH_AMERICA:1.00,199840,345912,19220885,House finch,Q25170208,175872,0.9472,LEAST_CONCERN,,,,,,,,,inat_pool,20.53,48.85,-122.95,-73.86,145,
22,bird,2480542,Buteo jamaicensis,Red-tailed Hawk,species,Accipitridae,NORTH_AMERICA,gbif majority records,NORTH_AMERICA:1.00,5212,362752,12459087,Red-tailed hawk,Q457471,276052,0.947,LEAST_CONCERN,,,,,,,,,inat_pool,25.44,45.59,-122.53,-72.77,181,
23,wild_plant,2926557,Glechoma hederacea,ground-ivy,species,Lamiaceae,EUROPE,gbif majority records,EUROPE:0.93;NORTH_AMERICA:0.07,55830,213205,1324281,Glechoma hederacea,Q162544,79744,0.9454,NOT_EVALUATED,,,,,,,,,inat_pool,,,,,,
24,crop,3001244,Malus domestica,apple,species,Rosaceae,ASIA,manual (native/origin),EUROPE:0.88;ASIA:0.06;NORTH_AMERICA:0.04,469472,64766,157876,Apple,Q89,1012012,0.9453,NOT_EVALUATED,,,,,,,cultivated; fruit,,seed,41.36,58.76,-120.02,45.07,217,
25,tree,3189870,Acer pseudoplatanus,sycamore maple,species,Sapindaceae,EUROPE,manual (native/origin),EUROPE:0.98,119791,91384,1271416,Acer pseudoplatanus,Q156944,102875,0.944,LEAST_CONCERN,,,,,,,,,seed,-43.52,58.94,-3.19,170.67,129,
26,tree,3012167,Sorbus aucuparia,European mountain ash,species,Rosaceae,EUROPE,manual (native/origin),EUROPE:0.98,56063,104968,1236839,Sorbus aucuparia,Q146198,99361,0.9438,LEAST_CONCERN,,,,,,,,,seed,47.78,52.95,4.65,13.11,35,
27,bird,2490719,Turdus merula,Eurasian Blackbird,species,Turdidae,EUROPE,gbif majority records,EUROPE:0.90;OCEANIA:0.08,12716,266743,13490729,Common blackbird,Q25234,287919,0.9436,LEAST_CONCERN,,,,,,,,,inat_pool,55.8,60.62,11.83,18.23,91,
28,wild_plant,5341297,Prunella vulgaris,common selfheal,species,Lamiaceae,EUROPE,gbif majority records,EUROPE:0.89;NORTH_AMERICA:0.09,52764,212358,1220563,Prunella vulgaris,Q158469,112521,0.9427,LEAST_CONCERN,,,,,,,,,inat_pool,-41.53,56.68,-123.01,171.59,180,
29,tree,3023221,Prunus spinosa,Blackthorn,species,Rosaceae,EUROPE,gbif majority records,EUROPE:1.00,55811,66629,1017526,Prunus spinosa,Q129018,199946,0.9425,LEAST_CONCERN,,,,,,,,,inat_pool,42.55,54.01,-3.8,16.27,160,
30,tree,3021850,Prunus serotina,black cherry,species,Rosaceae,EUROPE,gbif majority records,EUROPE:0.79;NORTH_AMERICA:0.21,54834,137528,292748,Prunus serotina,Q158987,125237,0.9416,LEAST_CONCERN,,,,,,,,,inat_pool,36.83,52.85,-84.7,6.65,79,
31,bird,2482507,Corvus brachyrhynchos,American Crow,species,Corvidae,NORTH_AMERICA,gbif majority records,NORTH_AMERICA:1.00,8021,222854,29076549,American crow,Q267735,166069,0.938,LEAST_CONCERN,,,,,,,,,inat_pool,32.7,49.22,-123.3,-72.73,129,
32,bird,9705453,Parus major,Great Tit,species,Paridae,EUROPE,gbif majority records,EUROPE:0.98,203153,250635,14046886,Great tit,Q25485,250931,0.9376,LEAST_CONCERN,,,,,,,,,inat_pool,56.09,63.8,11.92,19.25,111,
33,tree,2888728,Sambucus nigra,European black elderberry,species,Viburnaceae,EUROPE,gbif majority records,EUROPE:0.99,765394,96679,1149537,Sambucus nigra,Q22701,96125,0.9365,NOT_EVALUATED,,,,,,,,,inat_pool,-43.51,55.88,-3.33,170.63,133,
34,bird,9752617,Ardea alba,Great Egret,species,Ardeidae,NORTH_AMERICA,gbif majority records,NORTH_AMERICA:0.63;EUROPE:0.21;ASIA:0.07;SOUTH_AMERICA:0.05;OCEANIA:0.04,144455,429575,12991291,Great egret,Q130730,174378,0.9365,LEAST_CONCERN,,,,,,,,,inat_pool,49.69,56.46,7.37,12.42,83,
35,mammal,5219243,Vulpes vulpes,Red Fox,species,Canidae,EUROPE,gbif majority records,EUROPE:0.86;OCEANIA:0.09,42069,159356,1852967,Red fox,Q8332,586473,0.9357,LEAST_CONCERN,,,,,,Y,,,inat_pool,-34.49,57.65,-95.26,150.85,185,
36,tree,2882316,Fagus sylvatica,European beech,species,Fagaceae,EUROPE,manual (native/origin),EUROPE:1.00,54227,90148,1522526,Fagus sylvatica,Q146149,89465,0.9327,LEAST_CONCERN,,,,,,,,,seed,,,,,,
37,tree,5284884,Picea abies,Norway spruce,species,Pinaceae,EUROPE,manual (native/origin),EUROPE:0.99,63567,93716,989531,Picea abies,Q145992,95402,0.9319,LEAST_CONCERN,,,,,,,forestry,,seed,41.03,60.45,-80.31,37.83,128,
38,bird,9515886,Hirundo rustica,Barn Swallow,species,Hirundinidae,NORTH_AMERICA,gbif majority records,NORTH_AMERICA:0.52;EUROPE:0.37;ASIA:0.07;AFRICA:0.03,11901,244330,17483085,Barn swallow,Q25429,165524,0.9262,LEAST_CONCERN,,,,,,,,,inat_pool,-34.21,-23.96,18.46,31.87,130,
39,bird,2482492,Corvus corax,Common Raven,species,Corvidae,NORTH_AMERICA,gbif majority records,NORTH_AMERICA:0.77;EUROPE:0.23,8010,193658,12308202,Common raven,Q25357,400762,0.9259,LEAST_CONCERN,,,,,,,,,inat_pool,,,,,,
40,bird,2480446,Haliaeetus leucocephalus,Bald Eagle,species,Accipitridae,NORTH_AMERICA,gbif majority records,NORTH_AMERICA:1.00,5305,238731,7798253,Bald eagle,Q127216,693299,0.9244,LEAST_CONCERN,,,,,,,,,inat_pool,29.2,49.58,-123.83,-73.71,197,
41,tree,3189815,Aesculus hippocastanum,horse-chestnut,species,Sapindaceae,EUROPE,manual (native/origin),EUROPE:0.97,84298,78178,353633,Aesculus hippocastanum,Q26899,143548,0.9242,VULNERABLE,,,,,,,ornamental,,seed,44.47,53.94,-79.95,15.45,116,
42,tree,2685796,Pseudotsuga menziesii,Douglas-fir,species,Pinaceae,NORTH_AMERICA,manual (native/origin),EUROPE:0.59;NORTH_AMERICA:0.39,48256,91515,162795,Douglas fir,Q156687,162523,0.9235,LEAST_CONCERN,,,,,,,forestry,,seed,,,,,,
43,bird,2480726,Pandion haliaetus,Osprey,species,Pandionidae,NORTH_AMERICA,gbif majority records,NORTH_AMERICA:0.81;EUROPE:0.13,116999,225784,7852563,Osprey,Q25332,595410,0.9234,LEAST_CONCERN,,,,,,,,,inat_pool,11.48,38.65,-118.43,135.47,158,
44,insect_arachnid,4299368,Vanessa cardui,Painted Lady,species,Nymphalidae,EUROPE,gbif majority records,EUROPE:0.92;NORTH_AMERICA:0.06,48548,213302,1546202,Vanessa cardui,Q158603,77957,0.9219,LEAST_CONCERN,,,,,,,migratory butterfly,Y,seed,31.94,38.59,-122.32,-97.58,99,
45,wild_plant,3117424,Bellis perennis,Lawn daisy,species,Asteraceae,EUROPE,gbif majority records,EUROPE:0.97,55563,160843,1099892,Bellis perennis,Q26158,160406,0.9205,NOT_EVALUATED,,,,,,,,,inat_pool,40.87,53.15,-122.95,13.29,118,
46,tree,9220780,Crataegus monogyna,common hawthorn,species,Rosaceae,EUROPE,gbif majority records,EUROPE:0.99,51147,110405,1416250,Crataegus monogyna,Q161511,66819,0.9187,LEAST_CONCERN,,,,,,,,,inat_pool,37.63,54.21,-9.18,12.47,128,
47,tree,5363119,Pyrus calleryana,Callery pear,species,Rosaceae,NORTH_AMERICA,gbif majority records,NORTH_AMERICA:0.96,119793,71009,175146,Pyrus calleryana,Q3079266,219330,0.917,LEAST_CONCERN,,,,,,,,,inat_pool,32.68,42.34,-97.11,-73.95,155,
48,tree,3189846,Acer platanoides,Norway maple,species,Sapindaceae,EUROPE,gbif majority records,EUROPE:0.74;NORTH_AMERICA:0.26,54763,148644,970497,Acer platanoides,Q26745,62781,0.9158,LEAST_CONCERN,,,,,,,,,inat_pool,40.65,55.95,-77.09,30.5,141,
49,bird,5231640,Spinus tristis,American Goldfinch,species,Fringillidae,NORTH_AMERICA,gbif majority records,NORTH_AMERICA:1.00,145310,200438,20298666,American goldfinch,Q27075861,150043,0.9139,LEAST_CONCERN,,,,,,,,,inat_pool,30.25,45.65,-118.47,-71.15,186,
50,mammal,5218786,Procyon lotor,Common Raccoon,species,Procyonidae,NORTH_AMERICA,gbif majority records,NORTH_AMERICA:0.74;EUROPE:0.24,41663,202523,191492,Raccoon,Q121439,1016471,0.9139,LEAST_CONCERN,,,,,,,,,inat_pool,25.2,50.77,-122.23,5.85,181,
51,bird,2492462,Erithacus rubecula,European Robin,species,Muscicapidae,EUROPE,gbif majority records,EUROPE:0.99,13094,194294,10965083,European robin,Q25334,271913,0.9128,LEAST_CONCERN,,,,,,,,,inat_pool,55.73,59.47,11.84,17.94,76,
52,tree,3152824,Liquidambar styraciflua,American sweetgum,species,Altingiaceae,NORTH_AMERICA,gbif majority records,NORTH_AMERICA:0.91;EUROPE:0.07,49658,118283,98305,Liquidambar styraciflua,Q469652,126003,0.9115,LEAST_CONCERN,,,,,,,,,inat_pool,29.56,40.9,-95.29,-73.89,120,
53,bird,9362842,Junco hyemalis,Dark-eyed Junco,species,Passerellidae,NORTH_AMERICA,gbif majority records,NORTH_AMERICA:1.00,10094,252392,14851121,Dark-eyed junco,Q525818,125069,0.9113,LEAST_CONCERN,,,,,,,,,inat_pool,33.08,47.41,-122.57,-71.18,154,
54,mammal,7705930,Sus scrofa,Wild Boar,species,Suidae,EUROPE,gbif majority records,EUROPE:0.89;ASIA:0.06;OCEANIA:0.03,42134,73050,1195700,Wild boar,Q58697,602073,0.9112,LEAST_CONCERN,,,,,,Y,,,inat_pool,19.27,59.36,-95.62,77.12,154,
55,insect_arachnid,4990191,Coccinella septempunctata,Seven-spotted Lady Beetle,species,Coccinellidae,EUROPE,gbif majority records,EUROPE:0.84;NORTH_AMERICA:0.13,51702,311685,720068,Coccinella septempunctata,Q159543,76992,0.9108,NOT_EVALUATED,,,,,,,,Y,seed,46.8,54.89,-3.34,8.22,113,
56,wild_plant,5376075,Alliaria petiolata,garlic mustard,species,Brassicaceae,EUROPE,gbif majority records,EUROPE:0.88;NORTH_AMERICA:0.12,56061,225677,1020244,Alliaria petiolata,Q160097,67479,0.9102,NOT_EVALUATED,,,,,,,,,inat_pool,39.14,53.73,-77.17,10.43,138,
57,wild_plant,5392252,Cichorium intybus,chicory,species,Asteraceae,EUROPE,gbif majority records,EUROPE:0.77;NORTH_AMERICA:0.20,52913,189570,379547,Chicory,Q2544599,374134,0.9102,NOT_EVALUATED,,,,,,,,,inat_pool,-40.33,55.93,-119.21,172.57,186,
58,bird,2478259,Colaptes auratus,Northern Flicker,species,Picidae,NORTH_AMERICA,gbif majority records,NORTH_AMERICA:1.00,18236,170437,15022688,Northern flicker,Q16819,226099,0.909,LEAST_CONCERN,,,,,,,,,inat_pool,29.98,49.31,-122.92,-74.69,187,
59,tree,3152861,Liriodendron tulipifera,American tuliptree,species,Magnoliaceae,NORTH_AMERICA,manual (native/origin),NORTH_AMERICA:0.93;EUROPE:0.06,53582,107949,78450,Liriodendron tulipifera,Q158783,138096,0.9075,LEAST_CONCERN,,,,,,,,,seed,33.49,40.9,-87.18,-73.92,131,
60,tree,5331916,Betula pendula,silver birch,species,Betulaceae,EUROPE,manual (native/origin),EUROPE:0.98,83992,79650,988918,Betula pendula,Q156895,84494,0.9074,LEAST_CONCERN,,,,,,,,,seed,40.0,56.07,-2.1,115.47,139,
61,tree,3189883,Acer rubrum,red maple,species,Sapindaceae,NORTH_AMERICA,manual (native/origin),NORTH_AMERICA:0.98,48098,165952,133704,Acer rubrum,Q161364,89748,0.9074,LEAST_CONCERN,,,,,,,,,seed,28.6,46.26,-89.57,-69.81,188,
62,tree,2959443,Gleditsia triacanthos,honey locust,species,Fabaceae,NORTH_AMERICA,gbif majority records,NORTH_AMERICA:0.80;EUROPE:0.15;OCEANIA:0.04,54797,80161,137975,Honey locust,Q157650,152292,0.9073,LEAST_CONCERN,,,,,,,,,inat_pool,-30.65,50.88,-97.3,43.19,185,
63,wild_plant,6428353,Chamaenerion angustifolium,fireweed,species,Onagraceae,EUROPE,gbif majority records,EUROPE:0.89;NORTH_AMERICA:0.09,564969,178550,853409,Chamaenerion angustifolium,Q160104,117392,0.9066,LEAST_CONCERN,,,,,,,,,inat_pool,48.43,57.27,-123.84,17.55,133,
64,wild_plant,3171949,Verbascum thapsus,great mullein,species,Scrophulariaceae,EUROPE,gbif majority records,EUROPE:0.63;NORTH_AMERICA:0.33,59029,193749,345389,Verbascum thapsus,Q160095,267342,0.9056,NOT_EVALUATED,,,,,,,,,inat_pool,-34.99,54.8,-120.53,139.37,222,
65,bird,5231677,Mimus polyglottos,Northern Mockingbird,species,Mimidae,NORTH_AMERICA,gbif majority records,NORTH_AMERICA:1.00,14886,244566,11837770,Northern mockingbird,Q829683,147106,0.9043,LEAST_CONCERN,,,,,,,,,inat_pool,25.38,40.58,-119.58,-73.81,163,
66,mammal,2440965,Odocoileus virginianus,White-tailed Deer,species,Cervidae,NORTH_AMERICA,gbif majority records,NORTH_AMERICA:0.94;SOUTH_AMERICA:0.04,42223,427263,348297,White-tailed deer,Q215887,356808,0.8997,LEAST_CONCERN,,,,,,,,,inat_pool,9.79,49.51,-105.78,-71.27,161,
67,bird,9797180,Ardea cinerea,Grey Heron,species,Ardeidae,EUROPE,gbif majority records,EUROPE:0.82;ASIA:0.14;AFRICA:0.05,4954,267335,7858700,Grey heron,Q25273,154545,0.8975,LEAST_CONCERN,,,,,,,,,inat_pool,54.89,56.57,8.4,12.53,44,
68,wild_plant,3084015,Phytolacca americana,American pokeweed,species,Phytolaccaceae,NORTH_AMERICA,gbif majority records,NORTH_AMERICA:0.61;EUROPE:0.34;ASIA:0.05,48599,189336,200216,Phytolacca americana,Q157853,264282,0.8961,NOT_EVALUATED,,,,,,,,,inat_pool,28.81,42.37,-97.78,9.65,170,
69,tree,5284982,Pinus strobus,eastern white pine,species,Pinaceae,NORTH_AMERICA,manual (native/origin),NORTH_AMERICA:0.86;EUROPE:0.13,52391,143759,116918,Pinus strobus,Q157230,85684,0.8952,LEAST_CONCERN,,,,,,,,,seed,36.16,52.05,-91.47,6.2,163,
70,wild_plant,3189767,Plantago major,greater plantain,species,Plantaginaceae,EUROPE,gbif majority records,EUROPE:0.96,58961,133636,1257470,Plantago major,Q157154,91260,0.895,LEAST_CONCERN,,,,,,,,,inat_pool,-37.48,53.94,-118.72,144.29,150,
71,mammal,5219681,Sciurus carolinensis,Eastern Gray Squirrel,species,Sciuridae,EUROPE,gbif majority records,EUROPE:0.60;NORTH_AMERICA:0.40,46017,412192,717312,Eastern gray squirrel,Q468500,233874,0.8948,LEAST_CONCERN,,,,,,,,,inat_pool,26.44,52.77,-122.42,-0.21,151,
72,tree,3172358,Fraxinus excelsior,European ash,species,Oleaceae,EUROPE,manual (native/origin),EUROPE:1.00,125440,62467,1652423,Fraxinus excelsior,Q156907,70378,0.8937,NEAR_THREATENED,,,,,,,,,seed,46.43,59.82,-2.95,16.23,146,
73,tree,5284517,Taxus baccata,common yew,species,Taxaceae,EUROPE,manual (native/origin),EUROPE:0.99,47553,43446,248083,Taxus baccata,Q179729,203297,0.8929,LEAST_CONCERN,,,,,,,,,seed,45.85,54.58,-3.46,14.32,105,
74,tree,5353583,Cercis canadensis,eastern redbud,species,Fabaceae,NORTH_AMERICA,gbif majority records,NORTH_AMERICA:1.00,48502,113845,65569,Cercis canadensis,Q2452407,116270,0.8923,LEAST_CONCERN,,,,,,,,,inat_pool,29.45,36.32,-98.63,-80.03,114,
75,tree,2684391,Juniperus virginiana,eastern redcedar,species,Cupressaceae,NORTH_AMERICA,gbif majority records,NORTH_AMERICA:0.98,49399,125600,73096,Juniperus virginiana,Q157522,97033,0.8911,LEAST_CONCERN,,,,,,,,,inat_pool,29.77,43.55,-97.42,-72.88,154,
76,tree,2880539,Quercus rubra,northern red oak,species,Fagaceae,NORTH_AMERICA,manual (native/origin),EUROPE:0.71;NORTH_AMERICA:0.29,49005,127129,227923,Quercus rubra,Q147525,65377,0.8895,LEAST_CONCERN,,,,,,,,,seed,35.77,51.82,-84.41,14.32,100,
77,tree,2875979,Corylus avellana,common hazel,species,Betulaceae,EUROPE,gbif majority records,EUROPE:1.00,54491,89582,1366644,Corylus avellana,Q124969,53960,0.8875,LEAST_CONCERN,,,,,,,,,inat_pool,45.0,55.59,-2.94,17.06,159,
78,bird,5229490,Pica pica,Eurasian Magpie,species,Corvidae,EUROPE,gbif majority records,EUROPE:0.98,891696,184109,8193046,Eurasian magpie,Q25307,206403,0.8867,LEAST_CONCERN,,,,,,,,,inat_pool,56.15,63.84,11.91,20.17,97,
79,tree,3152820,Platanus occidentalis,American sycamore,species,Platanaceae,NORTH_AMERICA,manual (native/origin),NORTH_AMERICA:0.99,49662,98892,50988,Platanus occidentalis,Q157739,162000,0.8866,LEAST_CONCERN,,,,,,,,,seed,29.8,42.75,-98.14,-74.78,169,
80,bird,2487805,Poecile atricapillus,Black-capped Chickadee,species,Paridae,NORTH_AMERICA,gbif majority records,NORTH_AMERICA:1.00,144815,169128,18775956,Black-capped chickadee,Q282687,132778,0.8866,LEAST_CONCERN,,,,,,,,,inat_pool,39.62,48.87,-122.71,-68.77,146,
81,insect_arachnid,4485843,Halyomorpha halys,Brown Marmorated Stink Bug,species,Pentatomidae,EUROPE,gbif majority records,EUROPE:0.68;NORTH_AMERICA:0.28;ASIA:0.04,81923,131907,180381,Brown marmorated stink bug,Q3270185,331256,0.8848,NOT_EVALUATED,,,,,,Y,"crop pest, invasive",Y,seed,36.16,51.85,-86.29,16.35,114,
82,mammal,8211070,Sciurus vulgaris,Eurasian Red Squirrel,species,Sciuridae,EUROPE,gbif majority records,EUROPE:0.98,46001,96465,1009826,Red squirrel,Q4388,261289,0.8838,LEAST_CONCERN,,,,,,,,,inat_pool,58.76,67.35,6.02,15.6,109,
83,fish,5204019,Oncorhynchus mykiss,Rainbow Trout,species,Salmonidae,NORTH_AMERICA,manual (native/origin),NORTH_AMERICA:0.79;EUROPE:0.14;OCEANIA:0.05,47516,27685,254005,Rainbow trout,Q187986,187285,0.8838,LEAST_CONCERN,,,,,,,stocked worldwide,,seed,-41.15,49.93,-123.66,147.41,163,
84,tree,2684709,Juniperus communis,common juniper,species,Cupressaceae,EUROPE,manual (native/origin),EUROPE:0.94;NORTH_AMERICA:0.05,58725,91150,750179,Juniperus communis,Q26325,54916,0.882,LEAST_CONCERN,,,,,,,,,seed,40.75,62.99,-111.09,26.44,135,
85,mammal,5220126,Capreolus capreolus,Western Roe Deer,species,Cervidae,EUROPE,gbif majority records,EUROPE:1.00,42184,94196,2816199,Roe deer,Q122069,233643,0.8813,LEAST_CONCERN,,,,,,,,,inat_pool,43.98,59.37,-3.47,25.59,174,
86,fish,8215487,Salmo trutta,Brown Trout,species,Salmonidae,EUROPE,manual (native/origin),EUROPE:0.94;NORTH_AMERICA:0.04,47518,18209,3674548,Brown trout,Q2857311,123387,0.8812,LEAST_CONCERN,,,,,,Y,"stocked worldwide, invasive in places",,seed,35.78,60.28,-117.19,23.67,182,
87,fish,2346633,Esox lucius,Northern Pike,species,Esocidae,EUROPE,manual (native/origin),EUROPE:0.88;NORTH_AMERICA:0.12,55387,15529,340416,Northern pike,Q165278,234116,0.8803,LEAST_CONCERN,,,,,,,,,seed,43.96,64.26,-106.6,32.36,205,
88,herp,2457522,Thamnophis sirtalis,Common Garter Snake,species,Colubridae,NORTH_AMERICA,gbif majority records,NORTH_AMERICA:1.00,28362,212204,172760,Common garter snake,Q911786,74519,0.8799,LEAST_CONCERN,,,,,,,,,inat_pool,33.89,46.96,-123.31,-73.78,193,
89,tree,3040215,Populus tremuloides,quaking aspen,species,Salicaceae,NORTH_AMERICA,manual (native/origin),NORTH_AMERICA:1.00,54840,82650,62855,Populus tremuloides,Q469576,131603,0.8797,LEAST_CONCERN,,,,,,,,,seed,35.81,52.99,-120.62,-73.2,149,
90,tree,5414222,Ilex aquifolium,European holly,species,Aquifoliaceae,EUROPE,gbif majority records,EUROPE:0.97,53856,83714,778436,Ilex aquifolium,Q192190,54481,0.8781,LEAST_CONCERN,,,,,,,,,inat_pool,45.0,53.45,-122.56,8.45,98,
91,wild_plant,2932737,Solanum dulcamara,bittersweet nightshade,species,Solanaceae,EUROPE,gbif majority records,EUROPE:0.89;NORTH_AMERICA:0.10,55620,135494,750287,Solanum dulcamara,Q147707,117487,0.8754,NOT_EVALUATED,,,,,,,,,inat_pool,49.49,53.27,1.61,8.48,82,
92,bird,2498343,Cygnus olor,Mute Swan,species,Anatidae,EUROPE,gbif majority records,EUROPE:0.72;NORTH_AMERICA:0.27,6921,190048,6742717,Mute swan,Q25402,177051,0.8752,LEAST_CONCERN,,,,,,,,,inat_pool,54.76,59.92,5.74,12.64,75,
93,tree,3021730,Prunus cerasifera,Cherry-plum,species,Rosaceae,EUROPE,gbif majority records,EUROPE:0.86;NORTH_AMERICA:0.10,55837,57882,145203,Prunus cerasifera,Q146951,100060,0.8737,DATA_DEFICIENT,,,,,,,,,inat_pool,44.76,54.38,-122.18,34.23,156,
94,tree,3190538,Rhus typhina,staghorn sumac,species,Anacardiaceae,EUROPE,gbif majority records,EUROPE:0.57;NORTH_AMERICA:0.43,167829,92999,120187,Rhus typhina,Q148986,76364,0.8729,LEAST_CONCERN,,,,,,,,,inat_pool,40.03,51.43,-88.16,16.97,154,
95,bird,9149595,Dryobates pubescens,Downy Woodpecker,species,Picidae,NORTH_AMERICA,gbif majority records,NORTH_AMERICA:1.00,792988,214532,19066729,Downy woodpecker,Q27074911,78644,0.8727,LEAST_CONCERN,,,,,,,,,inat_pool,29.62,49.23,-122.53,-71.17,176,
96,tree,3021496,Prunus laurocerasus,Cherry laurel,species,Rosaceae,EUROPE,gbif majority records,EUROPE:0.96;NORTH_AMERICA:0.03,61432,46928,268679,Prunus laurocerasus,Q157508,97172,0.8721,LEAST_CONCERN,,,,,,,,,inat_pool,47.74,53.35,-3.57,13.04,93,
97,fish,4286975,Cyprinus carpio,European Carp,species,Cyprinidae,ASIA,manual (native/origin),EUROPE:0.41;NORTH_AMERICA:0.36;OCEANIA:0.21,53911,36519,311189,Common carp,Q81110,116228,0.8668,LEAST_CONCERN,,,,,,Y,domesticated/invasive worldwide,,seed,30.68,51.5,-122.1,138.77,190,
98,bird,2480320,Charadrius vociferus,Killdeer,species,Charadriidae,NORTH_AMERICA,gbif majority records,NORTH_AMERICA:1.00,4793,155789,9890292,Killdeer,Q755737,161130,0.8662,NEAR_THREATENED,,,,,,,,,inat_pool,25.41,49.19,-123.09,-73.77,213,
99,tree,3054357,Juglans nigra,eastern black walnut,species,Juglandaceae,NORTH_AMERICA,manual (native/origin),NORTH_AMERICA:0.85;EUROPE:0.15,54504,88780,40989,Juglans nigra,Q852572,143470,0.8642,LEAST_CONCERN,,,,,,,,,seed,33.9,45.15,-94.57,-73.58,146,
100,tree,2882803,Arbutus unedo,strawberry tree,species,Ericaceae,EUROPE,gbif majority records,EUROPE:0.99,82689,34684,147412,Arbutus unedo,Q329046,189965,0.8635,LEAST_CONCERN,,,,,,,,,inat_pool,37.14,45.1,-9.16,29.01,147,
101,bird,2484155,Quiscalus quiscula,Common Grackle,species,Icteridae,NORTH_AMERICA,gbif majority records,NORTH_AMERICA:1.00,9602,120503,12357261,Common grackle,Q1424486,201445,0.8632,NEAR_THREATENED,,,,,,,,,inat_pool,26.2,41.49,-97.17,-73.95,155,
102,wild_plant,9094061,Ficaria verna,lesser celandine,species,Ranunculaceae,EUROPE,gbif majority records,EUROPE:0.95;NORTH_AMERICA:0.05,204321,182615,845877,Ficaria verna,Q157557,56072,0.8631,NOT_EVALUATED,,,,,,,,,inat_pool,39.89,54.14,-77.07,13.19,129,
103,wild_plant,3039194,Parthenocissus quinquefolia,Virginia creeper,species,Vitaceae,NORTH_AMERICA,gbif majority records,NORTH_AMERICA:0.86;EUROPE:0.14,50278,166648,120579,Parthenocissus quinquefolia,Q157968,150195,0.8631,LEAST_CONCERN,,,,,,,,,inat_pool,26.9,38.94,-97.6,-77.05,169,
104,crop,2930137,Solanum lycopersicum,tomato,species,Solanaceae,SOUTH_AMERICA,manual (native/origin),EUROPE:0.70;NORTH_AMERICA:0.14;AFRICA:0.05;ASIA:0.04;SOUTH_AMERICA:0.04,51737,49301,58625,Tomato,Q23501,653107,0.8627,NOT_EVALUATED,,,,,,,cultivated; vegetable,,seed,-29.97,51.14,-118.44,177.16,184,
105,bird,2492196,Melospiza melodia,Song Sparrow,species,Passerellidae,NORTH_AMERICA,gbif majority records,NORTH_AMERICA:1.00,9100,274883,22458405,Song sparrow,Q842599,50937,0.8623,LEAST_CONCERN,,,,,,,,,inat_pool,32.78,49.29,-123.2,-71.16,135,
106,bird,2487879,Cyanistes caeruleus,Eurasian Blue Tit,species,Paridae,EUROPE,gbif majority records,EUROPE:1.00,144849,168034,11220638,Eurasian blue tit,Q25404,122909,0.8621,LEAST_CONCERN,,,,,,,,,inat_pool,55.79,63.7,11.93,18.81,110,
107,bird,2495455,Columba palumbus,Common Wood-Pigeon,species,Columbidae,EUROPE,gbif majority records,EUROPE:0.99,3048,189474,9461409,Common wood pigeon,Q26026,110311,0.8617,LEAST_CONCERN,,,,,,,,,inat_pool,49.88,56.48,6.56,12.58,90,
108,herp,2443133,Chrysemys picta,Painted Turtle,species,Emydidae,NORTH_AMERICA,gbif majority records,NORTH_AMERICA:1.00,39771,188657,142024,Painted turtle,Q199203,104648,0.8608,LEAST_CONCERN,,,,,,,,,inat_pool,37.21,44.89,-111.93,-71.22,140,
109,herp,2468095,Anguis fragilis,Common Slowworm,species,Anguidae,EUROPE,gbif majority records,EUROPE:1.00,343021,48931,270463,Common slow worm,Q183660,158897,0.8607,LEAST_CONCERN,,,,,,,,,inat_pool,48.37,54.64,-4.8,10.38,105,
110,mammal,2440012,Phascolarctos cinereus,Koala,species,Phascolarctidae,OCEANIA,gbif majority records,OCEANIA:1.00,42983,46865,450926,Koala,Q36101,618485,0.8577,VULNERABLE,,,,,,,,,inat_pool,-38.36,-27.31,138.65,153.15,48,
111,tree,5361889,Morus alba,white mulberry,species,Moraceae,ASIA,manual (native/origin),NORTH_AMERICA:0.54;EUROPE:0.26;ASIA:0.15,56090,83461,43869,Morus alba,Q157307,118409,0.8567,LEAST_CONCERN,,,,,,,cultivated,,seed,29.22,42.02,-98.49,37.8,112,
112,tree,3022668,Prunus virginiana,chokecherry,species,Rosaceae,NORTH_AMERICA,gbif majority records,NORTH_AMERICA:0.96;EUROPE:0.03,54835,102766,57358,Prunus virginiana,Q162829,76194,0.8529,LEAST_CONCERN,,,,,,,,,inat_pool,39.67,53.34,-120.56,-71.17,170,
113,tree,3189859,Acer saccharum,sugar maple,species,Sapindaceae,NORTH_AMERICA,manual (native/origin),NORTH_AMERICA:0.99,52543,89921,59326,Acer saccharum,Q214733,83610,0.852,LEAST_CONCERN,,,,,,,,,seed,38.39,46.7,-92.62,-68.95,160,
114,herp,5217160,Bufo bufo,European Toad,species,Bufonidae,EUROPE,gbif majority records,EUROPE:0.99,326296,110171,759711,Common toad,Q146375,58863,0.8518,LEAST_CONCERN,,,,,,,,,inat_pool,44.81,53.17,-2.74,13.2,97,
115,mammal,2440940,Alces alces,Moose,species,Cervidae,EUROPE,gbif majority records,EUROPE:0.75;NORTH_AMERICA:0.24,522193,72446,145757,Moose,Q35517,825322,0.8513,LEAST_CONCERN,,,,,,,,,inat_pool,44.9,68.67,-149.9,49.8,151,
116,tree,3152047,Tilia cordata,Little-leaf Linden,species,Malvaceae,EUROPE,manual (native/origin),EUROPE:0.84;NORTH_AMERICA:0.16,132600,50369,530428,Tilia cordata,Q158746,57588,0.8508,LEAST_CONCERN,,,,,,,,,seed,46.38,59.95,5.49,52.65,122,
117,wild_plant,2890668,Geranium robertianum,Herb Robert,species,Geraniaceae,EUROPE,gbif majority records,EUROPE:0.96;NORTH_AMERICA:0.03,55925,158073,1135111,Geranium robertianum,Q160096,49452,0.8473,NOT_EVALUATED,,,,,,,,,inat_pool,46.83,53.95,-122.68,13.88,86,
118,herp,2422872,Anaxyrus americanus,American Toad,species,Bufonidae,NORTH_AMERICA,gbif majority records,NORTH_AMERICA:1.00,64968,237176,172523,American toad,Q694496,53990,0.8471,LEAST_CONCERN,,,,,,,,,inat_pool,35.41,43.09,-87.62,-74.19,145,
119,herp,2451234,Sceloporus occidentalis,Western Fence Lizard,species,Phrynosomatidae,NORTH_AMERICA,gbif majority records,NORTH_AMERICA:1.00,36204,208330,172490,Western fence lizard,Q3100791,60283,0.847,LEAST_CONCERN,,,,,,,,,inat_pool,32.81,38.91,-122.53,-117.01,54,
120,tree,2876213,Alnus glutinosa,common alder,species,Betulaceae,EUROPE,manual (native/origin),EUROPE:1.00,966205,58610,1020893,Alnus glutinosa,Q156904,46628,0.8468,LEAST_CONCERN,,,,,,,,,seed,43.73,59.04,-4.3,47.53,174,
121,bird,2478106,Melanerpes carolinus,Red-bellied Woodpecker,species,Picidae,NORTH_AMERICA,gbif majority records,NORTH_AMERICA:1.00,18205,144597,15444838,Red-bellied woodpecker,Q569535,98529,0.8467,LEAST_CONCERN,,,,,,,,,inat_pool,26.56,43.65,-97.16,-72.76,167,
122,tree,5914287,Melia azedarach,Chinaberry,species,Meliaceae,NORTH_AMERICA,gbif majority records,NORTH_AMERICA:0.32;ASIA:0.21;EUROPE:0.17;OCEANIA:0.14;AFRICA:0.13,53720,56434,59330,Melia azedarach,Q162171,100216,0.8451,LEAST_CONCERN,,,,,,,,,inat_pool,-33.94,41.19,-98.76,151.02,154,
123,bird,2494422,Fringilla coelebs,Common Chaffinch,species,Fringillidae,EUROPE,gbif majority records,EUROPE:0.96,10070,210719,10334170,Eurasian chaffinch,Q25383,78321,0.8449,LEAST_CONCERN,,,,,,,,,inat_pool,48.88,59.73,7.63,18.15,143,
124,tree,2879737,Quercus alba,white oak,species,Fagaceae,NORTH_AMERICA,manual (native/origin),NORTH_AMERICA:1.00,54779,85216,48569,Quercus alba,Q469555,87506,0.8448,LEAST_CONCERN,,,,,,,,,seed,34.05,42.45,-85.48,-72.06,64,
125,tree,2684178,Thuja occidentalis,northern whitecedar,species,Cupressaceae,NORTH_AMERICA,gbif majority records,NORTH_AMERICA:0.81;EUROPE:0.18,54037,67182,45739,Thuja occidentalis,Q147468,100517,0.8429,LEAST_CONCERN,,,,,,,,,inat_pool,42.37,48.6,-88.31,4.42,130,
126,wild_plant,2882482,Calluna vulgaris,common heather,species,Ericaceae,EUROPE,gbif majority records,EUROPE:1.00,119450,66326,1133044,Calluna,Q6983007,143921,0.8417,NOT_EVALUATED,,,,,,,,,inat_pool,41.21,59.27,-4.42,16.25,116,
127,bird,9275717,Nannopterum auritum,Double-crested Cormorant,species,Phalacrocoracidae,NORTH_AMERICA,gbif majority records,NORTH_AMERICA:1.00,1454382,215949,10508198,Double-crested cormorant,Q117254648,71744,0.8413,LEAST_CONCERN,,,,,,,,,inat_pool,25.38,49.07,-123.39,-76.34,120,
128,bird,9606290,Meleagris gallopavo,Wild Turkey,species,Phasianidae,NORTH_AMERICA,gbif majority records,NORTH_AMERICA:0.99,906,202452,2840200,Wild turkey,Q26844,248010,0.8411,LEAST_CONCERN,,,,,,,,,inat_pool,27.58,49.25,-122.26,-71.11,178,
129,crop,2735117,Cocos nucifera,coconut palm,species,Arecaceae,OCEANIA,manual (native/origin),ASIA:0.68;NORTH_AMERICA:0.16;OCEANIA:0.08;AFRICA:0.05;SOUTH_AMERICA:0.04,48865,46631,61418,Coconut,Q3342808,462378,0.8397,NOT_EVALUATED,,,,,,,cultivated; palm,,seed,8.78,19.64,-83.47,77.21,58,
130,insect_arachnid,1340350,Bombus impatiens,Common Eastern Bumble Bee,species,Apidae,NORTH_AMERICA,gbif majority records,NORTH_AMERICA:1.00,118970,333880,324692,Bombus impatiens,Q2367709,23043,0.8391,LEAST_CONCERN,,,,,,,,Y,seed,35.78,44.98,-95.89,-71.1,163,
131,tree,2888723,Sambucus racemosa,red-berried elder,species,Viburnaceae,EUROPE,gbif majority records,EUROPE:0.82;NORTH_AMERICA:0.18,57824,115515,319161,Sambucus racemosa,Q157276,29157,0.8384,LEAST_CONCERN,,,,,,,,,inat_pool,38.7,54.77,-123.69,30.31,140,
132,tree,2684191,Taxodium distichum,baldcypress,species,Cupressaceae,NORTH_AMERICA,manual (native/origin),NORTH_AMERICA:0.63;EUROPE:0.34,49666,65744,43636,Taxodium distichum,Q148950,102018,0.8366,LEAST_CONCERN,,,,,,,,,seed,27.47,51.15,-97.91,5.28,170,
133,crop,5361909,Ficus carica,common fig,species,Moraceae,ASIA,manual (native/origin),EUROPE:0.84;ASIA:0.06;NORTH_AMERICA:0.06,60218,55310,103278,Fig,Q36146,384691,0.8364,LEAST_CONCERN,,,,,,,cultivated; fruit,,seed,31.76,48.23,-118.29,35.21,181,
134,crop,5290052,Zea mays,Maize,species,Poaceae,NORTH_AMERICA,manual (native/origin),NORTH_AMERICA:0.39;EUROPE:0.31;SOUTH_AMERICA:0.22;ASIA:0.04;AFRICA:0.03,48448,18089,153321,Maize,Q11575,630963,0.8363,LEAST_CONCERN,,,,,,,cultivated; cereal,,seed,4.58,51.8,-101.24,16.31,96,
135,wild_plant,3118274,Tanacetum vulgare,Common Tansy,species,Asteraceae,EUROPE,gbif majority records,EUROPE:0.92;NORTH_AMERICA:0.06,55971,126107,632302,Tansy,Q27079,72981,0.8354,NOT_EVALUATED,,,,,,,,,inat_pool,46.83,58.25,-3.2,38.92,158,
136,tree,3040249,Populus tremula,European aspen,species,Salicaceae,EUROPE,gbif majority records,EUROPE:0.98,47571,47207,719973,Populus tremula,Q146110,50592,0.8349,LEAST_CONCERN,,,,,,,,,inat_pool,46.15,59.79,-0.8,50.16,122,
137,wild_plant,3170247,Asclepias syriaca,common milkweed,species,Apocynaceae,NORTH_AMERICA,gbif majority records,NORTH_AMERICA:0.92;EUROPE:0.08,47911,198567,149555,Asclepias syriaca,Q158295,55668,0.8345,LEAST_CONCERN,,,,,,,,,inat_pool,,,,,,
138,bird,9687165,Motacilla alba,White Wagtail,species,Motacillidae,EUROPE,gbif majority records,EUROPE:0.87;ASIA:0.12,13695,207540,6913853,White wagtail,Q25399,86172,0.8344,LEAST_CONCERN,,,,,,,,,inat_pool,25.29,52.4,-7.82,127.05,135,
139,bird,2490941,Sialia sialis,Eastern Bluebird,species,Turdidae,NORTH_AMERICA,gbif majority records,NORTH_AMERICA:1.00,12942,157200,8080739,Eastern bluebird,Q600880,106731,0.8341,LEAST_CONCERN,,,,,,,,,inat_pool,,,,,,
140,fish,2394503,Lepomis macrochirus,Bluegill,species,Centrarchidae,NORTH_AMERICA,manual (native/origin),NORTH_AMERICA:0.95;ASIA:0.04,49591,66351,189918,Bluegill,Q1148148,105701,0.8335,LEAST_CONCERN,,,,,,,stocked,,seed,29.1,43.48,-119.33,-73.64,152,
141,wild_plant,3190628,Toxicodendron radicans,eastern poison ivy,species,Anacardiaceae,NORTH_AMERICA,gbif majority records,NORTH_AMERICA:1.00,58732,173826,110941,Toxicodendron radicans,Q7218532,68852,0.8333,LEAST_CONCERN,,,,,,,,,inat_pool,25.9,42.96,-97.07,-73.0,137,
142,herp,2466939,Anolis carolinensis,Green Anole,species,Dactyloidae,NORTH_AMERICA,gbif majority records,NORTH_AMERICA:0.98,36514,153665,120230,Anolis carolinensis,Q930252,88858,0.8325,LEAST_CONCERN,,,,,,,,,inat_pool,27.28,35.31,-98.66,-79.06,126,
143,crop,3034742,Daucus carota,wild carrot,species,Apiaceae,EUROPE,manual (native/origin),EUROPE:0.88;NORTH_AMERICA:0.10,76610,221055,884678,Daucus carota,Q30056,159095,0.8272,LEAST_CONCERN,,,,,,,cultivated; vegetable,,seed,-37.89,52.92,-82.48,174.11,139,
144,tree,3082240,Cornus florida,flowering dogwood,species,Cornaceae,NORTH_AMERICA,gbif majority records,NORTH_AMERICA:1.00,54777,71669,43129,Cornus florida,Q887221,85315,0.8248,LEAST_CONCERN,,,,,,,,,inat_pool,33.82,40.62,-90.31,-75.2,140,
145,tree,2882274,Fagus grandifolia,American beech,species,Fagaceae,NORTH_AMERICA,gbif majority records,NORTH_AMERICA:1.00,49202,126144,92335,Fagus grandifolia,Q149219,36902,0.8243,LEAST_CONCERN,,,,,,,,,inat_pool,33.93,45.18,-86.16,-64.51,139,
146,bird,2482515,Corvus cornix,Hooded Crow,species,Corvidae,EUROPE,gbif majority records,EUROPE:0.93;ASIA:0.07,144757,147994,4302608,Hooded crow,Q25405,173896,0.8239,NOT_EVALUATED,,,,,,,,,inat_pool,43.03,60.04,11.02,80.35,129,
147,mammal,2440958,Cervus elaphus,Red Deer,species,Cervidae,EUROPE,gbif majority records,EUROPE:0.93;NORTH_AMERICA:0.06,204113,28742,680965,Red deer,Q79794,317084,0.8238,LEAST_CONCERN,,,,,,Y,,,inat_pool,35.09,55.6,-124.01,17.62,143,
148,insect_arachnid,1311527,Vespa crabro,European Hornet,species,Vespidae,EUROPE,gbif majority records,EUROPE:0.94;NORTH_AMERICA:0.05,54327,83898,294744,European hornet,Q30258,158336,0.8227,NOT_EVALUATED,,,,,,,,Y,seed,48.17,53.13,3.9,10.14,88,
149,tree,2684171,Thuja plicata,western redcedar,species,Cupressaceae,NORTH_AMERICA,manual (native/origin),NORTH_AMERICA:0.70;EUROPE:0.30,48252,57558,54189,Thuja plicata,Q147417,79705,0.8225,LEAST_CONCERN,,,,,,,,,seed,,,,,,
150,herp,2426805,Rana temporaria,European Common Frog,species,Ranidae,EUROPE,gbif majority records,EUROPE:1.00,25591,95793,797547,Common frog,Q27465,49507,0.8188,LEAST_CONCERN,,,,,,,,,inat_pool,45.76,55.64,-4.65,10.29,145,
151,herp,2441370,Alligator mississippiensis,American Alligator,species,Alligatoridae,NORTH_AMERICA,gbif majority records,NORTH_AMERICA:1.00,26159,105399,79454,American alligator,Q193327,339055,0.818,LEAST_CONCERN,,,,,,,,,inat_pool,25.38,30.24,-96.8,-80.45,59,
152,tree,2972983,Albizia julibrissin,Persian silk tree,species,Fabaceae,ASIA,manual (native/origin),NORTH_AMERICA:0.76;ASIA:0.18;EUROPE:0.05,47443,48387,32206,Albizia julibrissin,Q750307,137173,0.8177,LEAST_CONCERN,,,,,,Y,"ornamental, invasive in places",,seed,30.81,41.75,-94.55,126.73,176,
153,crop,5420901,Punica granatum,pomegranate,species,Lythraceae,ASIA,manual (native/origin),EUROPE:0.76;ASIA:0.14;NORTH_AMERICA:0.06,58300,34673,48681,Pomegranate,Q13188,497884,0.8155,LEAST_CONCERN,,,,,,,cultivated; fruit,,seed,-13.69,44.84,-103.39,128.81,198,
154,herp,2469188,Podarcis muralis,Common Wall Lizard,species,Lacertidae,EUROPE,gbif majority records,EUROPE:0.98,55990,115046,419020,Podarcis muralis,Q186615,34109,0.8143,LEAST_CONCERN,,,,,,,,,inat_pool,43.34,50.85,-123.36,15.36,101,
155,herp,4287413,Anolis sagrei,Brown Anole,species,Dactyloidae,NORTH_AMERICA,gbif majority records,NORTH_AMERICA:0.93;OCEANIA:0.05,116461,160207,126499,Brown anole,Q790586,60422,0.8138,LEAST_CONCERN,,,,,,Y,,,inat_pool,24.71,30.2,-97.07,-80.12,68,
156,tree,3040232,Populus deltoides,Eastern Cottonwood,species,Salicaceae,NORTH_AMERICA,gbif majority records,NORTH_AMERICA:0.95;EUROPE:0.04,52119,66436,37243,Populus deltoides,Q149319,86973,0.8131,LEAST_CONCERN,,,,,,,,,inat_pool,,,,,,
157,tree,3190474,Azadirachta indica,Neem,species,Meliaceae,ASIA,manual (native/origin),ASIA:0.65;OCEANIA:0.16;AFRICA:0.11;SOUTH_AMERICA:0.05;NORTH_AMERICA:0.03,319135,21609,62100,Azadirachta indica,Q170461,232689,0.8122,LEAST_CONCERN,,,,,,,planted widely,,seed,8.78,22.96,75.53,80.54,43,
158,bird,2474377,Fulica atra,Eurasian Coot,species,Rallidae,EUROPE,gbif majority records,EUROPE:0.79;OCEANIA:0.12;ASIA:0.08,482,187373,5959224,Eurasian coot,Q25376,80951,0.8121,LEAST_CONCERN,,,,,,,,,inat_pool,55.69,59.44,11.99,18.27,48,
159,mammal,4264680,Myocastor coypus,Coypu,species,Myocastoridae,EUROPE,gbif majority records,EUROPE:0.89;NORTH_AMERICA:0.06,43997,42840,175495,Nutria,Q187704,580815,0.8108,LEAST_CONCERN,,,,,,,,,inat_pool,,,,,,
160,bird,9409796,Corvus corone,Carrion Crow,species,Corvidae,EUROPE,gbif majority records,EUROPE:0.98,204496,120921,5757331,Carrion crow,Q26198,154155,0.8106,LEAST_CONCERN,,,,,,,,,inat_pool,38.44,59.95,5.56,67.44,110,
161,bird,9616058,Falco tinnunculus,Eurasian Kestrel,species,Falconidae,EUROPE,gbif majority records,EUROPE:0.91;ASIA:0.07,472766,146089,5794715,Common kestrel,Q26490,114140,0.8091,LEAST_CONCERN,,,,,,,,,inat_pool,,,,,,
162,tree,2687182,Tsuga canadensis,eastern hemlock,species,Pinaceae,NORTH_AMERICA,manual (native/origin),NORTH_AMERICA:0.97,48734,84245,65455,Tsuga canadensis,Q1137143,47355,0.8076,NEAR_THREATENED,,,,,,,,,seed,36.17,46.2,-88.44,-70.77,134,
163,mammal,2440974,Odocoileus hemionus,Mule Deer,species,Cervidae,NORTH_AMERICA,gbif majority records,NORTH_AMERICA:1.00,42220,208398,149741,Mule deer,Q338831,179743,0.8073,LEAST_CONCERN,,,,,,,,,inat_pool,32.98,49.96,-123.98,-105.06,119,
164,bird,2494686,Carduelis carduelis,European Goldfinch,species,Fringillidae,EUROPE,gbif majority records,EUROPE:0.91;OCEANIA:0.07,9398,129689,6461394,European goldfinch,Q25418,119149,0.8067,LEAST_CONCERN,,,,,,,,,inat_pool,55.58,60.5,11.95,18.13,89,
165,tree,5285053,Pinus ponderosa,Western Ponderosa Pine,species,Pinaceae,NORTH_AMERICA,manual (native/origin),NORTH_AMERICA:0.99,48461,39993,68869,Pinus ponderosa,Q460523,81258,0.806,LEAST_CONCERN,,,,,,,,,seed,35.95,50.15,-120.67,-103.58,78,
166,wild_plant,2888353,Monotropa uniflora,Ghost Pipe,species,Ericaceae,NORTH_AMERICA,gbif majority records,NORTH_AMERICA:0.99,49477,120146,94040,Monotropa uniflora,Q1156848,144712,0.8056,NOT_EVALUATED,,,,,,,,,inat_pool,,,,,,
167,tree,2683909,Sequoia sempervirens,coast redwood,species,Cupressaceae,NORTH_AMERICA,manual (native/origin),NORTH_AMERICA:0.76;EUROPE:0.23,47372,42552,25345,Sequoia sempervirens,Q150129,219691,0.8049,ENDANGERED,,,,,,,,,seed,36.46,41.79,-124.12,-121.68,30,
168,crop,9206251,Helianthus annuus,Common Sunflower,species,Asteraceae,NORTH_AMERICA,manual (native/origin),EUROPE:0.54;NORTH_AMERICA:0.42,57983,87672,82928,Common sunflower,Q171497,302887,0.8009,LEAST_CONCERN,,,,,,,cultivated; oilseed,,seed,25.5,51.06,-117.84,34.82,107,
169,tree,2956176,Delonix regia,Flamboyant,species,Fabaceae,ASIA,gbif majority records,ASIA:0.70;NORTH_AMERICA:0.11;AFRICA:0.10;SOUTH_AMERICA:0.05;OCEANIA:0.04,62839,34220,32586,Delonix regia,Q238486,173582,0.7972,LEAST_CONCERN,,,,,,,,,inat_pool,-19.24,23.74,-90.31,124.84,129,
170,bird,5231198,Passer montanus,Eurasian Tree Sparrow,species,Passeridae,EUROPE,gbif majority records,EUROPE:0.67;ASIA:0.30,13851,159505,4306264,Eurasian tree sparrow,Q25968,103441,0.797,LEAST_CONCERN,,,,,,,,,inat_pool,24.24,59.99,11.07,127.1,171,
171,mammal,2435246,Lynx rufus,Bobcat,species,Felidae,NORTH_AMERICA,gbif majority records,NORTH_AMERICA:1.00,41976,55670,92311,Bobcat,Q131907,705528,0.7954,LEAST_CONCERN,,,,,,,,,inat_pool,,,,,,
172,mammal,2433407,Ursus americanus,American Black Bear,species,Ursidae,NORTH_AMERICA,gbif majority records,NORTH_AMERICA:1.00,41638,96747,59007,American black bear,Q122783,563780,0.7906,LEAST_CONCERN,,,,,,,,,inat_pool,34.31,58.36,-133.13,-71.95,191,
173,bird,6100954,Coloeus monedula,Eurasian Jackdaw,species,Corvidae,EUROPE,gbif majority records,EUROPE:0.98,336399,108947,4811479,Western jackdaw,Q25345384,136926,0.7898,NOT_EVALUATED,,,,,,,,,inat_pool,54.84,63.41,5.7,38.89,87,
174,insect_arachnid,8225376,Papilio machaon,Old World Swallowtail,species,Papilionidae,EUROPE,gbif majority records,EUROPE:0.96;ASIA:0.03,56529,68861,493900,Papilio machaon,Q179530,52635,0.7879,NOT_EVALUATED,,,,,,,,Y,seed,35.59,52.2,-5.03,34.87,176,
175,tree,5361872,Ulmus americana,American elm,species,Ulmaceae,NORTH_AMERICA,gbif majority records,NORTH_AMERICA:1.00,53547,80636,45560,Ulmus americana,Q469382,48569,0.7867,ENDANGERED,,,,,,,,,inat_pool,29.77,45.34,-97.84,-73.93,131,
176,bird,2477968,Dendrocopos major,Great Spotted Woodpecker,species,Picidae,EUROPE,gbif majority records,EUROPE:0.98,17871,155059,5388265,Great spotted woodpecker,Q26209,80707,0.7864,LEAST_CONCERN,,,,,,,,,inat_pool,56.15,65.59,12.33,24.6,125,
177,bird,5229493,Garrulus glandarius,Eurasian Jay,species,Corvidae,EUROPE,gbif majority records,EUROPE:0.95;ASIA:0.05,8088,109144,4297041,Eurasian jay,Q25354,146180,0.7863,LEAST_CONCERN,,,,,,,,,inat_pool,56.49,65.59,12.33,21.98,129,
178,tree,3176787,Eucalyptus globulus,Tasmanian blue gum,species,Myrtaceae,OCEANIA,manual (native/origin),EUROPE:0.78;OCEANIA:0.11;SOUTH_AMERICA:0.09,53398,21340,158744,Eucalyptus globulus,Q159528,75538,0.7842,LEAST_CONCERN,,,,,,,"forestry, planted worldwide",,seed,-38.55,38.67,-122.11,149.48,56,
179,crop,2925303,Lantana camara,common lantana,species,Verbenaceae,SOUTH_AMERICA,manual (native/origin),OCEANIA:0.48;AFRICA:0.17;ASIA:0.14;NORTH_AMERICA:0.08;SOUTH_AMERICA:0.08;EUROPE:0.05,50333,100721,125242,Lantana camara,Q332469,145711,0.7803,NOT_EVALUATED,,,,,,Y,"cultivated; ornamental, invasive in many regions",,seed,-34.01,32.52,-73.55,152.94,141,
180,mammal,2436886,Sylvilagus floridanus,Eastern Cottontail,species,Leporidae,NORTH_AMERICA,gbif majority records,NORTH_AMERICA:0.98,43111,211619,153403,Eastern cottontail,Q774716,112072,0.7799,LEAST_CONCERN,,,,,,,,,inat_pool,26.89,47.67,-122.29,-71.09,152,
181,tree,2970418,Leucaena leucocephala,White leadtree,species,Fabaceae,ASIA,gbif majority records,ASIA:0.28;SOUTH_AMERICA:0.21;OCEANIA:0.18;AFRICA:0.15;NORTH_AMERICA:0.15,47447,42364,49178,Leucaena leucocephala,Q35905,65417,0.7795,NOT_EVALUATED,,,,,,,,,inat_pool,-23.83,29.99,-157.68,177.16,111,
182,tree,2984481,Celtis occidentalis,common hackberry,species,Cannabaceae,NORTH_AMERICA,gbif majority records,NORTH_AMERICA:0.92;EUROPE:0.08,54857,49384,28899,Celtis occidentalis,Q470006,79221,0.7777,LEAST_CONCERN,,,,,,,,,inat_pool,37.33,47.46,-94.67,17.46,148,
183,tree,9605163,Magnolia grandiflora,southern magnolia,species,Magnoliaceae,NORTH_AMERICA,gbif majority records,NORTH_AMERICA:0.93;EUROPE:0.03,83074,70278,19897,Magnolia grandiflora,Q161116,88495,0.7776,LEAST_CONCERN,,,,,,,,,inat_pool,27.88,38.33,-93.09,-75.08,141,
184,mammal,5219683,Sciurus niger,Eastern Fox Squirrel,species,Sciuridae,NORTH_AMERICA,gbif majority records,NORTH_AMERICA:1.00,46020,171325,134441,Fox squirrel,Q694296,144470,0.7758,LEAST_CONCERN,,,,,,,,,inat_pool,29.46,42.71,-119.19,-84.47,85,
185,herp,6161347,Natrix natrix,grass snake,species,Colubridae,EUROPE,gbif majority records,EUROPE:0.99,966787,36722,146591,Grass snake,Q170713,122225,0.7757,LEAST_CONCERN,,,,,,,,,inat_pool,46.81,59.35,9.5,45.06,158,
186,tree,3189882,Acer palmatum,Japanese maple,species,Sapindaceae,ASIA,gbif majority records,ASIA:0.49;NORTH_AMERICA:0.38;EUROPE:0.11,63512,62198,16945,Acer palmatum,Q269224,102536,0.7742,LEAST_CONCERN,,,,,,,,,inat_pool,,,,,,
187,tree,6369819,Sambucus canadensis,American black elderberry,species,Viburnaceae,NORTH_AMERICA,gbif majority records,NORTH_AMERICA:0.98,84300,83004,51484,Sambucus canadensis,Q21877280,31474,0.7734,NOT_EVALUATED,,,,,,,,,inat_pool,28.6,41.88,-96.72,-75.95,160,
188,bird,5229167,Milvus migrans,Black Kite,species,Accipitridae,ASIA,gbif majority records,ASIA:0.44;EUROPE:0.38;OCEANIA:0.11;AFRICA:0.08,5268,130012,2789684,Black kite,Q80362,134709,0.7727,LEAST_CONCERN,,,,,,,,,inat_pool,-36.63,34.65,-15.35,150.11,153,
189,wild_plant,3003244,Rosa multiflora,multiflora rose,species,Rosaceae,NORTH_AMERICA,gbif majority records,NORTH_AMERICA:0.72;EUROPE:0.20;ASIA:0.08,78882,133574,109114,Rosa multiflora,Q133617,53576,0.7725,NOT_EVALUATED,,,,,,,,,inat_pool,34.03,51.7,-87.71,7.0,143,
190,bird,5228199,Gallinula chloropus,Eurasian Moorhen,species,Rallidae,EUROPE,gbif majority records,EUROPE:0.53;NORTH_AMERICA:0.28;ASIA:0.11;SOUTH_AMERICA:0.04;AFRICA:0.04,201282,134919,6100329,Common moorhen,Q18847,66824,0.7707,LEAST_CONCERN,,,,,,,,,inat_pool,55.59,59.39,11.98,17.97,36,
191,tree,3172499,Jacaranda mimosifolia,blue jacaranda,species,Bignoniaceae,SOUTH_AMERICA,manual (native/origin),OCEANIA:0.46;AFRICA:0.18;EUROPE:0.16;ASIA:0.11;SOUTH_AMERICA:0.05;NORTH_AMERICA:0.03,77541,29127,22473,Jacaranda mimosifolia,Q838818,211712,0.7692,VULNERABLE,,,,,,,ornamental worldwide,,seed,-33.94,32.65,-96.52,153.04,119,
192,tree,3082270,Cornus canadensis,Canadian bunchberry,species,Cornaceae,NORTH_AMERICA,gbif majority records,NORTH_AMERICA:0.97,47192,71230,66222,Cornus canadensis,Q1420828,26846,0.769,NOT_EVALUATED,,,,,,,,,inat_pool,42.47,52.35,-114.08,-63.45,150,
193,tree,5414250,Ilex vomitoria,Yaupon Holly,species,Aquifoliaceae,NORTH_AMERICA,gbif majority records,NORTH_AMERICA:1.00,119955,41713,25600,Ilex vomitoria,Q1010694,94257,0.7673,LEAST_CONCERN,,,,,,,,,inat_pool,28.91,35.71,-98.47,-77.92,106,
194,crop,3020791,Prunus avium,wild cherry,species,Rosaceae,EUROPE,manual (native/origin),EUROPE:0.99,61964,64830,632008,Prunus avium,Q165137,103357,0.7666,LEAST_CONCERN,,,,,,,cultivated; fruit,,seed,44.41,58.63,-73.76,18.23,117,
195,crop,5358748,Trifolium repens,white clover,species,Fabaceae,EUROPE,manual (native/origin),EUROPE:0.90;NORTH_AMERICA:0.06,55745,262955,1739284,Trifolium repens,Q148675,72519,0.766,NOT_EVALUATED,,,,,,,cultivated; forage/pasture,,seed,-51.25,48.41,-121.91,169.78,172,
196,fish,4286942,Carassius auratus,Goldfish,species,Cyprinidae,ASIA,manual (native/origin),ASIA:0.44;EUROPE:0.21;OCEANIA:0.20;NORTH_AMERICA:0.15,58612,17828,76706,Goldfish,Q123141,250518,0.7658,LEAST_CONCERN,,,,,,Y,domesticated/invasive,,seed,-36.43,55.53,-111.82,144.74,160,
197,mammal,5219616,Erinaceus europaeus,Common Hedgehog,species,Erinaceidae,EUROPE,gbif majority records,EUROPE:1.00,43042,50248,906564,European hedgehog,Q6145,84394,0.7641,NEAR_THREATENED,,,,,,,,,inat_pool,-36.89,55.98,-3.16,172.46,159,
198,bird,2480876,Egretta garzetta,Little Egret,species,Ardeidae,EUROPE,gbif majority records,EUROPE:0.47;ASIA:0.41;AFRICA:0.07;OCEANIA:0.06,4943,137385,3855011,Little egret,Q131709,79138,0.764,LEAST_CONCERN,,,,,,,,,inat_pool,1.44,53.05,-6.41,120.97,114,
199,insect_arachnid,1340405,Bombus pascuorum,Common Carder Bumble Bee,species,Apidae,EUROPE,gbif majority records,EUROPE:1.00,55637,111854,775603,Bombus pascuorum,Q267532,12359,0.764,NOT_EVALUATED,,,,,,,,Y,seed,49.83,53.2,4.15,9.5,67,
200,wild_plant,5400552,Ageratina altissima,white snakeroot,species,Asteraceae,NORTH_AMERICA,gbif majority records,NORTH_AMERICA:0.98,119048,121108,68652,Ageratina altissima,Q3271463,68286,0.7639,NOT_EVALUATED,,,,,,,,,inat_pool,37.6,45.04,-93.31,-72.55,151,
201,insect_arachnid,1820406,Lymantria dispar,Spongy Moth,species,Erebidae,EUROPE,gbif majority records,EUROPE:0.70;NORTH_AMERICA:0.27;ASIA:0.03,47802,83844,144906,Lymantria dispar,Q45532,42774,0.7636,NOT_EVALUATED,,,,,,,forest pest,Y,seed,49.9,53.15,4.3,9.44,60,
202,tree,5357108,Cassia fistula,Golden Shower Tree,species,Fabaceae,ASIA,gbif majority records,ASIA:0.94,68679,18558,42700,Cassia fistula,Q161117,120443,0.7626,LEAST_CONCERN,,,,,,,,,inat_pool,8.78,28.51,-66.05,80.13,65,
203,bird,2489005,Acridotheres tristis,Common Myna,species,Sturnidae,ASIA,gbif majority records,ASIA:0.60;OCEANIA:0.32;AFRICA:0.07,204454,71795,3560938,Common myna,Q116667,155593,0.76,LEAST_CONCERN,,,,,,Y,,,inat_pool,-38.31,-19.46,144.68,152.93,59,
204,bird,2493091,Phylloscopus collybita,Common Chiffchaff,species,Phylloscopidae,EUROPE,gbif majority records,EUROPE:0.97,117016,98303,7152657,Common chiffchaff,Q185784,77069,0.7583,LEAST_CONCERN,,,,,,,,,inat_pool,35.31,50.74,-9.14,23.01,133,
205,bird,2498036,Anser anser,Greylag Goose,species,Anatidae,EUROPE,gbif majority records,EUROPE:0.97,7018,103915,4904448,Greylag goose,Q25882,89879,0.757,LEAST_CONCERN,,,,,,,,,inat_pool,49.96,59.37,3.59,17.99,76,
206,wild_plant,7568403,Larrea tridentata,Creosote Bush,species,Zygophyllaceae,NORTH_AMERICA,gbif majority records,NORTH_AMERICA:1.00,68205,107988,99004,Larrea tridentata,Q965954,65909,0.7547,NOT_EVALUATED,,,,,,,,,inat_pool,31.35,36.35,-116.76,-106.73,74,
207,crop,3190638,Mangifera indica,Indian mango,species,Anacardiaceae,ASIA,manual (native/origin),ASIA:0.89;SOUTH_AMERICA:0.04;AFRICA:0.03,48872,40973,148961,Mangifera indica,Q3919027,163294,0.7528,DATA_DEFICIENT,,,,,,,cultivated; fruit,,seed,-6.74,25.23,-86.87,108.54,131,
208,bird,9752149,Phasianus colchicus,Ring-necked Pheasant,species,Phasianidae,EUROPE,gbif majority records,EUROPE:0.67;NORTH_AMERICA:0.29,981,75775,3429491,Common pheasant,Q25432,141666,0.752,LEAST_CONCERN,,,,,,,,,inat_pool,49.93,56.28,3.05,12.32,70,
209,mammal,2439838,Castor canadensis,American Beaver,species,Castoridae,NORTH_AMERICA,gbif majority records,NORTH_AMERICA:0.66;SOUTH_AMERICA:0.34,43794,85279,99587,North American beaver,Q81056,174629,0.7515,LEAST_CONCERN,,,,,,,,,inat_pool,32.0,48.5,-122.77,-71.33,187,
210,bird,2489450,Gymnorhina tibicen,Australian Magpie,species,Cracticidae,OCEANIA,gbif majority records,OCEANIA:1.00,8575,67638,2923815,Australian magpie,Q1140949,168219,0.7489,LEAST_CONCERN,,,,,,,,,inat_pool,-38.38,-24.6,116.53,153.06,102,
211,bird,2495000,Aegithalos caudatus,Long-tailed Tit,species,Aegithalidae,EUROPE,gbif majority records,EUROPE:0.97,7278,82671,3268799,Long-tailed tit,Q170831,124949,0.7482,LEAST_CONCERN,,,,,,,,,inat_pool,49.75,59.54,7.08,17.06,134,
212,mammal,8600904,Cervus canadensis,Wapiti,species,Cervidae,NORTH_AMERICA,gbif majority records,NORTH_AMERICA:0.98,204114,63541,43356,Elk,Q180404,439459,0.7482,LEAST_CONCERN,,,,,,,,,inat_pool,35.43,51.5,-124.15,-82.06,101,
213,herp,9537238,Hemidactylus frenatus,Asian House Gecko,species,Gekkonidae,ASIA,gbif majority records,ASIA:0.42;OCEANIA:0.25;NORTH_AMERICA:0.21;SOUTH_AMERICA:0.10,51940,49871,46563,Common house gecko,Q1931739,145075,0.7472,NOT_EVALUATED,,,,,,,,,inat_pool,-27.51,24.16,-96.2,153.08,151,
214,wild_plant,3033839,Podophyllum peltatum,mayapple,species,Berberidaceae,NORTH_AMERICA,gbif majority records,NORTH_AMERICA:1.00,49288,120660,100561,Podophyllum peltatum,Q1572090,51157,0.7465,LEAST_CONCERN,,,,,,,,,inat_pool,34.02,41.66,-94.03,-75.71,169,
215,tree,2979474,Acacia dealbata,Silver wattle,species,Fabaceae,OCEANIA,manual (native/origin),OCEANIA:0.51;EUROPE:0.40;NORTH_AMERICA:0.03,53343,28686,70594,Acacia dealbata,Q757123,48803,0.7445,LEAST_CONCERN,,,,,,Y,invasive in many regions,,seed,-43.46,43.47,-122.13,172.63,119,
216,mammal,4409131,Castor fiber,Eurasian Beaver,species,Castoridae,EUROPE,gbif majority records,EUROPE:1.00,43793,29297,416411,Eurasian beaver,Q181191,125811,0.7422,LEAST_CONCERN,,,,,,,,,inat_pool,47.92,53.15,4.6,12.36,67,
217,mammal,2439923,Didelphis virginiana,Virginia Opossum,species,Didelphidae,NORTH_AMERICA,gbif majority records,NORTH_AMERICA:1.00,42652,76739,61812,Virginia opossum,Q147267,216105,0.7407,LEAST_CONCERN,,,,,,,,,inat_pool,19.59,43.9,-118.48,-73.92,155,
218,tree,2925649,Tectona grandis,Teak,species,Lamiaceae,ASIA,manual (native/origin),ASIA:0.85;AFRICA:0.09;SOUTH_AMERICA:0.04,62887,8876,53371,Teak,Q156938,187415,0.7401,ENDANGERED,,,,,,,"plantation forestry, planted widely",,seed,8.78,13.16,75.43,79.79,23,
219,crop,3042636,Brassica napus,rapeseed,species,Brassicaceae,EUROPE,manual (native/origin),EUROPE:0.97,75869,14991,107128,Rapeseed,Q177932,366724,0.7381,NOT_EVALUATED,,,,,,,cultivated; oilseed,,seed,41.38,53.93,-3.45,25.73,193,
220,crop,2930262,Solanum tuberosum,potato,species,Solanaceae,SOUTH_AMERICA,manual (native/origin),EUROPE:0.80;SOUTH_AMERICA:0.11;NORTH_AMERICA:0.04,53858,13649,36879,Potato,Q10998,707533,0.7372,NOT_EVALUATED,,,,,,,cultivated; root/tuber,,seed,-38.99,55.44,-118.11,169.72,200,
221,bird,2492956,Sylvia atricapilla,Eurasian Blackcap,species,Sylviidae,EUROPE,gbif majority records,EUROPE:0.98,15282,73795,6471865,Eurasian blackcap,Q188446,76795,0.7359,LEAST_CONCERN,,,,,,,,,inat_pool,36.78,59.42,-7.92,24.04,164,
222,bird,2482513,Corvus frugilegus,Rook,species,Corvidae,EUROPE,gbif majority records,EUROPE:0.97,8029,60445,1834862,Rook (bird),Q25386,213482,0.7352,LEAST_CONCERN,,,,,,,,,inat_pool,39.56,63.43,5.54,68.42,58,
223,insect_arachnid,1340301,Bombus lapidarius,Red-tailed Bumble Bee,species,Apidae,EUROPE,gbif majority records,EUROPE:1.00,57619,46982,349934,Bombus lapidarius,Q1950127,24222,0.7335,NOT_EVALUATED,,,,,,,,Y,seed,48.56,53.13,3.5,12.3,104,
224,crop,5330776,Colocasia esculenta,Taro,species,Araceae,ASIA,manual (native/origin),NORTH_AMERICA:0.28;EUROPE:0.22;ASIA:0.20;OCEANIA:0.13;AFRICA:0.11;SOUTH_AMERICA:0.06,122835,26001,19582,Taro,Q227997,530879,0.7333,LEAST_CONCERN,,,,,,,cultivated; root/tuber,,seed,-33.77,33.79,-98.19,152.98,175,
225,fish,2394563,Micropterus salmoides,Florida Bass,species,Centrarchidae,NORTH_AMERICA,manual (native/origin),NORTH_AMERICA:0.92;EUROPE:0.04,49587,5354,162798,Largemouth bass,Q755105,141600,0.7321,LEAST_CONCERN,,,,,,Y,stocked/invasive worldwide,,seed,25.38,43.88,-84.47,-69.86,61,
226,mammal,5220170,Rupicapra rupicapra,Northern Chamois,species,Bovidae,EUROPE,gbif majority records,EUROPE:1.00,42347,17146,493743,Chamois,Q131340,180715,0.7316,LEAST_CONCERN,,,,,,,,,inat_pool,43.12,47.93,5.69,22.37,102,
227,tree,5406697,Ceiba pentandra,Kapok Tree,species,Malvaceae,AFRICA,manual (native/origin),SOUTH_AMERICA:0.43;AFRICA:0.27;NORTH_AMERICA:0.16;ASIA:0.14,62809,17546,26152,Ceiba pentandra,Q138617,120721,0.7309,LEAST_CONCERN,,,,,,,,,seed,5.38,24.83,-107.36,88.23,59,
228,tree,5361935,Ficus religiosa,Sacred fig,species,Moraceae,ASIA,manual (native/origin),ASIA:0.97,127514,14752,25137,Ficus religiosa,Q3071706,170391,0.7282,LEAST_CONCERN,,,,,,,,,seed,9.13,32.1,35.56,114.26,91,
229,mammal,2440254,Trichosurus vulpecula,Common Brushtail Possum,species,Phalangeridae,OCEANIA,gbif majority records,OCEANIA:1.00,42808,25454,371419,Common brushtail possum,Q732477,126963,0.7267,LEAST_CONCERN,,,,,,,,,inat_pool,-42.68,-17.67,132.25,172.64,96,
230,wild_plant,2867316,Arisaema triphyllum,Jack-in-the-Pulpit,species,Araceae,NORTH_AMERICA,gbif majority records,NORTH_AMERICA:1.00,50310,113843,74482,Arisaema triphyllum,Q2716758,52687,0.7246,NOT_EVALUATED,,,,,,,,,inat_pool,38.92,44.97,-93.29,-71.46,154,
231,tree,2979000,Acacia melanoxylon,blackwood,species,Fabaceae,OCEANIA,manual (native/origin),OCEANIA:0.73;EUROPE:0.11;SOUTH_AMERICA:0.09;AFRICA:0.05;NORTH_AMERICA:0.03,53344,29930,71579,Acacia melanoxylon,Q386585,28280,0.7229,NOT_EVALUATED,,,,,,Y,invasive in places,,seed,-41.55,40.47,-122.25,153.27,102,
232,crop,2874484,Carica papaya,Papaya,species,Caricaceae,NORTH_AMERICA,manual (native/origin),NORTH_AMERICA:0.34;SOUTH_AMERICA:0.26;ASIA:0.23;AFRICA:0.09;OCEANIA:0.07,62811,43127,25021,Papaya,Q34887,320918,0.7224,DATA_DEFICIENT,,,,,,,cultivated; fruit,,seed,-24.33,26.84,-156.04,130.52,215,
233,crop,2705181,Sorghum bicolor,Sorghum,species,Poaceae,AFRICA,manual (native/origin),AFRICA:0.61;ASIA:0.26;EUROPE:0.07;NORTH_AMERICA:0.04,58389,10660,79428,Sorghum,Q332062,441560,0.7218,NOT_EVALUATED,,,,,,,cultivated; cereal,,seed,21.89,53.15,-117.76,120.29,171,
234,mammal,2437282,Tamiasciurus hudsonicus,American Red Squirrel,species,Sciuridae,NORTH_AMERICA,gbif majority records,NORTH_AMERICA:0.99,46260,102327,97647,American red squirrel,Q326976,95774,0.7173,LEAST_CONCERN,,,,,,,,,inat_pool,41.1,53.69,-117.79,-60.09,153,
235,crop,2984535,Humulus lupulus,common hops,species,Cannabaceae,EUROPE,manual (native/origin),EUROPE:0.98,53779,45384,412372,Humulus lupulus,Q104212,73805,0.7169,NOT_EVALUATED,,,,,,,cultivated; beverage,,seed,44.37,52.95,3.13,41.01,123,
236,insect_arachnid,1651430,Aedes albopictus,Asian Tiger Mosquito,species,Culicidae,NORTH_AMERICA,gbif majority records,NORTH_AMERICA:0.32;EUROPE:0.29;ASIA:0.20;AFRICA:0.14;SOUTH_AMERICA:0.03,62984,21297,131429,Aedes albopictus,Q477918,180449,0.7169,NOT_EVALUATED,,,,,,Y,"disease vector, invasive",Y,seed,,,,,,
237,wild_plant,5334192,Sanguinaria canadensis,bloodroot,species,Papaveraceae,NORTH_AMERICA,gbif majority records,NORTH_AMERICA:1.00,51044,105918,84725,Sanguinaria,Q14566105,51482,0.7151,LEAST_CONCERN,,,,,,,,,inat_pool,34.92,41.29,-90.81,-75.57,143,
238,crop,3034046,Persea americana,Avocado,species,Lauraceae,NORTH_AMERICA,manual (native/origin),NORTH_AMERICA:0.44;SOUTH_AMERICA:0.29;AFRICA:0.10;OCEANIA:0.09;ASIA:0.05,62831,24656,12117,Avocado,Q37153,680266,0.7147,LEAST_CONCERN,,,,,,,cultivated; fruit,,seed,-36.75,50.9,-155.93,153.56,169,
239,crop,8149923,Prunus persica,Peach,species,Rosaceae,ASIA,manual (native/origin),EUROPE:0.53;NORTH_AMERICA:0.22;ASIA:0.16;OCEANIA:0.05,78755,33157,35360,Peach,Q13189,306645,0.7137,NOT_EVALUATED,,,,,,,cultivated; fruit,,seed,-37.91,52.52,-98.82,173.2,206,
240,crop,2993094,Rubus idaeus,red raspberry,species,Rosaceae,EUROPE,manual (native/origin),EUROPE:0.96,54436,88882,750570,Rubus idaeus,Q12252383,48467,0.7095,NOT_EVALUATED,,,,,,,cultivated; fruit,,seed,46.39,56.91,-3.15,37.41,100,
241,mammal,5786666,Hydrochoerus hydrochaeris,Capybara,species,Caviidae,SOUTH_AMERICA,gbif majority records,SOUTH_AMERICA:0.99,74442,18711,26954,Capybara,Q131538,1385678,0.7067,LEAST_CONCERN,,,,,,,,,inat_pool,-34.54,2.16,-74.09,-43.74,74,
242,tree,11869920,Eucalyptus camaldulensis,River Red Gum,species,Myrtaceae,OCEANIA,manual (native/origin),EUROPE:0.68;OCEANIA:0.28,64128,17782,82520,Eucalyptus camaldulensis,Q162822,33605,0.7023,NOT_EVALUATED,,,,,,,"forestry, planted worldwide",,seed,-35.96,33.07,18.85,144.87,55,
243,herp,6159223,Lacerta agilis,Sand Lizard,species,Lacertidae,EUROPE,gbif majority records,EUROPE:0.99,35912,41537,217964,Sand lizard,Q148595,27821,0.7011,LEAST_CONCERN,,,,,,,,,inat_pool,47.69,54.07,-0.7,24.59,116,
244,bird,2479694,Trichoglossus moluccanus,Rainbow Lorikeet,species,Psittacidae,OCEANIA,gbif majority records,OCEANIA:1.00,980095,43169,1592116,Rainbow lorikeet,Q1809222,141079,0.6995,LEAST_CONCERN,,,,,,,,,inat_pool,-38.16,-19.33,138.61,153.1,67,
245,tree,3183840,Syzygium cumini,Java plum,species,Myrtaceae,ASIA,gbif majority records,ASIA:0.89;AFRICA:0.03;SOUTH_AMERICA:0.03,169518,8385,33058,Syzygium cumini,Q232571,131886,0.6979,LEAST_CONCERN,,,,,,,,,inat_pool,-12.93,28.98,-81.77,87.26,90,
246,mammal,5219404,Panthera leo,Lion,species,Felidae,AFRICA,gbif majority records,AFRICA:0.96,41964,25401,16861,Lion,Q140,1337116,0.6955,VULNERABLE,,,,,,,,,inat_pool,-32.27,0.07,23.45,37.22,84,
247,wild_plant,2969284,Mimosa pudica,Sensitive Plant,species,Fabaceae,ASIA,gbif majority records,ASIA:0.48;NORTH_AMERICA:0.16;SOUTH_AMERICA:0.16;OCEANIA:0.13;AFRICA:0.07,51921,35170,29032,Mimosa pudica,Q148532,222902,0.6949,LEAST_CONCERN,,,,,,,,,inat_pool,-19.25,25.41,-158.05,145.75,172,
248,fish,8140485,Perca fluviatilis,European Perch,species,Percidae,EUROPE,manual (native/origin),EUROPE:0.97;OCEANIA:0.03,109062,11826,590594,European perch,Q166812,53425,0.6947,LEAST_CONCERN,,,,,,,,,seed,46.98,58.56,-2.1,48.04,155,
249,mammal,5219426,Panthera onca,Jaguar,species,Felidae,SOUTH_AMERICA,gbif majority records,SOUTH_AMERICA:0.91;NORTH_AMERICA:0.09,41970,8903,143395,Jaguar,Q35694,982568,0.6909,NEAR_THREATENED,,,,,,,,,inat_pool,-19.96,17.39,-90.7,-56.31,74,
250,tree,3190642,Schinus molle,Peruvian Pepper Tree,species,Anacardiaceae,SOUTH_AMERICA,manual (native/origin),NORTH_AMERICA:0.36;OCEANIA:0.21;EUROPE:0.21;SOUTH_AMERICA:0.11;AFRICA:0.09,57354,29262,20224,Schinus molle,Q855896,57263,0.689,LEAST_CONCERN,,,,,,Y,ornamental/invasive in places,,seed,-33.57,37.41,-118.33,25.77,107,
251,crop,2928551,Ipomoea batatas,sweet potato,species,Convolvulaceae,SOUTH_AMERICA,manual (native/origin),SOUTH_AMERICA:0.51;NORTH_AMERICA:0.21;ASIA:0.13;AFRICA:0.08;OCEANIA:0.04,62941,16165,22372,Sweet potato,Q37937,438862,0.6839,DATA_DEFICIENT,,,,,,,cultivated; root/tuber,,seed,-23.43,36.3,-99.14,121.6,191,
252,tree,7467639,Ficus microcarpa,Chinese banyan,species,Moraceae,ASIA,gbif majority records,ASIA:0.72;OCEANIA:0.15;NORTH_AMERICA:0.07;AFRICA:0.04,54982,31312,10451,Ficus microcarpa,Q714180,87239,0.6824,LEAST_CONCERN,,,,,,,,,inat_pool,5.72,36.72,-157.78,121.73,88,
253,tree,2972960,Samanea saman,Monkey pod tree,species,Fabaceae,ASIA,gbif majority records,ASIA:0.61;SOUTH_AMERICA:0.35,281371,10217,36395,Samanea saman,Q259500,75376,0.6809,LEAST_CONCERN,,,,,,,,,inat_pool,8.5,21.02,-74.22,100.74,50,
254,mammal,2437438,Tamias striatus,Eastern Chipmunk,species,Sciuridae,NORTH_AMERICA,gbif majority records,NORTH_AMERICA:1.00,46217,111008,94561,Eastern chipmunk,Q692664,51779,0.6809,LEAST_CONCERN,,,,,,,,,inat_pool,33.84,45.56,-92.14,-72.02,155,
255,herp,2470685,Varanus salvator,Common Water Monitor,species,Varanidae,ASIA,gbif majority records,ASIA:0.99,114891,29757,20411,Asian water monitor,Q655616,207204,0.6808,LEAST_CONCERN,,,,,,,,,inat_pool,1.19,14.35,80.32,115.34,66,
256,fish,2359706,Rutilus rutilus,Common Roach,species,Cyprinidae,EUROPE,manual (native/origin),EUROPE:1.00,69989,5957,1072168,Common roach,Q182976,47811,0.6775,LEAST_CONCERN,,,,,,,,,seed,48.0,59.71,-2.68,41.74,138,
257,crop,2706056,Hordeum vulgare,Common Barley,species,Poaceae,ASIA,manual (native/origin),EUROPE:0.68;ASIA:0.19;AFRICA:0.08,57182,5512,93411,Barley,Q11577,435258,0.6763,NOT_EVALUATED,,,,,,,cultivated; cereal,,seed,-34.95,59.63,-79.07,148.57,154,
258,fish,2350580,Gambusia affinis,Western Mosquitofish,species,Poeciliidae,NORTH_AMERICA,manual (native/origin),NORTH_AMERICA:0.82;EUROPE:0.07;OCEANIA:0.07;ASIA:0.04,59115,22064,84663,Mosquitofish,Q723904,62782,0.6759,LEAST_CONCERN,,,,,,Y,invasive worldwide,,seed,29.77,40.38,-122.19,120.17,132,
259,insect_arachnid,2149490,Nephila pilipes,Giant Golden Orbweaver,species,Araneidae,ASIA,gbif majority records,ASIA:0.80;OCEANIA:0.20,68390,43942,29111,Nephila pilipes,Q286128,63529,0.6755,LEAST_CONCERN,,,,,,,,,inat_pool,-25.44,25.07,98.39,152.7,100,
260,insect_arachnid,1311671,Vespula vulgaris,Common European Yellowjacket,species,Vespidae,EUROPE,gbif majority records,EUROPE:0.92;OCEANIA:0.04,127777,30132,77204,Vespula vulgaris,Q260482,44685,0.6737,NOT_EVALUATED,,,,,,,,Y,seed,-43.19,63.82,-2.49,171.72,161,
261,bird,6101224,Spilopelia chinensis,Spotted Dove,species,Columbidae,ASIA,gbif majority records,ASIA:0.67;OCEANIA:0.33,1455918,63679,2757519,Spotted dove,Q116686,64289,0.6732,LEAST_CONCERN,,,,,,,,,inat_pool,-38.06,24.75,78.36,153.13,91,
262,wild_plant,3068937,Euphorbia hirta,Asthma Plant,species,Euphorbiaceae,ASIA,gbif majority records,ASIA:0.41;NORTH_AMERICA:0.25;AFRICA:0.13;OCEANIA:0.13;SOUTH_AMERICA:0.08,131560,28983,33309,Euphorbia hirta,Q36177,69421,0.6678,NOT_EVALUATED,,,,,,,,,inat_pool,-23.49,26.28,-106.8,125.83,114,
263,tree,2979775,Acacia mearnsii,black wattle,species,Fabaceae,OCEANIA,gbif majority records,OCEANIA:0.64;AFRICA:0.33,75250,17495,39229,Acacia mearnsii,Q311430,34964,0.6653,NOT_EVALUATED,,,,,,,,,inat_pool,-38.68,-25.9,18.4,147.35,74,
264,crop,2889373,Fagopyrum esculentum,Common Buckwheat,species,Polygonaceae,ASIA,manual (native/origin),EUROPE:0.93;ASIA:0.04,145601,8400,65018,Buckwheat,Q132734,397015,0.6651,NOT_EVALUATED,,,,,,,cultivated; pseudocereal,,seed,47.73,53.2,3.23,15.46,77,
265,wild_plant,2769457,Maianthemum racemosum,Solomon's plume,species,Asparagaceae,NORTH_AMERICA,gbif majority records,NORTH_AMERICA:1.00,51062,117059,94845,Maianthemum racemosum,Q3486643,15693,0.6637,NOT_EVALUATED,,,,,,,,,inat_pool,35.31,47.49,-123.34,-73.77,140,
266,tree,3181762,Leptospermum scoparium,Mānuka,species,Myrtaceae,OCEANIA,manual (native/origin),OCEANIA:0.97,54699,13611,23473,Mānuka,Q1520028,64417,0.6617,LEAST_CONCERN,,,,,,,,,seed,-45.16,-35.81,142.45,176.18,93,
267,crop,2986192,Ribes nigrum,Blackcurrant,species,Grossulariaceae,EUROPE,manual (native/origin),EUROPE:0.96;ASIA:0.03,54430,9351,118800,Blackcurrant,Q146604,262109,0.66,NOT_EVALUATED,,,,,,,cultivated; fruit,,seed,49.81,63.83,-1.43,104.13,175,
268,tree,2891930,Casuarina equisetifolia,Beach Sheoak,species,Casuarinaceae,OCEANIA,manual (native/origin),OCEANIA:0.46;NORTH_AMERICA:0.20;ASIA:0.17;AFRICA:0.13,62888,23280,14085,Casuarina equisetifolia,Q857220,59853,0.659,LEAST_CONCERN,,,,,,,planted,,seed,-28.38,27.65,-157.91,166.45,101,
269,bird,2479598,Eolophus roseicapilla,Galah,species,Psittacidae,OCEANIA,gbif majority records,OCEANIA:1.00,144560,32611,1551866,Galah,Q1253755,108565,0.659,LEAST_CONCERN,,,,,,,,,inat_pool,-38.11,-27.5,115.78,152.96,81,
270,wild_plant,3087725,Chromolaena odorata,Siam weed,species,Asteraceae,OCEANIA,gbif majority records,OCEANIA:0.35;AFRICA:0.28;ASIA:0.17;NORTH_AMERICA:0.15;SOUTH_AMERICA:0.04,199400,23913,56008,Chromolaena odorata,Q2583146,63955,0.6589,LEAST_CONCERN,,,,,,,,,inat_pool,-29.73,26.95,-95.38,145.18,82,
271,fish,2351271,Salvelinus fontinalis,Brook Trout,species,Salmonidae,NORTH_AMERICA,manual (native/origin),NORTH_AMERICA:0.81;EUROPE:0.18,49596,13909,78329,Brook trout,Q723654,79842,0.6586,LEAST_CONCERN,,,,,,,stocked,,seed,35.32,49.82,-117.64,11.41,155,
272,mammal,7872906,Talpa europaea,European Mole,species,Talpidae,EUROPE,gbif majority records,EUROPE:1.00,46970,25020,415095,European mole,Q209067,50483,0.6585,LEAST_CONCERN,,,,,,,,,inat_pool,50.95,53.2,4.35,9.96,54,
273,bird,2475648,Dacelo novaeguineae,Laughing Kookaburra,species,Alcedinidae,OCEANIA,gbif majority records,OCEANIA:1.00,2413,50683,1327240,Laughing kookaburra,Q824974,93308,0.6549,LEAST_CONCERN,,,,,,,,,inat_pool,-38.14,-26.83,138.61,153.15,84,
274,wild_plant,5361944,Broussonetia papyrifera,Paper mulberry,species,Moraceae,ASIA,gbif majority records,ASIA:0.48;EUROPE:0.34;NORTH_AMERICA:0.15,128032,39296,60994,Paper mulberry,Q389185,42233,0.6534,LEAST_CONCERN,,,,,,,,,inat_pool,22.64,45.5,-95.94,121.54,146,
275,insect_arachnid,1340416,Bombus pensylvanicus,American Bumble Bee,species,Apidae,NORTH_AMERICA,gbif majority records,NORTH_AMERICA:1.00,56887,71116,92632,Bombus pensylvanicus,Q726901,11581,0.6496,VULNERABLE,,,,,,,,Y,seed,28.62,37.35,-106.6,-81.56,110,
276,crop,3042845,Brassica oleracea,"cabbage, broccoli, and allies",species,Brassicaceae,EUROPE,manual (native/origin),EUROPE:0.87;NORTH_AMERICA:0.06,54516,22210,34995,Brassica oleracea,Q146212,238909,0.6493,DATA_DEFICIENT,,,,,,,cultivated; vegetable,,seed,-12.25,55.72,-122.21,125.54,158,
277,fish,5211250,Micropterus dolomieu,Smallmouth Bass,species,Centrarchidae,NORTH_AMERICA,manual (native/origin),NORTH_AMERICA:0.99,49590,20327,67499,Smallmouth bass,Q536224,66632,0.6479,LEAST_CONCERN,,,,,,,stocked,,seed,36.09,48.01,-122.14,-64.6,173,
278,wild_plant,3149462,Tridax procumbens,Tridax Daisy,species,Asteraceae,ASIA,gbif majority records,ASIA:0.39;NORTH_AMERICA:0.31;AFRICA:0.11;SOUTH_AMERICA:0.10;OCEANIA:0.08,169944,48729,40530,Tridax procumbens,Q2717999,47457,0.6461,NOT_EVALUATED,,,,,,,,,inat_pool,-19.94,26.4,-100.32,125.84,116,
279,crop,2932944,Capsicum annuum,chili pepper,species,Solanaceae,NORTH_AMERICA,manual (native/origin),NORTH_AMERICA:0.40;EUROPE:0.35;AFRICA:0.10;ASIA:0.07;SOUTH_AMERICA:0.06,48514,27944,22688,Capsicum annuum,Q1380,238101,0.6455,LEAST_CONCERN,,,,,,,cultivated; vegetable/spice,,seed,6.81,51.4,-111.07,98.62,108,
280,bird,2498344,Cygnus atratus,Black Swan,species,Anatidae,OCEANIA,gbif majority records,OCEANIA:0.87;EUROPE:0.12,6914,40279,862767,Black swan,Q131044,152676,0.6454,LEAST_CONCERN,,,,,,,,,inat_pool,-42.8,52.25,-0.13,173.98,107,
281,crop,2705290,Avena sativa,Common Oat,species,Poaceae,EUROPE,manual (native/origin),EUROPE:0.90;ASIA:0.03;NORTH_AMERICA:0.03,57156,5208,84387,Oat,Q12104,393560,0.6435,NOT_EVALUATED,,,,,,,cultivated; cereal,,seed,29.94,55.58,-99.83,37.37,207,
282,bird,2479888,Cacatua galerita,Sulphur-crested Cockatoo,species,Psittacidae,OCEANIA,gbif majority records,OCEANIA:1.00,116834,33228,1325629,Sulphur-crested cockatoo,Q207107,105539,0.6432,LEAST_CONCERN,,,,,,,,,inat_pool,-38.4,-20.06,142.42,153.07,85,
283,mammal,5219380,Mephitis mephitis,Striped Skunk,species,Mephitidae,NORTH_AMERICA,gbif majority records,NORTH_AMERICA:1.00,41880,49406,40340,Striped skunk,Q368495,112151,0.6418,LEAST_CONCERN,,,,,,,,,inat_pool,,,,,,
284,tree,2978730,Acacia longifolia,Longleaf Wattle,species,Fabaceae,OCEANIA,gbif majority records,OCEANIA:0.77;EUROPE:0.10;AFRICA:0.08;NORTH_AMERICA:0.04,63379,25044,51088,Acacia longifolia,Q2701053,11473,0.6401,LEAST_CONCERN,,,,,,,,,inat_pool,-40.42,40.45,-8.83,174.68,92,
285,wild_plant,5421144,Dodonaea viscosa,Akeake,species,Sapindaceae,OCEANIA,gbif majority records,OCEANIA:0.70;NORTH_AMERICA:0.10;AFRICA:0.09;SOUTH_AMERICA:0.06;ASIA:0.04,122711,33128,72518,Dodonaea viscosa,Q58393,25251,0.6375,LEAST_CONCERN,,,,,,,,,inat_pool,-43.64,32.43,-111.77,174.79,78,
286,mammal,2441247,Hippopotamus amphibius,Common Hippopotamus,species,Hippopotamidae,AFRICA,gbif majority records,AFRICA:0.96,42149,17825,14136,Hippopotamus,Q34505,793329,0.6372,VULNERABLE,,,,,,,,,inat_pool,-28.31,-0.26,24.58,37.22,81,
287,wild_plant,2651098,Polystichum acrostichoides,Christmas fern,species,Dryopteridaceae,NORTH_AMERICA,gbif majority records,NORTH_AMERICA:1.00,54412,112345,91140,Polystichum acrostichoides,Q7226975,11643,0.6354,NOT_EVALUATED,,,,,,,,,inat_pool,33.4,40.91,-89.88,-75.99,121,
288,tree,2978604,Acacia pycnantha,Golden Wattle,species,Fabaceae,OCEANIA,manual (native/origin),OCEANIA:0.96,75253,10121,33773,Acacia pycnantha,Q516233,46668,0.6353,LEAST_CONCERN,,,,,,,,,seed,-38.15,-34.05,18.41,145.35,51,
289,tree,5284237,Cryptomeria japonica,sugi,species,Cupressaceae,ASIA,manual (native/origin),EUROPE:0.49;ASIA:0.41;AFRICA:0.04,71147,14664,13430,Cryptomeria,Q147388,66657,0.6347,NEAR_THREATENED,,,,,,,forestry,,seed,-35.98,51.62,-27.27,174.26,105,
290,bird,2487516,Malurus cyaneus,Superb Fairywren,species,Maluridae,OCEANIA,gbif majority records,OCEANIA:1.00,12065,44774,1551104,Superb fairywren,Q420813,55589,0.6343,LEAST_CONCERN,,,,,,,,,inat_pool,-43.01,-28.63,138.74,152.53,101,
291,wild_plant,3084745,Claytonia virginica,Virginia Springbeauty,species,Montiaceae,NORTH_AMERICA,gbif majority records,NORTH_AMERICA:1.00,117434,94874,69438,Claytonia virginica,Q671939,17997,0.6321,NOT_EVALUATED,,,,,,,,,inat_pool,32.32,39.99,-97.07,-77.26,155,
292,tree,5284698,Cedrus deodara,Deodar cedar,species,Pinaceae,ASIA,manual (native/origin),EUROPE:0.89;ASIA:0.06;NORTH_AMERICA:0.03,69820,14071,10564,Cedrus deodara,Q146935,85427,0.6304,LEAST_CONCERN,,,,,,,,,seed,30.08,52.55,-2.89,76.08,142,
293,bird,2480765,Threskiornis molucca,Australian Ibis,species,Threskiornithidae,OCEANIA,gbif majority records,OCEANIA:1.00,3740,34516,1000234,Australian white ibis,Q667540,105661,0.6291,LEAST_CONCERN,,,,,,,,,inat_pool,-38.3,-27.38,115.88,153.13,54,
294,insect_arachnid,1342108,Xylocopa violacea,Violet Carpenter Bee,species,Apidae,EUROPE,gbif majority records,EUROPE:0.99,124145,21752,59282,Xylocopa violacea,Q581995,42733,0.629,NOT_EVALUATED,,,,,,,,Y,seed,37.82,53.1,-5.9,15.43,160,
295,wild_plant,3116842,Sphagneticola trilobata,Trailing Daisy,species,Asteraceae,ASIA,gbif majority records,ASIA:0.36;NORTH_AMERICA:0.33;SOUTH_AMERICA:0.15;OCEANIA:0.14,246102,51425,37785,Sphagneticola trilobata,Q2707027,28000,0.6277,NOT_EVALUATED,,,,,,,,,inat_pool,-27.67,26.8,-157.82,153.09,156,
296,insect_arachnid,2184301,Amblyomma americanum,Lone Star Tick,species,Ixodidae,NORTH_AMERICA,gbif majority records,NORTH_AMERICA:1.00,83744,14002,32309,Amblyomma americanum,Q1948607,394375,0.6267,NOT_EVALUATED,,,,,,,tick,Y,seed,29.69,40.1,-97.11,-75.24,175,
297,crop,5372392,Vitis vinifera,wine grape,species,Vitaceae,EUROPE,manual (native/origin),EUROPE:0.96,79519,19856,106932,Vitis vinifera,Q30046,87570,0.6242,LEAST_CONCERN,,,,,,,cultivated; fruit/wine,,seed,-36.74,55.61,-71.65,172.63,190,
298,insect_arachnid,2183465,Dermacentor variabilis,American Dog Tick,species,Ixodidae,NORTH_AMERICA,gbif majority records,NORTH_AMERICA:1.00,52155,33536,24376,Dermacentor variabilis,Q4297977,51999,0.6242,NOT_EVALUATED,,,,,,,tick,Y,seed,36.48,45.14,-97.01,-72.1,176,
299,tree,5421368,Anacardium occidentale,cashew,species,Anacardiaceae,SOUTH_AMERICA,gbif majority records,SOUTH_AMERICA:0.50;AFRICA:0.23;NORTH_AMERICA:0.14;ASIA:0.11,122988,6328,10632,Cashew,Q34007,578373,0.6232,LEAST_CONCERN,,,,,,,,,inat_pool,,,,,,
300,insect_arachnid,5170999,Argiope argentata,Silver Garden Orbweaver,species,Araneidae,SOUTH_AMERICA,gbif majority records,SOUTH_AMERICA:0.57;NORTH_AMERICA:0.43,67706,52356,32866,Argiope argentata,Q138440,19317,0.6219,NOT_EVALUATED,,,,,,,,,inat_pool,-33.01,33.01,-117.25,-37.38,141,
301,herp,2470715,Varanus varius,Lace Monitor,species,Varanidae,OCEANIA,gbif majority records,OCEANIA:1.00,39469,17368,36641,Lace monitor,Q924941,55349,0.62,LEAST_CONCERN,,,,,,,,,inat_pool,-37.22,-25.34,145.7,153.2,93,
302,crop,2873861,Linum usitatissimum,common flax,species,Linaceae,ASIA,manual (native/origin),EUROPE:0.94,51306,8192,44966,Flax,Q45108,333242,0.6195,NOT_EVALUATED,,,,,,,cultivated; fibre/oilseed,,seed,49.58,53.54,-1.46,12.87,69,
303,tree,5381660,Phyllanthus emblica,Myrobalan,species,Phyllanthaceae,ASIA,manual (native/origin),ASIA:1.00,68666,3415,30633,Phyllanthus emblica,Q310050,131724,0.6187,LEAST_CONCERN,,,,,,,,,seed,8.81,26.69,73.06,91.32,54,
304,bird,5229134,Vanellus miles,Masked Lapwing,species,Charadriidae,OCEANIA,gbif majority records,OCEANIA:1.00,4872,33344,1463647,Masked lapwing,Q839366,62664,0.6185,LEAST_CONCERN,,,,,,,,,inat_pool,-42.88,-16.91,138.53,175.31,103,
305,tree,3172537,Tabebuia rosea,Pink poui,species,Bignoniaceae,SOUTH_AMERICA,manual (native/origin),SOUTH_AMERICA:0.69;NORTH_AMERICA:0.22;ASIA:0.09,209270,12244,13826,Tabebuia rosea,Q3695281,59657,0.6163,LEAST_CONCERN,,,,,,,,,seed,-18.94,20.65,-96.54,72.92,78,
306,mammal,2440892,Equus quagga,Plains Zebra,species,Equidae,AFRICA,gbif majority records,AFRICA:0.99,43335,25754,24388,Plains zebra,Q245305,162351,0.6154,NEAR_THREATENED,,,,,,,,,inat_pool,-28.45,-0.65,15.84,36.88,93,
307,tree,2766411,Cordyline australis,New Zealand cabbage tree,species,Asparagaceae,OCEANIA,gbif majority records,OCEANIA:0.83;EUROPE:0.16,50191,17073,13706,Cordyline australis,Q2379130,49187,0.6139,LEAST_CONCERN,,,,,,,,,inat_pool,,,,,,
308,tree,5406695,Adansonia digitata,African baobab,species,Malvaceae,AFRICA,manual (native/origin),AFRICA:0.97,81500,8610,12683,Adansonia digitata,Q158742,87663,0.613,NOT_EVALUATED,,,,,,,,,seed,-22.63,10.65,1.44,39.2,91,
309,tree,5361919,Ficus benghalensis,Indian banyan,species,Moraceae,ASIA,manual (native/origin),ASIA:0.95,54880,11169,12112,Ficus benghalensis,Q1405636,72279,0.6128,LEAST_CONCERN,,,,,,,,,seed,8.78,26.03,72.94,83.38,88,
310,herp,2422538,Duttaphrynus melanostictus,Asian Common Toad,species,Bufonidae,ASIA,gbif majority records,ASIA:1.00,62345,43495,82020,Duttaphrynus melanostictus,Q28031739,15015,0.6115,LEAST_CONCERN,,,,,,,,,inat_pool,-6.36,26.15,77.75,121.54,99,
311,crop,5361880,Cannabis sativa,Cannabis,species,Cannabaceae,ASIA,manual (native/origin),EUROPE:0.59;ASIA:0.24;NORTH_AMERICA:0.14,75997,18333,25638,Cannabis sativa,Q26726,217789,0.6103,NOT_EVALUATED,,,,,,,cultivated; fibre/other,,seed,36.1,56.55,-96.46,106.79,206,
312,mammal,2440149,Wallabia bicolor,Swamp Wallaby,species,Macropodidae,OCEANIA,gbif majority records,OCEANIA:1.00,42973,21820,545601,Swamp wallaby,Q735179,26675,0.6085,LEAST_CONCERN,,,,,,,,,inat_pool,-38.67,-25.79,143.58,153.16,83,
313,insect_arachnid,1317388,Oecophylla smaragdina,Asian Weaver Ant,species,Formicidae,ASIA,gbif majority records,ASIA:0.77;OCEANIA:0.23,117293,34657,26166,Oecophylla smaragdina,Q1132830,28243,0.6075,NOT_EVALUATED,,,,,,,,,inat_pool,-16.91,24.51,74.51,145.72,133,
314,insect_arachnid,1651891,Aedes aegypti,Yellow Fever Mosquito,species,Culicidae,AFRICA,gbif majority records,AFRICA:0.53;NORTH_AMERICA:0.28;ASIA:0.11;SOUTH_AMERICA:0.07,155453,7873,121361,Aedes aegypti,Q1148004,161719,0.6072,NOT_EVALUATED,,,,,,,disease vector,Y,seed,-29.78,36.81,-118.27,80.03,168,
315,bird,2487365,Manorina melanocephala,Noisy Miner,species,Meliphagidae,OCEANIA,gbif majority records,OCEANIA:1.00,12231,33002,1387563,Noisy miner,Q998616,56940,0.6051,LEAST_CONCERN,,,,,,,,,inat_pool,-38.05,-27.36,140.06,153.06,63,
316,mammal,8080937,Otospermophilus beecheyi,California Ground Squirrel,species,Sciuridae,NORTH_AMERICA,gbif majority records,NORTH_AMERICA:1.00,180007,64750,52388,California ground squirrel,Q21727766,40275,0.6048,LEAST_CONCERN,,,,,,,,,inat_pool,32.77,38.01,-122.28,-116.58,47,
317,crop,5288819,Ananas comosus,pineapple,species,Bromeliaceae,SOUTH_AMERICA,manual (native/origin),SOUTH_AMERICA:0.63;NORTH_AMERICA:0.16;AFRICA:0.09;ASIA:0.08,122965,15237,5629,Pineapple,Q1493,563566,0.6038,NOT_EVALUATED,,,,,,,cultivated; fruit,,seed,-22.91,18.18,-76.35,55.87,176,
318,bird,5231722,Rhipidura leucophrys,Willie Wagtail,species,Rhipiduridae,OCEANIA,gbif majority records,OCEANIA:1.00,8143,29644,1806383,Willie wagtail,Q642235,49022,0.6026,LEAST_CONCERN,,,,,,,,,inat_pool,-37.98,-21.12,115.7,153.09,114,
319,insect_arachnid,1340382,Bombus bimaculatus,Two-spotted Bumble Bee,species,Apidae,NORTH_AMERICA,gbif majority records,NORTH_AMERICA:1.00,52779,81664,84983,Two-spotted bumble bee,Q2389840,5875,0.6024,LEAST_CONCERN,,,,,,,,Y,seed,35.2,45.88,-95.26,-66.63,146,
320,tree,2891791,Grevillea robusta,silk oak,species,Proteaceae,OCEANIA,manual (native/origin),OCEANIA:0.45;AFRICA:0.26;ASIA:0.10;NORTH_AMERICA:0.08;SOUTH_AMERICA:0.06;EUROPE:0.04,77302,13250,15304,Grevillea robusta,Q1989614,46303,0.6001,LEAST_CONCERN,,,,,,,planted,,seed,-37.71,22.06,-158.16,153.35,110,
321,fish,2382155,Sander lucioperca,Zander,species,Percidae,EUROPE,manual (native/origin),EUROPE:1.00,48156,1590,113528,Zander,Q146641,124555,0.6,LEAST_CONCERN,,,,,,,stocked,,seed,49.91,58.36,3.95,32.35,89,
322,tree,3188724,Lagerstroemia speciosa,Giant Crepe-myrtle,species,Lythraceae,ASIA,gbif majority records,ASIA:0.91;NORTH_AMERICA:0.05,133607,11510,10190,Lagerstroemia speciosa,Q1137593,69344,0.5983,LEAST_CONCERN,,,,,,,,,inat_pool,6.32,26.66,-66.06,114.7,114,
323,tree,7445284,Phoenix canariensis,Canary Island palm,species,Arecaceae,OCEANIA,gbif majority records,OCEANIA:0.51;AFRICA:0.21;NORTH_AMERICA:0.14;EUROPE:0.09;SOUTH_AMERICA:0.04,78554,25309,9947,Phoenix canariensis,Q27657,32610,0.5969,LEAST_CONCERN,,,,,,,,,inat_pool,-36.9,38.8,-117.24,174.8,58,
324,fish,4285694,Oreochromis niloticus,Nile Tilapia,species,Cichlidae,AFRICA,manual (native/origin),SOUTH_AMERICA:0.85;ASIA:0.07;AFRICA:0.06,121324,8387,94841,Nile tilapia,Q311170,53761,0.5967,LEAST_CONCERN,,,,,,,aquaculture worldwide,,seed,2.99,26.08,-97.43,121.71,70,
325,insect_arachnid,1340298,Bombus lucorum,White-tailed Bumble Bee,species,Apidae,EUROPE,gbif majority records,EUROPE:0.99,61856,18034,159178,Bombus lucorum,Q1602859,10257,0.5961,NOT_EVALUATED,,,,,,,,Y,seed,51.8,66.3,-9.75,24.45,146,
326,bird,6101223,Spilopelia senegalensis,Laughing Dove,species,Columbidae,ASIA,gbif majority records,ASIA:0.48;AFRICA:0.47;OCEANIA:0.04,1455922,33100,1498280,Laughing dove,Q391198,44843,0.5958,LEAST_CONCERN,,,,,,,,,inat_pool,-28.63,35.71,-16.64,78.59,86,
327,crop,2974832,Vicia faba,fava bean,species,Fabaceae,ASIA,manual (native/origin),EUROPE:0.87;ASIA:0.07,57309,7516,62800,Vicia faba,Q131342,249947,0.5955,NOT_EVALUATED,,,,,,,cultivated; legume,,seed,32.76,51.9,-75.34,24.57,196,
328,bird,2492680,Copsychus saularis,Oriental Magpie-Robin,species,Muscicapidae,ASIA,gbif majority records,ASIA:1.00,204491,43562,1185793,Oriental magpie-robin,Q266761,45090,0.5947,LEAST_CONCERN,,,,,,,,,inat_pool,4.14,31.19,75.61,121.39,109,
329,mammal,2441034,Syncerus caffer,African Buffalo,species,Bovidae,AFRICA,gbif majority records,AFRICA:1.00,42405,15954,18448,African buffalo,Q160042,259599,0.5939,NEAR_THREATENED,,,,,,,,,inat_pool,-32.24,9.27,1.57,36.94,95,
330,crop,7795888,Triticum aestivum,Bread Wheat,species,Poaceae,ASIA,manual (native/origin),EUROPE:0.69;ASIA:0.16;NORTH_AMERICA:0.09;AFRICA:0.04,64161,15433,173093,Common wheat,Q161098,56386,0.5923,NOT_EVALUATED,,,,,,,cultivated; cereal,,seed,38.47,57.52,-105.03,42.62,221,
331,tree,2978552,Acacia saligna,golden wreath wattle,species,Fabaceae,ASIA,gbif majority records,ASIA:0.32;AFRICA:0.29;OCEANIA:0.21;EUROPE:0.16,75255,18018,27387,Acacia saligna,Q402385,13712,0.5897,LEAST_CONCERN,,,,,,,,,inat_pool,-34.42,38.65,-15.46,137.92,105,
332,tree,5361930,Ficus pumila,Climbing fig,species,Moraceae,ASIA,gbif majority records,ASIA:0.72;NORTH_AMERICA:0.13;SOUTH_AMERICA:0.05;OCEANIA:0.05;EUROPE:0.04,162972,19790,9244,Ficus pumila,Q2360517,47310,0.5886,NOT_EVALUATED,,,,,,,,,inat_pool,-25.4,29.41,-64.76,121.6,67,
333,wild_plant,2946519,Clitoria ternatea,Blue Pea,species,Fabaceae,ASIA,gbif majority records,ASIA:0.62;NORTH_AMERICA:0.13;OCEANIA:0.11;AFRICA:0.07;SOUTH_AMERICA:0.06,160759,15565,12566,Clitoria ternatea,Q312265,287196,0.5866,NOT_EVALUATED,,,,,,,,,inat_pool,-6.99,25.19,-98.81,120.49,159,
334,crop,2868827,Zantedeschia aethiopica,calla lily,species,Araceae,AFRICA,manual (native/origin),OCEANIA:0.47;EUROPE:0.24;AFRICA:0.17;NORTH_AMERICA:0.11,56006,39285,47099,Zantedeschia aethiopica,Q1945905,54928,0.5866,LEAST_CONCERN,,,,,,,cultivated; ornamental,,seed,-42.97,44.92,-122.61,174.75,143,
335,crop,8971274,Beta vulgaris,Beet,species,Amaranthaceae,EUROPE,manual (native/origin),EUROPE:0.93;ASIA:0.04,54498,19711,104994,Beta vulgaris,Q165191,60908,0.5864,NOT_EVALUATED,,,,,,,cultivated; root/sugar,,seed,33.1,54.79,-54.95,25.13,157,
336,insect_arachnid,8108800,Helicoverpa armigera,Cotton Bollworm Moth,species,Noctuidae,EUROPE,gbif majority records,EUROPE:0.88;AFRICA:0.05;ASIA:0.04,83806,27834,53783,Helicoverpa armigera,Q811652,17057,0.5863,NOT_EVALUATED,,,,,,,crop pest,Y,seed,39.69,58.1,0.21,60.54,129,
337,tree,3152195,Guazuma ulmifolia,West Indian Elm,species,Malvaceae,SOUTH_AMERICA,manual (native/origin),SOUTH_AMERICA:0.93;NORTH_AMERICA:0.07,154538,8206,127802,Guazuma ulmifolia,Q3281935,9186,0.5857,LEAST_CONCERN,,,,,,,,,seed,9.51,18.55,-93.15,-73.34,25,
338,tree,3152226,Bombax ceiba,Red Silk Cotton Tree,species,Malvaceae,ASIA,gbif majority records,ASIA:0.92;OCEANIA:0.07,68313,7787,12154,Bombax ceiba,Q13399160,69536,0.5825,LEAST_CONCERN,,,,,,,,,inat_pool,8.76,28.52,73.18,92.81,43,
339,wild_plant,8190743,Murraya paniculata,Orange Jasmine,species,Rutaceae,ASIA,gbif majority records,ASIA:0.60;OCEANIA:0.25;NORTH_AMERICA:0.07;SOUTH_AMERICA:0.05;AFRICA:0.03,287316,24030,11624,Murraya paniculata,Q238591,71870,0.5814,NOT_EVALUATED,,,,,,,,,inat_pool,-29.67,26.43,-85.04,153.31,101,
340,bird,2482487,Corvus macrorhynchos,Large-billed Crow,species,Corvidae,ASIA,gbif majority records,ASIA:1.00,8026,29170,1542409,Large-billed crow,Q111674,43791,0.5812,LEAST_CONCERN,,,,,,,,,inat_pool,,,,,,
341,mammal,2440062,Pseudocheirus peregrinus,Eastern Ring-tailed Possum,species,Pseudocheiridae,OCEANIA,gbif majority records,OCEANIA:1.00,42775,16599,154964,Common ringtail possum,Q928390,39158,0.5802,LEAST_CONCERN,,,,,,,,,inat_pool,-38.28,-27.37,116.01,153.1,61,
342,crop,2930617,Solanum melongena,eggplant,species,Solanaceae,ASIA,manual (native/origin),ASIA:0.78;EUROPE:0.12;AFRICA:0.04;NORTH_AMERICA:0.03,63190,8633,10198,Eggplant,Q7540,450841,0.5792,NOT_EVALUATED,,,,,,,cultivated; vegetable,,seed,10.32,26.69,75.12,91.17,105,
343,bird,5817288,Porphyrio melanotus,Australasian Swamphen,species,Rallidae,OCEANIA,gbif majority records,OCEANIA:1.00,418530,34156,584385,Australasian swamphen,Q27074640,101995,0.5792,NOT_EVALUATED,,,,,,,,,inat_pool,-43.65,-26.76,131.25,175.31,82,
344,mammal,5219436,Panthera pardus,Leopard,species,Felidae,AFRICA,gbif majority records,AFRICA:0.65;ASIA:0.34,41963,14590,10087,Leopard,Q34706,741527,0.5792,VULNERABLE,,,,,,,,,inat_pool,,,,,,
345,insect_arachnid,1340503,Bombus terrestris,Buff-tailed Bumble Bee,species,Apidae,EUROPE,gbif majority records,EUROPE:0.98,57516,100296,604312,Bombus terrestris,Q752274,,0.5788,NOT_EVALUATED,,,,,,,,Y,seed,-45.66,53.43,-70.51,171.33,167,
346,insect_arachnid,2182727,Ixodes scapularis,Eastern Black-legged Tick,species,Ixodidae,NORTH_AMERICA,gbif majority records,NORTH_AMERICA:1.00,60598,17830,19060,Ixodes scapularis,Q1497962,79122,0.5741,NOT_EVALUATED,,,,,,,"tick, Lyme vector",Y,seed,40.42,45.15,-88.15,-70.69,122,
347,crop,2874621,Citrullus lanatus,Watermelon,species,Cucurbitaceae,AFRICA,manual (native/origin),EUROPE:0.32;AFRICA:0.24;NORTH_AMERICA:0.19;ASIA:0.12;SOUTH_AMERICA:0.08;OCEANIA:0.05,70054,7138,14740,Watermelon,Q17507129,434989,0.573,NOT_EVALUATED,,,,,,,cultivated; fruit,,seed,-34.77,56.67,-106.46,116.04,238,
348,insect_arachnid,1341979,Apis cerana,Asian Honey Bee,species,Apidae,ASIA,gbif majority records,ASIA:0.99,338194,26578,21053,Apis cerana,Q306939,35344,0.5715,NOT_EVALUATED,,,,,,,,Y,seed,0.51,36.62,77.13,127.28,128,
349,bird,2487144,Anthochaera carunculata,Red Wattlebird,species,Meliphagidae,OCEANIA,gbif majority records,OCEANIA:1.00,12622,23623,1395358,Red wattlebird,Q607540,54870,0.5699,LEAST_CONCERN,,,,,,,,,inat_pool,-38.35,-31.84,115.78,151.16,89,
350,crop,6109699,Phoenix dactylifera,Date Palm,species,Arecaceae,ASIA,manual (native/origin),OCEANIA:0.26;EUROPE:0.23;AFRICA:0.21;ASIA:0.16;NORTH_AMERICA:0.13,78555,11522,6047,Date palm,Q25292,460403,0.569,NOT_EVALUATED,,,,,,,cultivated; fruit,,seed,-33.39,50.87,-116.01,75.83,163,
351,crop,5362573,Pyrus communis,Common Pear,species,Rosaceae,EUROPE,manual (native/origin),EUROPE:0.93;NORTH_AMERICA:0.03,63951,29851,81273,Pyrus communis,Q146281,32818,0.569,LEAST_CONCERN,,,,,,,cultivated; fruit,,seed,43.78,58.54,-2.45,40.04,175,
352,tree,8082978,Gliricidia sepium,Fence Post Tree,species,Fabaceae,SOUTH_AMERICA,gbif majority records,SOUTH_AMERICA:0.63;ASIA:0.25;NORTH_AMERICA:0.11,163327,5974,32818,Gliricidia sepium,Q2717303,27740,0.5685,NOT_EVALUATED,,,,,,,,,inat_pool,5.2,20.25,-98.96,107.09,98,
353,tree,3074251,Macaranga tanarius,Elephant's Ear,species,Euphorbiaceae,ASIA,gbif majority records,ASIA:0.70;OCEANIA:0.30,165027,23837,17385,Macaranga tanarius,Q3020630,11468,0.5684,LEAST_CONCERN,,,,,,,,,inat_pool,-27.91,25.12,113.55,153.36,48,
354,bird,2482499,Corvus splendens,House Crow,species,Corvidae,ASIA,gbif majority records,ASIA:0.98,8031,22196,1504315,House crow,Q507383,48832,0.5683,LEAST_CONCERN,,,,,,,,,inat_pool,1.28,28.59,41.84,103.85,83,
355,insect_arachnid,1938069,Papilio demoleus,Lime Swallowtail,species,Papilionidae,ASIA,gbif majority records,ASIA:0.78;OCEANIA:0.20,51583,28215,21636,Papilio demoleus,Q285314,23717,0.5676,NOT_EVALUATED,,,,,,,,,inat_pool,-31.72,26.84,57.66,152.29,168,
356,tree,3170823,Paulownia tomentosa,princess tree,species,Paulowniaceae,ASIA,manual (native/origin),EUROPE:0.66;NORTH_AMERICA:0.29;ASIA:0.04,119792,45716,58625,Paulownia tomentosa,Q157393,,0.5653,LEAST_CONCERN,,,,,,Y,"ornamental, invasive in places",,seed,34.06,50.97,-85.22,12.41,109,
357,crop,5350452,Phaseolus vulgaris,Common Bean,species,Fabaceae,NORTH_AMERICA,manual (native/origin),EUROPE:0.34;NORTH_AMERICA:0.28;SOUTH_AMERICA:0.22;AFRICA:0.09;ASIA:0.08,122850,5627,98712,Phaseolus vulgaris,Q42339,158641,0.5641,LEAST_CONCERN,,,,,,,cultivated; legume,,seed,-7.01,55.69,-101.21,94.51,152,
358,wild_plant,3085191,Celosia argentea,Quail Grass,species,Amaranthaceae,ASIA,gbif majority records,ASIA:0.67;NORTH_AMERICA:0.10;AFRICA:0.08;SOUTH_AMERICA:0.07;EUROPE:0.05;OCEANIA:0.03,160259,23285,12471,Celosia argentea,Q161816,61800,0.5632,LEAST_CONCERN,,,,,,,,,inat_pool,-12.38,30.25,-66.86,121.79,122,
359,insect_arachnid,1652991,Culex pipiens,Common house mosquito,species,Culicidae,NORTH_AMERICA,gbif majority records,NORTH_AMERICA:0.88;EUROPE:0.08,130032,6783,258395,Culex pipiens,Q27958,26520,0.5628,NOT_EVALUATED,,,,,,,disease vector,Y,seed,37.72,55.76,-6.44,22.03,79,
360,mammal,5219981,Macropus giganteus,Eastern Grey Kangaroo,species,Macropodidae,OCEANIA,gbif majority records,OCEANIA:1.00,42888,35573,242189,Eastern grey kangaroo,Q270098,,0.5618,LEAST_CONCERN,,,,,,,,,inat_pool,-38.3,-27.07,144.22,153.17,79,
361,bird,2496347,Eudynamys scolopaceus,Asian Koel,species,Cuculidae,ASIA,gbif majority records,ASIA:0.94;OCEANIA:0.06,204510,16320,1193819,Asian koel,Q798401,105376,0.5596,LEAST_CONCERN,,,,,,,,,inat_pool,1.28,29.91,73.79,118.66,121,
362,mammal,2433376,Ornithorhynchus anatinus,Platypus,species,Ornithorhynchidae,OCEANIA,gbif majority records,OCEANIA:1.00,43236,5213,29005,Platypus,Q15343,981320,0.5593,NEAR_THREATENED,,,,,,,,,inat_pool,-42.89,-26.19,143.96,152.86,96,
363,tree,7124257,Banksia marginata,Silver Banksia,species,Proteaceae,OCEANIA,gbif majority records,OCEANIA:0.99,133274,11610,39302,Banksia marginata,Q957624,8195,0.5584,LEAST_CONCERN,,,,,,,,,inat_pool,-43.27,-34.09,138.45,150.01,82,
364,herp,5227370,Salvator merianae,Argentine Black-and-white Tegu,species,Teiidae,SOUTH_AMERICA,gbif majority records,SOUTH_AMERICA:0.97;NORTH_AMERICA:0.03,318758,13264,10885,Argentine black and white tegu,Q24354290,86086,0.5582,LEAST_CONCERN,,,,,,,,,inat_pool,-34.61,-5.54,-64.51,-37.04,141,
365,wild_plant,2986239,Pittosporum undulatum,Australian Cheesewood,species,Pittosporaceae,OCEANIA,gbif majority records,OCEANIA:0.73;EUROPE:0.16;SOUTH_AMERICA:0.06;AFRICA:0.04,51594,18869,47048,Pittosporum undulatum,Q7199152,20284,0.557,LEAST_CONCERN,,,,,,,,,inat_pool,-38.04,40.21,-118.25,153.27,93,
366,bird,2486151,Pycnonotus jocosus,Red-whiskered Bulbul,species,Pycnonotidae,ASIA,gbif majority records,ASIA:0.85;OCEANIA:0.09;NORTH_AMERICA:0.05,14591,27858,957361,Red-whiskered bulbul,Q501063,52372,0.5551,LEAST_CONCERN,,,,,,,,,inat_pool,-33.93,34.14,-118.2,151.14,83,
367,tree,8023236,Pandanus tectorius,thatch screwpine,species,Pandanaceae,OCEANIA,manual (native/origin),OCEANIA:0.84;ASIA:0.13,70026,12431,6043,Pandanus tectorius,Q312736,54314,0.5533,NOT_EVALUATED,,,,,,,,,seed,-30.3,22.23,-159.59,153.58,83,
368,insect_arachnid,2182588,Ixodes ricinus,Castor Bean Tick,species,Ixodidae,EUROPE,gbif majority records,EUROPE:1.00,51671,12653,42508,Ixodes ricinus,Q21175,38971,0.5531,NOT_EVALUATED,,,,,,,"tick, Lyme vector",Y,seed,38.79,62.49,-4.95,34.72,282,
369,tree,3185393,Metrosideros excelsa,Pōhutukawa,species,Myrtaceae,OCEANIA,manual (native/origin),OCEANIA:0.79;AFRICA:0.12;EUROPE:0.08,122905,11170,5817,Pōhutukawa,Q311747,58637,0.5515,NOT_EVALUATED,,,,,,,,,seed,-41.25,-33.91,-12.31,175.42,42,
370,bird,5228328,Halcyon smyrnensis,White-throated Kingfisher,species,Alcedinidae,ASIA,gbif majority records,ASIA:1.00,204519,27116,1362950,White-throated kingfisher,Q735158,37620,0.5512,LEAST_CONCERN,,,,,,,,,inat_pool,1.34,32.13,34.86,114.04,118,
371,bird,2486131,Pycnonotus cafer,Red-vented Bulbul,species,Pycnonotidae,ASIA,gbif majority records,ASIA:0.95;OCEANIA:0.04,14593,22307,1429018,Red-vented bulbul,Q509455,43758,0.5512,LEAST_CONCERN,,,,,,Y,,,inat_pool,-17.53,31.42,-157.92,96.12,106,
372,bird,5230789,Hirundo neoxena,Welcome Swallow,species,Hirundinidae,OCEANIA,gbif majority records,OCEANIA:1.00,11882,25991,1898751,Welcome swallow,Q938692,25639,0.5487,LEAST_CONCERN,,,,,,,,,inat_pool,-41.41,-26.75,138.28,174.77,106,
373,tree,2956947,Senna alata,Candelabra Bush,species,Fabaceae,ASIA,gbif majority records,ASIA:0.28;NORTH_AMERICA:0.28;SOUTH_AMERICA:0.20;AFRICA:0.14;OCEANIA:0.10,81515,11106,9254,Senna alata,Q41504,44023,0.5483,LEAST_CONCERN,,,,,,,,,inat_pool,-17.52,28.58,-99.2,136.44,151,
374,insect_arachnid,5109855,Spodoptera frugiperda,Fall Armyworm Moth,species,Noctuidae,NORTH_AMERICA,gbif majority records,NORTH_AMERICA:0.65;AFRICA:0.22;SOUTH_AMERICA:0.08;ASIA:0.04,132468,24085,14548,Fall armyworm,Q2715913,45049,0.548,NOT_EVALUATED,,,,,,Y,"crop pest, invasive",Y,seed,13.48,39.32,-97.93,-46.22,98,
375,tree,5361904,Ficus racemosa,Cluster Fig,species,Moraceae,ASIA,gbif majority records,ASIA:0.89;OCEANIA:0.11,369433,5234,14749,Ficus racemosa,Q713794,52322,0.5475,LEAST_CONCERN,,,,,,,,,inat_pool,8.76,25.02,73.78,85.39,51,
376,wild_plant,2931469,Solanum mauritianum,bugweed,species,Solanaceae,AFRICA,gbif majority records,AFRICA:0.44;OCEANIA:0.41;SOUTH_AMERICA:0.06;EUROPE:0.06,133287,20872,33572,Solanum mauritianum,Q2097687,19858,0.5475,NOT_EVALUATED,,,,,,,,,inat_pool,-37.62,37.75,-25.5,174.73,98,
377,wild_plant,5401760,Ageratum houstonianum,bluemink,species,Asteraceae,ASIA,gbif majority records,ASIA:0.39;EUROPE:0.32;OCEANIA:0.13;NORTH_AMERICA:0.10;AFRICA:0.06,120944,21247,23744,Ageratum houstonianum,Q280807,30624,0.5461,NOT_EVALUATED,,,,,,,,,inat_pool,-28.66,26.38,-105.29,153.22,78,
378,crop,5359660,Glycine max,Soybean,species,Fabaceae,ASIA,manual (native/origin),ASIA:0.71;EUROPE:0.24;NORTH_AMERICA:0.03,122902,4550,16033,Soybean,Q11006,434213,0.5453,NOT_EVALUATED,,,,,,,cultivated; legume,,seed,41.45,51.17,10.43,38.67,100,
379,bird,5229146,Vanellus chilensis,Southern Lapwing,species,Charadriidae,SOUTH_AMERICA,gbif majority records,SOUTH_AMERICA:0.92;NORTH_AMERICA:0.08,4867,40722,1239696,Southern lapwing,Q855348,23810,0.5432,LEAST_CONCERN,,,,,,,,,inat_pool,-36.89,12.09,-83.56,-42.3,158,
380,tree,5415832,Melaleuca quinquenervia,Broad-leaved paperbark,species,Myrtaceae,OCEANIA,manual (native/origin),OCEANIA:0.90;NORTH_AMERICA:0.09,120527,8298,14061,Melaleuca quinquenervia,Q1813408,30522,0.5416,LEAST_CONCERN,,,,,,Y,invasive in Florida,,seed,-33.02,27.43,-155.07,164.91,66,
381,bird,2493970,Dicrurus macrocercus,Black Drongo,species,Dicruridae,ASIA,gbif majority records,ASIA:1.00,8277,24619,1497726,Black drongo,Q46435,32031,0.54,LEAST_CONCERN,,,,,,,,,inat_pool,11.68,36.55,73.82,125.98,125,
382,tree,3183534,Syzygium jambos,Rose-apple,species,Myrtaceae,AFRICA,gbif majority records,AFRICA:0.44;SOUTH_AMERICA:0.21;ASIA:0.17;NORTH_AMERICA:0.16,84838,7263,9923,Syzygium jambos,Q31931,53518,0.5399,LEAST_CONCERN,,,,,,,,,inat_pool,-22.81,22.38,-74.95,113.99,56,
383,bird,2495190,Ocyphaps lophotes,Crested Pigeon,species,Columbidae,OCEANIA,gbif majority records,OCEANIA:1.00,3681,25756,1227103,Crested pigeon,Q167857,37671,0.538,LEAST_CONCERN,,,,,,,,,inat_pool,-38.03,-23.92,117.36,152.94,96,
384,tree,2684969,Araucaria heterophylla,Norfolk Island Pine,species,Araucariaceae,OCEANIA,manual (native/origin),OCEANIA:0.54;AFRICA:0.22;EUROPE:0.09;SOUTH_AMERICA:0.08;NORTH_AMERICA:0.05;ASIA:0.03,127890,12741,1847,Araucaria heterophylla,Q161070,128540,0.5379,VULNERABLE,,,,,,,ornamental,,seed,-37.75,37.9,-89.4,174.89,104,
385,wild_plant,2891707,Oxalis debilis,Largeflower pink-sorrel,species,Oxalidaceae,ASIA,gbif majority records,ASIA:0.41;NORTH_AMERICA:0.28;EUROPE:0.20;OCEANIA:0.05;SOUTH_AMERICA:0.03,61963,43164,31078,Oxalis debilis,Q15346913,11152,0.5375,NOT_EVALUATED,,,,,,,,,inat_pool,10.74,35.74,-97.15,121.73,111,
386,wild_plant,5361841,Pilea microphylla,Artillery Plant,species,Urticaceae,ASIA,gbif majority records,ASIA:0.40;NORTH_AMERICA:0.35;SOUTH_AMERICA:0.16;OCEANIA:0.05,69172,25672,21651,Pilea microphylla,Q3023762,23679,0.5375,NOT_EVALUATED,,,,,,,,,inat_pool,-23.94,28.56,-112.1,121.77,141,
387,bird,5231103,Zonotrichia capensis,Rufous-collared Sparrow,species,Passerellidae,SOUTH_AMERICA,gbif majority records,SOUTH_AMERICA:0.85;NORTH_AMERICA:0.15,9183,46778,1582559,Rufous-collared sparrow,Q587505,12458,0.5368,LEAST_CONCERN,,,,,,,,,inat_pool,-50.94,12.27,-84.16,-47.47,122,
388,tree,3001362,Malus baccata,Siberian crabapple,species,Rosaceae,ASIA,gbif majority records,ASIA:0.65;EUROPE:0.23;NORTH_AMERICA:0.12,165104,19699,8792,Malus baccata,Q1743596,18921,0.5336,LEAST_CONCERN,,,,,,,,,inat_pool,40.88,58.96,-90.17,115.49,157,
389,tree,7124338,Banksia integrifolia,Coastal Banksia,species,Proteaceae,OCEANIA,manual (native/origin),OCEANIA:0.99,244884,10810,17280,Banksia integrifolia,Q1999614,16468,0.5336,LEAST_CONCERN,,,,,,,,,seed,-38.76,-25.92,145.02,174.36,79,
390,crop,5347845,Pisum sativum,Common Pea,species,Fabaceae,EUROPE,manual (native/origin),EUROPE:0.59;ASIA:0.26;AFRICA:0.08;NORTH_AMERICA:0.05,54522,8789,20043,Pea,Q25237,242805,0.5335,NOT_EVALUATED,,,,,,,cultivated; legume,,seed,19.89,52.25,-121.75,108.43,192,
391,mammal,5220188,Lama guanicoe,Guanaco,species,Camelidae,SOUTH_AMERICA,gbif majority records,SOUTH_AMERICA:1.00,42240,5923,60099,Guanaco,Q172886,220482,0.5334,LEAST_CONCERN,,,,,,,,,inat_pool,-51.05,-26.48,-72.71,-65.31,68,
392,bird,2493598,Lonchura punctulata,Scaly-breasted Munia,species,Estrildidae,ASIA,gbif majority records,ASIA:0.67;NORTH_AMERICA:0.26;OCEANIA:0.07,13893,32881,915549,Scaly-breasted munia,Q36197,35629,0.5321,LEAST_CONCERN,,,,,,,,,inat_pool,-7.44,34.16,-118.77,120.34,116,
393,tree,2953251,Bauhinia variegata,Orchid tree,species,Fabaceae,ASIA,gbif majority records,ASIA:0.29;NORTH_AMERICA:0.23;SOUTH_AMERICA:0.20;AFRICA:0.18;OCEANIA:0.07,68225,17278,2958,Bauhinia variegata,Q840341,57383,0.5317,LEAST_CONCERN,,,,,,,,,inat_pool,-26.19,28.68,-97.41,114.19,159,
394,wild_plant,6445734,Cyanthillium cinereum,little ironweed,species,Asteraceae,OCEANIA,gbif majority records,OCEANIA:0.46;ASIA:0.34;NORTH_AMERICA:0.09;AFRICA:0.07;SOUTH_AMERICA:0.03,130374,24316,28984,Cyanthillium cinereum,Q15571171,16236,0.5316,NOT_EVALUATED,,,,,,,,,inat_pool,-27.98,24.8,-67.19,152.94,94,
395,bird,2498046,Chenonetta jubata,Australian Wood Duck,species,Anatidae,OCEANIA,gbif majority records,OCEANIA:1.00,7176,38460,956256,Australian wood duck,Q837402,25946,0.5314,LEAST_CONCERN,,,,,,,,,inat_pool,-41.23,-27.27,116.0,152.9,100,
396,bird,2480437,Haliastur indus,Brahminy Kite,species,Accipitridae,ASIA,gbif majority records,ASIA:0.83;OCEANIA:0.17,5406,20766,724024,Brahminy kite,Q645755,78686,0.5312,LEAST_CONCERN,,,,,,,,,inat_pool,-29.42,13.54,76.34,153.37,121,
397,crop,2895345,Coffea arabica,Coffee,species,Rubiaceae,AFRICA,manual (native/origin),SOUTH_AMERICA:0.48;NORTH_AMERICA:0.20;AFRICA:0.13;ASIA:0.13;OCEANIA:0.06,64342,13816,14294,Coffea arabica,Q47685,196689,0.5296,ENDANGERED,,,,,,,cultivated; beverage,,seed,-23.67,19.4,-89.64,75.97,79,
398,wild_plant,5532455,Pteridium esculentum,Austral Bracken,species,Dennstaedtiaceae,OCEANIA,gbif majority records,OCEANIA:0.97,194768,18846,105152,Pteridium esculentum,Q3410261,6271,0.5292,NOT_EVALUATED,,,,,,,,,inat_pool,-43.59,-26.6,116.65,174.87,114,
399,crop,5353770,Arachis hypogaea,Peanut,species,Fabaceae,SOUTH_AMERICA,manual (native/origin),SOUTH_AMERICA:0.37;AFRICA:0.33;ASIA:0.20;NORTH_AMERICA:0.05;EUROPE:0.05,63205,2728,17325,Peanut,Q37383,529499,0.5278,NOT_EVALUATED,,,,,,,cultivated; legume,,seed,-4.67,40.15,-96.99,34.72,109,
400,tree,2957966,Senna occidentalis,Coffee Senna,species,Fabaceae,AFRICA,gbif majority records,AFRICA:0.31;NORTH_AMERICA:0.21;ASIA:0.21;SOUTH_AMERICA:0.16;OCEANIA:0.12,168847,8525,15126,Senna occidentalis,Q2720961,20916,0.5276,LEAST_CONCERN,,,,,,,,,inat_pool,-26.23,28.54,-98.98,132.14,174,
401,mammal,5219461,Elephas maximus,Asian Elephant,species,Elephantidae,ASIA,gbif majority records,ASIA:0.62;NORTH_AMERICA:0.38,43697,11279,11791,Asian elephant,Q133006,274962,0.5272,ENDANGERED,,,,,,,,,inat_pool,5.46,35.08,-106.66,118.08,73,
402,crop,7403263,Lactuca sativa,lettuce,species,Asteraceae,EUROPE,manual (native/origin),EUROPE:0.84;NORTH_AMERICA:0.07;ASIA:0.04;SOUTH_AMERICA:0.03,122976,9558,20125,Lettuce,Q83193,201184,0.5267,NOT_EVALUATED,,,,,,,cultivated; vegetable,,seed,37.14,53.47,-86.29,21.07,244,
403,mammal,7261386,Rusa unicolor,Sambar,species,Cervidae,ASIA,gbif majority records,ASIA:0.51;OCEANIA:0.49,75053,7691,67734,Sambar deer,Q229337,125168,0.526,VULNERABLE,,,,,,,,,inat_pool,-35.69,27.71,75.65,148.94,83,
404,tree,7679480,Senna artemisioides,silver senna,species,Fabaceae,OCEANIA,gbif majority records,OCEANIA:0.97,79058,8955,37254,Senna artemisioides,Q151074,5978,0.5232,LEAST_CONCERN,,,,,,,,,inat_pool,-36.26,33.8,-116.36,147.34,101,
405,bird,5229662,Tyrannus melancholicus,Tropical Kingbird,species,Tyrannidae,SOUTH_AMERICA,gbif majority records,SOUTH_AMERICA:0.51;NORTH_AMERICA:0.49,16787,64669,2269877,Tropical kingbird,Q1273578,7742,0.522,LEAST_CONCERN,,,,,,,,,inat_pool,-34.61,25.67,-99.09,-44.03,143,
406,bird,2493744,Coereba flaveola,Bananaquit,species,Thraupidae,SOUTH_AMERICA,gbif majority records,SOUTH_AMERICA:0.58;NORTH_AMERICA:0.42,10199,24462,1276925,Bananaquit,Q228125,30847,0.522,LEAST_CONCERN,,,,,,,,,inat_pool,-23.34,20.4,-84.69,-43.13,136,
407,wild_plant,2948698,Hardenbergia violacea,False Sarsaparilla,species,Fabaceae,OCEANIA,gbif majority records,OCEANIA:1.00,210184,15471,40931,Hardenbergia violacea,Q386546,19334,0.5214,NOT_EVALUATED,,,,,,,,,inat_pool,-37.84,-26.54,138.63,153.0,76,
408,mammal,5218781,Crocuta crocuta,Spotted Hyena,species,Hyaenidae,AFRICA,gbif majority records,AFRICA:0.96,41886,11614,10256,Spotted hyena,Q178089,278850,0.5205,LEAST_CONCERN,,,,,,,,,inat_pool,-25.28,2.34,16.78,36.77,75,
409,bird,2480897,Egretta novaehollandiae,White-faced Heron,species,Ardeidae,OCEANIA,gbif majority records,OCEANIA:1.00,4936,38582,1073257,White-faced heron,Q392236,20291,0.5204,LEAST_CONCERN,,,,,,,,,inat_pool,-40.93,-28.66,116.52,152.8,112,
410,mammal,2440301,Vombatus ursinus,Bare-nosed Wombat,species,Vombatidae,OCEANIA,gbif majority records,OCEANIA:1.00,43009,12673,133606,Common wombat,Q752436,35680,0.5197,LEAST_CONCERN,,,,,,,,,inat_pool,-42.58,-33.24,144.89,150.81,65,
411,mammal,2441212,Phacochoerus africanus,Common Warthog,species,Suidae,AFRICA,gbif majority records,AFRICA:1.00,42122,15948,20121,Common warthog,Q183255,81623,0.5188,LEAST_CONCERN,,,,,,,,,inat_pool,-28.72,14.55,-13.92,36.85,85,
412,bird,2473341,Numida meleagris,Helmeted Guineafowl,species,Numididae,AFRICA,gbif majority records,AFRICA:0.94,1428,27589,501579,Helmeted guinea fowl,Q251842,69069,0.5183,LEAST_CONCERN,,,,,,,,,inat_pool,-34.37,34.87,-85.17,120.57,140,
413,bird,2491862,Sicalis flaveola,Saffron Finch,species,Thraupidae,SOUTH_AMERICA,gbif majority records,SOUTH_AMERICA:0.92;OCEANIA:0.06,9864,50466,893361,Saffron finch,Q1064372,20976,0.5181,LEAST_CONCERN,,,,,,,,,inat_pool,,,,,,
414,crop,2703459,Oryza sativa,Asian Rice,species,Poaceae,ASIA,manual (native/origin),ASIA:0.69;AFRICA:0.18;EUROPE:0.09,61381,3688,150425,Oryza sativa,Q161426,105314,0.5161,NOT_EVALUATED,,,,,,,cultivated; cereal,,seed,-21.27,43.6,-91.76,130.77,164,
415,mammal,5219598,Procavia capensis,Rock Hyrax,species,Procaviidae,AFRICA,gbif majority records,AFRICA:0.57;ASIA:0.43,43086,10130,15098,Rock hyrax,Q323847,211902,0.5155,LEAST_CONCERN,,,,,,,,,inat_pool,-34.37,32.86,16.71,36.23,89,
416,mammal,7262034,Chlorocebus pygerythrus,Vervet Monkey,species,Cercopithecidae,AFRICA,gbif majority records,AFRICA:1.00,68137,14135,13848,Vervet monkey,Q8985570,153033,0.515,LEAST_CONCERN,,,,,,,,,inat_pool,-33.64,-1.28,22.84,37.28,110,
417,crop,2927305,Lavandula angustifolia,Common Lavender,species,Lamiaceae,EUROPE,manual (native/origin),EUROPE:0.99,133395,23603,49816,Lavandula angustifolia,Q42081,,0.5134,LEAST_CONCERN,,,,,,,cultivated; ornamental/herb,,seed,43.88,58.41,-2.79,16.52,127,
418,wild_plant,2928531,Ipomoea cairica,Mile-a-minute vine,species,Convolvulaceae,ASIA,gbif majority records,ASIA:0.41;OCEANIA:0.22;SOUTH_AMERICA:0.19;AFRICA:0.12;NORTH_AMERICA:0.05,77494,26462,25170,Ipomoea cairica,Q311175,12895,0.5131,LEAST_CONCERN,,,,,,,,,inat_pool,-34.36,30.15,-82.77,153.14,147,
419,bird,2489448,Strepera graculina,Pied Currawong,species,Cracticidae,OCEANIA,gbif majority records,OCEANIA:1.00,8423,21012,1095756,Pied currawong,Q966961,40103,0.5131,LEAST_CONCERN,,,,,,,,,inat_pool,-38.2,-27.38,144.32,153.4,53,
420,insect_arachnid,5137849,Eurema hecabe,Common Grass Yellow,species,Pieridae,ASIA,gbif majority records,ASIA:0.62;OCEANIA:0.27;AFRICA:0.10,51614,27943,25054,Eurema hecabe,Q1768465,7735,0.5116,LEAST_CONCERN,,,,,,,,,inat_pool,-32.92,23.59,31.74,153.2,119,
421,insect_arachnid,1919340,Catopsilia pomona,Lemon Migrant,species,Pieridae,ASIA,gbif majority records,ASIA:0.78;OCEANIA:0.22,133443,28227,25822,Catopsilia pomona,Q1768128,7343,0.5097,NOT_EVALUATED,,,,,,,,,inat_pool,-27.43,25.0,73.75,153.01,124,
422,mammal,5219416,Panthera tigris,Tiger,species,Felidae,ASIA,gbif majority records,ASIA:0.98,41967,9086,5731,Tiger,Q19939,1261460,0.5082,ENDANGERED,,,,,,,,,inat_pool,,,,,,
423,bird,8346347,Troglodytes musculus,Southern House Wren,species,Troglodytidae,SOUTH_AMERICA,gbif majority records,SOUTH_AMERICA:0.73;NORTH_AMERICA:0.27,1578442,25688,1829082,Southern house wren,Q10385039,17651,0.5076,NOT_EVALUATED,,,,,,,,,inat_pool,-40.14,10.9,-84.99,-42.66,133,
424,bird,2489396,Zosterops lateralis,Silvereye,species,Zosteropidae,OCEANIA,gbif majority records,OCEANIA:1.00,202505,25154,1344881,Silvereye,Q313394,22675,0.505,LEAST_CONCERN,,,,,,,,,inat_pool,-42.89,-28.17,115.87,169.97,91,
425,crop,2705966,Secale cereale,rye,species,Poaceae,EUROPE,manual (native/origin),EUROPE:0.85;NORTH_AMERICA:0.08;ASIA:0.05,79021,4190,31246,Rye,Q12099,255024,0.5048,NOT_EVALUATED,,,,,,,cultivated; cereal,,seed,39.72,57.65,-116.27,39.81,175,
426,tree,5415476,Melaleuca viminalis,weeping bottlebrush,species,Myrtaceae,ASIA,gbif majority records,ASIA:0.40;AFRICA:0.38;NORTH_AMERICA:0.11;OCEANIA:0.09,77977,17339,4975,Melaleuca viminalis,Q22113637,22039,0.5032,LEAST_CONCERN,,,,,,,,,inat_pool,-34.05,28.51,-66.05,152.65,78,
427,crop,2874569,Cucumis sativus,Cucumber,species,Cucurbitaceae,ASIA,manual (native/origin),EUROPE:0.51;ASIA:0.22;NORTH_AMERICA:0.20;AFRICA:0.03,54919,7454,8747,Cucumber,Q23425,323179,0.5015,NOT_EVALUATED,,,,,,,cultivated; vegetable,,seed,11.72,49.76,-94.2,79.43,220,
428,wild_plant,4252828,Osteospermum moniliferum,Bietou,species,Asteraceae,OCEANIA,gbif majority records,OCEANIA:0.77;AFRICA:0.22,404420,23973,56335,Osteospermum moniliferum,Q21876051,4699,0.5011,LEAST_CONCERN,,,,,,,,,inat_pool,-43.58,-29.81,18.49,172.64,53,
429,bird,2479329,Platycercus eximius,Eastern Rosella,species,Psittacidae,OCEANIA,gbif majority records,OCEANIA:1.00,18920,21201,831736,Eastern rosella,Q827866,43808,0.5006,LEAST_CONCERN,,,,,,,,,inat_pool,-38.66,-31.0,140.43,152.73,80,
430,crop,3189636,Camellia japonica,Japanese camellia,species,Theaceae,ASIA,manual (native/origin),ASIA:0.84;EUROPE:0.08;NORTH_AMERICA:0.04,83056,21046,9351,Camellia japonica,Q160121,111680,0.5001,LEAST_CONCERN,,,,,,,cultivated; ornamental,,seed,-33.94,51.12,-1.63,150.95,94,
431,tree,12203608,Combretum indicum,Rangoon Creeper,species,Combretaceae,ASIA,gbif majority records,ASIA:0.60;AFRICA:0.16;NORTH_AMERICA:0.11;SOUTH_AMERICA:0.07;OCEANIA:0.05,284831,10217,4144,Combretum indicum,Q1062389,46420,0.4993,NOT_EVALUATED,,,,,,,,,inat_pool,-16.48,28.62,-79.94,125.51,180,
432,crop,3152205,Theobroma cacao,cacao tree,species,Malvaceae,SOUTH_AMERICA,manual (native/origin),SOUTH_AMERICA:0.61;NORTH_AMERICA:0.27;ASIA:0.06;AFRICA:0.05,64340,10820,9994,Theobroma cacao,Q42385,209006,0.4993,DATA_DEFICIENT,,,,,,,cultivated; beverage,,seed,-11.89,18.18,-92.94,101.7,151,
433,crop,2984573,Artocarpus altilis,Breadfruit,species,Moraceae,OCEANIA,manual (native/origin),NORTH_AMERICA:0.35;OCEANIA:0.20;ASIA:0.18;SOUTH_AMERICA:0.17;AFRICA:0.10,70027,9724,6695,Breadfruit,Q14677,313197,0.4987,DATA_DEFICIENT,,,,,,,cultivated; fruit/starch,,seed,-17.67,21.89,-158.12,115.27,123,
434,herp,2429583,Limnodynastes peronii,Striped Marsh Frog,species,Limnodynastidae,OCEANIA,gbif majority records,OCEANIA:1.00,22039,9118,176762,Striped marsh frog,Q538161,7226,0.4982,LEAST_CONCERN,,,,,,,,,inat_pool,-38.13,-25.19,140.91,153.12,67,
435,bird,2495358,Zenaida auriculata,Eared Dove,species,Columbidae,SOUTH_AMERICA,gbif majority records,SOUTH_AMERICA:0.99,3439,41355,1068346,Eared dove,Q1006452,12972,0.4981,LEAST_CONCERN,,,,,,,,,inat_pool,-35.66,12.14,-79.87,-47.61,112,
436,tree,2891932,Casuarina cunninghamiana,River sheoak,species,Casuarinaceae,OCEANIA,gbif majority records,OCEANIA:0.87;AFRICA:0.08,160233,11081,14122,Casuarina cunninghamiana,Q662316,9417,0.498,LEAST_CONCERN,,,,,,,,,inat_pool,-36.67,-24.56,18.36,152.7,92,
437,bird,5232005,Centropus sinensis,Greater Coucal,species,Cuculidae,ASIA,gbif majority records,ASIA:1.00,1677,11065,1050109,Greater coucal,Q767112,95628,0.498,LEAST_CONCERN,,,,,,,,,inat_pool,2.27,27.57,73.82,116.58,150,
438,bird,5229156,Pelecanus conspicillatus,Australian Pelican,species,Pelecanidae,OCEANIA,gbif majority records,OCEANIA:1.00,4326,26409,681666,Australian pelican,Q26063,37633,0.4963,LEAST_CONCERN,,,,,,,,,inat_pool,-38.34,-27.46,115.75,152.87,87,
439,tree,5284667,Pinus sibirica,Siberian pine,species,Pinaceae,ASIA,gbif majority records,ASIA:0.89;EUROPE:0.11,135653,8862,13344,Pinus sibirica,Q774829,14283,0.4951,LEAST_CONCERN,,,,,,,,,inat_pool,51.05,62.24,37.42,104.91,73,
440,bird,6066513,Microcarbo melanoleucos,Little Pied Cormorant,species,Phalacrocoracidae,OCEANIA,gbif majority records,OCEANIA:1.00,370351,36094,1034773,Little pied cormorant,Q783177,15295,0.4943,LEAST_CONCERN,,,,,,,,,inat_pool,-38.49,-27.37,115.91,153.07,104,
441,bird,5229131,Vanellus indicus,Red-wattled Lapwing,species,Charadriidae,ASIA,gbif majority records,ASIA:1.00,4871,17914,970612,Red-wattled lapwing,Q752398,41913,0.4936,LEAST_CONCERN,,,,,,,,,inat_pool,5.46,28.55,58.3,102.26,124,
442,crop,2874570,Cucumis melo,Muskmelon,species,Cucurbitaceae,AFRICA,manual (native/origin),EUROPE:0.33;NORTH_AMERICA:0.20;OCEANIA:0.19;ASIA:0.18;AFRICA:0.09,76538,9907,19911,Cucumis melo,Q81602,122143,0.4934,NOT_EVALUATED,,,,,,,cultivated; fruit,,seed,20.52,50.35,-100.31,115.96,180,
443,bird,2480934,Ardea purpurea,Purple Heron,species,Ardeidae,ASIA,gbif majority records,ASIA:0.53;EUROPE:0.35;AFRICA:0.12,4951,28657,851017,Purple heron,Q160488,25109,0.4932,LEAST_CONCERN,,,,,,,,,inat_pool,24.19,52.75,-8.14,32.87,62,
444,herp,10994609,Pelodryas caerulea,Green Tree Frog,species,Pelodryadidae,OCEANIA,gbif majority records,OCEANIA:1.00,1633145,14783,10193,Australian green tree frog,Q654682,45506,0.4925,NOT_EVALUATED,,,,,,,,,inat_pool,-31.97,-12.89,130.86,153.2,92,
445,tree,3974700,Vachellia tortilis,umbrella thorn,species,Fabaceae,AFRICA,manual (native/origin),ASIA:0.55;AFRICA:0.45,489563,5185,13137,Vachellia tortilis,Q1337058,23685,0.4916,LEAST_CONCERN,,,,,,,,,seed,-25.69,31.34,-5.04,56.27,102,
446,tree,2686276,Larix sibirica,Siberian larch,species,Pinaceae,ASIA,gbif majority records,ASIA:0.80;EUROPE:0.19,135893,10793,11386,Larix sibirica,Q754765,12307,0.4915,LEAST_CONCERN,,,,,,,,,inat_pool,47.98,65.93,8.7,107.77,137,
447,crop,2882849,Vaccinium corymbosum,Northern highbush blueberry,species,Ericaceae,NORTH_AMERICA,manual (native/origin),NORTH_AMERICA:0.82;EUROPE:0.18,52740,25786,20283,Vaccinium corymbosum,Q468695,40403,0.4907,NOT_EVALUATED,,,,,,,cultivated; fruit,,seed,32.77,53.05,-85.46,8.4,109,
448,wild_plant,3114986,Arctotheca calendula,Capeweed,species,Asteraceae,OCEANIA,gbif majority records,OCEANIA:0.74;EUROPE:0.20;AFRICA:0.05,56024,16924,47343,Arctotheca calendula,Q1728668,8714,0.4902,NOT_EVALUATED,,,,,,,,,inat_pool,-38.41,-31.97,115.8,151.56,78,
449,crop,2927096,Ocimum basilicum,Sweet basil,species,Lamiaceae,ASIA,manual (native/origin),NORTH_AMERICA:0.28;ASIA:0.20;SOUTH_AMERICA:0.19;EUROPE:0.14;AFRICA:0.14;OCEANIA:0.05,61398,18672,3764,Basil,Q38859,275757,0.49,NOT_EVALUATED,,,,,,,cultivated; herb,,seed,-28.68,44.73,-111.91,138.67,174,
450,tree,5349719,Erythrina crista-galli,Cockspur coral tree,species,Fabaceae,SOUTH_AMERICA,manual (native/origin),OCEANIA:0.56;SOUTH_AMERICA:0.36;ASIA:0.04,162718,8925,8773,Erythrina crista-galli,Q162849,21063,0.4898,LEAST_CONCERN,,,,,,,,,seed,-35.04,23.39,-63.7,153.12,83,
451,herp,2462503,Tiliqua scincoides,Common Bluetongue,species,Scincidae,OCEANIA,gbif majority records,OCEANIA:1.00,37456,12479,62046,Tiliqua scincoides,Q781954,13890,0.4885,LEAST_CONCERN,,,,,,,,,inat_pool,-36.21,-27.51,145.16,153.11,69,
452,mammal,5218655,Pteropus poliocephalus,Grey-headed Flying-fox,species,Pteropodidae,OCEANIA,gbif majority records,OCEANIA:1.00,40905,7938,103341,Grey-headed flying fox,Q551930,46374,0.4868,VULNERABLE,,,,,,,,,inat_pool,-37.98,-27.58,138.61,153.06,58,
453,tree,8234570,Butea monosperma,Flame of The Forest,species,Fabaceae,ASIA,gbif majority records,ASIA:0.98,68681,3679,7144,Butea monosperma,Q942203,76558,0.4854,NOT_EVALUATED,,,,,,,,,inat_pool,8.77,24.9,73.18,80.75,44,
454,insect_arachnid,1428645,Orthetrum sabina,Slender Skimmer,species,Libellulidae,ASIA,gbif majority records,ASIA:0.87;OCEANIA:0.12,107974,30563,28055,Orthetrum sabina,Q1306401,3120,0.4847,LEAST_CONCERN,,,,,,,,,inat_pool,-28.63,24.83,71.38,153.09,142,
455,tree,5286079,Podocarpus totara,Tōtara,species,Podocarpaceae,OCEANIA,manual (native/origin),OCEANIA:1.00,85275,8430,10368,Podocarpus totara,Q164276,16936,0.4832,LEAST_CONCERN,,,,,,,,,seed,-43.81,-35.78,172.48,176.1,54,
456,mammal,2441105,Connochaetes taurinus,Common Wildebeest,species,Bovidae,AFRICA,gbif majority records,AFRICA:1.00,42280,13539,14803,Blue wildebeest,Q328809,81173,0.4809,LEAST_CONCERN,,,,,,,,,inat_pool,-30.7,-2.25,16.96,35.54,87,
457,tree,5284682,Cedrus libani,Lebanon cedar,species,Pinaceae,ASIA,manual (native/origin),EUROPE:0.77;ASIA:0.18;NORTH_AMERICA:0.04,136150,2676,5574,Cedrus libani,Q61105,123597,0.4806,VULNERABLE,,,,,,,"native Levant, ornamental widely",,seed,34.21,54.56,-73.99,36.56,75,
458,tree,2981303,Acacia baileyana,Cootamundra wattle,species,Fabaceae,OCEANIA,gbif majority records,OCEANIA:0.77;NORTH_AMERICA:0.12;SOUTH_AMERICA:0.05;AFRICA:0.04,55345,8998,9554,Acacia baileyana,Q9562555,15828,0.4803,NOT_EVALUATED,,,,,,,,,inat_pool,-38.24,37.75,-122.06,152.0,103,
459,insect_arachnid,1427734,Crocothemis servilia,Scarlet Skimmer,species,Libellulidae,ASIA,gbif majority records,ASIA:0.88;NORTH_AMERICA:0.12,52055,33703,27128,Scarlet skimmer,Q643655,3097,0.4803,LEAST_CONCERN,,,,,,,,,inat_pool,1.34,36.5,-82.32,134.69,127,
460,crop,2947311,Cicer arietinum,chickpea,species,Fabaceae,ASIA,manual (native/origin),ASIA:0.60;EUROPE:0.26;AFRICA:0.12,122854,610,28755,Chickpea,Q81375,428398,0.4799,NOT_EVALUATED,,,,,,,cultivated; legume,,seed,21.74,49.11,-1.42,79.09,152,
461,tree,2981159,Acacia paradoxa,Kangaroo thorn,species,Fabaceae,OCEANIA,gbif majority records,OCEANIA:0.99,75251,9445,24756,Acacia paradoxa,Q1524950,3579,0.4775,LEAST_CONCERN,,,,,,,,,inat_pool,-38.32,-34.71,138.46,146.9,61,
462,crop,2985994,Hydrangea macrophylla,mophead hydrangea,species,Hydrangeaceae,ASIA,manual (native/origin),EUROPE:0.71;ASIA:0.10;OCEANIA:0.08;AFRICA:0.05;NORTH_AMERICA:0.04,122034,49916,12721,Hydrangea macrophylla,Q159219,,0.4774,NOT_EVALUATED,,,,,,,cultivated; ornamental,,seed,-41.32,55.95,-66.09,174.77,170,
463,bird,2474732,Amaurornis phoenicurus,White-breasted Waterhen,species,Rallidae,ASIA,gbif majority records,ASIA:1.00,199,21285,737631,White-breasted waterhen,Q862825,34437,0.4774,LEAST_CONCERN,,,,,,,,,inat_pool,-7.03,27.09,76.43,121.59,118,
464,wild_plant,3579089,Calotropis gigantea,crown flower,species,Apocynaceae,ASIA,gbif majority records,ASIA:0.86;OCEANIA:0.06;AFRICA:0.04,67574,14783,8743,Calotropis gigantea,Q525166,66478,0.474,NOT_EVALUATED,,,,,,,,,inat_pool,6.94,28.96,73.02,106.9,91,
465,crop,2857697,Allium cepa,Common Onion,species,Amaryllidaceae,ASIA,manual (native/origin),EUROPE:0.75;ASIA:0.10;AFRICA:0.08;NORTH_AMERICA:0.05,48592,5268,7157,Onion,Q23485,363718,0.4734,NOT_EVALUATED,,,,,,,cultivated; vegetable,,seed,28.17,63.43,-51.98,32.6,135,
466,tree,3152240,Ochroma pyramidale,Balsa Tree,species,Malvaceae,SOUTH_AMERICA,manual (native/origin),SOUTH_AMERICA:0.90;NORTH_AMERICA:0.09,62810,2826,10865,Ochroma,Q12302824,55799,0.472,LEAST_CONCERN,,,,,,,,,seed,-2.98,7.92,-76.69,-72.44,35,
467,bird,5844398,Rupornis magnirostris,Roadside Hawk,species,Accipitridae,SOUTH_AMERICA,gbif majority records,SOUTH_AMERICA:0.68;NORTH_AMERICA:0.32,201041,37359,1021104,Roadside hawk,Q426708,10497,0.4716,LEAST_CONCERN,,,,,,,,,inat_pool,-34.44,20.73,-97.1,-38.56,182,
468,tree,3012177,Sorbus sibirica,Siberian mountain ash,species,Rosaceae,ASIA,gbif majority records,ASIA:0.96;EUROPE:0.04,1148360,3224,4582,Sorbus aucuparia,Q146198,99361,0.4714,LEAST_CONCERN,,,,,,,,,inat_pool,51.34,66.11,60.94,105.3,94,
469,bird,2489440,Cracticus torquatus,Grey Butcherbird,species,Cracticidae,OCEANIA,gbif majority records,OCEANIA:1.00,204497,21436,970598,Grey butcherbird,Q974220,23279,0.4704,LEAST_CONCERN,,,,,,,,,inat_pool,,,,,,
470,crop,2874508,Cucurbita pepo,American pumpkin,species,Cucurbitaceae,NORTH_AMERICA,manual (native/origin),EUROPE:0.64;NORTH_AMERICA:0.23;ASIA:0.04;AFRICA:0.04;SOUTH_AMERICA:0.04,76541,14149,13686,Cucurbita pepo,Q7229863,94035,0.4698,LEAST_CONCERN,,,,,,,cultivated; vegetable,,seed,4.73,59.09,-101.61,40.12,197,
471,tree,3033991,Cinnamomum camphora,,species,Lauraceae,ASIA,manual (native/origin),OCEANIA:0.55;ASIA:0.26;NORTH_AMERICA:0.13;AFRICA:0.05,,,20229,Camphora officinarum,Q158722,94331,0.4691,LEAST_CONCERN,,,,,,Y,"ornamental, invasive in places",,seed,-33.97,31.75,-84.34,153.18,91,
472,bird,2485821,Furnarius rufus,Rufous Hornero,species,Furnariidae,SOUTH_AMERICA,gbif majority records,SOUTH_AMERICA:1.00,11275,25735,649475,Rufous hornero,Q852731,26102,0.4691,LEAST_CONCERN,,,,,,,,,inat_pool,-37.15,-15.8,-64.55,-41.92,119,
473,tree,2975768,Tamarindus indica,Tamarind,species,Fabaceae,AFRICA,manual (native/origin),ASIA:0.83;AFRICA:0.10;NORTH_AMERICA:0.04,62844,11639,49892,Tamarind,Q80235,,0.4682,LEAST_CONCERN,,,,,,,planted pantropically,,seed,8.81,22.47,-63.08,80.51,63,
474,insect_arachnid,7346444,Zizina otis,Lesser Grass Blue,species,Lycaenidae,OCEANIA,gbif majority records,OCEANIA:0.56;ASIA:0.44,125537,40649,23176,Zizina otis,Q3595459,2845,0.4671,LEAST_CONCERN,,,,,,,,,inat_pool,-36.81,21.68,73.54,152.91,138,
475,tree,5293398,Euterpe oleracea,Açaí Palm,species,Arecaceae,SOUTH_AMERICA,manual (native/origin),SOUTH_AMERICA:1.00,365244,1145,7980,Açaí palm,Q33943,309886,0.4633,LEAST_CONCERN,,,,,,,,,seed,-5.5,5.37,-59.98,-48.3,67,
476,insect_arachnid,1428428,Diplacodes trivialis,Chalky Percher,species,Libellulidae,ASIA,gbif majority records,ASIA:0.84;OCEANIA:0.15,99331,34099,27116,Diplacodes trivialis,Q1888149,2396,0.4629,LEAST_CONCERN,,,,,,,,,inat_pool,-23.97,24.07,73.74,151.35,129,
477,wild_plant,2891772,Impatiens walleriana,Busy Lizzie,species,Balsaminaceae,SOUTH_AMERICA,gbif majority records,SOUTH_AMERICA:0.31;NORTH_AMERICA:0.26;ASIA:0.26;OCEANIA:0.08;AFRICA:0.06;EUROPE:0.04,68185,22522,6961,Impatiens walleriana,Q654064,38865,0.4619,NOT_EVALUATED,,,,,,,,,inat_pool,-29.8,25.09,-84.78,121.74,127,
478,mammal,2436604,Macaca mulatta,Rhesus Macaque,species,Cercopithecidae,ASIA,gbif majority records,ASIA:0.95;NORTH_AMERICA:0.05,43460,10925,8406,Rhesus macaque,Q156606,202265,0.4619,LEAST_CONCERN,,,,,,,,,inat_pool,16.12,31.1,-82.01,114.18,102,
479,bird,2495486,Geopelia striata,Zebra Dove,species,Columbidae,ASIA,gbif majority records,ASIA:0.59;OCEANIA:0.39,3607,30737,413513,Zebra dove,Q288485,33409,0.4616,LEAST_CONCERN,,,,,,,,,inat_pool,-8.65,21.4,-158.05,119.88,74,
480,wild_plant,9506227,Alocasia odora,Asian Taro,species,Araceae,ASIA,gbif majority records,ASIA:0.99,362126,20133,11370,Alocasia odora,Q1320008,19494,0.4589,NOT_EVALUATED,,,,,,,,,inat_pool,22.24,25.16,114.12,121.74,25,
481,tree,5383085,Bischofia javanica,Bishop wood,species,Phyllanthaceae,ASIA,gbif majority records,ASIA:0.81;NORTH_AMERICA:0.10;OCEANIA:0.09,156333,14239,7330,Bischofia javanica,Q8248272,8225,0.4583,LEAST_CONCERN,,,,,,,,,inat_pool,22.24,27.06,-81.68,121.75,49,
482,mammal,2440880,Ceratotherium simum,White Rhinoceros,species,Rhinocerotidae,AFRICA,gbif majority records,AFRICA:0.99,43348,9329,5588,White rhinoceros,Q159918,295048,0.4582,NEAR_THREATENED,,,,,,,,,inat_pool,,,,,,
483,wild_plant,2909527,Paederia foetida,skunk vine,species,Rubiaceae,ASIA,gbif majority records,ASIA:0.92;NORTH_AMERICA:0.06,126581,17333,20473,Paederia foetida,Q1209690,13062,0.4578,NOT_EVALUATED,,,,,,,,,inat_pool,21.3,37.4,-155.09,139.45,78,
484,wild_plant,2874564,Coccinia grandis,Ivy gourd,species,Cucurbitaceae,ASIA,gbif majority records,ASIA:0.54;NORTH_AMERICA:0.27;OCEANIA:0.12;AFRICA:0.05,160766,11569,11629,Coccinia grandis,Q727330,56379,0.4578,NOT_EVALUATED,,,,,,,,,inat_pool,-12.35,26.33,-80.31,130.85,86,
485,fish,2362030,Ctenopharyngodon idella,Grass Carp,species,Cyprinidae,ASIA,manual (native/origin),NORTH_AMERICA:0.53;EUROPE:0.42,128500,3460,14057,Grass carp,Q76098,68987,0.4557,LEAST_CONCERN,,,,,,,stocked worldwide,,seed,28.33,55.56,-90.12,37.62,115,
486,crop,5299675,Tulipa gesneriana,Garden Tulip,species,Liliaceae,ASIA,manual (native/origin),EUROPE:0.99,129054,30269,14011,Tulipa gesneriana,Q163060,,0.452,NOT_EVALUATED,,,,,,,cultivated; ornamental,,seed,44.53,59.76,-3.7,38.67,159,
487,bird,2480764,Threskiornis aethiopicus,African Sacred Ibis,species,Threskiornithidae,AFRICA,gbif majority records,AFRICA:0.81;ASIA:0.12;EUROPE:0.07,3739,16908,440926,African sacred ibis,Q208763,65546,0.4498,LEAST_CONCERN,,,,,,,,,inat_pool,-34.37,45.44,-16.65,36.78,98,
488,insect_arachnid,11535847,Acraea terpsicore,Tawny Coster,species,Nymphalidae,ASIA,gbif majority records,ASIA:0.82;OCEANIA:0.11;AFRICA:0.07,180386,27728,15532,Acraea terpsicore,Q2823467,6759,0.4494,NOT_EVALUATED,,,,,,,,,inat_pool,-19.27,24.17,73.78,146.76,101,
489,tree,2684940,Araucaria angustifolia,Paraná Araucaria,species,Araucariaceae,SOUTH_AMERICA,gbif majority records,SOUTH_AMERICA:0.97,83168,5780,5081,Araucaria angustifolia,Q899179,29818,0.4489,CRITICALLY_ENDANGERED,,,,,,,,,inat_pool,-29.43,-22.31,-54.56,-43.57,81,
490,tree,2978466,Acacia confusa,Taiwan Acacia,species,Fabaceae,ASIA,gbif majority records,ASIA:0.91;OCEANIA:0.09,47444,9176,5009,Acacia confusa,Q1316058,17337,0.4485,LEAST_CONCERN,,,,,,,,,inat_pool,21.31,25.25,-157.77,121.71,37,
491,bird,5229203,Bostrychia hagedash,Hadada Ibis,species,Threskiornithidae,AFRICA,gbif majority records,AFRICA:1.00,3743,15807,656749,Hadada ibis,Q301777,42997,0.4482,LEAST_CONCERN,,,,,,,,,inat_pool,-34.29,-24.21,18.46,31.54,117,
492,mammal,2435350,Loxodonta africana,African Savanna Elephant,species,Elephantidae,AFRICA,gbif majority records,AFRICA:1.00,43694,31143,25698,African bush elephant,Q36557,,0.4481,ENDANGERED,,,,,,,,,inat_pool,-33.39,0.09,17.16,37.37,109,
493,tree,3172574,Spathodea campanulata,African tulip tree,species,Bignoniaceae,AFRICA,manual (native/origin),ASIA:0.43;OCEANIA:0.20;NORTH_AMERICA:0.16;AFRICA:0.12;SOUTH_AMERICA:0.10,126566,24410,17318,Spathodea,Q16034822,,0.4478,LEAST_CONCERN,,,,,,Y,"ornamental, invasive in places",,seed,-20.54,23.47,-157.81,145.75,118,
494,tree,2984508,Trema orientale,Oriental trema,species,Cannabaceae,AFRICA,gbif majority records,AFRICA:0.49;ASIA:0.45;OCEANIA:0.07,147425,7915,10672,Trema orientale,Q108728855,8550,0.447,LEAST_CONCERN,,,,,,,,,inat_pool,-30.01,25.1,13.2,121.67,72,
495,herp,5816059,Hemidactylus platyurus,Flat-tailed House Gecko,species,Gekkonidae,ASIA,gbif majority records,ASIA:0.97,33376,17429,12404,Flat-tailed house gecko,Q2573099,6712,0.4462,LEAST_CONCERN,,,,,,,,,inat_pool,-8.51,20.35,98.24,121.13,115,
496,tree,2965911,Pongamia pinnata,Indian beech tree,species,Fabaceae,ASIA,gbif majority records,ASIA:0.90;OCEANIA:0.08,1609449,12899,21311,Pongamia pinnata,Q24852568,1275,0.4456,LEAST_CONCERN,,,,,,,,,inat_pool,10.13,24.47,73.8,92.62,41,
497,bird,2495681,Streptopelia orientalis,Oriental Turtle-Dove,species,Columbidae,ASIA,gbif majority records,ASIA:0.98,2927,29777,512104,Oriental turtle dove,Q704987,20247,0.4454,LEAST_CONCERN,,,,,,,,,inat_pool,24.79,43.85,79.54,139.77,99,
498,wild_plant,5398421,Mikania micrantha,mile-a-minute,species,Asteraceae,ASIA,gbif majority records,ASIA:0.68;SOUTH_AMERICA:0.16;NORTH_AMERICA:0.13,165389,16034,15927,Mikania micrantha,Q2717688,18226,0.445,NOT_EVALUATED,,,,,,,,,inat_pool,4.89,25.03,-51.1,121.63,68,
499,wild_plant,8377116,Epacris impressa,Common Heath,species,Ericaceae,OCEANIA,gbif majority records,OCEANIA:1.00,59926,14431,37620,Epacris impressa,Q2494794,6775,0.4426,NOT_EVALUATED,,,,,,,,,inat_pool,-42.91,-35.1,138.77,148.55,54,
500,herp,8161292,Intellagama lesueurii,Australian Water Dragon,species,Agamidae,OCEANIA,gbif majority records,OCEANIA:1.00,146186,32129,44131,Australian water dragon,Q24557484,,0.4351,LEAST_CONCERN,,,,,,,,,inat_pool,-34.41,-26.76,149.56,153.39,45,
501,tree,5304469,Dracaena draco,dragon-tree,species,Asparagaceae,AFRICA,gbif majority records,AFRICA:0.63;EUROPE:0.31;OCEANIA:0.05,135388,4824,1965,Dracaena draco,Q157952,72264,0.4342,ENDANGERED,,,,,,,,,inat_pool,-36.43,38.54,-28.51,174.71,41,
502,wild_plant,7303844,Bursaria spinosa,Australian Blackthorn,species,Pittosporaceae,OCEANIA,gbif majority records,OCEANIA:1.00,83571,13999,53606,Bursaria spinosa,Q2928619,5717,0.4335,LEAST_CONCERN,,,,,,,,,inat_pool,-40.93,-30.07,138.7,151.91,90,
503,bird,2484396,Molothrus bonariensis,Shiny Cowbird,species,Icteridae,SOUTH_AMERICA,gbif majority records,SOUTH_AMERICA:0.89;NORTH_AMERICA:0.11,10371,23844,655793,Shiny cowbird,Q1586890,18519,0.432,LEAST_CONCERN,,,,,,,,,inat_pool,-35.67,4.7,-78.35,-42.41,135,
504,mammal,2436603,Macaca fascicularis,Long-tailed Macaque,species,Cercopithecidae,ASIA,gbif majority records,ASIA:0.99,43459,25286,20105,Macaca fascicularis,Q301676,11938,0.4317,ENDANGERED,,,,,,,,,inat_pool,-8.55,13.5,98.51,120.12,101,
505,insect_arachnid,5806177,Vanessa kershawi,Australian Painted Lady,species,Nymphalidae,OCEANIA,gbif majority records,OCEANIA:1.00,197077,16788,17909,Australian painted lady,Q390154,7496,0.4311,NOT_EVALUATED,,,,,,,,,inat_pool,-38.03,-27.81,115.79,149.44,115,
506,insect_arachnid,1713418,Locusta migratoria,Migratory Locust,species,Acrididae,EUROPE,gbif majority records,EUROPE:0.75;ASIA:0.15;OCEANIA:0.08,201627,10687,17280,Migratory locust,Q1059580,21108,0.431,NOT_EVALUATED,,,,,,,pest,Y,seed,-34.06,44.77,-8.62,151.33,175,
507,herp,2470656,Varanus niloticus,Nile Monitor,species,Varanidae,AFRICA,gbif majority records,AFRICA:0.80;NORTH_AMERICA:0.20,71085,7092,10675,Nile monitor,Q737896,73472,0.4306,LEAST_CONCERN,,,,,,,,,inat_pool,-29.91,13.55,-16.7,36.36,119,
508,herp,2460886,Eutropis multifasciata,Common Sun Skink,species,Scincidae,ASIA,gbif majority records,ASIA:0.99,38008,15145,11753,Eutropis multifasciata,Q581692,9224,0.4271,LEAST_CONCERN,,,,,,,,,inat_pool,,,,,,
509,bird,2495858,Columbina talpacoti,Ruddy Ground Dove,species,Columbidae,SOUTH_AMERICA,gbif majority records,SOUTH_AMERICA:0.57;NORTH_AMERICA:0.43,3580,28138,1155824,Ruddy ground dove,Q1386698,6982,0.4259,LEAST_CONCERN,,,,,,,,,inat_pool,-25.26,20.97,-96.42,-35.77,131,
510,tree,5421178,Koelreuteria elegans,Taiwanese Rain Tree,species,Sapindaceae,ASIA,gbif majority records,ASIA:0.68;NORTH_AMERICA:0.22;OCEANIA:0.09,164356,15342,3767,Koelreuteria elegans,Q4116428,7428,0.4231,LEAST_CONCERN,,,,,,,,,inat_pool,-28.41,29.66,-90.07,152.93,53,
511,insect_arachnid,1652950,Culex quinquefasciatus,Southern House Mosquito,species,Culicidae,NORTH_AMERICA,gbif majority records,NORTH_AMERICA:0.79;ASIA:0.13;OCEANIA:0.04;SOUTH_AMERICA:0.03,155309,3330,64866,Culex quinquefasciatus,Q3007100,13748,0.4228,NOT_EVALUATED,,,,,,,disease vector,Y,seed,,,,,,
512,herp,2430396,Fejervarya limnocharis,Paddy Field Frog,species,Dicroglossidae,ASIA,gbif majority records,ASIA:1.00,26053,15810,69746,Fejervarya limnocharis,Q714589,,0.4209,LEAST_CONCERN,,,,,,,,,inat_pool,5.51,25.15,99.85,121.62,52,
513,bird,10704098,Pica serica,Oriental Magpie,species,Corvidae,ASIA,gbif majority records,ASIA:1.00,827401,21504,319829,Oriental magpie,Q1133750,41993,0.4205,NOT_EVALUATED,,,,,,,,,inat_pool,24.21,40.0,116.1,128.45,64,
514,tree,5285104,Pinus densiflora,Japanese red pine,species,Pinaceae,ASIA,manual (native/origin),ASIA:0.99,135811,3257,13029,Pinus densiflora,Q1044186,15433,0.4172,LEAST_CONCERN,,,,,,,,,seed,35.49,38.06,127.42,139.07,30,
515,herp,2441757,Stigmochelys pardalis,Leopard Tortoise,species,Testudinidae,AFRICA,gbif majority records,AFRICA:1.00,40092,10679,9712,Leopard tortoise,Q640955,34752,0.417,LEAST_CONCERN,,,,,,,,,inat_pool,-33.69,-1.22,18.27,37.34,139,
516,herp,9125207,Calotes versicolor,Indian Garden Lizard,species,Agamidae,ASIA,gbif majority records,ASIA:0.94;AFRICA:0.06,31281,37167,26049,Oriental garden lizard,Q41489,,0.4162,LEAST_CONCERN,,,,,,,,,inat_pool,-6.93,28.96,72.96,110.77,111,
517,bird,2486150,Pycnonotus sinensis,Light-vented Bulbul,species,Pycnonotidae,ASIA,gbif majority records,ASIA:1.00,14621,27863,903919,Light-vented bulbul,Q1061015,7907,0.4144,LEAST_CONCERN,,,,,,,,,inat_pool,22.19,36.37,111.51,126.33,70,
518,insect_arachnid,1341978,Apis dorsata,Giant Honey Bee,species,Apidae,ASIA,gbif majority records,ASIA:1.00,245955,12472,9442,Apis dorsata,Q840434,41131,0.4138,NOT_EVALUATED,,,,,,,,Y,seed,1.31,28.61,73.59,107.61,130,
519,mammal,2439920,Didelphis marsupialis,Southern Opossum,species,Didelphidae,SOUTH_AMERICA,gbif majority records,SOUTH_AMERICA:0.89;NORTH_AMERICA:0.11,42649,7045,34607,Common opossum,Q194663,41556,0.4132,LEAST_CONCERN,,,,,,,,,inat_pool,2.88,9.96,-76.62,-60.88,36,
520,crop,3189635,Camellia sinensis,tea,species,Theaceae,ASIA,manual (native/origin),ASIA:0.84;AFRICA:0.07,123005,4312,4544,Camellia sinensis,Q101815,318829,0.4128,DATA_DEFICIENT,,,,,,,cultivated; beverage,,seed,-2.44,35.76,39.19,139.45,86,
521,tree,2980425,Acacia cyclops,western coastal wattle,species,Fabaceae,AFRICA,gbif majority records,AFRICA:0.51;OCEANIA:0.28;NORTH_AMERICA:0.17,75249,8451,7971,Acacia cyclops,Q3644005,6338,0.4113,LEAST_CONCERN,,,,,,,,,inat_pool,-34.42,33.96,-118.38,117.91,62,
522,wild_plant,7883492,Hedychium coronarium,Butterfly ginger lily,species,Zingiberaceae,SOUTH_AMERICA,gbif majority records,SOUTH_AMERICA:0.42;ASIA:0.25;NORTH_AMERICA:0.25;OCEANIA:0.05,143955,13932,10444,Hedychium coronarium,Q1994229,24160,0.4101,DATA_DEFICIENT,,,,,,,,,inat_pool,,,,,,
523,insect_arachnid,1899947,Heteronympha merope,Common Brown,species,Nymphalidae,OCEANIA,gbif majority records,OCEANIA:1.00,149448,23456,27846,Heteronympha merope,Q1312670,1297,0.4082,LEAST_CONCERN,,,,,,,,,inat_pool,-38.42,-29.11,142.63,151.87,87,
524,crop,5384862,Bougainvillea glabra,lesser bougainvillea,species,Nyctaginaceae,SOUTH_AMERICA,manual (native/origin),SOUTH_AMERICA:0.33;NORTH_AMERICA:0.27;AFRICA:0.18;ASIA:0.11;EUROPE:0.08;OCEANIA:0.04,159346,32816,3172,Bougainvillea glabra,Q159984,65223,0.4081,LEAST_CONCERN,,,,,,,cultivated; ornamental,,seed,-29.63,36.71,-79.98,105.67,156,
525,bird,6101070,Parus cinereus,Asian Tit,species,Paridae,ASIA,gbif majority records,ASIA:1.00,339691,21976,501171,Cinereous tit,Q973837,19967,0.408,NOT_EVALUATED,,,,,,,,,inat_pool,6.97,40.27,80.77,140.84,117,
526,bird,2488602,Thraupis episcopus,Blue-gray Tanager,species,Thraupidae,SOUTH_AMERICA,gbif majority records,SOUTH_AMERICA:0.53;NORTH_AMERICA:0.47,10295,29945,1459664,Blue-gray tanager,Q883102,,0.4069,LEAST_CONCERN,,,,,,,,,inat_pool,-3.75,18.6,-91.09,-61.4,114,
527,bird,2496209,Crotophaga ani,Smooth-billed Ani,species,Cuculidae,SOUTH_AMERICA,gbif majority records,SOUTH_AMERICA:0.74;NORTH_AMERICA:0.26,1971,18446,697944,Smooth-billed ani,Q256046,17134,0.4069,LEAST_CONCERN,,,,,,,,,inat_pool,-23.8,22.4,-89.61,-38.55,149,
528,crop,7587087,Cajanus cajan,Pigeon Pea,species,Fabaceae,ASIA,manual (native/origin),ASIA:0.47;AFRICA:0.27;NORTH_AMERICA:0.13;SOUTH_AMERICA:0.11,139444,4194,13829,Pigeon pea,Q632559,131908,0.4032,NOT_EVALUATED,,,,,,,cultivated; legume,,seed,-27.63,27.82,-81.45,122.51,180,
529,herp,2464899,Boa constrictor,Boa Constrictor,species,Boidae,SOUTH_AMERICA,gbif majority records,SOUTH_AMERICA:0.82;NORTH_AMERICA:0.18,32093,6006,6198,Boa constrictor,Q215388,201323,0.4018,LEAST_CONCERN,,,,,,,,,inat_pool,-22.95,18.02,-77.5,-35.89,159,
530,mammal,2434340,Lycalopex culpaeus,Culpeo,species,Canidae,SOUTH_AMERICA,gbif majority records,SOUTH_AMERICA:1.00,516126,4356,55689,Culpeo,Q373558,60200,0.3981,LEAST_CONCERN,,,,,,,,,inat_pool,-45.99,-33.74,-73.47,-70.41,28,
531,bird,2480905,Ardeola grayii,Indian Pond-Heron,species,Ardeidae,ASIA,gbif majority records,ASIA:1.00,4993,15737,944123,Indian pond heron,Q498428,13354,0.3959,LEAST_CONCERN,,,,,,,,,inat_pool,,,,,,
532,tree,5361921,Ficus sycomorus,sycamore fig,species,Moraceae,AFRICA,manual (native/origin),AFRICA:0.81;ASIA:0.16,340164,2629,3823,Ficus sycomorus,Q750217,52237,0.3943,LEAST_CONCERN,,,,,,,,,seed,-27.63,32.5,1.24,45.19,94,
533,insect_arachnid,1937712,Papilio aegeus,Orchard Swallowtail,species,Papilionidae,OCEANIA,gbif majority records,OCEANIA:0.98,134226,11492,14696,Papilio aegeus,Q136158,9483,0.3943,NOT_EVALUATED,,,,,,,,,inat_pool,,,,,,
534,mammal,2440898,Tapirus terrestris,South American Tapir,species,Tapiridae,SOUTH_AMERICA,gbif majority records,SOUTH_AMERICA:1.00,43353,5271,21765,South American tapir,Q220271,60696,0.3937,VULNERABLE,,,,,,,,,inat_pool,,,,,,
535,wild_plant,3172490,Tecomaria capensis,Cape Honeysuckle,species,Bignoniaceae,AFRICA,gbif majority records,AFRICA:0.62;NORTH_AMERICA:0.14;OCEANIA:0.12;EUROPE:0.07;ASIA:0.04,286772,17769,7552,Tecomaria capensis,Q65950339,17747,0.3924,LEAST_CONCERN,,,,,,,,,inat_pool,-34.96,37.84,-82.55,152.51,130,
536,wild_plant,2874173,Passiflora suberosa,corkystem passionflower,species,Passifloraceae,ASIA,gbif majority records,ASIA:0.40;OCEANIA:0.25;SOUTH_AMERICA:0.13;NORTH_AMERICA:0.13;AFRICA:0.08,129327,14239,16469,Passiflora suberosa,Q2068761,10072,0.3915,NOT_EVALUATED,,,,,,,,,inat_pool,,,,,,
537,bird,2475410,Merops orientalis,Asian Green Bee-eater,species,Meropidae,ASIA,gbif majority records,ASIA:1.00,2229,14293,778650,Asian green bee-eater,Q420840,19397,0.3911,LEAST_CONCERN,,,,,,,,,inat_pool,6.47,28.7,73.02,104.8,123,
538,bird,2482519,Corvus albus,Pied Crow,species,Corvidae,AFRICA,gbif majority records,AFRICA:1.00,8038,10253,508590,Pied crow,Q949603,54339,0.3907,LEAST_CONCERN,,,,,,,,,inat_pool,-33.99,6.26,6.22,38.77,123,
539,tree,2957556,Senna didymobotrya,Peanut-Butter Cassia,species,Fabaceae,AFRICA,gbif majority records,AFRICA:0.71;NORTH_AMERICA:0.20;SOUTH_AMERICA:0.04,79060,6258,5252,Senna didymobotrya,Q1498059,8726,0.389,LEAST_CONCERN,,,,,,,,,inat_pool,,,,,,
540,tree,3875567,Ziziphus mucronata,buffalo-thorn,species,Rhamnaceae,AFRICA,gbif majority records,AFRICA:1.00,340228,7081,5368,Ziziphus mucronata,Q207081,7429,0.3886,LEAST_CONCERN,,,,,,,,,inat_pool,-29.51,13.95,3.05,38.31,131,
541,mammal,2434584,Cerdocyon thous,Crab-eating Fox,species,Canidae,SOUTH_AMERICA,gbif majority records,SOUTH_AMERICA:1.00,42087,5514,23612,Crab-eating fox,Q321376,53789,0.3867,LEAST_CONCERN,,,,,,,,,inat_pool,-34.14,9.65,-75.81,-40.26,122,
542,insect_arachnid,1900872,Heliconius erato,Red Postman,species,Nymphalidae,SOUTH_AMERICA,gbif majority records,SOUTH_AMERICA:0.62;NORTH_AMERICA:0.37,81744,16874,13326,Heliconius erato,Q2427227,6582,0.3867,NOT_EVALUATED,,,,,,,,,inat_pool,-30.07,17.7,-97.95,-41.92,154,
543,crop,3083935,Chenopodium quinoa,Quinoa,species,Amaranthaceae,SOUTH_AMERICA,manual (native/origin),EUROPE:0.45;SOUTH_AMERICA:0.28;OCEANIA:0.26,122848,663,4008,Quinoa,Q139925,546727,0.3862,NOT_EVALUATED,,,,,,,cultivated; pseudocereal,,seed,-13.89,0.16,-78.61,-73.99,15,
544,bird,9273219,Lanius schach,Long-tailed Shrike,species,Laniidae,ASIA,gbif majority records,ASIA:1.00,12035,18015,509678,Long-tailed shrike,Q795567,16153,0.3801,LEAST_CONCERN,,,,,,,,,inat_pool,1.32,51.77,-1.7,121.51,120,
545,herp,2423785,Polypedates leucomystax,Common Southeast Asian Tree Frog,species,Rhacophoridae,ASIA,gbif majority records,ASIA:1.00,26592,10831,11779,Common tree frog,Q2277171,8945,0.3799,LEAST_CONCERN,,,,,,,,,inat_pool,-8.51,14.56,98.28,121.93,83,
546,insect_arachnid,1047536,Leptinotarsa decemlineata,Colorado Potato Beetle,species,Chrysomelidae,EUROPE,gbif majority records,EUROPE:0.89;NORTH_AMERICA:0.10,84778,20595,57951,Colorado potato beetle,Q156954,,0.3792,NOT_EVALUATED,,,,,,,crop pest,Y,seed,30.29,53.36,-97.77,31.92,187,
547,wild_plant,2760669,Heliconia psittacorum,Parrot's Beak,species,Heliconiaceae,SOUTH_AMERICA,gbif majority records,SOUTH_AMERICA:0.52;NORTH_AMERICA:0.32;ASIA:0.09;OCEANIA:0.06,260753,18125,8184,Heliconia psittacorum,Q2667306,11603,0.379,NOT_EVALUATED,,,,,,,,,inat_pool,-19.93,18.35,-89.61,106.72,122,
548,tree,2984501,Trema micranthum,Nettletree,species,Cannabaceae,SOUTH_AMERICA,gbif majority records,SOUTH_AMERICA:0.64;NORTH_AMERICA:0.36,169902,3380,16368,Trema micranthum,Q10384488,5570,0.3785,LEAST_CONCERN,,,,,,,,,inat_pool,-22.43,25.75,-80.38,-52.82,27,
549,bird,2492081,Paroaria coronata,Red-crested Cardinal,species,Thraupidae,SOUTH_AMERICA,gbif majority records,SOUTH_AMERICA:0.66;OCEANIA:0.34,10254,20575,245656,Red-crested cardinal,Q720526,35790,0.3763,LEAST_CONCERN,,,,,,,,,inat_pool,-34.81,22.04,-159.47,-55.88,56,
550,bird,7340608,Cinnyris asiaticus,Purple Sunbird,species,Nectariniidae,ASIA,gbif majority records,ASIA:1.00,145193,11213,767358,Purple sunbird,Q1797393,22184,0.3731,LEAST_CONCERN,,,,,,,,,inat_pool,12.84,30.54,55.19,88.46,90,
551,bird,5845375,Acridotheres javanicus,Javan Myna,species,Sturnidae,ASIA,gbif majority records,ASIA:1.00,145095,17340,487525,Javan myna,Q74017,19535,0.3727,VULNERABLE,,,,,,,,,inat_pool,-2.99,25.05,101.95,121.52,37,
552,tree,3974776,Vachellia erioloba,Camel Thorn,species,Fabaceae,AFRICA,gbif majority records,AFRICA:1.00,595946,4044,3950,Vachellia erioloba,Q15544899,17991,0.3716,LEAST_CONCERN,,,,,,,,,inat_pool,-28.89,-18.05,15.02,25.96,99,
553,tree,3795588,Vachellia caven,Caven Thorn,species,Fabaceae,SOUTH_AMERICA,gbif majority records,SOUTH_AMERICA:1.00,810560,6837,7696,Vachellia caven,Q15544357,3992,0.3716,LEAST_CONCERN,,,,,,,,,inat_pool,-36.81,-27.98,-72.45,-58.05,84,
554,herp,5226254,Agama atra,Southern Rock Agama,species,Agamidae,AFRICA,gbif majority records,AFRICA:1.00,31150,11372,12084,Agama atra,Q2826369,5846,0.3706,LEAST_CONCERN,,,,,,,,,inat_pool,-34.37,-28.79,18.4,28.49,61,
555,tree,2984476,Cecropia peltata,trumpet tree,species,Urticaceae,SOUTH_AMERICA,manual (native/origin),SOUTH_AMERICA:0.88;NORTH_AMERICA:0.10,284772,5186,25234,Cecropia peltata,Q2998776,,0.3698,LEAST_CONCERN,,,,,,,,,seed,6.83,20.69,-89.63,-71.28,82,
556,bird,7342055,Hypsipetes amaurotis,Brown-eared Bulbul,species,Pycnonotidae,ASIA,gbif majority records,ASIA:1.00,144910,19638,448851,Brown-eared bulbul,Q10770477,16149,0.3695,LEAST_CONCERN,,,,,,,,,inat_pool,22.04,37.97,121.56,139.81,52,
557,wild_plant,5415463,Thunbergia alata,Black-eyed Susan vine,species,Acanthaceae,SOUTH_AMERICA,gbif majority records,SOUTH_AMERICA:0.43;NORTH_AMERICA:0.23;AFRICA:0.16;OCEANIA:0.11;ASIA:0.07,132458,27794,20218,Thunbergia alata,Q161248,,0.3692,NOT_EVALUATED,,,,,,,,,inat_pool,-34.2,44.71,-101.14,153.45,159,
558,bird,2490718,Turdus rufiventris,Rufous-bellied Thrush,species,Turdidae,SOUTH_AMERICA,gbif majority records,SOUTH_AMERICA:1.00,12738,17796,485890,Rufous-bellied thrush,Q609283,17644,0.3692,LEAST_CONCERN,,,,,,,,,inat_pool,-34.91,-6.79,-62.27,-38.99,105,
559,bird,2475679,Ceryle rudis,Pied Kingfisher,species,Alcedinidae,AFRICA,gbif majority records,AFRICA:0.50;ASIA:0.50,2662,15479,539169,Pied kingfisher,Q320043,19051,0.3686,LEAST_CONCERN,,,,,,,,,inat_pool,-34.07,32.16,18.49,85.13,128,
560,tree,3070041,Euphorbia ingens,Common Tree Euphorbia,species,Euphorbiaceae,AFRICA,manual (native/origin),AFRICA:0.96,334379,5109,2364,Euphorbia ingens,Q3272655,20751,0.3669,LEAST_CONCERN,,,,,,,,,seed,-28.92,0.56,25.99,36.43,115,
561,crop,5387142,Dahlia pinnata,Garden Dahlia,species,Asteraceae,NORTH_AMERICA,manual (native/origin),EUROPE:0.64;NORTH_AMERICA:0.13;ASIA:0.12;SOUTH_AMERICA:0.08,161582,23389,4324,Dahlia pinnata,Q1549236,35282,0.3657,NOT_EVALUATED,,,,,,,cultivated; ornamental,,seed,-25.46,53.36,-87.68,91.5,198,
562,crop,2982583,Vigna unguiculata,Cowpea,species,Fabaceae,AFRICA,manual (native/origin),AFRICA:0.81;ASIA:0.09;EUROPE:0.06,122898,1802,23883,Cowpea,Q498940,105657,0.3653,NOT_EVALUATED,,,,,,,cultivated; legume,,seed,-18.76,38.15,-86.63,114.07,122,
563,tree,5293164,Phoenix reclinata,Reclining Date Palm,species,Arecaceae,AFRICA,gbif majority records,AFRICA:0.91;NORTH_AMERICA:0.07,166729,5631,5178,Phoenix reclinata,Q161241,7034,0.3647,LEAST_CONCERN,,,,,,,,,inat_pool,-32.65,7.45,24.93,32.37,55,
564,insect_arachnid,5130456,Junonia villida,Meadow Argus,species,Nymphalidae,OCEANIA,gbif majority records,OCEANIA:1.00,197079,15153,17740,Meadow argus,Q946188,2718,0.3572,NOT_EVALUATED,,,,,,,,,inat_pool,-37.65,-14.4,116.03,153.1,152,
565,bird,6066512,Microcarbo niger,Little Cormorant,species,Phalacrocoracidae,ASIA,gbif majority records,ASIA:1.00,497004,14210,764590,Little cormorant,Q72260,10724,0.3552,LEAST_CONCERN,,,,,,,,,inat_pool,6.88,27.16,73.82,106.72,122,
566,bird,5229410,Anastomus oscitans,Asian Openbill,species,Ciconiidae,ASIA,gbif majority records,ASIA:1.00,4775,15047,348383,Asian openbill,Q602496,26863,0.355,LEAST_CONCERN,,,,,,,,,inat_pool,1.28,25.0,74.12,103.95,84,
567,crop,2706141,Pennisetum glaucum,,species,Poaceae,AFRICA,manual (native/origin),AFRICA:0.75;ASIA:0.24,,,37770,Pearl millet,Q50840653,106018,0.3524,NOT_EVALUATED,,,,,,,cultivated; cereal,,seed,-17.76,29.86,8.13,79.26,61,
568,bird,2480433,Spilornis cheela,Crested Serpent-Eagle,species,Accipitridae,ASIA,gbif majority records,ASIA:1.00,5158,16050,361726,Crested serpent eagle,Q431212,23483,0.3511,LEAST_CONCERN,,,,,,,,,inat_pool,3.45,25.98,77.66,121.55,94,
569,crop,3172622,Sesamum indicum,Sesame,species,Pedaliaceae,AFRICA,manual (native/origin),ASIA:0.41;AFRICA:0.19;NORTH_AMERICA:0.15;OCEANIA:0.14;SOUTH_AMERICA:0.08;EUROPE:0.03,285850,2771,3812,Sesame,Q2763698,312698,0.3496,NOT_EVALUATED,,,,,,,cultivated; oilseed,,seed,-14.91,35.46,-102.52,135.12,132,
570,tree,2950750,Hymenaea courbaril,Stinkingtoe,species,Fabaceae,SOUTH_AMERICA,manual (native/origin),SOUTH_AMERICA:0.85;NORTH_AMERICA:0.14,139075,2048,8318,Hymenaea courbaril,Q2234016,16630,0.3473,LEAST_CONCERN,,,,,,,,,seed,-22.42,18.36,-86.68,-43.23,129,
571,bird,2475466,Megaceryle torquata,Ringed Kingfisher,species,Alcedinidae,SOUTH_AMERICA,gbif majority records,SOUTH_AMERICA:0.54;NORTH_AMERICA:0.46,2552,17357,493696,Ringed kingfisher,Q1272848,11377,0.3472,LEAST_CONCERN,,,,,,,,,inat_pool,-39.8,26.48,-99.12,-40.02,168,
572,mammal,11951155,Notamacropus agilis,Agile Wallaby,species,Macropodidae,OCEANIA,gbif majority records,OCEANIA:1.00,1453432,5375,63362,Agile wallaby,Q109262313,12991,0.345,LEAST_CONCERN,,,,,,,,,inat_pool,-20.34,-12.57,130.84,148.61,52,
573,bird,2490955,Monticola solitarius,Blue Rock-Thrush,species,Muscicapidae,ASIA,gbif majority records,ASIA:0.55;EUROPE:0.43,13141,18568,306370,Blue rock thrush,Q152144,19647,0.3436,LEAST_CONCERN,,,,,,,,,inat_pool,22.04,42.32,-6.31,140.72,129,
574,mammal,12056282,Osphranter robustus,Common Wallaroo,species,Macropodidae,OCEANIA,gbif majority records,OCEANIA:1.00,1453438,4546,76148,Common wallaroo,Q116251176,20923,0.3431,LEAST_CONCERN,,,,,,,,,inat_pool,-34.22,-28.83,117.38,151.72,62,
575,bird,7691806,Psilopogon haemacephalus,Coppersmith Barbet,species,Megalaimidae,ASIA,gbif majority records,ASIA:1.00,367521,10527,600576,Coppersmith barbet,Q27074872,23184,0.3427,LEAST_CONCERN,,,,,,,,,inat_pool,1.33,25.41,73.06,108.21,118,
576,crop,2928774,Nicotiana tabacum,Cultivated tobacco,species,Solanaceae,SOUTH_AMERICA,manual (native/origin),EUROPE:0.50;NORTH_AMERICA:0.15;SOUTH_AMERICA:0.14;ASIA:0.10;AFRICA:0.07;OCEANIA:0.04,873768,4758,8243,Nicotiana tabacum,Q181095,87897,0.3423,NOT_EVALUATED,,,,,,,cultivated; other,,seed,-21.19,52.23,-73.97,37.67,192,
577,tree,3974744,Vachellia nilotica,Egyptian acacia,species,Fabaceae,AFRICA,manual (native/origin),OCEANIA:0.66;AFRICA:0.17;ASIA:0.16,557826,4591,21592,Vachellia nilotica,Q15525126,,0.3403,LEAST_CONCERN,,,,,,Y,planted/invasive in places,,seed,-24.9,25.2,28.66,137.02,73,
578,insect_arachnid,1919181,Belenois aurota,Pioneer White,species,Pieridae,AFRICA,gbif majority records,AFRICA:0.58;ASIA:0.41,125577,10440,18137,Belenois aurota,Q2005632,3874,0.3386,LEAST_CONCERN,,,,,,,,,inat_pool,-26.91,32.55,17.49,77.25,122,
579,bird,2492846,Lanius cristatus,Brown Shrike,species,Laniidae,ASIA,gbif majority records,ASIA:0.99,12021,16004,539648,Brown shrike,Q790616,10469,0.3385,LEAST_CONCERN,,,,,,,,,inat_pool,1.33,26.12,80.1,123.49,114,
580,bird,9436876,Thraupis palmarum,Palm Tanager,species,Thraupidae,SOUTH_AMERICA,gbif majority records,SOUTH_AMERICA:0.69;NORTH_AMERICA:0.31,10297,18984,916821,Palm tanager,Q1301273,3115,0.3376,LEAST_CONCERN,,,,,,,,,inat_pool,,,,,,
581,mammal,2437394,Callosciurus erythraeus,Pallas' Squirrel,species,Sciuridae,ASIA,gbif majority records,ASIA:0.91;EUROPE:0.08,45952,14442,13581,Pallas's squirrel,Q860603,,0.3366,LEAST_CONCERN,,,,,,,,,inat_pool,10.77,43.56,7.13,139.48,64,
582,tree,2876131,Alnus acuminata,Andean Alder,species,Betulaceae,SOUTH_AMERICA,gbif majority records,SOUTH_AMERICA:0.63;NORTH_AMERICA:0.37,189148,4673,7120,Alnus acuminata,Q3926843,3523,0.3314,LEAST_CONCERN,,,,,,,,,inat_pool,-0.86,13.84,-89.63,-73.43,30,
583,insect_arachnid,7838289,Maratus griseus,White Banded House Jumper,species,Salticidae,OCEANIA,gbif majority records,OCEANIA:1.00,831320,14290,11692,Maratus griseus,Q27504793,4917,0.3311,NOT_EVALUATED,,,,,,,,,inat_pool,-43.62,-27.49,138.6,174.98,71,
584,insect_arachnid,1938125,Papilio demodocus,Citrus Swallowtail,species,Papilionidae,AFRICA,gbif majority records,AFRICA:0.99,68469,8295,13608,Papilio demodocus,Q133397,7701,0.3301,LEAST_CONCERN,,,,,,,,,inat_pool,-34.1,13.46,-16.7,43.8,135,
585,bird,2495667,Streptopelia capicola,Cape Turtle Dove,species,Columbidae,AFRICA,gbif majority records,AFRICA:1.00,2959,7261,681806,Ring-necked dove,Q1270179,30695,0.3288,LEAST_CONCERN,,,,,,,,,inat_pool,-34.21,-21.29,18.46,31.79,140,
586,wild_plant,2760967,Heliconia rostrata,Hanging Lobster Claw Heliconia,species,Heliconiaceae,SOUTH_AMERICA,gbif majority records,SOUTH_AMERICA:0.38;NORTH_AMERICA:0.38;ASIA:0.15;OCEANIA:0.07,123960,14078,5888,Heliconia rostrata,Q2703222,15888,0.3279,NOT_EVALUATED,,,,,,,,,inat_pool,-25.59,18.86,-92.05,115.26,152,
587,insect_arachnid,5806175,Vanessa itea,Yellow Admiral,species,Nymphalidae,OCEANIA,gbif majority records,OCEANIA:1.00,194762,13313,13187,Yellow admiral,Q1935955,3740,0.3252,NOT_EVALUATED,,,,,,,,,inat_pool,-45.1,-33.82,142.32,176.26,86,
588,herp,2472164,Ameiva ameiva,Giant Ameiva,species,Teiidae,SOUTH_AMERICA,gbif majority records,SOUTH_AMERICA:0.90;NORTH_AMERICA:0.10,38913,7447,15431,Ameiva ameiva,Q461237,8685,0.3232,LEAST_CONCERN,,,,,,,,,inat_pool,-17.28,26.16,-80.44,-38.76,118,
589,bird,2486147,Pycnonotus barbatus,Common Bulbul,species,Pycnonotidae,AFRICA,gbif majority records,AFRICA:0.99,14588,16698,381472,Common bulbul,Q790596,11643,0.3223,LEAST_CONCERN,,,,,,,,,inat_pool,-29.6,33.07,-16.56,37.32,112,
590,mammal,10602587,Eutamias sibiricus,Siberian Chipmunk,species,Sciuridae,ASIA,gbif majority records,ASIA:0.59;EUROPE:0.41,520585,5595,13432,Siberian chipmunk,Q329187,38105,0.3214,LEAST_CONCERN,,,,,,,,,inat_pool,36.68,61.26,4.4,132.39,102,
591,mammal,5219666,Sciurus granatensis,Red-tailed Squirrel,species,Sciuridae,SOUTH_AMERICA,gbif majority records,SOUTH_AMERICA:0.85;NORTH_AMERICA:0.15,46010,10066,15252,Red-tailed squirrel,Q585570,8021,0.32,LEAST_CONCERN,,,,,,,,,inat_pool,,,,,,
592,bird,2498061,Anas zonorhyncha,Eastern Spot-billed Duck,species,Anatidae,ASIA,gbif majority records,ASIA:1.00,72504,26565,295726,Eastern spot-billed duck,Q1268169,8482,0.3194,LEAST_CONCERN,,,,,,,,,inat_pool,24.67,38.3,116.31,140.23,75,
593,bird,5793241,Pernis ptilorhynchus,Oriental Honey-buzzard,species,Accipitridae,ASIA,gbif majority records,ASIA:1.00,144458,13888,245707,Crested honey buzzard,Q605431,28846,0.3183,LEAST_CONCERN,,,,,,,,,inat_pool,1.41,56.23,76.22,127.81,150,
594,wild_plant,2932184,Solanum sisymbriifolium,Red Buffalo-bur,species,Solanaceae,SOUTH_AMERICA,gbif majority records,SOUTH_AMERICA:0.39;OCEANIA:0.35;AFRICA:0.10;ASIA:0.05;EUROPE:0.05;NORTH_AMERICA:0.05,79143,8656,14761,Solanum sisymbriifolium,Q565399,10928,0.3146,NOT_EVALUATED,,,,,,,,,inat_pool,-34.68,23.16,-60.68,151.51,85,
595,bird,9047331,Zosterops simplex,Swinhoe's White-eye,species,Zosteropidae,ASIA,gbif majority records,ASIA:0.88;NORTH_AMERICA:0.12,980257,14027,588251,Swinhoe's white-eye,Q40660989,8605,0.3117,LEAST_CONCERN,,,,,,,,,inat_pool,10.41,36.12,-118.16,121.75,78,
596,bird,2486144,Pycnonotus goiavier,Yellow-vented Bulbul,species,Pycnonotidae,ASIA,gbif majority records,ASIA:1.00,14623,18677,230164,Yellow-vented bulbul,Q221486,17719,0.3089,LEAST_CONCERN,,,,,,,,,inat_pool,-8.38,14.72,100.47,122.35,77,
597,tree,5569827,Ficus sur,Cape Fig,species,Moraceae,AFRICA,gbif majority records,AFRICA:1.00,133182,3242,7376,Ficus sur,Q2484621,4448,0.3085,LEAST_CONCERN,,,,,,,,,inat_pool,-26.45,9.71,-9.29,30.97,33,
598,tree,8652576,Syzygium cordatum,Water Berry,species,Myrtaceae,AFRICA,gbif majority records,AFRICA:1.00,338719,4657,3599,Syzygium cordatum,Q2477640,5565,0.3063,LEAST_CONCERN,,,,,,,,,inat_pool,-34.07,-12.7,18.43,33.32,78,
599,insect_arachnid,1868664,Bombyx mori,Domesticated Silkmoth,species,Bombycidae,ASIA,gbif majority records,ASIA:0.51;EUROPE:0.17;OCEANIA:0.14;NORTH_AMERICA:0.14;AFRICA:0.04,143506,774,287,Bombyx mori,Q134747,270244,0.306,NOT_EVALUATED,,,,,,,domesticated silkworm,Y,seed,-38.0,49.6,-96.57,145.08,81,
600,fish,5202793,Clarias gariepinus,Sharptooth Catfish,species,Clariidae,AFRICA,manual (native/origin),AFRICA:0.87;ASIA:0.11,82779,1947,9689,Clarias gariepinus,Q387344,33830,0.3056,LEAST_CONCERN,,,,,,,aquaculture,,seed,-29.22,27.16,1.12,34.86,97,
601,bird,2478765,Ramphastos toco,Toco Toucan,species,Ramphastidae,SOUTH_AMERICA,gbif majority records,SOUTH_AMERICA:1.00,18793,8944,104519,Toco toucan,Q376038,117463,0.3054,LEAST_CONCERN,,,,,,,,,inat_pool,-25.62,-6.79,-64.88,-43.03,96,
602,insect_arachnid,1339480,Tetragonisca angustula,Narrow Stingless Bee,species,Apidae,SOUTH_AMERICA,gbif majority records,SOUTH_AMERICA:0.73;NORTH_AMERICA:0.27,344445,9259,9903,Tetragonisca angustula,Q3108339,8452,0.305,NOT_EVALUATED,,,,,,,,,inat_pool,-23.65,11.2,-84.98,-40.6,108,
603,bird,2480415,Rostrhamus sociabilis,Snail Kite,species,Accipitridae,SOUTH_AMERICA,gbif majority records,SOUTH_AMERICA:0.52;NORTH_AMERICA:0.48,5349,15262,236952,Snail kite,Q839657,22274,0.3032,LEAST_CONCERN,,,,,,,,,inat_pool,-35.45,28.65,-90.47,-40.43,106,
604,mammal,5220127,Capreolus pygargus,Eastern Roe Deer,species,Cervidae,ASIA,gbif majority records,ASIA:0.95;EUROPE:0.05,42183,5545,14674,Siberian roe deer,Q501491,27530,0.3032,LEAST_CONCERN,,,,,,,,,inat_pool,51.04,56.39,58.09,102.98,70,
605,tree,5834428,Celtis africana,White Stinkwood,species,Cannabaceae,AFRICA,gbif majority records,AFRICA:0.99,133950,4526,2374,Celtis africana,Q5058579,8272,0.3026,LEAST_CONCERN,,,,,,,,,inat_pool,-33.92,-22.97,23.01,32.42,77,
606,insect_arachnid,1428848,Trithemis arteriosa,Red-veined Dropwing,species,Libellulidae,AFRICA,gbif majority records,AFRICA:0.86;ASIA:0.10;EUROPE:0.04,114465,9562,19789,Trithemis arteriosa,Q1317665,1584,0.3021,LEAST_CONCERN,,,,,,,,,inat_pool,,,,,,
607,wild_plant,5637611,Leucadendron salignum,Common Sunshine Conebush,species,Proteaceae,AFRICA,gbif majority records,AFRICA:1.00,566478,11836,10660,Leucadendron salignum,Q15584260,5169,0.302,LEAST_CONCERN,,,,,,,,,inat_pool,-34.4,-33.55,18.39,25.48,28,
608,bird,2494015,Ploceus velatus,Southern Masked Weaver,species,Ploceidae,AFRICA,gbif majority records,AFRICA:1.00,13804,10784,499192,Southern masked weaver,Q787215,13957,0.3003,LEAST_CONCERN,,,,,,,,,inat_pool,-34.04,-23.92,18.5,31.37,112,
609,bird,2493963,Dicrurus adsimilis,Fork-tailed Drongo,species,Dicruridae,AFRICA,gbif majority records,AFRICA:1.00,8268,11039,474432,Fork-tailed drongo,Q742259,15179,0.3,LEAST_CONCERN,,,,,,,,,inat_pool,-34.07,0.19,18.35,35.79,95,
610,crop,3152661,Gossypium hirsutum,Upland Cotton,species,Malvaceae,NORTH_AMERICA,manual (native/origin),NORTH_AMERICA:0.57;ASIA:0.18;SOUTH_AMERICA:0.15;OCEANIA:0.06,77299,5827,9595,Gossypium hirsutum,Q133481,23615,0.2999,VULNERABLE,,,,,,,cultivated; fibre,,seed,-20.74,34.68,-110.1,133.22,148,
611,tree,3795445,Vachellia macracantha,porknut,species,Fabaceae,SOUTH_AMERICA,gbif majority records,SOUTH_AMERICA:0.95;NORTH_AMERICA:0.05,781083,2947,17434,Vachellia macracantha,Q15545373,803,0.2976,LEAST_CONCERN,,,,,,,,,inat_pool,0.0,11.14,-78.44,-72.67,13,
612,bird,2493028,Orthotomus sutorius,Common Tailorbird,species,Cisticolidae,ASIA,gbif majority records,ASIA:1.00,15347,13874,1168276,Common tailorbird,Q795556,,0.2974,LEAST_CONCERN,,,,,,,,,inat_pool,1.41,27.19,75.57,114.22,95,
613,tree,2974567,Colophospermum mopane,Mopane,species,Fabaceae,AFRICA,manual (native/origin),AFRICA:1.00,428749,2179,2348,Mopane,Q641513,22924,0.2959,LEAST_CONCERN,,,,,,,,,seed,-23.99,-17.73,14.68,31.74,93,
614,herp,5220210,Caiman yacare,Yacare Caiman,species,Alligatoridae,SOUTH_AMERICA,gbif majority records,SOUTH_AMERICA:1.00,116570,5888,6145,Yacare caiman,Q756678,42488,0.2939,LEAST_CONCERN,,,,,,,,,inat_pool,-28.43,-12.61,-66.25,-56.3,55,
615,tree,5285243,Pinus canariensis,Canary Island pine,species,Pinaceae,AFRICA,gbif majority records,AFRICA:0.61;EUROPE:0.34;NORTH_AMERICA:0.04,47560,7990,5181,Pinus canariensis,Q756191,,0.2937,LEAST_CONCERN,,,,,,,,,inat_pool,-36.85,40.76,-119.71,174.65,74,
616,tree,5285951,Podocarpus latifolius,real yellowwood,species,Podocarpaceae,AFRICA,gbif majority records,AFRICA:1.00,132930,3178,2642,Podocarpus latifolius,Q164767,10832,0.292,LEAST_CONCERN,,,,,,,,,inat_pool,-34.08,-23.89,18.38,30.9,56,
617,bird,5231675,Mimus saturninus,Chalk-browed Mockingbird,species,Mimidae,SOUTH_AMERICA,gbif majority records,SOUTH_AMERICA:1.00,14878,21291,367793,Chalk-browed mockingbird,Q1591533,4908,0.2919,LEAST_CONCERN,,,,,,,,,inat_pool,-37.06,-15.39,-63.76,-41.68,140,
618,tree,8688929,Ceiba speciosa,Silk floss tree,species,Malvaceae,SOUTH_AMERICA,manual (native/origin),SOUTH_AMERICA:0.65;ASIA:0.23;AFRICA:0.05,154290,13566,2722,Ceiba speciosa,Q1031120,,0.2917,LEAST_CONCERN,,,,,,,ornamental,,seed,-30.01,28.51,-58.8,77.41,107,
619,bird,2475360,Coracias caudatus,Lilac-breasted Roller,species,Coraciidae,AFRICA,gbif majority records,AFRICA:1.00,2269,9682,209519,Lilac-breasted roller,Q44023,46429,0.2907,LEAST_CONCERN,,,,,,,,,inat_pool,-26.87,-1.41,16.96,39.37,86,
620,herp,5220285,Chersina angulata,Angulate Tortoise,species,Testudinidae,AFRICA,gbif majority records,AFRICA:1.00,40021,10004,8743,Angulate tortoise,Q386571,6232,0.2902,LEAST_CONCERN,,,,,,,,,inat_pool,-34.42,-31.5,17.91,25.22,47,
621,insect_arachnid,2183597,Rhipicephalus sanguineus,Brown Dog Tick,species,Ixodidae,NORTH_AMERICA,gbif majority records,NORTH_AMERICA:0.77;EUROPE:0.09;SOUTH_AMERICA:0.06;ASIA:0.05;AFRICA:0.03,229905,3293,9975,Rhipicephalus sanguineus,Q794982,21028,0.2897,NOT_EVALUATED,,,,,,,tick,Y,seed,,,,,,
622,bird,5229136,Vanellus armatus,Blacksmith Lapwing,species,Charadriidae,AFRICA,gbif majority records,AFRICA:1.00,4870,13032,503164,Blacksmith lapwing,Q931114,8401,0.2885,LEAST_CONCERN,,,,,,,,,inat_pool,-34.15,-2.76,18.32,35.57,112,
623,tree,7403310,Vachellia xanthophloea,fever tree,species,Fabaceae,AFRICA,manual (native/origin),AFRICA:1.00,348763,3474,1692,Vachellia xanthophloea,Q1499421,15503,0.2877,LEAST_CONCERN,,,,,,,,,seed,-34.33,-1.53,18.46,36.12,84,
624,mammal,2436525,Nasalis larvatus,Proboscis Monkey,species,Cercopithecidae,ASIA,gbif majority records,ASIA:1.00,43538,3672,2548,Proboscis monkey,Q192029,215917,0.2859,ENDANGERED,,,,,,,,,inat_pool,-2.61,5.86,110.33,118.39,25,
625,herp,9533689,Chelonoidis carbonarius,Red-footed Tortoise,species,Testudinidae,SOUTH_AMERICA,gbif majority records,SOUTH_AMERICA:0.88;NORTH_AMERICA:0.12,539039,6676,3758,Red-footed tortoise,Q277794,53391,0.2843,NOT_EVALUATED,,,,,,,,,inat_pool,-19.5,18.33,-75.44,-37.51,121,
626,insect_arachnid,5040803,Trigona spinipes,Spiny-legged Stingless bee,species,Apidae,SOUTH_AMERICA,gbif majority records,SOUTH_AMERICA:1.00,518869,5393,17033,Trigona spinipes,Q2800687,3917,0.2824,NOT_EVALUATED,,,,,,,,,inat_pool,-27.12,-7.93,-50.54,-35.77,98,
627,fish,4284921,Channa argus,Northern Snakehead,species,Channidae,ASIA,manual (native/origin),NORTH_AMERICA:0.85;ASIA:0.15,128487,1635,6970,Northern snakehead,Q1156826,43085,0.2817,LEAST_CONCERN,,,,,,Y,invasive in NA,,seed,34.59,39.87,-91.19,129.14,38,
628,insect_arachnid,1933649,Zizeeria knysna,African Grass Blue,species,Lycaenidae,AFRICA,gbif majority records,AFRICA:0.73;EUROPE:0.27,319796,9015,18656,Zizeeria knysna,Q1757381,1355,0.28,LEAST_CONCERN,,,,,,,,,inat_pool,-34.36,31.27,-16.75,34.29,102,
629,bird,5229154,Scopus umbretta,Hamerkop,species,Scopidae,AFRICA,gbif majority records,AFRICA:1.00,3834,7693,230205,Hamerkop,Q652151,57107,0.2797,LEAST_CONCERN,,,,,,,,,inat_pool,-32.23,13.67,-16.71,37.2,110,
630,mammal,9214214,Lama vicugna,Vicuña,species,Camelidae,SOUTH_AMERICA,gbif majority records,SOUTH_AMERICA:1.00,1624576,3735,2496,Vicuña,Q167797,187559,0.2791,NOT_EVALUATED,,,,,,,,,inat_pool,-27.81,-1.47,-78.87,-65.63,82,
631,bird,2495707,Streptopelia semitorquata,Red-eyed Dove,species,Columbidae,AFRICA,gbif majority records,AFRICA:1.00,2988,11457,608702,Red-eyed dove,Q1072609,6638,0.2789,LEAST_CONCERN,,,,,,,,,inat_pool,-34.12,-23.71,18.46,31.54,115,
632,bird,5231817,Columba guinea,Speckled Pigeon,species,Columbidae,AFRICA,gbif majority records,AFRICA:1.00,3036,9130,409025,Speckled pigeon,Q855618,20014,0.278,LEAST_CONCERN,,,,,,,,,inat_pool,-34.15,13.23,-1.5,30.77,89,
633,wild_plant,2777789,Aloe ferox,Cape Aloe,species,Asphodelaceae,AFRICA,gbif majority records,AFRICA:1.00,124412,8294,6343,Aloe ferox,Q1194889,18724,0.2771,NOT_EVALUATED,,,,,,,,,inat_pool,-34.19,-31.96,20.45,27.79,46,
634,insect_arachnid,9464249,Heraclides thoas,Thoas Swallowtail,species,Papilionidae,SOUTH_AMERICA,gbif majority records,SOUTH_AMERICA:0.75;NORTH_AMERICA:0.25,258082,13051,6903,Papilio thoas,Q1272928,4217,0.2754,NOT_EVALUATED,,,,,,,,,inat_pool,-26.13,15.7,-89.13,-38.31,145,
635,herp,2444513,Trimeresurus stejnegeri,Chinese Green Tree Viper,species,Viperidae,ASIA,gbif majority records,ASIA:1.00,30953,7013,5983,Trimeresurus stejnegeri,Q2719425,30754,0.2752,LEAST_CONCERN,,,,,,,,,inat_pool,22.41,29.68,112.94,121.72,46,
636,crop,2766636,Agave sisalana,sisal,species,Asparagaceae,NORTH_AMERICA,manual (native/origin),AFRICA:0.68;EUROPE:0.09;OCEANIA:0.09;NORTH_AMERICA:0.09;ASIA:0.04,158103,3686,4263,Sisal,Q159221,90730,0.2751,NOT_EVALUATED,,,,,,,cultivated; fibre,,seed,-10.43,28.68,-0.66,40.12,85,
637,bird,2481846,Jacana jacana,Wattled Jacana,species,Jacanidae,SOUTH_AMERICA,gbif majority records,SOUTH_AMERICA:0.89;NORTH_AMERICA:0.11,4580,14600,324372,Wattled jacana,Q856201,9171,0.2746,LEAST_CONCERN,,,,,,,,,inat_pool,-34.6,9.03,-79.59,-35.52,130,
638,bird,9772663,Leptoptilos crumenifer,Marabou Stork,species,Ciconiidae,AFRICA,gbif majority records,AFRICA:1.00,201031,7989,81516,Marabou stork,Q512737,103405,0.271,LEAST_CONCERN,,,,,,,,,inat_pool,-25.28,8.54,23.2,38.46,92,
639,insect_arachnid,5128011,Anartia amathea,Red Peacock,species,Nymphalidae,SOUTH_AMERICA,gbif majority records,SOUTH_AMERICA:0.95;NORTH_AMERICA:0.05,83652,18324,13308,Anartia amathea,Q148567,,0.2692,NOT_EVALUATED,,,,,,,,,inat_pool,-30.04,10.82,-78.93,-45.83,121,
640,bird,2491741,Volatinia jacarina,Blue-black Grassquit,species,Thraupidae,SOUTH_AMERICA,gbif majority records,SOUTH_AMERICA:0.55;NORTH_AMERICA:0.45,10288,14092,541588,Blue-black grassquit,Q1099397,3712,0.2652,LEAST_CONCERN,,,,,,,,,inat_pool,-31.34,20.5,-94.46,-40.22,164,
641,insect_arachnid,2130185,Tetranychus urticae,Twospotted Spider Mite,species,Tetranychidae,OCEANIA,gbif majority records,OCEANIA:0.40;ASIA:0.19;EUROPE:0.16;NORTH_AMERICA:0.13;AFRICA:0.08;SOUTH_AMERICA:0.04,203333,1520,4895,Tetranychus urticae,Q1335549,35461,0.264,NOT_EVALUATED,,,,,,,"crop pest, mite",Y,seed,-33.82,38.56,-28.74,151.75,26,
642,mammal,2437396,Callosciurus notatus,Plantain Squirrel,species,Sciuridae,ASIA,gbif majority records,ASIA:1.00,45945,9897,7624,Plantain squirrel,Q860705,12099,0.2624,LEAST_CONCERN,,,,,,,,,inat_pool,-8.7,4.84,101.69,115.26,41,
643,tree,7961582,Combretum molle,Velvet Bushwillow,species,Combretaceae,AFRICA,gbif majority records,AFRICA:1.00,342738,3010,7165,Combretum molle,Q557135,1786,0.2593,LEAST_CONCERN,,,,,,,,,inat_pool,,,,,,
644,mammal,2433536,Nasua nasua,South American Coati,species,Procyonidae,SOUTH_AMERICA,gbif majority records,SOUTH_AMERICA:0.99,41670,7517,12195,South American coati,Q148462,,0.2586,LEAST_CONCERN,,,,,,,,,inat_pool,-25.7,5.12,-74.09,-43.21,82,
645,bird,2482934,Machetornis rixosa,Cattle Tyrant,species,Tyrannidae,SOUTH_AMERICA,gbif majority records,SOUTH_AMERICA:0.99,17289,14908,301806,Cattle tyrant,Q656000,8555,0.2581,LEAST_CONCERN,,,,,,,,,inat_pool,-35.28,10.45,-76.53,-42.18,127,
646,mammal,5787518,Pteropus medius,Indian Flying Fox,species,Pteropodidae,ASIA,gbif majority records,ASIA:1.00,1641421,4887,3654,Indian flying fox,Q123110636,66044,0.2578,NEAR_THREATENED,,,,,,,,,inat_pool,4.18,27.17,72.86,81.38,95,
647,bird,2480951,Ardea cocoi,Cocoi Heron,species,Ardeidae,SOUTH_AMERICA,gbif majority records,SOUTH_AMERICA:0.97,4952,15494,298443,Cocoi heron,Q911449,8161,0.2574,LEAST_CONCERN,,,,,,,,,inat_pool,-37.74,9.01,-78.75,-43.2,121,
648,crop,2731882,Elaeis guineensis,African oil palm,species,Arecaceae,AFRICA,manual (native/origin),AFRICA:0.82;SOUTH_AMERICA:0.13;ASIA:0.03,132576,3629,8508,Elaeis guineensis,Q165403,42391,0.2514,LEAST_CONCERN,,,,,,,cultivated; oil palm,,seed,0.12,9.5,-9.29,13.16,22,
649,tree,7475694,Olea capensis,Black Ironwood,species,Oleaceae,AFRICA,gbif majority records,AFRICA:1.00,524917,2603,2461,Olea capensis,Q568254,7703,0.2509,LEAST_CONCERN,,,,,,,,,inat_pool,-34.4,-22.99,18.37,31.07,47,
650,tree,3763589,Milicia excelsa,Iroko,species,Moraceae,AFRICA,manual (native/origin),AFRICA:1.00,132509,176,4734,Milicia excelsa,Q3018022,15148,0.2498,NEAR_THREATENED,,,,,,,,,seed,0.22,7.9,-8.33,7.42,38,
651,mammal,2437246,Funambulus palmarum,Three-striped Palm Squirrel,species,Sciuridae,ASIA,gbif majority records,ASIA:1.00,45938,5547,4854,Indian palm squirrel,Q305626,38512,0.2479,LEAST_CONCERN,,,,,,,,,inat_pool,6.39,19.21,73.69,81.33,77,
652,wild_plant,3129805,Baccharis latifolia,Chilca,species,Asteraceae,SOUTH_AMERICA,gbif majority records,SOUTH_AMERICA:1.00,534316,7916,6668,Baccharis,Q133834,11203,0.2473,LEAST_CONCERN,,,,,,,,,inat_pool,,,,,,
653,bird,5229693,Tyrannus savana,Fork-tailed Flycatcher,species,Tyrannidae,SOUTH_AMERICA,gbif majority records,SOUTH_AMERICA:0.79;NORTH_AMERICA:0.21,16793,13824,312461,Fork-tailed flycatcher,Q1078611,8454,0.2465,LEAST_CONCERN,,,,,,,,,inat_pool,-37.74,16.08,-83.75,-45.28,156,
654,bird,2492863,Lanius collaris,Southern Fiscal,species,Laniidae,AFRICA,gbif majority records,AFRICA:1.00,204531,9536,455643,Southern fiscal,Q1083497,9087,0.2457,LEAST_CONCERN,,,,,,,,,inat_pool,-34.29,-25.62,18.37,30.87,115,
655,herp,2446718,Lygodactylus capensis,Common Dwarf Gecko,species,Gekkonidae,AFRICA,gbif majority records,AFRICA:1.00,34303,9158,9694,Cape dwarf gecko,Q3005690,2551,0.2433,LEAST_CONCERN,,,,,,,,,inat_pool,-34.07,-15.81,18.48,34.51,81,
656,herp,5217671,Hyperolius marmoratus,Painted Reed Frog,species,Hyperoliidae,AFRICA,gbif majority records,AFRICA:1.00,23331,7863,9217,Marbled reed frog,Q2246059,3713,0.2431,LEAST_CONCERN,,,,,,,,,inat_pool,-34.08,-24.06,18.51,32.6,66,
657,mammal,2440934,Axis axis,Chital,species,Cervidae,ASIA,gbif majority records,ASIA:0.75;NORTH_AMERICA:0.12;SOUTH_AMERICA:0.09;OCEANIA:0.03,42166,10013,8026,Chital,Q232054,,0.243,LEAST_CONCERN,,,,,,,,,inat_pool,-30.62,30.02,-99.8,84.46,101,
658,bird,2480824,Butorides striata,Striated Heron,species,Ardeidae,SOUTH_AMERICA,gbif majority records,SOUTH_AMERICA:0.45;ASIA:0.24;AFRICA:0.16;OCEANIA:0.13,62528,12641,618928,Striated heron,Q270722,,0.2426,LEAST_CONCERN,,,,,,,,,inat_pool,-32.7,10.56,-79.7,151.34,139,
659,bird,2495287,Patagioenas picazuro,Picazuro Pigeon,species,Columbidae,SOUTH_AMERICA,gbif majority records,SOUTH_AMERICA:1.00,3102,13135,574952,Picazuro pigeon,Q1269659,,0.2416,LEAST_CONCERN,,,,,,,,,inat_pool,-35.69,-15.44,-64.55,-40.42,114,
660,bird,2489207,Pygochelidon cyanoleuca,Blue-and-white Swallow,species,Hirundinidae,SOUTH_AMERICA,gbif majority records,SOUTH_AMERICA:0.81;NORTH_AMERICA:0.19,68826,9435,875400,Blue-and-white swallow,Q55112153,3399,0.2409,LEAST_CONCERN,,,,,,,,,inat_pool,-34.52,10.33,-84.8,-43.13,111,
661,tree,5372914,Salix humboldtiana,Humboldt's Willow,species,Salicaceae,SOUTH_AMERICA,gbif majority records,SOUTH_AMERICA:0.57;NORTH_AMERICA:0.43,209991,3000,3703,Salix humboldtiana,Q2889020,2522,0.2381,LEAST_CONCERN,,,,,,,,,inat_pool,-30.67,21.64,-101.93,-63.07,98,
662,insect_arachnid,1428738,Orthetrum julia,Julia Skimmer,species,Libellulidae,AFRICA,gbif majority records,AFRICA:1.00,107960,8914,18084,Orthetrum julia,Q1939816,483,0.2344,LEAST_CONCERN,,,,,,,,,inat_pool,-34.63,-24.88,18.82,32.1,46,
663,bird,2488622,Thraupis sayaca,Sayaca Tanager,species,Thraupidae,SOUTH_AMERICA,gbif majority records,SOUTH_AMERICA:1.00,10293,12943,479399,Sayaca tanager,Q1588073,3698,0.2342,LEAST_CONCERN,,,,,,,,,inat_pool,-34.58,-5.1,-60.9,-37.28,109,
664,bird,9487001,Gyps africanus,White-backed Vulture,species,Accipitridae,AFRICA,gbif majority records,AFRICA:1.00,5363,9112,146919,White-backed vulture,Q281874,33811,0.2328,CRITICALLY_ENDANGERED,,,,,,,,,inat_pool,-28.24,2.27,17.37,36.62,90,
665,herp,5220775,Bothrops atrox,Common Lancehead,species,Viperidae,SOUTH_AMERICA,gbif majority records,SOUTH_AMERICA:0.98,49001,3175,4935,Bothrops atrox,Q900848,31512,0.2326,LEAST_CONCERN,,,,,,,,,inat_pool,-9.74,10.33,-77.07,-52.26,86,
666,wild_plant,2891764,Oxalis purpurea,Purple woodsorrel,species,Oxalidaceae,AFRICA,gbif majority records,AFRICA:0.53;OCEANIA:0.32;EUROPE:0.11;NORTH_AMERICA:0.03,78301,11583,11892,Oxalis purpurea,Q7115072,,0.2325,NOT_EVALUATED,,,,,,,,,inat_pool,-38.0,-32.37,18.38,150.57,62,
667,fish,2352230,Hoplias malabaricus,Common Wolffish,species,Erythrinidae,SOUTH_AMERICA,manual (native/origin),SOUTH_AMERICA:1.00,172357,1049,38401,Hoplias malabaricus,Q2719610,14653,0.231,LEAST_CONCERN,,,,,,,,,seed,-22.97,11.11,-74.8,-40.4,101,
668,insect_arachnid,2157984,Nesticodes rufipes,Red House Spider,species,Theridiidae,SOUTH_AMERICA,gbif majority records,SOUTH_AMERICA:0.74;NORTH_AMERICA:0.10;ASIA:0.09;OCEANIA:0.06,297992,10781,4071,Nesticodes,Q18094157,4829,0.2302,NOT_EVALUATED,,,,,,,,,inat_pool,-28.48,21.82,-85.14,145.67,168,
669,insect_arachnid,5130542,Junonia hierta,Yellow Pansy,species,Nymphalidae,AFRICA,gbif majority records,AFRICA:0.79;ASIA:0.21,68423,8656,11870,Junonia hierta,Q1306417,2268,0.2298,LEAST_CONCERN,,,,,,,,,inat_pool,-29.82,28.0,14.87,92.03,166,
670,wild_plant,5636761,Protea repens,Common Sugarbush,species,Proteaceae,AFRICA,gbif majority records,AFRICA:1.00,355849,10711,9105,Protea repens,Q13035690,2953,0.2286,LEAST_CONCERN,,,,,,,,,inat_pool,-34.39,-32.8,18.4,23.31,36,
671,insect_arachnid,5881400,Danaus erippus,Southern Monarch,species,Nymphalidae,SOUTH_AMERICA,gbif majority records,SOUTH_AMERICA:1.00,126299,10211,6783,Danaus erippus,Q1308960,3172,0.2266,NOT_EVALUATED,,,,,,,,,inat_pool,-34.8,-7.09,-66.12,-39.31,124,
672,wild_plant,2854664,Boophone disticha,Poison-bulb,species,Amaryllidaceae,AFRICA,gbif majority records,AFRICA:1.00,367465,6020,4064,Boophone disticha,Q893084,19187,0.2242,NOT_EVALUATED,,,,,,,,,inat_pool,-34.27,-20.34,19.28,30.6,113,
673,bird,5229467,Colius striatus,Speckled Mousebird,species,Coliidae,AFRICA,gbif majority records,AFRICA:1.00,3704,8498,418250,Speckled mousebird,Q875885,9544,0.2228,LEAST_CONCERN,,,,,,,,,inat_pool,-34.02,-0.12,18.97,37.04,101,
674,mammal,2434333,Lycalopex gymnocercus,Pampas Fox,species,Canidae,SOUTH_AMERICA,gbif majority records,SOUTH_AMERICA:1.00,423656,3085,11987,Pampas fox,Q832036,35451,0.2209,LEAST_CONCERN,,,,,,,,,inat_pool,-54.58,-27.96,-72.54,-55.95,154,
675,bird,2480812,Phimosus infuscatus,Bare-faced Ibis,species,Threskiornithidae,SOUTH_AMERICA,gbif majority records,SOUTH_AMERICA:1.00,3736,14050,314490,Bare-faced ibis,Q926047,4429,0.2204,LEAST_CONCERN,,,,,,,,,inat_pool,-34.75,7.07,-75.78,-44.0,120,
676,bird,5231195,Passer melanurus,Cape Sparrow,species,Passeridae,AFRICA,gbif majority records,AFRICA:1.00,13853,8687,395972,Cape sparrow,Q663335,9070,0.2201,LEAST_CONCERN,,,,,,,,,inat_pool,-34.29,-25.71,18.46,30.12,96,
677,bird,2480923,Ardea melanocephala,Black-headed Heron,species,Ardeidae,AFRICA,gbif majority records,AFRICA:1.00,4972,9840,332804,Black-headed heron,Q220578,8491,0.2195,LEAST_CONCERN,,,,,,,,,inat_pool,-34.07,13.25,-16.23,36.82,132,
678,insect_arachnid,1428861,Trithemis kirbyi,Orange-winged Dropwing,species,Libellulidae,AFRICA,gbif majority records,AFRICA:0.52;EUROPE:0.42;ASIA:0.06,114485,6171,13567,Trithemis kirbyi,Q1302218,1535,0.2192,LEAST_CONCERN,,,,,,,,,inat_pool,-27.82,39.25,-8.05,31.72,84,
679,bird,2494058,Ploceus cucullatus,Village Weaver,species,Ploceidae,AFRICA,gbif majority records,AFRICA:0.97,13796,9396,234202,Village weaver,Q1070285,16083,0.215,LEAST_CONCERN,,,,,,,,,inat_pool,-32.87,0.29,24.29,39.87,91,
680,mammal,5219542,Callithrix jacchus,Common Marmoset,species,Callitrichidae,SOUTH_AMERICA,gbif majority records,SOUTH_AMERICA:0.99,43373,5078,3423,Common marmoset,Q838947,38848,0.2145,LEAST_CONCERN,,,,,,,,,inat_pool,-23.65,-5.19,-46.96,-34.87,74,
681,wild_plant,9711656,Pelargonium capitatum,rose-scented geranium,species,Geraniaceae,AFRICA,gbif majority records,AFRICA:0.81;OCEANIA:0.17,78375,9902,7862,Pelargonium capitatum,Q931842,3524,0.214,NOT_EVALUATED,,,,,,,,,inat_pool,-34.94,-31.34,18.33,118.41,61,
682,wild_plant,3880382,Kiggelaria africana,Wild Peach,species,Achariaceae,AFRICA,gbif majority records,AFRICA:1.00,119178,11684,4604,Kiggelaria,Q9017548,3607,0.2139,LEAST_CONCERN,,,,,,,,,inat_pool,-34.07,-25.77,18.42,28.3,23,
683,tree,5544303,Anacardium excelsum,wild cashew,species,Anacardiaceae,SOUTH_AMERICA,gbif majority records,SOUTH_AMERICA:0.89;NORTH_AMERICA:0.11,154799,1713,4969,Anacardium excelsum,Q5731305,2557,0.213,LEAST_CONCERN,,,,,,,,,inat_pool,4.68,9.98,-76.8,-73.25,27,
684,tree,4013385,Cecropia pachystachya,Pumpwood,species,Urticaceae,SOUTH_AMERICA,gbif majority records,SOUTH_AMERICA:0.94,126742,2080,3561,Cecropia pachystachya,Q15546547,2659,0.2108,LEAST_CONCERN,,,,,,,,,inat_pool,-28.52,5.66,-159.79,-38.47,103,
685,bird,6066519,Microcarbo africanus,Reed Cormorant,species,Phalacrocoracidae,AFRICA,gbif majority records,AFRICA:1.00,508246,10876,367065,Reed cormorant,Q59492,4836,0.2093,LEAST_CONCERN,,,,,,,,,inat_pool,-34.05,7.37,3.9,36.69,109,
686,wild_plant,3773061,Megaskepasma erythrochlamys,Brazilian red-cloak,species,Acanthaceae,SOUTH_AMERICA,gbif majority records,SOUTH_AMERICA:0.49;NORTH_AMERICA:0.45,142283,11770,3774,Megaskepasma,Q15613370,4231,0.209,NOT_EVALUATED,,,,,,,,,inat_pool,-25.48,14.94,-86.27,-40.59,107,
687,tree,2874895,Nothofagus dombeyi,Dombey's Beech,species,Nothofagaceae,SOUTH_AMERICA,gbif majority records,SOUTH_AMERICA:0.97,430276,2279,1805,Nothofagus dombeyi,Q1107183,5979,0.2061,LEAST_CONCERN,,,,,,,,,inat_pool,-44.16,-33.04,-73.57,-2.38,72,
688,crop,2766899,Agave tequilana,Tequila Agave,species,Asparagaceae,NORTH_AMERICA,manual (native/origin),NORTH_AMERICA:0.96,290889,3497,191,Blue agave,Q311065,114388,0.2051,NOT_EVALUATED,,,,,,,cultivated; beverage,,seed,16.51,23.52,-105.03,-89.25,55,
689,tree,2957656,Senna multiglandulosa,Buttercup Bush,species,Fabaceae,SOUTH_AMERICA,gbif majority records,SOUTH_AMERICA:0.45;NORTH_AMERICA:0.43;OCEANIA:0.08,79062,3866,1963,Senna multiglandulosa,Q7450839,1513,0.2034,LEAST_CONCERN,,,,,,,,,inat_pool,-33.52,21.22,-100.5,76.8,66,
690,tree,5379918,Sapium glandulosum,,species,Euphorbiaceae,SOUTH_AMERICA,gbif majority records,SOUTH_AMERICA:0.85;NORTH_AMERICA:0.15,120167,1295,7642,Sapium glandulosum,Q15378350,1759,0.2033,LEAST_CONCERN,,,,,,,,,inat_pool,-19.43,10.32,-75.54,-43.04,37,
691,wild_plant,4161154,Turnera subulata,Cuban Buttercup,species,Turneraceae,SOUTH_AMERICA,gbif majority records,SOUTH_AMERICA:0.74;ASIA:0.12;NORTH_AMERICA:0.12,327909,7518,6180,Turnera subulata,Q13016344,5537,0.1987,NOT_EVALUATED,,,,,,,,,inat_pool,-22.87,17.03,-82.59,101.86,152,
692,crop,2703912,Saccharum officinarum,Sugarcane,species,Poaceae,OCEANIA,manual (native/origin),ASIA:0.29;NORTH_AMERICA:0.25;AFRICA:0.19;SOUTH_AMERICA:0.18;OCEANIA:0.08,128270,5079,2293,Saccharum officinarum,Q3391243,32876,0.1986,NOT_EVALUATED,,,,,,,cultivated; sugar,,seed,-29.18,29.63,-96.56,121.0,178,
693,bird,2490726,Turdus leucomelas,Pale-breasted Thrush,species,Turdidae,SOUTH_AMERICA,gbif majority records,SOUTH_AMERICA:1.00,12737,10897,410883,Pale-breasted thrush,Q1589021,2030,0.1985,LEAST_CONCERN,,,,,,,,,inat_pool,-23.64,5.78,-73.09,-40.68,67,
694,insect_arachnid,1703595,Abracris flavolineata,,species,Acrididae,SOUTH_AMERICA,gbif majority records,SOUTH_AMERICA:0.57;NORTH_AMERICA:0.43,119627,12987,9566,Abracris flavolineata,Q10398031,505,0.1983,NOT_EVALUATED,,,,,,,,,inat_pool,-25.7,19.46,-91.14,-40.54,147,
695,tree,4092242,Handroanthus impetiginosum,pink ipê,species,Bignoniaceae,SOUTH_AMERICA,manual (native/origin),SOUTH_AMERICA:0.73;NORTH_AMERICA:0.24,281274,3288,3613,Handroanthus impetiginosus,Q3266951,,0.1982,NEAR_THREATENED,,,,,,,,,seed,-9.01,23.47,-106.44,-37.3,51,
696,mammal,2436612,Macaca radiata,Bonnet Macaque,species,Cercopithecidae,ASIA,gbif majority records,ASIA:1.00,43448,4640,4211,Bonnet macaque,Q520949,35772,0.1965,VULNERABLE,,,,,,,,,inat_pool,9.57,19.03,72.94,80.23,74,
697,herp,5846511,Caiman latirostris,Broad-snouted Caiman,species,Alligatoridae,SOUTH_AMERICA,gbif majority records,SOUTH_AMERICA:1.00,116518,3594,4855,Broad-snouted caiman,Q644453,20063,0.1951,LEAST_CONCERN,,,,,,,,,inat_pool,,,,,,
698,bird,5230739,Onychognathus morio,Red-winged Starling,species,Sturnidae,AFRICA,gbif majority records,AFRICA:1.00,204554,7991,263926,Red-winged starling,Q1588297,11584,0.1946,LEAST_CONCERN,,,,,,,,,inat_pool,-34.21,-23.97,18.4,31.54,91,
699,bird,2494088,Euplectes orix,Southern Red Bishop,species,Ploceidae,AFRICA,gbif majority records,AFRICA:1.00,13962,7074,386283,Southern red bishop,Q183396,8865,0.1923,LEAST_CONCERN,,,,,,,,,inat_pool,-34.12,-23.87,20.62,31.54,115,
700,bird,2490296,Motacilla capensis,Cape Wagtail,species,Motacillidae,AFRICA,gbif majority records,AFRICA:1.00,13699,8527,501495,Cape wagtail,Q386467,4111,0.1917,LEAST_CONCERN,,,,,,,,,inat_pool,-34.21,-25.46,18.54,30.79,107,
701,mammal,2437243,Funambulus pennantii,Five-striped Palm Squirrel,species,Sciuridae,ASIA,gbif majority records,ASIA:0.99,45936,6683,5410,Northern palm squirrel,Q1765033,8133,0.1908,LEAST_CONCERN,,,,,,,,,inat_pool,19.12,29.44,56.48,88.64,83,
702,tree,2953861,Bauhinia forficata,Brazilian orchid tree,species,Fabaceae,SOUTH_AMERICA,gbif majority records,SOUTH_AMERICA:0.98,139568,1666,2546,Bauhinia forficata,Q2568862,4125,0.1863,LEAST_CONCERN,,,,,,,,,inat_pool,-34.69,4.03,-74.45,-39.8,108,
703,insect_arachnid,5129496,Hamadryas feronia,Variable Cracker,species,Nymphalidae,SOUTH_AMERICA,gbif majority records,SOUTH_AMERICA:0.57;NORTH_AMERICA:0.43,83227,7758,10294,Hamadryas feronia,Q3012297,1314,0.1838,NOT_EVALUATED,,,,,,,,,inat_pool,-15.94,14.4,-91.09,-38.5,67,
704,wild_plant,4170522,Gaultheria myrsinoides,cacalote,species,Ericaceae,SOUTH_AMERICA,gbif majority records,SOUTH_AMERICA:0.77;NORTH_AMERICA:0.23,342687,4258,10994,"Tarimoro, Guanajuato",Q2651272,1805,0.1813,NOT_EVALUATED,,,,,,,,,inat_pool,-4.76,10.19,-84.23,-73.72,58,
705,crop,3152582,Hibiscus sabdariffa,,species,Malvaceae,AFRICA,manual (native/origin),AFRICA:0.43;SOUTH_AMERICA:0.18;OCEANIA:0.15;NORTH_AMERICA:0.13;ASIA:0.11,,,1908,Roselle (plant),Q319390,152861,0.1777,NOT_EVALUATED,,,,,,,cultivated; beverage/fibre,,seed,-16.66,19.24,-78.7,135.55,122,
706,crop,2895528,Coffea canephora,Robusta Coffee,species,Rubiaceae,AFRICA,manual (native/origin),ASIA:0.74;AFRICA:0.22,64345,333,4197,Coffea canephora,Q47532,73217,0.1757,LEAST_CONCERN,,,,,,,cultivated; beverage,,seed,-0.41,10.36,25.46,76.85,15,
707,tree,4092253,Handroanthus heptaphyllus,,species,Bignoniaceae,SOUTH_AMERICA,gbif majority records,SOUTH_AMERICA:0.97,808333,2623,954,Handroanthus heptaphyllus,Q311357,4269,0.1754,LEAST_CONCERN,,,,,,,,,inat_pool,-29.46,-12.51,-59.47,-36.48,137,
708,mammal,5219704,Cavia aperea,Brazilian Guinea Pig,species,Caviidae,SOUTH_AMERICA,gbif majority records,SOUTH_AMERICA:1.00,43813,4641,9141,Brazilian guinea pig,Q679706,,0.1739,LEAST_CONCERN,,,,,,,,,inat_pool,-34.54,4.95,-73.96,-51.74,43,
709,wild_plant,5294777,Mauritia flexuosa,moriche palm,species,Arecaceae,SOUTH_AMERICA,gbif majority records,SOUTH_AMERICA:1.00,154979,3155,22823,Mauritia flexuosa,Q1016320,,0.1702,LEAST_CONCERN,,,,,,,,,inat_pool,,,,,,
710,insect_arachnid,1650441,Anopheles stephensi,Asian Malaria Mosquito,species,Culicidae,ASIA,gbif majority records,ASIA:0.88;AFRICA:0.09,311612,3,1446,Anopheles stephensi,Q4115863,9383,0.17,NOT_EVALUATED,,,,,,,disease vector,Y,seed,11.03,29.54,55.31,97.04,130,
711,crop,2703464,Oryza glaberrima,African rice,species,Poaceae,AFRICA,manual (native/origin),AFRICA:1.00,507020,7,8382,Oryza glaberrima,Q2670252,49311,0.1692,LEAST_CONCERN,,,,,,,cultivated; cereal,,seed,6.98,13.22,-9.58,5.13,26,
712,fish,5208153,Cichla ocellaris,Butterfly Peacock Bass,species,Cichlidae,SOUTH_AMERICA,manual (native/origin),SOUTH_AMERICA:0.50;NORTH_AMERICA:0.46;ASIA:0.03,126567,1778,2510,Cichla ocellaris,Q4889552,6379,0.1684,LEAST_CONCERN,,,,,,Y,introduced,,seed,-22.63,26.47,-80.68,-40.54,65,
713,mammal,2439930,Didelphis albiventris,White-eared Opossum,species,Didelphidae,SOUTH_AMERICA,gbif majority records,SOUTH_AMERICA:1.00,42658,4593,9109,White-eared opossum,Q194685,,0.1672,LEAST_CONCERN,,,,,,,,,inat_pool,-35.01,-7.3,-61.72,-38.4,121,
714,mammal,5787249,Lutra perspicillata,Smooth-coated Otter,species,Mustelidae,ASIA,gbif majority records,ASIA:1.00,1638842,3535,2206,Smooth-coated otter,Q754737,44245,0.1657,VULNERABLE,,,,,,,,,inat_pool,1.21,16.56,77.67,103.99,47,
715,bird,2474381,Fulica cristata,Red-knobbed Coot,species,Rallidae,AFRICA,gbif majority records,AFRICA:0.94;EUROPE:0.06,487,7970,276687,Red-knobbed coot,Q748033,8058,0.1641,LEAST_CONCERN,,,,,,,,,inat_pool,,,,,,
716,wild_plant,7866160,Palicourea tomentosa,sore-mouth bush,species,Rubiaceae,SOUTH_AMERICA,gbif majority records,SOUTH_AMERICA:0.59;NORTH_AMERICA:0.41,1145089,5882,9468,Palicourea tomentosa,Q55925656,1351,0.1627,NOT_EVALUATED,,,,,,,,,inat_pool,-13.26,17.25,-88.56,-60.68,107,
717,fish,5209327,Macquaria ambigua,Golden Perch,species,Percichthyidae,OCEANIA,manual (native/origin),OCEANIA:1.00,513703,158,22337,Golden perch,Q783248,9888,0.1616,LEAST_CONCERN,,,,,,,,,seed,-36.73,-34.07,141.03,145.37,25,
718,bird,2492526,Saxicola torquatus,African Stonechat,species,Muscicapidae,AFRICA,gbif majority records,AFRICA:0.67;EUROPE:0.32,55371,6473,398192,African stonechat,Q1315689,4530,0.1515,LEAST_CONCERN,,,,,,,,,inat_pool,-34.21,-25.29,19.62,30.62,90,
719,tree,2952798,Peltophorum dubium,Yellow Poinciana,species,Fabaceae,SOUTH_AMERICA,gbif majority records,SOUTH_AMERICA:0.92;NORTH_AMERICA:0.08,290016,1332,1978,Peltophorum dubium,Q2719049,3166,0.1502,LEAST_CONCERN,,,,,,,,,inat_pool,-31.87,27.18,-80.24,-40.9,138,
720,tree,2874949,Nothofagus betuloides,Magellanic beech,species,Nothofagaceae,SOUTH_AMERICA,gbif majority records,SOUTH_AMERICA:1.00,447545,1210,946,Nothofagus betuloides,Q726488,6762,0.1416,LEAST_CONCERN,,,,,,,,,inat_pool,-54.96,-41.06,-74.12,-65.27,88,
721,tree,7141607,Celtis tala,Desert Hackberry,species,Cannabaceae,SOUTH_AMERICA,gbif majority records,SOUTH_AMERICA:1.00,279210,2537,1685,Celtis tala,Q15742470,1112,0.1408,LEAST_CONCERN,,,,,,,,,inat_pool,-36.39,-29.41,-64.97,-55.25,84,
722,insect_arachnid,1749580,Phyllocnistis citrella,Citrus Leafminer,species,Gracillariidae,NORTH_AMERICA,gbif majority records,NORTH_AMERICA:0.46;EUROPE:0.25;OCEANIA:0.13;ASIA:0.07;AFRICA:0.05;SOUTH_AMERICA:0.04,257156,1901,1248,Phyllocnistis citrella,Q1313952,6068,0.1401,NOT_EVALUATED,,,,,,,,Y,seed,-19.28,51.23,-118.42,146.8,92,
723,wild_plant,7300375,Berberis microphylla,Calafate,species,Berberidaceae,SOUTH_AMERICA,gbif majority records,SOUTH_AMERICA:0.96;EUROPE:0.03,84707,3521,2725,Berberis microphylla,Q998775,7535,0.1357,NOT_EVALUATED,,,,,,,,,inat_pool,-54.85,-37.8,-73.22,-68.05,80,
724,insect_arachnid,5981170,Phlebotomus papatasi,,species,Psychodidae,AFRICA,gbif majority records,AFRICA:0.40;EUROPE:0.36;ASIA:0.24,886685,0,1972,Phlebotomus papatasi,Q15631395,6379,0.1345,NOT_EVALUATED,,,,,,,sandfly vector,Y,seed,36.12,37.0,-2.45,6.34,21,
725,crop,2803398,Vanilla planifolia,Flat-leaved Vanilla,species,Orchidaceae,NORTH_AMERICA,manual (native/origin),NORTH_AMERICA:0.45;AFRICA:0.34;SOUTH_AMERICA:0.15;OCEANIA:0.03,61393,1735,1597,Vanilla planifolia,Q7224923,58620,0.1334,ENDANGERED,,,,,,,cultivated; spice,,seed,-16.5,22.88,-97.55,109.58,135,
726,tree,2957303,Senna reticulata,reticulate senna,species,Fabaceae,SOUTH_AMERICA,gbif majority records,SOUTH_AMERICA:0.65;NORTH_AMERICA:0.35,290362,1739,2169,Senna reticulata,Q7450838,1171,0.1328,LEAST_CONCERN,,,,,,,,,inat_pool,-10.57,18.35,-96.25,-44.9,125,
727,mammal,2432087,Galeopterus variegatus,Sunda Colugo,species,Cynocephalidae,ASIA,gbif majority records,ASIA:1.00,74351,3422,2654,Sunda flying lemur,Q5198886,28344,0.1327,LEAST_CONCERN,,,,,,,,,inat_pool,1.34,6.58,99.68,117.94,34,
728,mammal,2434654,Paguma larvata,Masked Palm Civet,species,Viverridae,ASIA,gbif majority records,ASIA:1.00,41625,2872,11383,Masked palm civet,Q626049,,0.1315,LEAST_CONCERN,,,,,,,,,inat_pool,23.83,38.26,120.63,140.84,28,
729,insect_arachnid,4548126,Hyalomma marginatum,Mediterranean Hyalomma,species,Ixodidae,EUROPE,gbif majority records,EUROPE:0.73;ASIA:0.21;AFRICA:0.06,605813,921,1713,Hyalomma marginatum,Q12270689,4604,0.1294,NOT_EVALUATED,,,,,,,tick,Y,seed,25.36,46.64,-2.34,74.34,184,
730,tree,4928873,Schinus polygama,Chilean pepper tree,species,Anacardiaceae,SOUTH_AMERICA,gbif majority records,SOUTH_AMERICA:0.94;NORTH_AMERICA:0.03,1117857,1818,1819,Schinus polygama,Q2893577,1184,0.1274,LEAST_CONCERN,,,,,,,,,inat_pool,-37.03,-27.83,-72.52,-69.28,66,
731,wild_plant,7124132,Embothrium coccineum,Chilean fire bush,species,Proteaceae,SOUTH_AMERICA,gbif majority records,SOUTH_AMERICA:0.95;OCEANIA:0.05,319327,3584,2643,Embothrium coccineum,Q2710065,5913,0.1265,LEAST_CONCERN,,,,,,,,,inat_pool,-54.84,-38.26,-73.63,-68.17,78,
732,wild_plant,4070128,Diospyros lycioides,Bluebush,species,Ebenaceae,AFRICA,gbif majority records,AFRICA:0.99,469308,6454,4488,Diospyros lycioides,Q15235703,1735,0.1192,LEAST_CONCERN,,,,,,,,,inat_pool,-32.32,-22.97,21.98,31.09,95,
733,insect_arachnid,9083295,Aphis gossypii,Melon Aphid,species,Aphididae,EUROPE,gbif majority records,EUROPE:0.33;NORTH_AMERICA:0.25;OCEANIA:0.19;ASIA:0.17;SOUTH_AMERICA:0.03;AFRICA:0.03,309466,3743,5440,Aphis gossypii,Q2557995,,0.0718,NOT_EVALUATED,,,,,,,crop pest,Y,seed,-12.08,51.1,-117.88,139.35,80,
734,insect_arachnid,1048497,Diabrotica virgifera,Western Corn Rootworm,species,Chrysomelidae,EUROPE,gbif majority records,EUROPE:0.50;NORTH_AMERICA:0.50,218294,2054,3127,Diabrotica virgifera,Q1753908,1258,0.0652,NOT_EVALUATED,,,,,,,crop pest,Y,seed,40.07,50.83,-121.86,22.82,137,
735,crop,2891785,Macadamia integrifolia,Macadamia Tree,species,Proteaceae,OCEANIA,manual (native/origin),OCEANIA:0.81;NORTH_AMERICA:0.07;SOUTH_AMERICA:0.06;AFRICA:0.05,287245,1701,954,Macadamia integrifolia,Q311178,10195,0.0592,VULNERABLE,,,,,,,cultivated; nut,,seed,-36.88,28.31,-117.33,167.95,71,
