label,country,country_name,admin1,lat,lon,pop,capital
"Shanghai, China",CN,China,Shanghai,31.22222,121.45806,24874500,False
"Beijing, China",CN,China,Beijing,39.9075,116.39723,18960744,True
"Shenzhen, China",CN,China,Guangdong,22.54554,114.0683,17494398,False
"Guangzhou, China",CN,China,Guangdong,23.11667,113.25,16096724,False
"Kinshasa, DR Congo",CD,DR Congo,Kinshasa,-4.32758,15.31357,16000000,True
"Istanbul, Turkey",TR,Turkey,Istanbul,41.01384,28.94966,15701602,False
"Lagos, Nigeria",NG,Nigeria,Lagos,6.45407,3.39467,15388000,True
"Ho Chi Minh City, Vietnam",VN,Vietnam,Ho Chi Minh City (HCMC),10.82302,106.62965,14002598,False
"Chengdu, China",CN,China,Sichuan,30.66667,104.06667,13568357,False
"Lahore, Pakistan",PK,Pakistan,Punjab,31.558,74.35071,13004135,False
"Mumbai, India",IN,India,Maharashtra,19.07283,72.88261,12691836,False
"São Paulo, Brazil",BR,Brazil,São Paulo,-23.5475,-46.63611,12400232,False
"Karachi, Pakistan",PK,Pakistan,Sindh,24.8608,67.0104,11624219,False
"Tianjin, China",CN,China,Tianjin,39.14222,117.17667,11090314,False
"Delhi, India",IN,India,Delhi,28.65195,77.23149,11034555,True
"Wuhan, China",CN,China,Hubei,30.58333,114.26667,10392693,False
"Moscow, Russia",RU,Russia,Moscow,55.75204,37.61781,10381222,True
"Dhaka, Bangladesh",BD,Bangladesh,Dhaka Division,23.7104,90.40744,10356500,True
"Seoul, South Korea",KR,South Korea,Seoul,37.566,126.9784,10349312,True
"Tokyo, Japan",JP,Japan,Tokyo,35.6895,139.69171,9733276,True
"Dongguan, China",CN,China,Guangdong,23.01797,113.74866,9644871,False
"Cairo, Egypt",EG,Egypt,Cairo,30.06263,31.24967,9606916,True
"Xi’an, China",CN,China,Shaanxi,34.25833,108.92861,9600000,False
"Johannesburg, South Africa",ZA,South Africa,Gauteng,-26.20227,28.04363,9418183,True
"Nanjing, China",CN,China,Jiangsu,32.06167,118.77778,9314685,False
"Hangzhou, China",CN,China,Zhejiang,30.29365,120.16142,9236032,False
"London, UK",GB,UK,England,51.50853,-0.12574,8961989,True
"Jakarta, Indonesia",ID,Indonesia,Jakarta,-6.21462,106.84513,8540121,True
"Bengaluru, India",IN,India,Karnataka,12.97194,77.59369,8495492,False
"Hanoi, Vietnam",VN,Vietnam,Hanoi,21.0245,105.84117,8053663,True
"Taipei, Taiwan",TW,Taiwan,Taiwan,25.05306,121.52639,7871900,True
"Lima, Peru",PE,Peru,Lima Province,-12.04318,-77.02824,7737002,True
"Bogotá, Colombia",CO,Colombia,Bogota D.C.,4.60971,-74.08175,7674366,True
"Chongqing, China",CN,China,Chongqing,29.56026,106.55771,7457599,False
"Baghdad, Iraq",IQ,Iraq,Baghdad,33.34058,44.40088,7216000,True
"Qingdao, China",CN,China,Shandong,36.06488,120.38042,7172451,False
"Tehran, Iran",IR,Iran,Tehran,35.69439,51.42151,7153309,True
"Shenyang, China",CN,China,Liaoning,41.79222,123.43278,7050000,False
"Hyderabad, India",IN,India,Telangana,17.38405,78.45636,6993262,False
"Rio de Janeiro, Brazil",BR,Brazil,Rio de Janeiro,-22.90642,-43.18223,6747815,False
"Suzhou, Jiangsu, China",CN,China,Jiangsu,31.30408,120.59538,6715559,False
"Ahmedabad, India",IN,India,Gujarat,23.02579,72.58727,6357693,False
"Abidjan, Côte d'Ivoire",CI,Côte d'Ivoire,Abidjan Autonomous District,5.35444,-4.00167,6321017,True
"Singapore, Singapore",SG,Singapore,,1.28967,103.85007,5638700,True
"Sydney, Australia",AU,Australia,New South Wales,-33.86785,151.20732,5557233,False
"Dar es Salaam, Tanzania",TZ,Tanzania,Dar es Salaam Region,-6.82349,39.26951,5383728,True
"Saint Petersburg, Russia",RU,Russia,St.-Petersburg,59.93863,30.31413,5351935,False
"Melbourne, Australia",AU,Australia,Victoria,-37.814,144.96332,5350705,False
"Alexandria, Egypt",EG,Egypt,Alexandria,31.20176,29.91582,5263542,False
"Harbin, China",CN,China,Heilongjiang,45.75,126.65,5242897,False
"Bangkok, Thailand",TH,Thailand,Bangkok,13.75398,100.50144,5104476,True
"Hefei, China",CN,China,Anhui,31.86389,117.28083,5050000,False
"Dalian, China",CN,China,Liaoning,38.91222,121.60222,4913879,False
"Kano, Nigeria",NG,Nigeria,Kano State,12.00012,8.51672,4910000,False
"Santiago, Chile",CL,Chile,Santiago Metropolitan,-33.45694,-70.64827,4837295,True
"Cape Town, South Africa",ZA,South Africa,Western Cape,-33.92584,18.42322,4772846,True
"Peshawar, Pakistan",PK,Pakistan,Khyber Pakhtunkhwa,34.008,71.57849,4758762,False
"Changchun, China",CN,China,Jilin,43.88,125.32278,4714996,False
"Jeddah, Saudi Arabia",SA,Saudi Arabia,Mecca Region,21.49012,39.18624,4697000,False
"Chennai, India",IN,India,Tamil Nadu,13.08784,80.27847,4681087,False
"Kolkata, India",IN,India,West Bengal,22.56263,88.36304,4631392,False
"Xiamen, China",CN,China,Fujian,24.47979,118.08187,4617251,False
"Surat, India",IN,India,Gujarat,21.19594,72.83023,4591246,False
"Yangon, Myanmar",MM,Myanmar,Yangon,16.80528,96.15611,4477638,True
"Kabul, Afghanistan",AF,Afghanistan,Kabul,34.52813,69.17233,4434550,True
"Nairobi, Kenya",KE,Kenya,Nairobi County,-1.28333,36.81667,4397073,True
"Wuxi, China",CN,China,Jiangsu,31.56887,120.28857,4396835,False
"Jinan, China",CN,China,Shandong,36.66833,116.99722,4335989,False
"Taiyuan, China",CN,China,Shanxi,37.86944,112.56028,4303673,False
"Zhengzhou, China",CN,China,Henan,34.75778,113.64861,4253913,False
"Bamako, Mali",ML,Mali,Bamako,12.60915,-7.97522,4227569,True
"Riyadh, Saudi Arabia",SA,Saudi Arabia,Riyadh Region,24.68773,46.72185,4205961,True
"Shijiazhuang, China",CN,China,Hebei,38.04139,114.47861,3938513,False
"Chattogram, Bangladesh",BD,Bangladesh,Chittagong,22.3384,91.83168,3920222,False
"Addis Ababa, Ethiopia",ET,Ethiopia,Addis Ababa,9.02497,38.74689,3860000,True
"Kunming, China",CN,China,Yunnan,25.03889,102.71833,3855346,False
"Zhongshan, China",CN,China,Guangdong,22.52306,113.37912,3841873,False
"Nanning, China",CN,China,Guangxi,22.81667,108.31667,3839800,False
"Shantou, China",CN,China,Guangdong,23.35489,116.67876,3838900,False
"Faisalabad, Pakistan",PK,Pakistan,Punjab,31.41554,73.08969,3800193,False
"Dubai, UAE",AE,UAE,Dubai,25.07725,55.30927,3790000,False
"Fuzhou, Fujian, China",CN,China,Fujian,26.06139,119.30611,3740000,False
"Ningbo, China",CN,China,Zhejiang,29.87819,121.54945,3731203,False
"Casablanca, Morocco",MA,Morocco,Casablanca-Settat,33.58831,-7.61138,3665954,False
"Ibadan, Nigeria",NG,Nigeria,Oyo State,7.37756,3.90591,3649000,False
"Puyang, China",CN,China,Zhejiang,29.45679,119.88872,3590000,False
"Ankara, Turkey",TR,Turkey,Ankara,39.91987,32.85427,3517182,True
"Shiyan, China",CN,China,Hubei,32.6475,110.77806,3460000,False
"Berlin, Germany",DE,Germany,State of Berlin,52.52437,13.41053,3426354,True
"Tangshan, China",CN,China,Hebei,39.64381,118.18319,3372102,False
"Rawalpindi, Pakistan",PK,Pakistan,Punjab,33.59733,73.0479,3357612,True
"Lüliang, China",CN,China,Shanxi,37.5192,111.14436,3346500,False
"Busan, South Korea",KR,South Korea,Busan,35.10168,129.03004,3343903,False
"Durban, South Africa",ZA,South Africa,KwaZulu-Natal,-29.8579,31.0292,3338026,False
"Madrid, Spain",ES,Spain,Madrid,40.4165,-3.70256,3255944,True
"Pyongyang, North Korea",KP,North Korea,Pyongyang,39.03385,125.75432,3222000,True
"Zibo, China",CN,China,Shandong,36.79056,118.06333,3129228,False
"Pune, India",IN,India,Maharashtra,18.51957,73.85535,3124458,False
"Bursa, Turkey",TR,Turkey,Bursa Province,40.19559,29.06013,3101833,False
"Changsha, China",CN,China,Hunan,28.19874,112.97087,3093980,False
"Quezon City, Philippines",PH,Philippines,Metro Manila,14.6488,121.0509,3084270,True
"Jaipur, India",IN,India,Rajasthan,26.91962,75.78781,3046163,False
"Guiyang, China",CN,China,Guizhou,26.58333,106.71667,3037159,False
"Ürümqi, China",CN,China,Xinjiang,43.80096,87.60046,3029372,False
"Lanzhou, China",CN,China,Gansu,36.05701,103.83987,3000000,False
"Caracas, Venezuela",VE,Venezuela,Distrito Federal,10.48801,-66.87919,3000000,True
"İzmir, Turkey",TR,Turkey,İzmir Province,38.41273,27.13838,2938292,False
"Huizhou, China",CN,China,Guangdong,23.11147,114.41523,2900113,False
"Buenos Aires, Argentina",AR,Argentina,Buenos Aires F.D.,-34.61315,-58.37723,2891082,True
"Surabaya, Indonesia",ID,Indonesia,East Java,-7.24917,112.75083,2874314,False
"Haikou, China",CN,China,Hainan,20.03421,110.34651,2873358,False
"Taichung, Taiwan",TW,Taiwan,Taiwan,24.1469,120.6839,2850285,False
"Kanpur, India",IN,India,Uttar Pradesh,26.46523,80.34975,2823249,False
"Kyiv, Ukraine",UA,Ukraine,Kyiv City,50.45466,30.5238,2797553,True
"Quito, Ecuador",EC,Ecuador,Pichincha,-0.22985,-78.52495,2781641,True
"Brisbane, Australia",AU,Australia,Queensland,-27.46794,153.02809,2780063,False
"Luanda, Angola",AO,Angola,Luanda,-8.83682,13.23432,2776168,True
"Osaka, Japan",JP,Japan,Osaka,34.69379,135.50107,2753862,False
"Linyi, China",CN,China,Shandong,35.06306,118.34278,2743843,False
"Baoding, China",CN,China,Hebei,38.87288,115.46246,2739887,False
"Kaohsiung, Taiwan",TW,Taiwan,Takao,22.61626,120.31333,2737660,False
"Guayaquil, Ecuador",EC,Ecuador,Guayas,-2.19616,-79.88621,2723665,False
"Belo Horizonte, Brazil",BR,Brazil,Minas Gerais,-19.92083,-43.93778,2721564,False
"Salvador, Brazil",BR,Brazil,Bahia,-12.97563,-38.49096,2711840,False
"Abuja, Nigeria",NG,Nigeria,FCT,9.05785,7.49508,2690000,True
"Wenzhou, China",CN,China,Zhejiang,27.99942,120.66682,2650000,False
"Dakar, Senegal",SN,Senegal,Dakar,14.6937,-17.44406,2646503,True
"Haiphong, Vietnam",VN,Vietnam,Hai Phong,20.86481,106.68345,2625200,False
"Yunfu, China",CN,China,Guangdong,22.92787,112.03809,2612800,False
"Mogadishu, Somalia",SO,Somalia,Banaadir,2.03711,45.34375,2587183,True
"Kumasi, Ghana",GH,Ghana,Ashanti,6.68848,-1.62443,2544530,False
"Gujranwala, Pakistan",PK,Pakistan,Punjab,32.15567,74.18705,2511118,False
"Huai'an, China",CN,China,Jiangsu,33.58861,119.01917,2494013,False
"Lucknow, India",IN,India,Uttar Pradesh,26.83928,80.92313,2472011,False
"Bandung, Indonesia",ID,Indonesia,West Java,-6.92222,107.60694,2444160,False
"Medan, Indonesia",ID,Indonesia,North Sumatra,3.58333,98.66667,2435252,False
"Ouagadougou, Burkina Faso",BF,Burkina Faso,Centre,12.36566,-1.53388,2415266,True
"Nagpur, India",IN,India,Maharashtra,21.14631,79.08491,2405665,False
"Fortaleza, Brazil",BR,Brazil,Ceará,-3.71722,-38.54306,2400000,False
"Cali, Colombia",CO,Colombia,Valle del Cauca Department,3.43054,-76.5199,2392877,False
"Daegu, South Korea",KR,South Korea,Daegu,35.87028,128.59111,2365523,False
"Algiers, Algeria",DZ,Algeria,Algiers,36.73225,3.08746,2364230,True
"Nanchang, China",CN,China,Jiangxi,28.68396,115.85306,2357839,False
"Hohhot, China",CN,China,Inner Mongolia,40.81056,111.65222,2350000,False
"Nagoya, Japan",JP,Japan,Aichi,35.18147,136.90641,2332176,False
"Rome, Italy",IT,Italy,Lazio,41.89193,12.51133,2318895,True
"Perth, Australia",AU,Australia,Western Australia,-31.95224,115.8614,2309338,False
"Mashhad, Iran",IR,Iran,Razavi Khorasan,36.29807,59.60567,2307177,False
"Shaoxing, China",CN,China,Zhejiang,30.00237,120.57864,2300000,False
"Nantong, China",CN,China,Jiangsu,32.03028,120.87472,2273326,False
"Yantai, China",CN,China,Shandong,37.47649,121.44081,2227733,False
"Lubumbashi, DR Congo",CD,DR Congo,Haut-Katanga,-11.66089,27.47938,2221925,False
"Manaus, Brazil",BR,Brazil,Amazonas,-3.10194,-60.025,2219580,False
"Lusaka, Zambia",ZM,Zambia,Lusaka Province,-15.40669,28.28713,2212301,True
"Brasília, Brazil",BR,Brazil,Federal District,-15.77972,-47.92972,2207718,True
"Santo Domingo, Dominican Rep.",DO,Dominican Rep.,Nacional,18.47186,-69.89232,2201941,True
"Lomé, Togo",TG,Togo,Maritime,6.12874,1.22154,2188376,True
"Multan, Pakistan",PK,Pakistan,Punjab,30.19679,71.47824,2169915,False
"Havana, Cuba",CU,Cuba,Havana,23.13302,-82.38304,2163824,True
"Baotou, China",CN,China,Inner Mongolia,40.6516,109.84389,2150000,False
"Paris, France",FR,France,Île-de-France,48.85341,2.3488,2138551,True
"Coimbatore, India",IN,India,Tamil Nadu,11.00555,76.96612,2136916,False
"Gaziantep, Turkey",TR,Turkey,Gaziantep,37.05944,37.3825,2130432,False
"Qingyang, China",CN,China,Gansu,35.70976,107.64455,2125400,False
"Port Harcourt, Nigeria",NG,Nigeria,Rivers State,4.77742,7.0134,2120000,False
"Pretoria, South Africa",ZA,South Africa,Gauteng,-25.74486,28.18783,2112693,True
"Córdoba, Argentina",AR,Argentina,Cordoba,-31.40648,-64.18853,2106734,False
"Mbuji-Mayi, DR Congo",CD,DR Congo,East Kasai,-6.13603,23.58979,2101332,False
"Aleppo, Syria",SY,Syria,Aleppo,36.20124,37.16117,2098210,False
"Weifang, China",CN,China,Shandong,36.71,119.10194,2044028,False
"Zunyi, China",CN,China,Guizhou,27.68667,106.90722,2037775,False
"La Paz, Bolivia",BO,Bolivia,La Paz Department,-16.5,-68.15,2004652,True
"Lianyungang, China",CN,China,Jiangsu,34.59845,119.21556,2001009,False
"Medellín, Colombia",CO,Colombia,Antioquia,6.245,-75.57151,1999979,False
"Indore, India",IN,India,Madhya Pradesh,22.71792,75.8333,1994397,False
"Tashkent, Uzbekistan",UZ,Uzbekistan,Tashkent,41.26465,69.21627,1978028,True
"Ganzhou, China",CN,China,Jiangxi,25.84664,114.9326,1977253,False
"Almaty, Kazakhstan",KZ,Kazakhstan,Almaty,43.25249,76.9115,1977011,False
"Khartoum, Sudan",SD,Sudan,Khartoum,15.55177,32.53241,1974647,True
"Sapporo, Japan",JP,Japan,Hokkaido,43.06667,141.35,1973832,False
"Accra, Ghana",GH,Ghana,Greater Accra,5.55602,-0.1969,1963264,True
"Curitiba, Brazil",BR,Brazil,Paraná,-25.42778,-49.27306,1948626,False
"Ordos, China",CN,China,Inner Mongolia,39.6086,109.78157,1940653,False
"Sanaa, Yemen",YE,Yemen,Amanat Alasimah,15.35452,44.20646,1937451,True
"Conakry, Guinea",GN,Guinea,Conakry,9.53795,-13.67729,1928389,True
"Hyderabad, Pakistan",PK,Pakistan,Sindh,25.39689,68.37718,1921275,False
"Beirut, Lebanon",LB,Lebanon,Beyrouth,33.89332,35.50157,1916100,True
"Jilin, China",CN,China,Jilin,43.84652,126.5608,1895865,False
"Bucharest, Romania",RO,Romania,București,44.43225,26.10626,1877155,True
"Kakamega, Kenya",KE,Kenya,Kakamega County,0.28422,34.75229,1867579,False
"Nanchong, China",CN,China,Sichuan,30.79508,106.08473,1858875,False
"Tainan, Taiwan",TW,Taiwan,Taiwan,22.99083,120.21333,1856642,False
"Datong, China",CN,China,Shanxi,40.09361,113.29139,1850000,False
"Kaduna, Nigeria",NG,Nigeria,Kaduna State,10.52641,7.43879,1850000,False
"Davao, Philippines",PH,Philippines,Davao Region,7.07306,125.61278,1848947,False
"Hamburg, Germany",DE,Germany,Hamburg,53.55073,9.99302,1845229,False
"Santa Cruz de la Sierra, Bolivia",BO,Bolivia,Santa Cruz Department,-17.78629,-63.18117,1831434,False
"Vadodara, India",IN,India,Gujarat,22.29941,73.20812,1822221,False
"Adana, Turkey",TR,Turkey,Adana,36.98615,35.32531,1816750,False
"Nanyang, China",CN,China,Henan,32.99472,112.53278,1811812,False
"Abu Dhabi, UAE",AE,UAE,Abu Dhabi,24.45118,54.39696,1807000,True
"Bhopal, India",IN,India,Madhya Pradesh,23.25469,77.40289,1798218,False
"Diyarbakır, Turkey",TR,Turkey,Diyarbakır Province,37.91363,40.21721,1791373,False
"Benin City, Nigeria",NG,Nigeria,Edo State,6.33815,5.62575,1782000,False
"Fuyang, China",CN,China,Anhui,32.9,115.81667,1768947,False
"Bayan Nur, China",CN,China,Inner Mongolia,40.74143,107.38599,1760000,False
"Maracaibo, Venezuela",VE,Venezuela,Zulia,10.64232,-71.61089,1752602,False
"Minsk, Belarus",BY,Belarus,Minsk City,53.90019,27.56653,1742124,True
"Budapest, Hungary",HU,Hungary,Budapest,47.49835,19.04045,1741041,True
"Qingyuan, China",CN,China,Guangdong,23.7,113.03333,1738424,False
"Tai’an, China",CN,China,Shandong,36.18528,117.12,1735425,False
"Rasapūdipalem, India",IN,India,Andhra Pradesh,17.73308,83.31622,1728128,False
"Warsaw, Poland",PL,Poland,Mazovia,52.22977,21.01178,1702139,True
"Vienna, Austria",AT,Austria,Vienna,48.20849,16.37208,1691468,True
"Barcelona, Spain",ES,Spain,Catalonia,41.38879,2.15899,1686208,False
"Patna, India",IN,India,Bihar,25.59408,85.13563,1684297,False
"Mosul, Iraq",IQ,Iraq,Nineveh,36.335,43.11889,1683000,False
"Kallakurichi, India",IN,India,Tamil Nadu,11.73379,78.95925,1682687,False
"Kampala, Uganda",UG,Uganda,Central Region,0.31628,32.58219,1680600,True
"Xining, China",CN,China,Qinghai,36.62554,101.75739,1677177,False
"Changshu, China",CN,China,Jiangsu,31.64615,120.74221,1677050,False
"Palembang, Indonesia",ID,Indonesia,South Sumatra,-2.91673,104.7458,1668848,False
"Huainan, China",CN,China,Anhui,32.62639,116.99694,1666826,False
"Rabat, Morocco",MA,Morocco,Rabat-Salé-Kénitra,34.01325,-6.83255,1655753,True
"Semarang, Indonesia",ID,Indonesia,Central Java,-6.99306,110.42083,1653524,False
"Recife, Brazil",BR,Brazil,Pernambuco,-8.05389,-34.88111,1653461,False
"Suzhou, Anhui, China",CN,China,Anhui,33.63611,116.97889,1647642,False
"Lu’an, China",CN,China,Anhui,31.73561,116.51688,1644344,False
"Valencia, Venezuela",VE,Venezuela,Carabobo,10.16153,-68.00044,1619470,False
"Ludhiana, India",IN,India,Punjab,30.91204,75.85379,1618879,False
"Yancheng, China",CN,China,Jiangsu,33.3575,120.1573,1615717,False
"Novosibirsk, Russia",RU,Russia,Novosibirsk Oblast,55.02259,82.93175,1612833,False
"Erbil, Iraq",IQ,Iraq,Erbil,36.19117,44.00943,1612700,False
"Fukuoka, Japan",JP,Japan,Fukuoka,33.6,130.41667,1612392,False
"Taizhou, Jiangsu, China",CN,China,Jiangsu,32.49069,119.90812,1607108,False
"Daqing, China",CN,China,Heilongjiang,46.58333,125.0,1604027,False
"Wuhu, China",CN,China,Anhui,31.35259,118.42947,1598165,False
"Dazhou, China",CN,China,Sichuan,31.2106,107.46308,1589435,False
"Yangzhou, China",CN,China,Jiangsu,32.39722,119.43583,1584237,False
"Makkah, Saudi Arabia",SA,Saudi Arabia,Mecca Region,21.42664,39.82563,1578722,False
"Phnom Penh, Cambodia",KH,Cambodia,Phnom Penh,11.56245,104.91601,1573544,True
"Guilin, China",CN,China,Guangxi,25.28022,110.29639,1572300,False
"Damascus, Syria",SY,Syria,Dimashq,33.5102,36.29128,1569394,True
"Quetta, Pakistan",PK,Pakistan,Balochistan,30.18414,67.00141,1565546,False
"Zhaoqing, China",CN,China,Guangdong,23.04893,112.46091,1553109,False
"Onitsha, Nigeria",NG,Nigeria,Anambra,6.14978,6.78569,1553000,False
"Mianyang, China",CN,China,Sichuan,31.46784,104.68168,1550000,False
"Isfahan, Iran",IR,Iran,Isfahan,32.65246,51.67462,1547164,False
"Wanzhou, China",CN,China,Chongqing,30.76451,108.39586,1545900,False
"Harare, Zimbabwe",ZW,Zimbabwe,Harare,-17.82772,31.05337,1542813,True
"Monrovia, Liberia",LR,Liberia,Montserrado County,6.30054,-10.7969,1542549,True
"Putian, China",CN,China,Fujian,25.43944,119.01028,1539389,False
"Shangqiu, China",CN,China,Henan,34.45,115.65,1536392,False
"Goiânia, Brazil",BR,Brazil,Goiás,-16.67861,-49.25389,1536097,False
"Auckland, New Zealand",NZ,New Zealand,Auckland,-36.84853,174.76349,1530500,False
"Stockholm, Sweden",SE,Sweden,Stockholm,59.32938,18.06871,1515017,True
"Cần Thơ, Vietnam",VN,Vietnam,Can Tho City,10.03711,105.78825,1507187,False
"Khulna, Bangladesh",BD,Bangladesh,Khulna Division,22.80979,89.56439,1500689,False
"Belém, Brazil",BR,Brazil,Pará,-1.45583,-48.50444,1499641,False
"Yekaterinburg, Russia",RU,Russia,Sverdlovsk Oblast,56.85733,60.61529,1495066,False
"Porto Alegre, Brazil",BR,Brazil,Rio Grande do Sul,-30.03283,-51.23019,1488252,False
"Yinchuan, China",CN,China,Ningxia,38.46806,106.27306,1487579,False
"Nashik, India",IN,India,Maharashtra,19.99727,73.79096,1486053,False
"Taizhou, Zhejiang, China",CN,China,Zhejiang,28.66266,121.43312,1485502,False
"Asunción, Paraguay",PY,Paraguay,Asunción,-25.28646,-57.647,1482200,True
"Daejeon, South Korea",KR,South Korea,Daejeon,36.34913,127.38493,1470336,False
"Adelaide, Australia",AU,Australia,South Australia,-34.92866,138.59863,1469163,False
"Quanzhou, China",CN,China,Fujian,24.91389,118.58583,1469157,False
"Madurai, India",IN,India,Tamil Nadu,9.919,78.11953,1465625,False
"Jinhua, China",CN,China,Zhejiang,29.10678,119.64421,1463990,False
"Kyoto, Japan",JP,Japan,Kyoto,35.02107,135.75385,1463723,True
"Cixi, China",CN,China,Zhejiang,30.1764,121.2457,1457510,False
"Changde, China",CN,China,Hunan,29.03205,111.69844,1457419,False
"Kuala Lumpur, Malaysia",MY,Malaysia,Kuala Lumpur,3.1412,101.68653,1453975,True
"Kaifeng, China",CN,China,Henan,34.7986,114.30742,1451741,False
"Anshan, China",CN,China,Liaoning,41.12361,122.99,1450000,False
"Karaj, Iran",IR,Iran,Alborz Province,35.83266,50.99155,1448075,False
"Kathmandu, Nepal",NP,Nepal,Bagmati Province,27.70169,85.3206,1442271,True
"Baoji, China",CN,China,Shaanxi,34.36775,107.23705,1437802,False
"Suqian, China",CN,China,Jiangsu,33.94917,118.29583,1437685,False
"Liuzhou, China",CN,China,Guangxi,24.32405,109.40698,1436599,False
"Tirunelveli, India",IN,India,Tamil Nadu,8.72742,77.6838,1435844,False
"Kayseri, Turkey",TR,Turkey,Kayseri,38.73222,35.48528,1434357,False
"Kharkiv, Ukraine",UA,Ukraine,Kharkivs’ka Oblast’,49.98177,36.25475,1433886,False
"Konya, Turkey",TR,Turkey,Konya,37.87135,32.48464,1433861,False
"Agra, India",IN,India,Uttar Pradesh,27.18333,78.01667,1430055,False
"Tabriz, Iran",IR,Iran,East Azerbaijan,38.08,46.2919,1424641,False
"Makassar, Indonesia",ID,Indonesia,South Sulawesi,-5.14861,119.43194,1423877,False
"Bozhou, China",CN,China,Anhui,33.87722,115.77028,1409436,False
"Qujing, China",CN,China,Yunnan,25.48333,103.78333,1408500,False
"Zhanjiang, China",CN,China,Guangdong,21.23391,110.38749,1400709,False
"Fushun, China",CN,China,Liaoning,41.88669,123.94363,1400646,False
"Gwangju, South Korea",KR,South Korea,Gwangju,35.15472,126.91556,1398538,False
"Rājkot, India",IN,India,Gujarat,22.29161,70.79322,1390640,False
"Luoyang, China",CN,China,Henan,34.67345,112.43684,1390581,False
"Guankou, China",CN,China,Hunan,28.15861,113.62709,1380000,False
"Huế, Vietnam",VN,Vietnam,Thừa Thiên Huế Province,16.4619,107.59546,1380000,False
"Milan, Italy",IT,Italy,Lombardy,45.46427,9.18951,1371498,False
"N'Djamena, Chad",TD,Chad,N’Djaména,12.10672,15.0444,1359526,True
"Handan, China",CN,China,Hebei,36.60999,114.48764,1358318,False
"Bannu, Pakistan",PK,Pakistan,Khyber Pakhtunkhwa,32.98527,70.60403,1357890,False
"Yichang, China",CN,China,Hubei,30.71444,111.28472,1350150,False
"Antananarivo, Madagascar",MG,Madagascar,Analamanga,-18.91368,47.53613,1349501,True
"Heze, China",CN,China,Shandong,35.23929,115.47358,1346717,False
"Antalya, Turkey",TR,Turkey,Antalya,36.90812,30.69556,1344000,False
"Jamshedpur, India",IN,India,Jharkhand,22.80278,86.18545,1339438,False
"Douala, Cameroon",CM,Cameroon,Littoral,4.04827,9.70428,1338082,False
"Basrah, Iraq",IQ,Iraq,Basra,30.50852,47.7804,1326564,False
"Gorakhpur, India",IN,India,Haryana,29.44768,75.67206,1324570,False
"Niamey, Niger",NE,Niger,Niamey,13.51366,2.1098,1323691,True
"Liupanshui, China",CN,China,Guizhou,26.59444,104.83333,1320825,False
"Maoming, China",CN,China,Guangdong,21.66625,110.91364,1307802,False
"Tripoli, Libya",LY,Libya,Tripoli,32.88743,13.18733,1302947,True
"Madinah, Saudi Arabia",SA,Saudi Arabia,Medina Region,24.46861,39.61417,1300000,False
"Yaoundé, Cameroon",CM,Cameroon,Centre,3.86667,11.51667,1299369,True
"Qinzhou, China",CN,China,Guangxi,21.98247,108.65061,1296300,False
"Luohe, China",CN,China,Henan,33.56394,114.04272,1294974,False
"Xiangyang, China",CN,China,Hubei,32.0422,112.14479,1294733,False
"Yangjiang, China",CN,China,Guangdong,21.85563,111.96272,1292987,False
"Yixing, China",CN,China,Jiangsu,31.36059,119.82016,1285785,False
"Da Nang, Vietnam",VN,Vietnam,Da Nang City,16.06778,108.22083,1276000,False
"Amman, Jordan",JO,Jordan,Amman,31.95522,35.94503,1275857,True
"Budta, Philippines",PH,Philippines,Autonomous Region in Muslim Mindanao,7.20417,124.43972,1273715,False
"Belgrade, Serbia",RS,Serbia,Central Serbia,44.80401,20.46513,1273651,True
"Montevideo, Uruguay",UY,Uruguay,Montevideo Department,-34.90328,-56.18816,1270737,True
"Xuchang, China",CN,China,Henan,34.03189,113.86299,1265536,False
"Zigong, China",CN,China,Sichuan,29.34162,104.77689,1262064,False
"Munich, Germany",DE,Germany,Bavaria,48.13743,11.57549,1260391,False
"Nizhniy Novgorod, Russia",RU,Russia,Nizhny Novgorod Oblast,56.32867,44.00205,1259013,False
"Jepara, Indonesia",ID,Indonesia,Central Java,-6.5924,110.671,1257912,False
"Maputo, Mozambique",MZ,Mozambique,Maputo City,-25.96553,32.58322,1254837,True
"Xuzhou, China",CN,China,Jiangsu,34.20442,117.28386,1253991,False
"Dammam, Saudi Arabia",SA,Saudi Arabia,Eastern Province,26.43442,50.10326,1252523,False
"Shiraz, Iran",IR,Iran,Fars,29.61031,52.53113,1249942,False
"Heshan, China",CN,China,Hunan,28.56938,112.34733,1249807,False
"Kananga, DR Congo",CD,DR Congo,Kasai-Central,-5.89624,22.41659,1247168,False
"Kazan, Russia",RU,Russia,Tatarstan Republic,55.78874,49.12214,1243500,False
"Jining, China",CN,China,Shandong,35.405,116.58139,1241012,False
"Barquisimeto, Venezuela",VE,Venezuela,Lara,10.0647,-69.35703,1240714,False
"Port-au-Prince, Haiti",HT,Haiti,Ouest,18.54349,-72.33881,1234742,True
"Xinyang, China",CN,China,Henan,32.12278,114.06556,1230042,False
"Liaocheng, China",CN,China,Shandong,36.45064,116.00247,1229768,False
"Meerut, India",IN,India,Uttar Pradesh,28.98002,77.70636,1223184,False
"Virār, India",IN,India,Maharashtra,19.45591,72.81136,1222390,False
"Nowrangapur, India",IN,India,Odisha,19.23114,82.54826,1220946,False
"Karbala, Iraq",IQ,Iraq,Karbalāʼ,32.61603,44.02488,1218732,False
"Changzhi, China",CN,China,Shanxi,36.18389,113.10528,1214940,False
"Tianshui, China",CN,China,Gansu,34.57952,105.74238,1212791,False
"Mombasa, Kenya",KE,Kenya,Mombasa County,-4.05466,39.66359,1208333,False
"Mandalay, Myanmar",MM,Myanmar,Mandalay Region,21.97473,96.08359,1208099,False
"Srinagar, India",IN,India,Jammu and Kashmir,34.08565,74.80555,1206419,False
"Barranquilla, Colombia",CO,Colombia,Atlántico,10.96854,-74.78132,1206319,False
"Chelyabinsk, Russia",RU,Russia,Chelyabinsk,55.1611,61.42877,1202371,False
"Hiroshima, Japan",JP,Japan,Hiroshima,34.4,132.45,1200754,False
"Santiago de los Caballeros, Dominican Rep.",DO,Dominican Rep.,Santiago Province,19.45036,-70.69085,1200000,False
"Shymkent, Kazakhstan",KZ,Kazakhstan,Shymkent,42.30988,69.60042,1200000,False
"Weinan, China",CN,China,Shaanxi,34.50355,109.50891,1199290,False
"Dhanbad, India",IN,India,Jharkhand,23.79759,86.42992,1196214,False
"Fes, Morocco",MA,Morocco,Fès-Meknès,34.03313,-5.00028,1191905,False
"Nouakchott, Mauritania",MR,Mauritania,,18.08581,-15.9785,1184530,True
"Kisangani, DR Congo",CD,DR Congo,Tshopo,0.51528,25.19099,1181788,False
"Jiaxing, China",CN,China,Zhejiang,30.7522,120.75,1180000,False
"Aurangabad, India",IN,India,Maharashtra,19.87757,75.34226,1175116,False
"Omsk, Russia",RU,Russia,Omsk Oblast,54.99244,73.36859,1172070,False
"Bandar Lampung, Indonesia",ID,Indonesia,Lampung,-5.42917,105.26111,1166066,False
"Prague, Czechia",CZ,Czechia,Prague,50.08804,14.42076,1165581,True
"Varanasi, India",IN,India,Uttar Pradesh,25.31668,83.01041,1164404,False
"Jiujiang, China",CN,China,Jiangxi,29.70475,116.00206,1164268,False
"Samara, Russia",RU,Russia,Samara Oblast,53.20767,50.13553,1163399,False
"Aba, Nigeria",NG,Nigeria,Abia State,5.10658,7.36667,1160000,False
"Amritsar, India",IN,India,Punjab,31.62234,74.87534,1159227,False
"Birmingham, UK",GB,UK,England,52.48142,-1.89983,1157603,False
"Copenhagen, Denmark",DK,Denmark,Capital Region,55.67594,12.56553,1153615,True
"Sofia, Bulgaria",BG,Bulgaria,Sofia-Capital,42.69751,23.32415,1152556,True
"Anyang, China",CN,China,Henan,36.096,114.38278,1146839,False
"Vijayawada, India",IN,India,Andhra Pradesh,16.50745,80.6466,1143232,False
"Yerevan, Armenia",AM,Armenia,Yerevan,40.17765,44.5126,1141100,True
"Bijie, China",CN,China,Guizhou,27.30193,105.28627,1137383,False
"Kigali, Rwanda",RW,Rwanda,Kigali,-1.94995,30.05885,1132686,True
"Rostov-na-Donu, Russia",RU,Russia,Rostov,47.21997,39.70769,1130305,False
"Zhuzhou, China",CN,China,Hunan,27.83333,113.15,1129687,False
"Bogor, Indonesia",ID,Indonesia,West Java,-6.59444,106.78917,1127408,False
"Touba, Senegal",SN,Senegal,Diourbel Region,14.85,-15.88333,1120824,False
"Ufa, Russia",RU,Russia,Bashkortostan Republic,54.74306,55.96779,1120547,False
"Ranchi, India",IN,India,Jharkhand,23.34316,85.3094,1120374,False
"Baku, Azerbaijan",AZ,Azerbaijan,Baki,40.37767,49.89201,1116513,True
"Shangrao, China",CN,China,Jiangxi,28.45179,117.94287,1116486,False
"Lilongwe, Malawi",MW,Malawi,Central Region,-13.96692,33.78725,1115815,True
"Huaibei, China",CN,China,Anhui,33.97444,116.79167,1113321,False
"Maiduguri, Nigeria",NG,Nigeria,Borno State,11.84692,13.15712,1110000,False
"Meishan, China",CN,China,Sichuan,30.04392,103.83696,1107742,False
"Mwanza, Tanzania",TZ,Tanzania,Mwanza,-2.51667,32.9,1104521,False
"Sendai, Japan",JP,Japan,Miyagi,38.26667,140.86667,1096704,False
"Ulsan, South Korea",KR,South Korea,Ulsan,35.53722,129.31667,1095014,False
"Krasnoyarsk, Russia",RU,Russia,Krasnoyarsk Krai,56.03742,92.93136,1090811,False
"Fuzhou, Jiangxi, China",CN,China,Jiangxi,27.95999,116.33333,1089888,False
"Guigang, China",CN,China,Guangxi,23.11603,109.59472,1086327,False
"Pekanbaru, Indonesia",ID,Indonesia,Riau,0.51667,101.44167,1085000,False
"Oslo, Norway",NO,Norway,Oslo,59.91273,10.74609,1082575,True
"Jabalpur, India",IN,India,Madhya Pradesh,23.16697,79.95006,1081677,False
"Ilorin, Nigeria",NG,Nigeria,Kwara State,8.49664,4.54214,1080000,False
"Aden, Yemen",YE,Yemen,Aden,12.77957,45.03852,1079670,False
"Hengyang, China",CN,China,Hunan,26.88946,112.61888,1075516,False
"Prayagraj, India",IN,India,Uttar Pradesh,25.44478,81.84322,1073438,False
"Yulin, China",CN,China,Guangxi,22.6305,110.14686,1056743,False
"Jodhpur, India",IN,India,Rajasthan,26.26841,73.00594,1056191,False
"Gwalior, India",IN,India,Madhya Pradesh,26.22983,78.17337,1054420,False
"Jingzhou, China",CN,China,Hubei,30.35028,112.19028,1052282,False
"Port Elizabeth, South Africa",ZA,South Africa,Eastern Cape,-33.96109,25.61494,1050078,False
"Tbilisi, Georgia",GE,Georgia,Tbilisi,41.69143,44.83412,1049498,True
"Voronezh, Russia",RU,Russia,Voronezh Oblast,51.66833,39.19204,1047549,False
"Xinxiang, China",CN,China,Henan,35.19033,113.80151,1047088,False
"Yichun, China",CN,China,Jiangxi,27.83333,114.4,1045952,False
"Sokoto, Nigeria",NG,Nigeria,Sokoto,13.06269,5.24322,1040000,False
"Jos, Nigeria",NG,Nigeria,Plateau State,9.92849,8.89212,1040000,False
"Tangier, Morocco",MA,Morocco,Tanger-Tetouan-Al Hoceima,35.76727,-5.79975,1035141,False
"Pointe-Noire, Congo",CG,Congo,Pointe-Noire,-4.77609,11.86352,1032000,False
"Maceió, Brazil",BR,Brazil,Alagoas,-9.66583,-35.73528,1031597,False
"Campinas, Brazil",BR,Brazil,São Paulo,-22.90556,-47.06083,1031554,False
"Sanya, China",CN,China,Hainan,18.25435,109.50947,1031396,False
"Rangpur, Bangladesh",BD,Bangladesh,Rangpur Division,25.74664,89.25166,1031388,False
"Kirkuk, Iraq",IQ,Iraq,Kirkuk,35.46806,44.39222,1031000,False
"Comilla, Bangladesh",BD,Bangladesh,Chittagong,23.46186,91.18503,1030000,False
"Shaoguan, China",CN,China,Guangdong,24.8,113.58333,1028460,False
"Raipur, India",IN,India,Chhattisgarh,21.23333,81.63333,1027264,False
"Longyan, China",CN,China,Fujian,25.07485,117.01775,1025087,False
"Dublin, Ireland",IE,Ireland,Leinster,53.33306,-6.24889,1024027,True
"Tiruchirappalli, India",IN,India,Tamil Nadu,10.8155,78.69651,1022518,False
"Yongzhou, China",CN,China,Hunan,26.42389,111.61306,1020715,False
"Brussels, Belgium",BE,Belgium,Brussels Capital,50.85045,4.34878,1019022,True
"Zamboanga, Philippines",PH,Philippines,Zamboanga Peninsula,6.91028,122.07389,1018849,False
"Huzhou, China",CN,China,Zhejiang,30.8703,120.0933,1015937,False
"Odesa, Ukraine",UA,Ukraine,Odessa,46.48572,30.74383,1015826,False
"Volgograd, Russia",RU,Russia,Volgograd Oblast,48.71378,44.4976,1013533,False
"Wuwei, China",CN,China,Gansu,37.92672,102.63202,1010295,False
"Arequipa, Peru",PE,Peru,Arequipa,-16.39899,-71.53747,1008290,False
"Hanzhong, China",CN,China,Shaanxi,33.07507,107.02214,1006557,False
"Hezhou, China",CN,China,Guangxi,24.40357,111.56675,1005490,False
"Kota, India",IN,India,Rajasthan,25.18254,75.83907,1001694,False
"Zhu Cheng City, China",CN,China,Shandong,35.99502,119.40259,1000000,False
"Sholapur, India",IN,India,Maharashtra,17.67152,75.91044,997281,False
"Marrakesh, Morocco",MA,Morocco,Marrakesh-Safi,31.63416,-7.99994,995871,False
"Guatemala City, Guatemala",GT,Guatemala,Guatemala,14.64072,-90.51327,994938,True
"Perm, Russia",RU,Russia,Perm Krai,58.01046,56.25017,982419,False
"Ciudad Guayana, Venezuela",VE,Venezuela,Bolívar,8.35122,-62.64102,978202,False
"Managua, Nicaragua",NI,Nicaragua,Managua Department,12.13282,-86.2504,973087,True
"Jerusalem, Israel",IL,Israel,Jerusalem,31.76904,35.21633,971800,True
"Cebu City, Philippines",PH,Philippines,Central Visayas,10.31672,123.89071,965332,False
"Guwahati, India",IN,India,Assam,26.1844,91.7458,962334,False
"Rosario, Argentina",AR,Argentina,Santa Fe,-32.94682,-60.63932,948312,False
"Hubballi, India",IN,India,Karnataka,15.34776,75.13378,943788,False
"Kingston, Jamaica",JM,Jamaica,Kingston,17.99702,-76.79358,937700,True
"Baoshan, China",CN,China,Yunnan,25.11626,99.16366,935618,False
"Nay Pyi Taw, Myanmar",MM,Myanmar,Nay Pyi Taw,19.745,96.12972,925000,True
"Trujillo, Peru",PE,Peru,La Libertad,-8.11599,-79.02998,919899,False
"São Luís, Brazil",BR,Brazil,Maranhão,-2.52972,-44.30278,917237,False
"Padang, Indonesia",ID,Indonesia,West Sumatra,-0.94924,100.35427,909040,False
"Campo Grande, Brazil",BR,Brazil,Mato Grosso do Sul,-20.44278,-54.64639,906092,False
"Bobo-Dioulasso, Burkina Faso",BF,Burkina Faso,Hauts-Bassins,11.17715,-4.2979,904920,False
"Blantyre, Malawi",MW,Malawi,Southern Region,-15.78499,35.00854,902588,False
"Bishkek, Kyrgyzstan",KG,Kyrgyzstan,Bishkek,42.87,74.59,900000,True
"Krasnodar, Russia",RU,Russia,Krasnodar Krai,45.04534,38.98178,899541,False
"Natal, Brazil",BR,Brazil,Rio Grande do Norte,-5.795,-35.20944,896708,False
"Bhubaneswar, India",IN,India,Odisha,20.27241,85.83385,885363,False
"Teresina, Brazil",BR,Brazil,Piauí,-5.08917,-42.80194,871126,False
"Rotterdam, Netherlands",NL,Netherlands,South Holland,51.9225,4.47917,868135,True
"Tegucigalpa, Honduras",HN,Honduras,Francisco Morazán Department,14.0818,-87.20681,850848,True
"Libreville, Gabon",GA,Gabon,Estuaire,0.39241,9.45356,846090,True
"Saratov, Russia",RU,Russia,Saratov Oblast,51.54048,45.9901,844858,False
"Ulan Bator, Mongolia",MN,Mongolia,Ulaanbaatar,47.90771,106.88324,844818,True
"Cochabamba, Bolivia",BO,Bolivia,Cochabamba,-17.38195,-66.15995,841276,False
"Samarinda, Indonesia",ID,Indonesia,East Kalimantan,-0.49167,117.14583,831460,False
"Valencia, Spain",ES,Spain,Valencia,39.47391,-0.37966,824340,False
"Barcelona, Venezuela",VE,Venezuela,Anzoátegui,10.1384,-64.68769,815141,False
"Bangui, Central African Rep.",CF,Central African Rep.,Bangui,4.36122,18.55496,812407,True
"Oran, Algeria",DZ,Algeria,Oran,35.69906,-0.63588,803329,False
"Freetown, Sierra Leone",SL,Sierra Leone,Western Area,8.48714,-13.2356,802639,True
"Muscat, Oman",OM,Oman,Muscat,23.58413,58.40778,797000,True
"Kolwezi, DR Congo",CD,DR Congo,Lualaba,-10.71484,25.46674,790248,False
"Vinh, Vietnam",VN,Vietnam,Nghệ An Province,18.67337,105.69232,790000,False
"Pasragad Branch, Iran",IR,Iran,Hamadan Province,34.77772,48.47168,787878,False
"Cúcuta, Colombia",CO,Colombia,Norte de Santander Department,7.90745,-72.5049,777106,False
"Nampula, Mozambique",MZ,Mozambique,Nampula,-15.11646,39.2666,770379,False
"Bujumbura, Burundi",BI,Burundi,Bujumbura Mairie,-3.38193,29.36142,769317,True
"Tyumen, Russia",RU,Russia,Tyumen Oblast,57.15222,65.52722,768358,False
"Erzurum, Turkey",TR,Turkey,Erzurum,39.90861,41.27694,767848,False
"Dodoma, Tanzania",TZ,Tanzania,Dodoma,-6.17221,35.73947,765179,True
"Benghazi, Libya",LY,Libya,Banghāzī,32.11486,20.06859,757490,False
"Kraków, Poland",PL,Poland,Lesser Poland,50.06143,19.93658,755050,False
"Andijon, Uzbekistan",UZ,Uzbekistan,Andijan Region,40.78338,72.35067,747800,False
"Buraydah, Saudi Arabia",SA,Saudi Arabia,Al-Qassim Region,26.32599,43.97497,745353,False
"Hegang, China",CN,China,Heilongjiang,47.34727,130.29033,743307,False
"Riga, Latvia",LV,Latvia,Riga,56.946,24.10589,742572,True
"Ashgabat, Turkmenistan",TM,Turkmenistan,Ashgabat,37.95,58.38333,727700,True
"Denpasar, Indonesia",ID,Indonesia,Bali,-8.65,115.21667,725314,False
"Lviv, Ukraine",UA,Ukraine,Lviv,49.83826,24.02324,717273,False
"Ribeirão Preto, Brazil",BR,Brazil,São Paulo,-21.1775,-47.81028,711825,False
"Zaporizhzhya, Ukraine",UA,Ukraine,Zaporizhzhia,47.85167,35.11714,710052,False
"Agadir, Morocco",MA,Morocco,Souss-Massa,30.42018,-9.59815,698310,False
"Sarajevo, Bosnia and Herz.",BA,Bosnia and Herz.,Federation of B&H,43.84864,18.35644,696731,True
"Tunis, Tunisia",TN,Tunisia,Tunis Governorate,36.81897,10.16579,693210,True
"Beira, Mozambique",MZ,Mozambique,Sofala,-19.84361,34.83889,687764,False
"Zaragoza, Spain",ES,Spain,Aragon,41.65606,-0.87734,686986,False
"Baise, China",CN,China,Guangxi,23.89013,106.62684,686078,False
"Dushanbe, Tajikistan",TJ,Tajikistan,Dushanbe,38.53575,68.77905,679400,True
"Cotonou, Benin",BJ,Benin,Littoral,6.36536,2.41833,679012,True
"Tabuk, Saudi Arabia",SA,Saudi Arabia,Tabuk Region,28.3998,36.57151,667000,False
"Bulawayo, Zimbabwe",ZW,Zimbabwe,Bulawayo,-20.15,28.58333,665952,False
"Mudanjiang, China",CN,China,Heilongjiang,44.54804,129.62594,665915,False
"Aracaju, Brazil",BR,Brazil,Sergipe,-10.91111,-37.07167,664908,False
"Athens, Greece",GR,Greece,Attica,37.98376,23.72784,664046,True
"Zagreb, Croatia",HR,Croatia,Zagreb,45.81444,15.97798,663592,True
"Helsinki, Finland",FI,Finland,Uusimaa,60.16952,24.93545,658864,True
"Pontianak, Indonesia",ID,Indonesia,West Kalimantan,-0.03194,109.325,658685,False
"Banjarmasin, Indonesia",ID,Indonesia,South Kalimantan,-3.31987,114.59075,657663,False
"Palermo, Italy",IT,Italy,Sicily,38.1166,13.3636,648260,False
"Izhevsk, Russia",RU,Russia,Udmurtiya Republic,56.85225,53.19862,648213,False
"Colombo, Sri Lanka",LK,Sri Lanka,Western Province,6.93548,79.84868,648034,True
"Chisinau, Moldova",MD,Moldova,Chișinău Municipality,47.00902,28.85938,635994,True
"Wrocław, Poland",PL,Poland,Lower Silesia,51.10286,17.03006,634893,False
"Djibouti, Djibouti",DJ,Djibouti,Djibouti,11.58901,43.14503,626512,True
"Glasgow, UK",GB,UK,Scotland,55.86515,-4.25763,626410,False
"Irkutsk, Russia",RU,Russia,Irkutsk Oblast,52.29566,104.29076,623869,False
"Khabarovsk, Russia",RU,Russia,Khabarovsk,48.46204,135.0971,618150,False
"Cuiabá, Brazil",BR,Brazil,Mato Grosso,-15.59611,-56.09667,618124,False
"Arusha, Tanzania",TZ,Tanzania,Arusha,-3.36667,36.68333,617631,False
"Yaroslavl, Russia",RU,Russia,Yaroslavl Oblast,57.62987,39.87368,608722,False
"Göteborg, Sweden",SE,Sweden,Västra Götaland,57.70716,11.96679,608462,False
"Ha'il, Saudi Arabia",SA,Saudi Arabia,Ha'il Region,27.52188,41.69073,605930,False
"Vladivostok, Russia",RU,Russia,Primorye,43.10562,131.87353,604901,False
"Lubango, Angola",AO,Angola,Huíla,-14.91717,13.4925,600751,False
"Makhachkala, Russia",RU,Russia,Dagestan,42.97782,47.50027,596356,False
"Huambo, Angola",AO,Angola,Huambo,-12.77611,15.73917,595304,False
"Kagoshima, Japan",JP,Japan,Kagoshima,31.56667,130.55,595049,False
"Mukalla, Yemen",YE,Yemen,Muhafazat Hadramaout,14.54248,49.12424,594951,False
"Rasht, Iran",IR,Iran,Gilan Province,37.27611,49.58862,594590,False
"Mar del Plata, Argentina",AR,Argentina,Buenos Aires,-38.00042,-57.5562,593337,False
"Dortmund, Germany",DE,Germany,North Rhine-Westphalia,51.51494,7.466,588462,False
"Londrina, Brazil",BR,Brazil,Paraná,-23.31028,-51.16278,588125,False
"Nha Trang, Vietnam",VN,Vietnam,Khanh Hoa,12.24507,109.19432,579000,False
"Kerman, Iran",IR,Iran,Kerman,30.28321,57.07879,577514,False
"Herāt, Afghanistan",AF,Afghanistan,Herat,34.34817,62.19967,574300,False
"Tomsk, Russia",RU,Russia,Tomsk Oblast,56.50049,84.98216,574002,False
"Kota Bharu, Malaysia",MY,Malaysia,Kelantan,6.12361,102.24333,568900,False
"Nyala, Sudan",SD,Sudan,Southern Darfur,12.04888,24.88069,565734,False
"Orenburg, Russia",RU,Russia,Orenburg Oblast,51.76712,55.09883,564773,False
"Asmara, Eritrea",ER,Eritrea,Maekel,15.33805,38.93184,563930,True
"Sukkur, Pakistan",PK,Pakistan,Sindh,27.70323,68.85889,563851,False
"Uberlândia, Brazil",BR,Brazil,Minas Gerais,-18.91861,-48.27722,563536,False
"Gombe, Nigeria",NG,Nigeria,Gombe State,10.28969,11.16729,560000,False
"Bloemfontein, South Africa",ZA,South Africa,Free State,-29.12107,26.214,556637,True
"Santiago de Cuba, Cuba",CU,Cuba,Santiago de Cuba Province,20.02287,-75.82171,555865,False
"Benguela, Angola",AO,Angola,Benguela,-12.57674,13.40268,555124,False
"Huaihua, China",CN,China,Hunan,27.56337,110.00404,552622,False
"Zahedan, Iran",IR,Iran,Sistan and Baluchestan,29.4963,60.8629,551980,False
"Nanded, India",IN,India,Maharashtra,19.16023,77.31497,550564,False
"Pristina, Kosovo",XK,Kosovo,Pristina,42.67272,21.16688,550000,True
"Korla, China",CN,China,Xinjiang,41.76055,86.15231,549324,False
"Porto Velho, Brazil",BR,Brazil,Rondônia,-8.76194,-63.90389,548952,False
"San Miguel de Tucumán, Argentina",AR,Argentina,Tucuman,-26.81601,-65.21051,548866,False
"Sevastopol, Ukraine",UA,Ukraine,Sevastopol City,44.60795,33.52134,547820,False
"Kota Kuala Muda, Malaysia",MY,Malaysia,Kedah,5.58822,100.37085,544984,False
"Vilnius, Lithuania",LT,Lithuania,Vilnius,54.68916,25.2798,542366,True
"Mbeya, Tanzania",TZ,Tanzania,Mbeya,-8.9,33.45,541603,False
"Novokuznetsk, Russia",RU,Russia,Kuzbass,53.75752,87.13599,539616,False
"Aqsu, China",CN,China,Xinjiang,41.18418,80.27921,535657,False
"Astrakhan, Russia",RU,Russia,Astrakhan Oblast,46.34968,48.04076,533925,False
"Assiut, Egypt",EG,Egypt,Asyut,27.18096,31.18368,528669,False
"San Salvador, El Salvador",SV,El Salvador,San Salvador Department,13.68935,-89.18718,525990,True
"Van, Turkey",TR,Turkey,Van,38.49457,43.38323,525016,False
"Kandahār, Afghanistan",AF,Afghanistan,Kandahar,31.61332,65.71013,523300,False
"Mazār-e Sharīf, Afghanistan",AF,Afghanistan,Balkh,36.70904,67.11087,523300,False
"Lyon, France",FR,France,Rhône-Alpes,45.74906,4.84789,522969,False
"Salta, Argentina",AR,Argentina,Salta,-24.80645,-65.41999,520683,False
"Serra, Brazil",BR,Brazil,Espírito Santo,-20.12861,-40.30778,520653,False
"Lisbon, Portugal",PT,Portugal,Lisbon,38.72509,-9.1498,517802,True
"Macapá, Brazil",BR,Brazil,Amapá,0.03889,-51.06639,512902,False
"Campos dos Goytacazes, Brazil",BR,Brazil,Rio de Janeiro,-21.75227,-41.33044,511168,False
"Kikwit, DR Congo",CD,DR Congo,Kwilu,-5.04098,18.81619,509367,False
"Florianópolis, Brazil",BR,Brazil,Santa Catarina,-27.59667,-48.54917,508826,False
"Zhangye, China",CN,China,Gansu,38.93417,100.45167,507433,False
"Kirov, Russia",RU,Russia,Kirov Oblast,58.59809,49.65783,507155,False
"Kashgar, China",CN,China,Xinjiang,39.46718,75.98675,506640,False
"Najrān, Saudi Arabia",SA,Saudi Arabia,Najran Region,17.49326,44.12766,505652,False
"Homyel', Belarus",BY,Belarus,Gomel Oblast,52.4345,30.9754,501102,False
"Aktobe, Kazakhstan",KZ,Kazakhstan,Aktyubinskaya Oblast’,50.27969,57.20718,500757,False
"Mangaluru, India",IN,India,Karnataka,12.91723,74.85603,499487,False
"Montería, Colombia",CO,Colombia,Córdoba,8.75081,-75.87823,490935,False
"Port Sudan, Sudan",SD,Sudan,Red Sea,19.61745,37.21644,489725,False
"Piura, Peru",PE,Peru,Piura,-5.18192,-80.65715,484475,False
"Xichang, China",CN,China,Sichuan,27.89642,102.26341,481796,False
"East London, South Africa",ZA,South Africa,Eastern Cape,-33.01529,27.91162,478676,False
"Chéngguān Qū, China",CN,China,Tibet,29.63842,91.04441,478275,False
"Yazd, Iran",IR,Iran,Yazd Province,31.89722,54.3675,477905,False
"Hargeysa, Somalia",SO,Somalia,Woqooyi Galbeed,9.56,44.065,477876,True
"Kaliningrad, Russia",RU,Russia,Kaliningrad Oblast,54.70639,20.51102,475056,False
"Skopje, North Macedonia",MK,North Macedonia,Grad Skopje,41.99646,21.43141,474889,True
"Gonder, Ethiopia",ET,Ethiopia,Amhara,12.6,37.46667,466000,False
"Tamale, Ghana",GH,Ghana,Northern,9.40079,-0.8393,464316,False
"Mek'ele, Ethiopia",ET,Ethiopia,Tigray,13.49667,39.47528,457900,False
"Mbandaka, DR Congo",CD,DR Congo,Équateur,0.04865,18.26034,455011,False
"Malanje, Angola",AO,Angola,Malanje,-9.54015,16.34096,455000,False
"Manado, Indonesia",ID,Indonesia,North Sulawesi,1.48218,124.84892,451916,False
"Udaipur, India",IN,India,Rajasthan,24.58584,73.71346,451100,False
"Juba, South Sudan",SS,South Sudan,Central Equatoria,4.85165,31.58247,450000,True
"Wenshan City, China",CN,China,Yunnan,23.36306,104.25047,450000,False
"Constantine, Algeria",DZ,Algeria,Constantine,36.365,6.61472,448028,False
"Kupang, Indonesia",ID,Indonesia,East Nusa Tenggara,-10.17083,123.60694,442758,False
"Korhogo, Côte d'Ivoire",CI,Côte d'Ivoire,Savanes District,9.45803,-5.62961,440926,False
"Bissau, Guinea-Bissau",GW,Guinea-Bissau,Bissau,11.86357,-15.59767,439704,True
"Sandakan, Malaysia",MY,Malaysia,Sabah,5.8402,118.1179,439050,False
"Palma, Spain",ES,Spain,Balearic Islands,39.56939,2.65024,438234,False
"Bei’an, China",CN,China,Heilongjiang,48.26667,126.6,436444,False
"Stavropol’, Russia",RU,Russia,Stavropol Kray,45.03442,41.9642,433931,False
"Cusco, Peru",PE,Peru,Cuzco Department,-13.53188,-71.96701,428450,False
"Bryansk, Russia",RU,Russia,Bryansk Oblast,53.27096,34.32143,427236,False
"Matadi, DR Congo",CD,DR Congo,Bas-Congo,-5.83861,13.46306,425662,False
"Luxor, Egypt",EG,Egypt,Luxor,25.69893,32.6421,422407,False
"Awasa, Ethiopia",ET,Ethiopia,Sidama Region,7.06205,38.47635,422200,False
"Bamenda, Cameroon",CM,Cameroon,North-West,5.9597,10.14597,420445,False
"Boa Vista, Brazil",BR,Brazil,Roraima,2.81972,-60.67333,419652,False
"Rio Branco, Brazil",BR,Brazil,Acre,-9.97472,-67.81,419452,False
"Tirana, Albania",AL,Albania,Tirana,41.32744,19.81866,418495,True
"San Juan, Puerto Rico",PR,Puerto Rico,San Juan,18.46633,-66.10572,418140,False
"Montes Claros, Brazil",BR,Brazil,Minas Gerais,-16.735,-43.86167,414240,False
"Magnitogorsk, Russia",RU,Russia,Chelyabinsk,53.39808,59.0066,413351,False
"Christchurch, New Zealand",NZ,New Zealand,Canterbury,-43.53333,172.63333,412000,False
"Chaoyang, China",CN,China,Liaoning,41.57028,120.45861,410005,False
"Gujangbagh, China",CN,China,Xinjiang,37.10927,79.93433,408894,False
"Panamá, Panama",PA,Panama,Panamá,8.9936,-79.51973,408168,True
"Newcastle, South Africa",ZA,South Africa,KwaZulu-Natal,-27.75796,29.9318,404838,False
"Jayapura, Indonesia",ID,Indonesia,Papua,-2.53371,140.71813,404004,False
"Kuching, Malaysia",MY,Malaysia,Sarawak,1.55,110.33333,402738,False
"Kassala, Sudan",SD,Sudan,Kassala,15.45099,36.39998,401477,False
"Antofagasta, Chile",CL,Chile,Antofagasta,-23.65094,-70.39752,401096,False
"Bunia, DR Congo",CD,DR Congo,Ituri,1.55941,30.25224,399282,False
"Samsun, Turkey",TR,Turkey,Samsun,41.27976,36.3361,394050,False
"Tallinn, Estonia",EE,Estonia,Harjumaa,59.43696,24.75353,394024,True
"El Obeid, Sudan",SD,Sudan,North Kordofan,13.18421,30.21669,393311,False
"Saurimo, Angola",AO,Angola,Lunda Sul,-9.66078,20.39155,393000,False
"Pasto, Colombia",CO,Colombia,Nariño,1.21456,-77.27846,392930,False
"San-Pédro, Côte d'Ivoire",CI,Côte d'Ivoire,Bas-Sassandra District,4.74851,-6.6363,390654,False
"Petrolina, Brazil",BR,Brazil,Pernambuco,-9.39861,-40.50083,386791,False
"Windhoek, Namibia",NA,Namibia,Khomas Region,-22.55941,17.08323,386219,True
"Las Palmas de Gran Canaria, Spain",ES,Spain,Canary Islands,28.10178,-15.41573,383516,False
"Wellington, New Zealand",NZ,New Zealand,Wellington Region,-41.28664,174.77557,381900,True
"Iquitos, Peru",PE,Peru,Loreto,-3.74814,-73.2529,377609,False
"Bengkulu, Indonesia",ID,Indonesia,Bengkulu,-3.80044,102.26554,373591,False
"Palu, Indonesia",ID,Indonesia,Central Sulawesi,-0.90833,119.87083,373218,False
"Vinnytsya, Ukraine",UA,Ukraine,Vinnytsia,49.2322,28.46871,369839,False
"Canberra, Australia",AU,Australia,Australian Capital Territory,-35.28346,149.12807,367752,True
"Bydgoszcz, Poland",PL,Poland,Kujawsko-Pomorskie,53.1235,18.00762,366452,False
"Maradi, Niger",NE,Niger,Maradi Region,13.5,7.10174,361702,False
"Ulan-Ude, Russia",RU,Russia,Buryatiya Republic,51.82648,107.59979,360278,False
"Huocheng, China",CN,China,Xinjiang,44.05305,80.87173,360000,False
"Maseru, Lesotho",LS,Lesotho,Maseru District,-29.31667,27.48333,359753,True
"Vitebsk, Belarus",BY,Belarus,Vitebsk,55.1904,30.2049,358395,False
"Kyzylorda, Kazakhstan",KZ,Kazakhstan,Qyzylorda,44.85278,65.50917,354800,False
"Bandar Abbas, Iran",IR,Iran,Hormozgan,27.1865,56.2808,352173,False
"Honolulu, HI",US,US,Hawaii,21.30694,-157.85833,350964,False
"Xilinhot, China",CN,China,Inner Mongolia,43.93889,116.07021,349953,False
"Quelimane, Mozambique",MZ,Mozambique,Zambezia Province,-17.87861,36.88833,349842,False
"Arkhangel’sk, Russia",RU,Russia,Arkhangelskaya,64.5461,40.55183,349742,False
"Hulunbuir, China",CN,China,Inner Mongolia,49.21141,119.75582,349400,False
"Chita, Russia",RU,Russia,Zabaykalskiy (Transbaikal) Kray,52.04311,113.49171,349005,False
"Kalemyo, Myanmar",MM,Myanmar,Sagaing Region,23.19014,94.06405,348573,False
"Camagüey, Cuba",CU,Cuba,Camagüey,21.38083,-77.91694,347562,False
"Bilbao, Spain",ES,Spain,Basque Country,43.26271,-2.92528,347342,False
"Ambon, Indonesia",ID,Indonesia,Maluku,-3.69583,128.18333,347288,False
"Corrientes, Argentina",AR,Argentina,Corrientes,-27.46784,-58.8344,346334,False
"Astana, Kazakhstan",KZ,Kazakhstan,Astana,51.1801,71.44598,345604,True
"Kendari, Indonesia",ID,Indonesia,Southeast Sulawesi,-3.9778,122.51507,345107,False
"Toamasina, Madagascar",MG,Madagascar,Atsinanana,-18.1492,49.40234,345107,False
"Kosti, Sudan",SD,Sudan,White Nile,13.1629,32.66347,345068,False
"Doha, Qatar",QA,Qatar,Baladīyat ad Dawḩah,25.28545,51.53096,344939,True
"Kadapa, India",IN,India,Andhra Pradesh,14.47995,78.82346,344893,False
"Dire Dawa, Ethiopia",ET,Ethiopia,Dire Dawa,9.59306,41.86611,343000,False
"Nice, France",FR,France,Provence-Alpes-Côte d'Azur,43.70313,7.26608,342669,True
"Serekunda, Gambia",GM,Gambia,Banjul,13.43833,-16.67806,340000,True
"San José, Costa Rica",CR,Costa Rica,San José,9.93388,-84.08489,335007,True
"Nukus, Uzbekistan",UZ,Uzbekistan,Karakalpakstan,42.45861,59.60576,332500,False
"Oral, Kazakhstan",KZ,Kazakhstan,Batys Qazaqstan,51.24601,51.42558,330000,False
"Pavlodar, Kazakhstan",KZ,Kazakhstan,Pavlodar Region,52.27601,76.96881,329002,False
"Chongjin, North Korea",KP,North Korea,North Hamgyong,41.79556,129.77583,327000,False
"Pucallpa, Peru",PE,Peru,Ucayali,-8.37915,-74.55387,326040,False
"Córdoba, Spain",ES,Spain,Andalusia,37.89155,-4.77275,325708,False
"Uíge, Angola",AO,Angola,Uíge,-7.60874,15.06131,322531,False
"Pelotas, Brazil",BR,Brazil,Rio Grande do Sul,-31.76997,-52.34101,320674,False
"Ust-Kamenogorsk, Kazakhstan",KZ,Kazakhstan,East Kazakhstan,49.97143,82.60586,319067,False
"Zinder, Niger",NE,Niger,Zinder Region,13.80716,8.9881,318874,False
"Saransk, Russia",RU,Russia,Mordoviya Republic,54.18485,45.17166,318841,False
"Nantes, France",FR,France,Pays de la Loire,47.21725,-1.55336,318808,False
"Constanţa, Romania",RO,Romania,Constanța County,44.18073,28.63432,317832,False
"Naha, Japan",JP,Japan,Okinawa,26.213,127.67851,317625,False
"Bari, Italy",IT,Italy,Apulia,41.12066,16.86982,316491,False
"Cherepovets, Russia",RU,Russia,Vologda Oblast,59.13333,37.9,315738,False
"Butuan, Philippines",PH,Philippines,Caraga,8.94917,125.54361,309709,False
"Tabora, Tanzania",TZ,Tanzania,Tabora,-5.01622,32.82663,308741,False
"Palmas, Brazil",BR,Brazil,Tocantins,-10.16745,-48.32766,306296,False
"Posadas, Argentina",AR,Argentina,Misiones,-27.39184,-55.92379,305874,False
"Sumbawanga, Tanzania",TZ,Tanzania,Rukwa,-7.96667,31.61667,303986,False
"Ciudad del Este, Paraguay",PY,Paraguay,Alto Paraná Department,-25.5036,-54.65067,301815,False
"Surgut, Russia",RU,Russia,Khanty-Mansia,61.25757,73.41775,300367,False
"Winejok, South Sudan",SS,South Sudan,Northern Bahr al Ghazal,9.01222,27.57081,300000,False
"Bahía Blanca, Argentina",AR,Argentina,Buenos Aires,-38.7176,-62.26545,299101,False
"Murmansk, Russia",RU,Russia,Murmansk,68.96778,33.09922,295374,False
"Viña del Mar, Chile",CL,Chile,Valparaíso,-33.02457,-71.55183,294551,True
"Port Moresby, Papua New Guinea",PG,Papua New Guinea,National Capital,-9.47723,147.15089,283733,True
"Yamoussoukro, Côte d'Ivoire",CI,Côte d'Ivoire,Lacs District,6.82055,-5.27674,275686,True
"Baguio, Philippines",PH,Philippines,Cordillera,16.41639,120.59306,272714,True
"Ljubljana, Slovenia",SI,Slovenia,Ljubljana,46.05108,14.50513,272220,True
"Parauapebas, Brazil",BR,Brazil,Pará,-6.0675,-49.90222,267836,False
"Bratsk, Russia",RU,Russia,Irkutsk Oblast,56.1325,101.61417,256600,False
"Banda Aceh, Indonesia",ID,Indonesia,Aceh,5.54167,95.33333,255029,False
"Sorong, Indonesia",ID,Indonesia,Southwest Papua,-0.87956,131.26104,254294,False
"Talcahuano, Chile",CL,Chile,Biobío,-36.72494,-73.11684,252968,False
"Hobart, Australia",AU,Australia,Tasmania,-42.87936,147.32941,252639,False
"A Coruña, Spain",ES,Spain,Galicia,43.37135,-8.396,250438,False
"Hami, China",CN,China,Xinjiang,42.83393,93.50601,246373,False
"Gaborone, Botswana",BW,Botswana,Gaborone,-24.65451,25.90859,246325,True
"Puerto Montt, Chile",CL,Chile,Los Lagos Region,-41.4693,-72.94237,245902,False
"Ngaoundéré, Cameroon",CM,Cameroon,Adamaoua,7.32765,13.58472,238196,False
"Podgorica, Montenegro",ME,Montenegro,Podgorica,42.44124,19.26309,236852,True
"Yakutsk, Russia",RU,Russia,Sakha,62.03114,129.72288,235600,False
"Georgetown, Guyana",GY,Guyana,Demerara-Mahaica,6.80448,-58.15527,235017,True
"Kismayo, Somalia",SO,Somalia,Lower Juba,-0.35817,42.54536,234852,False
"Türkmenabat, Turkmenistan",TM,Turkmenistan,Lebap,39.07328,63.57861,234817,False
"Neuquén, Argentina",AR,Argentina,Neuquen,-38.95078,-68.0592,231198,False
"Nassau, Bahamas",BS,Bahamas,New Providence,25.05823,-77.34306,227940,True
"Sucre, Bolivia",BO,Bolivia,Chuquisaca Department,-19.03332,-65.26274,224838,True
"Paramaribo, Suriname",SR,Suriname,Paramaribo District,5.86638,-55.16682,223757,True
"Puerto Princesa, Philippines",PH,Philippines,Mimaropa,9.73917,118.73528,222673,False
"Sinop, Brazil",BR,Brazil,Mato Grosso,-11.86417,-55.5025,216029,False
"Oulu, Finland",FI,Finland,North Ostrobothnia,65.01236,25.46816,209648,False
"Nicosia, Cyprus",CY,Cyprus,Nicosia,35.17284,33.35397,200452,True
"Yuzhno-Sakhalinsk, Russia",RU,Russia,Sakhalin Oblast,46.9543,142.73559,198973,False
"Vientiane, Laos",LA,Laos,Vientiane Prefecture,17.96667,102.6,196731,True
"Laayoune, W. Sahara",EH,W. Sahara,,27.1418,-13.18797,196331,True
"Ar Rifā‘, Bahrain",BH,Bahrain,Southern Governorate,26.13,50.555,195606,True
"Kayes, Mali",ML,Mali,Kayes,14.44776,-11.44393,194716,False
"Jinshanlu, China",CN,China,Xinjiang,47.8505,88.13286,190064,False
"Santarém, Brazil",BR,Brazil,Pará,-2.44306,-54.70833,189047,False
"Petropavlovsk-Kamchatsky, Russia",RU,Russia,Kamchatka,53.06393,158.62751,181216,False
"Townsville, Australia",AU,Australia,Queensland,-19.26639,146.80569,180820,False
"Toliara, Madagascar",MG,Madagascar,Atsimo-Andrefana,-23.35,43.66667,178725,False
"Ouargla, Algeria",DZ,Algeria,Ouargla,31.94932,5.32502,169928,False
"Ḩawallī, Kuwait",KW,Kuwait,Hawalli,29.33278,48.02861,164212,True
"Şalālah, Oman",OM,Oman,Dhofar,17.01505,54.09237,163140,False
"Malakal, South Sudan",SS,South Sudan,Upper Nile,9.53342,31.66049,160765,False
"Barreiras, Brazil",BR,Brazil,Bahia,-12.15278,-44.99,159734,False
"Malabo, Equatorial Guinea",GQ,Equatorial Guinea,Bioko Norte,3.75578,8.78166,155963,True
"Port Louis, Mauritius",MU,Mauritius,Port Louis,-20.16194,57.49889,155226,True
"Dili, Timor-Leste",TL,Timor-Leste,Dili Municipality,-8.55861,125.57361,150000,True
"Sabha, Libya",LY,Libya,Sabha District,27.03766,14.42832,149329,False
"Rimini, Italy",IT,Italy,Emilia-Romagna,44.05755,12.56528,148688,True
"Timika, Indonesia",ID,Indonesia,Central Papua,-4.61407,136.67679,142909,False
"Yushu, China",CN,China,Qinghai,33.00118,97.00893,141308,False
"Comodoro Rivadavia, Argentina",AR,Argentina,Chubut,-45.86256,-67.494,140850,False
"Norilsk, Russia",RU,Russia,Krasnoyarsk Krai,69.3535,88.2027,140800,False
"Abéché, Chad",TD,Chad,Ouadaï,13.82916,20.8324,139983,False
"Darwin, Australia",AU,Australia,Northern Territory,-12.46113,130.84185,139902,False
"Sarh, Chad",TD,Chad,Moyen-Chari,9.14555,18.38331,138928,False
"Praia, Cabo Verde",CV,Cabo Verde,Praia,14.93152,-23.51254,137868,True
"Antsiranana, Madagascar",MG,Madagascar,Diana,-12.31732,49.29188,136959,False
"Surat Thani, Thailand",TH,Thailand,Surat Thani,9.14011,99.33311,132040,False
"Copiapó, Chile",CL,Chile,Atacama,-27.36737,-70.33219,129280,False
"Puerto Ayacucho, Venezuela",VE,Venezuela,Amazonas,5.66049,-67.58343,125840,False
"Bern, Switzerland",CH,Switzerland,Bern,46.94809,7.44744,121631,True
"Cabudwaaq, Somalia",SO,Somalia,Galguduud,6.24585,46.2247,120000,False
"Reykjavík, Iceland",IS,Iceland,Capital Region,64.13548,-21.89541,118918,True
"Lisala, DR Congo",CD,DR Congo,Mongala,2.15127,21.51672,117464,False
"Punta Arenas, Chile",CL,Chile,Region of Magallanes,-53.16282,-70.90922,117430,False
"Kyzyl, Russia",RU,Russia,Republic of Tyva,51.71108,94.43776,116983,False
"Mandera, Kenya",KE,Kenya,Mandera County,3.93726,41.85688,114718,False
"Port Blair, India",IN,India,Andaman and Nicobar,11.66613,92.74635,112050,False
"Mongu, Zambia",ZM,Zambia,Western Province,-15.24835,23.12741,111450,False
"Manzini, Eswatini",SZ,Eswatini,Manzini Region,-26.49884,31.38004,110537,True
"Arlit, Niger",NE,Niger,Agadez,18.73694,7.38528,106448,False
"Male, Maldives",MV,Maldives,Kaafu Atoll,4.17521,73.50916,103693,True
"Zhanaozen, Kazakhstan",KZ,Kazakhstan,Mangghystaū,43.34116,52.86192,103598,False
"Merauke, Indonesia",ID,Indonesia,South Papua,-8.49958,140.40613,102351,False
"Ukhta, Russia",RU,Russia,Komi,63.56904,53.69141,102187,False
"Funchal, Portugal",PT,Portugal,Madeira,32.66568,-16.92547,100847,False
"Bakwa, DR Congo",CD,DR Congo,Haut-Uele,4.1263,27.39527,100575,False
"Thimphu, Bhutan",BT,Bhutan,Thimphu District,27.46609,89.64191,98676,True
"Bridgetown, Barbados",BB,Barbados,Saint Michael,13.10732,-59.62021,98511,True
"Magadan, Russia",RU,Russia,Magadan Oblast,59.56274,150.80211,92782,False
"Nasinu, Fiji",FJ,Fiji,Central,-18.07051,178.51313,92043,True
"Luxembourg, Luxembourg",LU,Luxembourg,Luxembourg,49.60982,6.13268,76684,True
"Moroni, Comoros",KM,Comoros,Grande Comore,-11.70216,43.25506,74749,True
"Adrar, Algeria",DZ,Algeria,Adrar,27.87429,-0.29388,68276,False
"Chaguanas, Trinidad and Tobago",TT,Trinidad and Tobago,Chaguanas,10.51667,-61.41667,67433,True
"Bandar Seri Begawan, Brunei",BN,Brunei,Brunei-Muara District,4.89035,114.94006,64409,True
"Honiara, Solomon Is.",SB,Solomon Is.,Honiara,-9.43333,159.95,56298,True
"São Tomé, São Tomé and Principe",ST,São Tomé and Principe,São Tomé Island,0.33756,6.7299,53300,True
"Saipan, N. Mariana Is.",MP,N. Mariana Is.,Saipan,15.21233,145.7545,48220,False
"At Tāj, Libya",LY,Libya,Al Kufrah,24.20487,23.2857,46050,False
"Apia, Samoa",WS,Samoa,Tuamasaga,-13.83333,-171.76666,40407,True
"Tarawa, Kiribati",KI,Kiribati,Gilbert Islands,1.3278,172.97696,40311,True
"Mirny, Russia",RU,Russia,Sakha,62.53528,113.96111,40308,False
"Tynda, Russia",RU,Russia,Amur Oblast,55.14941,124.73676,37335,False
"Port-Vila, Vanuatu",VU,Vanuatu,Shefa,-17.73648,168.31366,35901,True
"Feldkirch, Austria",AT,Austria,Vorarlberg,47.23306,9.6,33420,True
"San Pawl il-Baħar, Malta",MT,Malta,Saint Paul’s Bay,35.95064,14.41561,32042,True
"Faaa, Fr. Polynesia",PF,Fr. Polynesia,Îles du Vent,-17.55933,-149.60352,29851,False
"Okha, Russia",RU,Russia,Sakhalin Oblast,53.59398,142.95279,26560,False
"Kokopo, Papua New Guinea",PG,Papua New Guinea,East New Britain Province,-4.3432,152.26867,26273,False
"Majuro, Marshall Is.",MH,Marshall Is.,Majuro Atoll,7.08971,171.38027,25400,True
"Gros Islet, Saint Lucia",LC,Saint Lucia,Gros-Islet,14.06667,-60.95,25210,True
"Alice Springs, Australia",AU,Australia,Northern Territory,-23.69748,133.88362,25186,False
"Kingstown, St. Vin. and Gren.",VC,St. Vin. and Gren.,Saint George Parish,13.15527,-61.22742,24518,True
"Saint John’s, Antigua and Barb.",AG,Antigua and Barb.,Saint John Parish,17.12096,-61.84329,24226,True
"Victoria, Seychelles",SC,Seychelles,La Rivière Anglaise,-4.62001,55.45501,22881,True
"Nuku‘alofa, Tonga",TO,Tonga,Tongatapu,-21.13683,-175.20114,22400,True
"Andorra la Vella, Andorra",AD,Andorra,Andorra la Vella,42.50779,1.52109,20430,True
"Ponta Delgada, Portugal",PT,Portugal,Azores,37.73952,-25.66874,20056,False
"Roseau, Dominica",DM,Dominica,Saint George Parish,15.30174,-61.38808,16571,True
"Koror, Palau",PW,Palau,Koror,7.33978,134.47326,14000,True
"Belmopan, Belize",BZ,Belize,Cayo District,17.25376,-88.76401,13381,True
"Basseterre, St. Kitts and Nevis",KN,St. Kitts and Nevis,Saint George Basseterre,17.2955,-62.72499,12920,True
"Saint George's, Grenada",GD,Grenada,Saint George Parish,12.05288,-61.75226,7500,True
"Palikir, Micronesia",FM,Micronesia,Pohnpei State,6.92477,158.16109,6942,True
"Funafuti, Tuvalu",TV,Tuvalu,Funafuti,-8.52425,179.19417,6320,True
"Al Ain City, UAE",AE,UAE,,24.192,55.761,846747,False
"Vlorë, Albania",AL,Albania,,40.47,19.484,115261,False
"Elbasan, Albania",AL,Albania,,41.111,20.082,100903,False
"Gyumri, Armenia",AM,Armenia,,40.793,43.846,112301,False
"Kajaran, Armenia",AM,Armenia,,39.151,46.157,6535,False
"Graz, Austria",AT,Austria,,47.067,15.442,303270,False
"Hammarland, Åland",AX,Åland,,60.217,19.75,1395,False
"Bomarsund, Åland",AX,Åland,,60.212,20.24,1016,False
"Sumqayıt, Azerbaijan",AZ,Azerbaijan,,40.59,49.669,358675,False
"Ganja, Azerbaijan",AZ,Azerbaijan,,40.682,46.361,335600,False
"Banja Luka, Bosnia and Herz.",BA,Bosnia and Herz.,,44.779,17.206,221106,False
"Zenica, Bosnia and Herz.",BA,Bosnia and Herz.,,44.202,17.904,164423,False
"Antwerpen, Belgium",BE,Belgium,,51.22,4.4,529247,False
"Gent, Belgium",BE,Belgium,,51.05,3.717,265086,False
"Koudougou, Burkina Faso",BF,Burkina Faso,,12.253,-2.363,160239,False
"Plovdiv, Bulgaria",BG,Bulgaria,,42.154,24.75,346893,False
"Varna, Bulgaria",BG,Bulgaria,,43.219,27.91,312770,False
"Rumonge, Burundi",BI,Burundi,,-3.974,29.439,55599,False
"Cibitoke, Burundi",BI,Burundi,,-2.887,29.125,36959,False
"Abomey-Calavi, Benin",BJ,Benin,,6.449,2.356,385755,False
"Porto-Novo, Benin",BJ,Benin,,6.496,2.604,264320,False
"Seria, Brunei",BN,Brunei,,4.606,114.325,30097,False
"Kiudang, Brunei",BN,Brunei,,4.75,114.733,5063,False
"West End, Bahamas",BS,Bahamas,,26.687,-78.977,12724,False
"Cooper’s Town, Bahamas",BS,Bahamas,,26.871,-77.511,8413,False
"Tsirang, Bhutan",BT,Bhutan,,27.022,90.123,22376,False
"Punākha, Bhutan",BT,Bhutan,,27.591,89.877,21500,False
"Francistown, Botswana",BW,Botswana,,-21.17,27.508,103417,False
"Maun, Botswana",BW,Botswana,,-19.983,23.417,85350,False
"Punta Gorda, Belize",BZ,Belize,,16.098,-88.81,5406,False
"Bullet Tree Falls, Belize",BZ,Belize,,17.168,-89.111,3932,False
"Bimbo, Central African Rep.",CF,Central African Rep.,,4.257,18.416,348802,False
"Bégoua, Central African Rep.",CF,Central African Rep.,,4.454,18.535,264067,False
"Dolisie, Congo",CG,Congo,,-4.198,12.667,121000,False
"Nkayi, Congo",CG,Congo,,-4.184,13.286,103000,False
"Zürich, Switzerland",CH,Switzerland,,47.367,8.55,415367,False
"Genève, Switzerland",CH,Switzerland,,46.202,6.146,201741,False
"Limón, Costa Rica",CR,Costa Rica,,9.991,-83.036,63081,False
"San Isidro, Costa Rica",CR,Costa Rica,,9.367,-83.697,34877,False
"Tarrafal, Cabo Verde",CV,Cabo Verde,,15.279,-23.752,13483,False
"Sal Rei, Cabo Verde",CV,Cabo Verde,,16.176,-22.917,10936,False
"Willemstad, Curaçao",CW,Curaçao,,12.122,-68.886,125000,False
"Limassol, Cyprus",CY,Cyprus,,34.684,33.038,154000,False
"Lefkónoiko, Cyprus",CY,Cyprus,,35.26,33.732,3187,False
"Brno, Czechia",CZ,Czechia,,49.195,16.608,379466,False
"Ostrava, Czechia",CZ,Czechia,,49.835,18.282,279791,False
"Ali Sabih, Djibouti",DJ,Djibouti,,11.156,42.712,50006,False
"Dikhil, Djibouti",DJ,Djibouti,,11.105,42.37,32801,False
"Århus, Denmark",DK,Denmark,,56.157,10.211,285273,False
"Odense, Denmark",DK,Denmark,,55.396,10.388,180863,False
"Berekua, Dominica",DM,Dominica,,15.233,-61.317,2608,False
"Calibishie, Dominica",DM,Dominica,,15.593,-61.349,1020,False
"Santo Domingo Oeste, Dominican Rep.",DO,Dominican Rep.,,18.5,-70.0,701269,False
"Cuenca, Ecuador",EC,Ecuador,,-2.895,-78.996,636996,False
"Kuressaare, Estonia",EE,Estonia,,58.254,22.492,12698,False
"Sillamäe, Estonia",EE,Estonia,,59.397,27.763,12480,False
"Boujdour, W. Sahara",EH,W. Sahara,,26.131,-14.485,42651,False
"Laayoune Plage, W. Sahara",EH,W. Sahara,,27.096,-13.416,10450,False
"Keren, Eritrea",ER,Eritrea,,15.778,38.451,74800,False
"Himora, Eritrea",ER,Eritrea,,14.304,36.606,46100,False
"Espoo, Finland",FI,Finland,,60.205,24.652,256760,False
"Nadi, Fiji",FJ,Fiji,,-17.803,177.416,42284,False
"Labasa, Fiji",FJ,Fiji,,-16.433,179.365,27949,False
"Stanley, Falkland Is.",FK,Falkland Is.,,-51.694,-57.857,2213,False
"Argir, Faeroe Is.",FO,Faeroe Is.,,61.996,-6.772,2504,False
"Fuglafjørður, Faeroe Is.",FO,Faeroe Is.,,62.244,-6.814,1542,False
"Vestmanna, Faeroe Is.",FO,Faeroe Is.,,62.154,-7.173,1268,False
"Port-Gentil, Gabon",GA,Gabon,,-0.719,8.782,164018,False
"Franceville, Gabon",GA,Gabon,,-1.633,13.584,132895,False
"Batumi, Georgia",GE,Georgia,,41.641,41.631,186949,False
"Kutaisi, Georgia",GE,Georgia,,42.268,42.695,135201,False
"Saint-Laurent-du-Maroni, French Guiana",GF,French Guiana,,5.502,-54.029,24287,False
"Kourou, French Guiana",GF,French Guiana,,5.163,-52.643,24029,False
"Apatou, French Guiana",GF,French Guiana,,5.155,-54.343,10059,False
"Nuuk, Greenland",GL,Greenland,,64.183,-51.722,14798,False
"Sisimiut, Greenland",GL,Greenland,,66.939,-53.673,5227,False
"Ilulissat, Greenland",GL,Greenland,,69.22,-51.099,4413,False
"Sanyang, Gambia",GM,Gambia,,13.267,-16.761,15090,False
"Demba Kunda, Gambia",GM,Gambia,,13.25,-14.267,4817,False
"Nzérékoré, Guinea",GN,Guinea,,7.756,-8.818,226426,False
"Kankan, Guinea",GN,Guinea,,10.385,-9.306,221428,False
"Bata, Equatorial Guinea",GQ,Equatorial Guinea,,1.864,9.766,173046,False
"Ebebiyin, Equatorial Guinea",GQ,Equatorial Guinea,,2.152,11.33,24831,False
"Thessaloníki, Greece",GR,Greece,,40.641,22.935,317778,False
"Pátra, Greece",GR,Greece,,38.246,21.735,168034,False
"Cobán, Guatemala",GT,Guatemala,,15.47,-90.375,212047,False
"Quetzaltenango, Guatemala",GT,Guatemala,,14.845,-91.523,180706,False
"Gabú, Guinea-Bissau",GW,Guinea-Bissau,,12.28,-14.222,49371,False
"Bafatá, Guinea-Bissau",GW,Guinea-Bissau,,12.166,-14.662,33502,False
"Linden, Guyana",GY,Guyana,,6.008,-58.307,44690,False
"New Amsterdam, Guyana",GY,Guyana,,6.249,-57.516,35039,False
"Hong Kong, Hong Kong",HK,Hong Kong,,22.278,114.175,7396076,False
"Sha Tau Kok, Hong Kong",HK,Hong Kong,,22.546,114.224,5001,False
"Tai O, Hong Kong",HK,Hong Kong,,22.255,113.863,3300,False
"San Pedro Sula, Honduras",HN,Honduras,,15.506,-88.026,801259,False
"La Ceiba, Honduras",HN,Honduras,,15.76,-86.782,222055,False
"Split, Croatia",HR,Croatia,,43.509,16.439,149830,False
"Rijeka, Croatia",HR,Croatia,,45.327,14.442,107964,False
"Port-de-Paix, Haiti",HT,Haiti,,19.94,-72.83,306217,False
"Croix-des-Bouquets, Haiti",HT,Haiti,,18.577,-72.226,229127,False
"Debrecen, Hungary",HU,Hungary,,47.532,21.624,202402,False
"Szeged, Hungary",HU,Hungary,,46.253,20.148,160766,False
"Cork, Ireland",IE,Ireland,,51.898,-8.471,190384,False
"Tralee, Ireland",IE,Ireland,,52.27,-9.703,22941,False
"Haifa, Israel",IL,Israel,,32.813,34.999,285316,False
"Netanya, Israel",IL,Israel,,32.333,34.86,228204,False
"Peel, Isle of Man",IM,Isle of Man,,54.222,-4.691,5374,False
"Akureyri, Iceland",IS,Iceland,,65.684,-18.088,19219,False
"Mosfellsbær, Iceland",IS,Iceland,,64.167,-21.7,12073,False
"Spanish Town, Jamaica",JM,Jamaica,,17.991,-76.957,145018,False
"Annotto Bay, Jamaica",JM,Jamaica,,18.272,-76.765,5504,False
"Zarqa, Jordan",JO,Jordan,,32.073,36.088,792665,False
"Irbid, Jordan",JO,Jordan,,32.556,35.85,569068,False
"Osh, Kyrgyzstan",KG,Kyrgyzstan,,40.528,72.799,322164,False
"Jalal-Abad, Kyrgyzstan",KG,Kyrgyzstan,,40.945,72.993,123239,False
"Takeo, Cambodia",KH,Cambodia,,10.991,104.785,843931,False
"Siem Reap, Cambodia",KH,Cambodia,,13.362,103.861,139458,False
"Banana Village, Kiribati",KI,Kiribati,,1.983,-157.365,1170,False
"Mramani, Comoros",KM,Comoros,,-12.346,44.529,5126,False
"Hamhŭng, North Korea",KP,North Korea,,39.918,127.536,559056,False
"Al Aḩmadī, Kuwait",KW,Kuwait,,29.077,48.084,637411,False
"Al Jahrā’, Kuwait",KW,Kuwait,,29.337,47.658,24281,False
"Savannakhet, Laos",LA,Laos,,16.57,104.762,125760,False
"Pakse, Laos",LA,Laos,,15.12,105.799,88332,False
"Tripoli, Lebanon",LB,Lebanon,,34.434,35.844,229398,False
"Tyre, Lebanon",LB,Lebanon,,33.273,35.194,135204,False
"Maharagama, Sri Lanka",LK,Sri Lanka,,6.848,79.927,195355,False
"Jaffna, Sri Lanka",LK,Sri Lanka,,9.668,80.007,169102,False
"Gbarnga, Liberia",LR,Liberia,,6.995,-9.471,86031,False
"Buchanan, Liberia",LR,Liberia,,5.877,-10.05,75854,False
"Mafeteng, Lesotho",LS,Lesotho,,-29.823,27.237,45287,False
"Butha-Buthe, Lesotho",LS,Lesotho,,-28.767,28.249,40599,False
"Kaunas, Lithuania",LT,Lithuania,,54.902,23.909,289380,False
"Klaipėda, Lithuania",LT,Lithuania,,55.707,21.139,172292,False
"Larochette, Luxembourg",LU,Luxembourg,,49.784,6.219,1410,False
"Daugavpils, Latvia",LV,Latvia,,55.883,26.533,78126,False
"Sigulda, Latvia",LV,Latvia,,57.154,24.86,14757,False
"Tiraspol, Moldova",MD,Moldova,,46.843,29.628,157000,False
"Bălţi, Moldova",MD,Moldova,,47.763,27.929,125000,False
"Nikšić, Montenegro",ME,Montenegro,,42.773,18.944,58212,False
"Pljevlja, Montenegro",ME,Montenegro,,43.357,19.358,19489,False
"Prilep, North Macedonia",MK,North Macedonia,,41.346,21.554,73814,False
"Veles, North Macedonia",MK,North Macedonia,,41.717,21.772,57873,False
"Sikasso, Mali",ML,Mali,,11.318,-5.667,349324,False
"Erdenet, Mongolia",MN,Mongolia,,49.033,104.083,97814,False
"Darhan, Mongolia",MN,Mongolia,,49.487,105.923,83883,False
"Nouadhibou, Mauritania",MR,Mauritania,,20.942,-17.038,146048,False
"Kiffa, Mauritania",MR,Mauritania,,16.621,-11.402,62051,False
"Salem, Montserrat",MS,Montserrat,,16.751,-62.222,1140,False
"Bel Air Rivière Sèche, Mauritius",MU,Mauritius,,-20.258,57.75,18036,False
"Baie aux Huîtres, Mauritius",MU,Mauritius,,-19.694,63.408,2500,False
"Mzuzu, Malawi",MW,Malawi,,-11.466,34.021,249564,False
"Rundu, Namibia",NA,Namibia,,-17.918,19.773,75180,False
"Walvis Bay, Namibia",NA,Namibia,,-22.957,14.505,73598,False
"Païta, New Caledonia",NC,New Caledonia,,-22.131,166.357,12617,False
"Wé, New Caledonia",NC,New Caledonia,,-20.917,167.265,10375,False
"Houaïlou, New Caledonia",NC,New Caledonia,,-21.283,165.617,4562,False
"León, Nicaragua",NI,Nicaragua,,12.435,-86.879,144538,False
"Masaya, Nicaragua",NI,Nicaragua,,11.973,-86.096,130113,False
"The Hague, Netherlands",NL,Netherlands,,52.077,4.299,474292,False
"Groningen, Netherlands",NL,Netherlands,,53.219,6.567,244807,False
"Bergen, Norway",NO,Norway,,60.393,5.324,294029,False
"Trondheim, Norway",NO,Norway,,63.43,10.395,216518,False
"Pokhara, Nepal",NP,Nepal,,28.267,83.969,599504,False
"Bharatpur, Nepal",NP,Nepal,,27.677,84.436,369377,False
"Seeb, Oman",OM,Oman,,23.67,58.189,470878,False
"Juan Díaz, Panama",PA,Panama,,9.041,-79.441,100636,False
"Puerto Escondido, Panama",PA,Panama,,9.194,-80.096,12371,False
"Pueu, Fr. Polynesia",PF,Fr. Polynesia,,-17.738,-149.224,1968,False
"Lae, Papua New Guinea",PG,Papua New Guinea,,-6.723,146.996,76255,False
"Saint-Pierre, St. Pierre and Miquelon",PM,St. Pierre and Miquelon,,46.779,-56.177,6200,False
"Carolina, Puerto Rico",PR,Puerto Rico,,18.381,-65.957,170404,False
"Ponce, Puerto Rico",PR,Puerto Rico,,18.01,-66.624,137491,False
"Hebron, Palestine",PS,Palestine,,31.529,35.094,160470,False
"Nablus, Palestine",PS,Palestine,,32.221,35.254,130326,False
"Rafaḩ, Palestine",PS,Palestine,,31.297,34.244,126305,False
"Capiatá, Paraguay",PY,Paraguay,,-25.355,-57.445,198553,False
"Ar Rayyān, Qatar",QA,Qatar,,25.292,51.424,272465,False
"Ash Shīḩānīyah, Qatar",QA,Qatar,,25.371,51.223,8380,False
"Saint-Denis, Réunion",RE,Réunion,,-20.882,55.45,154765,False
"Saint-Paul, Réunion",RE,Réunion,,-21.01,55.271,105240,False
"Piton Saint-Leu, Réunion",RE,Réunion,,-21.22,55.315,29278,False
"Iaşi, Romania",RO,Romania,,47.167,27.6,378954,False
"Niš, Serbia",RS,Serbia,,43.325,21.903,250000,False
"Novi Sad, Serbia",RS,Serbia,,45.252,19.837,215400,False
"Gisenyi, Rwanda",RW,Rwanda,,-1.703,29.256,172357,False
"Musanze, Rwanda",RW,Rwanda,,-1.5,29.635,153368,False
"Malango, Solomon Is.",SB,Solomon Is.,,-9.425,160.053,15560,False
"Malango, Solomon Is.",SB,Solomon Is.,,-9.695,159.717,10532,False
"Malmö, Sweden",SE,Sweden,,55.606,13.001,362133,False
"Jurong Town, Singapore",SG,Singapore,,1.334,103.723,262730,False
"Celje, Slovenia",SI,Slovenia,,46.231,15.26,38059,False
"Novo Mesto, Slovenia",SI,Slovenia,,45.804,15.169,24446,False
"Bratislava, Slovakia",SK,Slovakia,,48.148,17.107,423737,False
"Košice, Slovakia",SK,Slovakia,,48.714,21.258,225044,False
"Žilina, Slovakia",SK,Slovakia,,49.223,18.739,81219,False
"Bo, Sierra Leone",SL,Sierra Leone,,7.965,-11.738,174354,False
"Kenema, Sierra Leone",SL,Sierra Leone,,7.877,-11.19,143137,False
"Thiès, Senegal",SN,Senegal,,14.789,-16.926,317763,False
"Lelydorp, Suriname",SR,Suriname,,5.7,-55.233,18223,False
"Brokopondo, Suriname",SR,Suriname,,5.056,-54.98,14662,False
"Água Izé, São Tomé and Principe",ST,São Tomé and Principe,,0.22,6.728,7445,False
"San Miguel, El Salvador",SV,El Salvador,,13.483,-88.182,247126,False
"Santa Ana, El Salvador",SV,El Salvador,,13.988,-89.557,176661,False
"Homs, Syria",SY,Syria,,34.724,36.726,775404,False
"Mbabane, Eswatini",SZ,Eswatini,,-26.317,31.133,76218,False
"Nhlangano, Eswatini",SZ,Eswatini,,-27.112,31.198,9016,False
"Providenciales, Turks and Caicos Is.",TC,Turks and Caicos Is.,,21.783,-72.252,23769,False
"Sokodé, Togo",TG,Togo,,8.983,1.133,117811,False
"Kara, Togo",TG,Togo,,9.551,1.186,104207,False
"Chon Buri, Thailand",TH,Thailand,,13.362,100.983,219164,False
"Isfara, Tajikistan",TJ,Tajikistan,,40.126,70.625,274000,False
"Istaravshan, Tajikistan",TJ,Tajikistan,,39.914,69.003,273500,False
"Suai, Timor-Leste",TL,Timor-Leste,,-9.313,125.256,21539,False
"Maubara, Timor-Leste",TL,Timor-Leste,,-8.612,125.206,16300,False
"Daşoguz, Turkmenistan",TM,Turkmenistan,,41.836,59.967,166500,False
"Sfax, Tunisia",TN,Tunisia,,34.741,10.76,280566,False
"Sousse, Tunisia",TN,Tunisia,,35.825,10.637,221715,False
"Rio Claro, Trinidad and Tobago",TT,Trinidad and Tobago,,10.306,-61.176,35650,False
"Arima, Trinidad and Tobago",TT,Trinidad and Tobago,,10.637,-61.282,35000,False
"Mbarara, Uganda",UG,Uganda,,-0.605,30.649,221300,False
"Kasangati, Uganda",UG,Uganda,,0.438,32.602,207800,False
"Rivera, Uruguay",UY,Uruguay,,-30.905,-55.551,64631,False
"Tacuarembó, Uruguay",UY,Uruguay,,-31.719,-55.979,51854,False
"Cruz Bay, U.S. Virgin Is.",VI,U.S. Virgin Is.,,18.331,-64.794,2743,False
"Luganville, Vanuatu",VU,Vanuatu,,-15.52,167.162,13397,False
"Norsup, Vanuatu",VU,Vanuatu,,-16.065,167.397,2998,False
"Asau, Samoa",WS,Samoa,,-13.52,-172.638,6643,False
"Gataivai, Samoa",WS,Samoa,,-13.774,-172.388,1141,False
"Prizren, Kosovo",XK,Kosovo,,42.214,20.74,171464,False
"Mitrovicë, Kosovo",XK,Kosovo,,42.883,20.867,107045,False
"Kitwe, Zambia",ZM,Zambia,,-12.802,28.213,665961,False
"Chitungwiza, Zimbabwe",ZW,Zimbabwe,,-18.013,31.076,371246,False
"Zaria, Nigeria",NG,Nigeria,,11.111,7.723,980000,False
"Enugu, Nigeria",NG,Nigeria,,6.441,7.499,950000,False
"Taiz, Yemen",YE,Yemen,,13.58,44.021,940600,False
"Cartagena, Colombia",CO,Colombia,,10.398,-75.493,914552,False
"Warri, Nigeria",NG,Nigeria,,5.517,5.75,910000,False
"Naples, Italy",IT,Italy,,40.852,14.268,909048,False
"Qom, Iran",IR,Iran,,34.64,50.876,900000,False
"As Sulaymānīyah, Iraq",IQ,Iraq,,35.565,45.433,878146,False
"Ahvaz, Iran",IR,Iran,,31.319,48.684,841145,False
"Bouaké, Côte d'Ivoire",CI,Côte d'Ivoire,,7.694,-5.03,832371,False
"João Pessoa, Brazil",BR,Brazil,,-7.115,-34.863,817511,False
"Malatya, Turkey",TR,Turkey,,38.35,38.317,806156,False
"Eskişehir, Turkey",TR,Turkey,,39.777,30.521,789023,False
"Port Said, Egypt",EG,Egypt,,31.265,32.302,780515,False
"Bareilly, India",IN,India,,28.367,79.432,745435,False
"Al Ḩudaydah, Yemen",YE,Yemen,,14.798,42.955,734699,False
"Akure, Nigeria",NG,Nigeria,,7.253,5.193,730000,False
"São José dos Campos, Brazil",BR,Brazil,,-23.179,-45.887,729737,False
"Zanzibar, Tanzania",TZ,Tanzania,,-6.164,39.198,709809,False
"Latakia, Syria",SY,Syria,,35.531,35.791,709000,False
"Suez, Egypt",EG,Egypt,,29.974,32.526,699541,False
"Bauchi, Nigeria",NG,Nigeria,,10.31,9.844,693700,False
"Katsina, Nigeria",NG,Nigeria,,12.991,7.602,670000,False
"Frankfurt am Main, Germany",DE,Germany,,50.116,8.684,650000,False
"Maturín, Venezuela",VE,Venezuela,,9.746,-63.183,647459,False
"Bikaner, India",IN,India,,28.018,73.315,644406,False
"Gold Coast, Australia",AU,Australia,,-28.0,153.431,640778,False
"Likasi, DR Congo",CD,DR Congo,,-10.983,26.738,635768,False
"Tshikapa, DR Congo",CD,DR Congo,,-6.416,20.8,634529,False
"Barnaul, Russia",RU,Russia,,53.362,83.728,632372,False
"Kermanshah, Iran",IR,Iran,,34.314,47.065,621100,False
"Feira de Santana, Brazil",BR,Brazil,,-12.267,-38.967,619609,False
"Jambi City, Indonesia",ID,Indonesia,,-1.6,103.617,606200,False
"Borama, Somalia",SO,Somalia,,9.936,43.183,597842,False
"Samarkand, Uzbekistan",UZ,Uzbekistan,,39.655,66.964,595200,False
"Bucaramanga, Colombia",CO,Colombia,,7.125,-73.119,581130,False
"Orūmīyeh, Iran",IR,Iran,,37.553,45.076,577307,False
"Tanta, Egypt",EG,Egypt,,30.788,31.002,576648,False
"Juiz de Fora, Brazil",BR,Brazil,,-21.764,-43.35,573285,False
"Nakuru, Kenya",KE,Kenya,,-0.307,36.072,570674,False
"Nasiriyah, Iraq",IQ,Iraq,,31.058,46.257,558400,False
"Chiclayo, Peru",PE,Peru,,-6.77,-79.855,552508,False
"Cabinda, Angola",AO,Angola,,-5.562,12.195,550000,False
"Kolhāpur, India",IN,India,,16.696,74.232,549236,False
"Kuantan, Malaysia",MY,Malaysia,,3.808,103.326,548014,False
"Calabar, Nigeria",NG,Nigeria,,4.959,8.327,540000,False
"Oujda, Morocco",MA,Morocco,,34.681,-1.909,539711,False
"Ryazan’, Russia",RU,Russia,,54.627,39.704,538962,False
"Ar Raqqah, Syria",SY,Syria,,35.953,39.008,531952,False
"Ibagué, Colombia",CO,Colombia,,4.436,-75.203,529635,False
"Qui Nhon, Vietnam",VN,Vietnam,,13.776,109.224,519208,False
"Al Fayyum, Egypt",EG,Egypt,,29.31,30.842,519047,False
"Newcastle, Australia",AU,Australia,,-32.93,151.78,508437,False
"Arāk, Iran",IR,Iran,,34.095,49.698,503647,False
"Kota Kinabalu, Malaysia",MY,Malaysia,,5.975,116.072,500421,False
"Santa Marta, Colombia",CO,Colombia,,11.239,-74.194,499192,False
"Karagandy, Kazakhstan",KZ,Kazakhstan,,49.802,73.102,497777,False
"Valledupar, Colombia",CO,Colombia,,10.465,-73.253,490075,False
"Jianshui, China",CN,China,,24.277,101.224,490000,False
"Jijiga, Ethiopia",ET,Ethiopia,,9.35,42.8,483000,False
"Najaf, Iraq",IQ,Iraq,,32.026,44.346,482576,False
"São José do Rio Preto, Brazil",BR,Brazil,,-20.82,-49.379,480393,False
"Okene, Nigeria",NG,Nigeria,,7.551,6.236,479178,False
"Yan’an, China",CN,China,,36.599,109.492,475234,False
"Murcia, Spain",ES,Spain,,37.987,-1.13,471982,False
"Morogoro, Tanzania",TZ,Tanzania,,-6.821,37.661,471409,False
"Joinville, Brazil",BR,Brazil,,-26.304,-48.846,461304,False
"Kurnool, India",IN,India,,15.829,78.036,460184,False
"Yola, Nigeria",NG,Nigeria,,9.208,12.481,460000,False
"Santo Domingo de los Colorados, Ecuador",EC,Ecuador,,-0.254,-79.176,458580,False
"Nazrēt, Ethiopia",ET,Ethiopia,,8.55,39.267,456900,False
"Huancayo, Peru",PE,Peru,,-12.069,-75.21,456250,False
"Kahama, Tanzania",TZ,Tanzania,,-3.833,32.6,453654,False
"Rāmgundam, India",IN,India,,18.801,79.452,452261,False
"Batman, Turkey",TR,Turkey,,37.887,41.132,452157,False
"Şanlıurfa, Turkey",TR,Turkey,,37.167,38.794,449549,False
"Kursk, Russia",RU,Russia,,51.727,36.185,448733,False
"Elazığ, Turkey",TR,Turkey,,38.674,39.223,443363,False
"Manizales, Colombia",CO,Colombia,,5.067,-75.507,434403,False
"Welkom, South Africa",ZA,South Africa,,-27.977,26.735,431944,False
"Ismailia, Egypt",EG,Egypt,,30.604,32.272,429465,False
"Akola, India",IN,India,,20.71,76.998,428857,False
"Jiuquan, China",CN,China,,39.743,98.517,428346,False
"Al Kharj, Saudi Arabia",SA,Saudi Arabia,,24.155,47.335,425300,False
"Minna, Nigeria",NG,Nigeria,,9.615,6.548,425000,False
"Al Ḩasakah, Syria",SY,Syria,,36.502,40.748,422445,False
"Chimoio, Mozambique",MZ,Mozambique,,-19.116,33.483,422046,False
"Daloa, Côte d'Ivoire",CI,Côte d'Ivoire,,6.877,-6.45,421871,False
"Toyama, Japan",JP,Japan,,36.7,137.217,415844,False
"Ciudad Bolívar, Venezuela",VE,Venezuela,,8.124,-63.547,412619,False
"Ardabīl, Iran",IR,Iran,,38.25,48.293,410753,False
"Caruaru, Brazil",BR,Brazil,,-8.283,-35.976,402290,False
"Lekki, Nigeria",NG,Nigeria,,6.412,4.095,401272,False
"Bida, Nigeria",NG,Nigeria,,9.08,6.01,400000,False
"Barinas, Venezuela",VE,Venezuela,,8.621,-70.231,397279,False
"Al Hoceïma, Morocco",MA,Morocco,,35.252,-3.937,395644,False
"Tanga, Tanzania",TZ,Tanzania,,-5.069,39.099,393429,False
"Santa Fe, Argentina",AR,Argentina,,-31.649,-60.709,391164,False
"Makurdi, Nigeria",NG,Nigeria,,7.734,8.521,390000,False
"Takoradi, Ghana",GH,Ghana,,4.898,-1.76,389114,False
"Khamis Mushait, Saudi Arabia",SA,Saudi Arabia,,18.3,42.733,387553,False
"Ambato, Ecuador",EC,Ecuador,,-1.249,-78.617,387309,False
"Kahramanmaraş, Turkey",TR,Turkey,,37.585,36.926,384953,False
"Caxias do Sul, Brazil",BR,Brazil,,-29.168,-51.179,381270,False
"Aswān, Egypt",EG,Egypt,,24.091,32.899,379774,False
"Bauru, Brazil",BR,Brazil,,-22.315,-49.061,379297,False
"Rustenburg, South Africa",ZA,South Africa,,-25.668,27.242,373695,False
"Emalahleni, South Africa",ZA,South Africa,,-25.871,29.233,373403,False
"Tawau, Malaysia",MY,Malaysia,,4.245,117.891,372615,False
"Uşak, Turkey",TR,Turkey,,38.674,29.406,369433,False
"Iseyin, Nigeria",NG,Nigeria,,7.97,3.596,365300,False
"Yenagoa, Nigeria",NG,Nigeria,,4.927,6.268,365000,False
"Alanya, Turkey",TR,Turkey,,36.544,32.0,364180,False
"Al Qadarif, Sudan",SD,Sudan,,14.035,35.383,363945,False
"Blumenau, Brazil",BR,Brazil,,-26.919,-49.066,361855,False
"Franca, Brazil",BR,Brazil,,-20.539,-47.401,358539,False
"Taraz, Kazakhstan",KZ,Kazakhstan,,42.898,71.373,358153,False
"Zanjan, Iran",IR,Iran,,36.676,48.496,357471,False
"Neiva, Colombia",CO,Colombia,,2.93,-75.28,357392,False
"Tete, Mozambique",MZ,Mozambique,,-16.156,33.587,357000,False
"Misratah, Libya",LY,Libya,,32.375,15.093,355657,False
"Cuíto, Angola",AO,Angola,,-12.383,16.933,355423,False
"Ras Al Khaimah City, UAE",AE,UAE,,25.79,55.943,351943,False
"Bahir Dar, Ethiopia",ET,Ethiopia,,11.594,37.391,350000,False
"Sanandaj, Iran",IR,Iran,,35.315,46.999,349176,False
"Campina Grande, Brazil",BR,Brazil,,-7.231,-35.881,348936,False
"Sunshine Coast, Australia",AU,Australia,,-26.657,153.08,346522,False
"Qitaihe, China",CN,China,,45.768,130.995,345033,False
"Brest, Belarus",BY,Belarus,,52.109,23.717,344470,False
"Annaba, Algeria",DZ,Algeria,,36.9,7.767,342703,False
"Uberaba, Brazil",BR,Brazil,,-19.748,-47.932,337836,False
"Safi, Morocco",MA,Morocco,,32.299,-9.237,336883,False
"Qazvin, Iran",IR,Iran,,36.269,50.004,333635,False
"Wad Medani, Sudan",SD,Sudan,,14.401,33.52,332714,False
"Khorramabad, Iran",IR,Iran,,33.488,48.356,329825,False
"Sochi, Russia",RU,Russia,,43.597,39.725,327608,False
"Chipata, Zambia",ZM,Zambia,,-13.633,32.65,327059,False
"Al ‘Amārah, Iraq",IQ,Iraq,,31.836,47.145,323302,False
"Portoviejo, Ecuador",EC,Ecuador,,-1.058,-80.451,321800,False
"Villavicencio, Colombia",CO,Colombia,,4.132,-73.626,321717,False
"Holguín, Cuba",CU,Cuba,,20.887,-76.263,319102,False
"Popayán, Colombia",CO,Colombia,,2.438,-76.613,318059,False
"Geita, Tanzania",TZ,Tanzania,,-2.873,32.233,318006,False
"Baicheng, China",CN,China,,45.618,122.833,316970,False
"Chimbote, Peru",PE,Peru,,-9.075,-78.594,316966,False
"Al Kūt, Iraq",IQ,Iraq,,32.513,45.818,315162,False
"Maroua, Cameroon",CM,Cameroon,,10.591,14.316,314122,False
"Kingston upon Hull, UK",GB,UK,,53.745,-0.335,314018,False
"Denizli, Turkey",TR,Turkey,,37.774,29.087,313238,False
"Maringá, Brazil",BR,Brazil,,-23.425,-51.939,311724,False
"Kurgan, Russia",RU,Russia,,55.449,65.343,309285,False
"Akita, Japan",JP,Japan,,39.717,140.117,307672,False
"Solwezi, Zambia",ZM,Zambia,,-12.169,26.389,301370,False
"Mérida, Venezuela",VE,Venezuela,,8.579,-71.169,300000,False
"Mwene, DR Congo",CD,DR Congo,,-9.817,22.87,295683,False
"Al Hufūf, Saudi Arabia",SA,Saudi Arabia,,25.365,49.588,293179,False
"Semey, Kazakhstan",KZ,Kazakhstan,,50.421,80.25,292780,False
"Atyrau, Kazakhstan",KZ,Kazakhstan,,47.105,51.884,290700,False
"Songea, Tanzania",TZ,Tanzania,,-10.683,35.65,286285,False
"Butembo, DR Congo",CD,DR Congo,,0.142,29.291,286242,False
"Tacna, Peru",PE,Peru,,-18.015,-70.254,286240,False
"Santa Maria, Brazil",BR,Brazil,,-29.684,-53.807,283677,False
"Ica, Peru",PE,Peru,,-14.075,-75.734,282407,False
"Lichinga, Mozambique",MZ,Mozambique,,-13.313,35.241,281341,False
"Qarshi, Uzbekistan",UZ,Uzbekistan,,38.861,65.789,278300,False
"Luena, Angola",AO,Angola,,-11.783,19.917,273675,False
"Polokwane, South Africa",ZA,South Africa,,-23.904,29.469,272461,False
"Hafar Al-Batin, Saudi Arabia",SA,Saudi Arabia,,28.433,45.971,271642,False
"Dessie, Ethiopia",ET,Ethiopia,,11.133,39.633,270400,False
"Çorum, Turkey",TR,Turkey,,40.549,34.953,269595,False
"Djelfa, Algeria",DZ,Algeria,,34.673,3.263,265833,False
"El Daein, Sudan",SD,Sudan,,11.462,26.126,264734,False
"Mossoró, Brazil",BR,Brazil,,-5.188,-37.344,264577,False
"Sivas, Turkey",TR,Turkey,,39.748,37.016,264022,False
"Yei, South Sudan",SS,South Sudan,,4.094,30.676,260720,False
"Mahajanga, Madagascar",MG,Madagascar,,-15.717,46.317,260556,False
"Rondonópolis, Brazil",BR,Brazil,,-16.471,-54.636,259167,False
"Cascavel, Brazil",BR,Brazil,,-24.956,-53.455,257172,False
"Parakou, Benin",BJ,Benin,,9.337,2.63,255478,False
"Isiro, DR Congo",CD,DR Congo,,2.774,27.616,255409,False
"Sari, Iran",IR,Iran,,36.563,53.06,255396,False
"Mossamedes, Angola",AO,Angola,,-15.196,12.152,255000,False
"Saint-Louis, Senegal",SN,Senegal,,16.018,-16.49,254171,False
"Vitória da Conquista, Brazil",BR,Brazil,,-14.866,-40.839,253137,False
"Richards Bay, South Africa",ZA,South Africa,,-28.783,32.038,252968,False
"El Fasher, Sudan",SD,Sudan,,13.628,25.349,252609,False
"Santiago del Estero, Argentina",AR,Argentina,,-27.8,-64.263,252192,False
"Menongue, Angola",AO,Angola,,-14.659,17.691,251178,False
"Jimma, Ethiopia",ET,Ethiopia,,7.673,36.834,250900,False
"Governador Valadares, Brazil",BR,Brazil,,-18.851,-41.949,250878,False
"Santa Clara, Cuba",CU,Cuba,,22.407,-79.966,250512,False
"Singa, Sudan",SD,Sudan,,13.148,33.931,250000,False
"Aksaray, Turkey",TR,Turkey,,38.373,34.025,247147,False
"Juliaca, Peru",PE,Peru,,-15.5,-70.133,245675,False
"Gorgān, Iran",IR,Iran,,36.843,54.444,244937,False
"Trabzon, Turkey",TR,Turkey,,41.005,39.727,244083,False
"Berbera, Somalia",SO,Somalia,,10.44,45.014,242344,False
"Man, Côte d'Ivoire",CI,Côte d'Ivoire,,7.413,-7.554,241969,False
"Nacala, Mozambique",MZ,Mozambique,,-14.563,40.685,239808,False
"Temuco, Chile",CL,Chile,,-38.736,-72.597,238129,False
"Kindu, DR Congo",CD,DR Congo,,-2.944,25.922,234651,False
"Pemba, Mozambique",MZ,Mozambique,,-12.974,40.518,232932,False
"Singida, Tanzania",TZ,Tanzania,,-4.816,34.744,232459,False
"Ordu, Turkey",TR,Turkey,,40.978,37.89,229214,False
"San Fernando de Apure, Venezuela",VE,Venezuela,,7.89,-67.472,229197,False
"Turkestan, Kazakhstan",KZ,Kazakhstan,,43.295,68.257,227098,False
"Klerksdorp, South Africa",ZA,South Africa,,-26.852,26.667,227039,False
"Gusau, Nigeria",NG,Nigeria,,12.17,6.664,226857,False
"Sabzevar, Iran",IR,Iran,,36.213,57.682,226183,False
"Rio Verde, Brazil",BR,Brazil,,-17.798,-50.928,225696,False
"Presidente Prudente, Brazil",BR,Brazil,,-22.126,-51.389,225668,False
"Juazeiro do Norte, Brazil",BR,Brazil,,-7.213,-39.315,225230,False
"Esmeraldas, Ecuador",EC,Ecuador,,0.959,-79.654,218727,False
"Imperatriz, Brazil",BR,Brazil,,-5.526,-47.492,218106,False
"Porlamar, Venezuela",VE,Venezuela,,10.958,-63.87,216234,False
"Būkān, Iran",IR,Iran,,36.521,46.209,213331,False
"Beni Mellal, Morocco",MA,Morocco,,32.337,-6.35,210397,False
"Kostanay, Kazakhstan",KZ,Kazakhstan,,53.214,63.625,210000,False
"Sirjan, Iran",IR,Iran,,29.451,55.681,207645,False
"Hurghada, Egypt",EG,Egypt,,27.257,33.813,207132,False
"Ifakara, Tanzania",TZ,Tanzania,,-8.133,36.683,205843,False
"Sumbe, Angola",AO,Angola,,-11.206,13.844,205832,False
"Ségou, Mali",ML,Mali,,13.44,-6.259,205787,False
"Itabuna, Brazil",BR,Brazil,,-14.786,-39.28,205660,False
"Biskra, Algeria",DZ,Algeria,,34.85,5.728,204661,False
"Mpanda, Tanzania",TZ,Tanzania,,-6.344,31.07,204338,False
"Fianarantsoa, Madagascar",MG,Madagascar,,-21.453,47.086,203105,False
"Sobral, Brazil",BR,Brazil,,-3.686,-40.35,203023,False
"Bandundu Province, DR Congo",CD,DR Congo,,-3.317,17.381,202904,False
"Arba Minch, Ethiopia",ET,Ethiopia,,6.033,37.55,201000,False
"Petropavl, Kazakhstan",KZ,Kazakhstan,,54.873,69.151,200920,False
"Kamina, DR Congo",CD,DR Congo,,-8.735,24.998,200184,False
"Yanbu, Saudi Arabia",SA,Saudi Arabia,,24.09,38.062,200161,False
"Chakwama, Nigeria",NG,Nigeria,,11.56,9.664,200000,False
"Nyingchi, China",CN,China,,29.649,94.355,200000,False
"Iquique, Chile",CL,Chile,,-20.213,-70.15,199587,False
"Talca, Chile",CL,Chile,,-35.423,-71.65,197479,False
"Gemena, DR Congo",CD,DR Congo,,3.257,19.772,197159,False
"Bīrjand, Iran",IR,Iran,,32.866,59.221,196982,False
"Huánuco, Peru",PE,Peru,,-9.929,-76.24,196627,False
"Moundou, Chad",TD,Chad,,8.574,16.077,196124,False
"Tébessa, Algeria",DZ,Algeria,,35.404,8.124,194461,False
"Düzce, Turkey",TR,Turkey,,40.839,31.164,194097,False
"Labuan Bajo, Indonesia",ID,Indonesia,,-8.496,119.888,188724,False
"George, South Africa",ZA,South Africa,,-33.963,22.462,188580,False
"Riohacha, Colombia",CO,Colombia,,11.544,-72.907,188014,False
"Pinar del Río, Cuba",CU,Cuba,,22.416,-83.697,186990,False
"El Oued, Algeria",DZ,Algeria,,33.356,6.863,186525,False
"Mopti, Mali",ML,Mali,,14.484,-4.183,186187,False
"Ad-Damazin, Sudan",SD,Sudan,,11.789,34.359,186051,False
"Dunhuang, China",CN,China,,40.167,94.683,186027,False
"Guarapuava, Brazil",BR,Brazil,,-25.39,-51.465,182093,False
"Edirne, Turkey",TR,Turkey,,41.677,26.556,180002,False
"Kasama, Zambia",ZM,Zambia,,-10.213,31.181,179636,False
"Passo Fundo, Brazil",BR,Brazil,,-28.263,-52.407,179529,False
"Legaspi, Philippines",PH,Philippines,,13.141,123.741,179481,False
"Tiaret, Algeria",DZ,Algeria,,35.371,1.317,178915,False
"La Rioja, Argentina",AR,Argentina,,-29.413,-66.856,178872,False
"Livingstone, Zambia",ZM,Zambia,,-17.842,25.854,178361,False
"Gulu, Uganda",UG,Uganda,,2.775,32.299,177400,False
"Marsá Maţrūḩ, Egypt",EG,Egypt,,31.353,27.237,176498,False
"Béjaïa, Algeria",DZ,Algeria,,36.756,5.084,176139,False
"Tunja, Colombia",CO,Colombia,,5.545,-73.358,172548,False
"Kēng Tung, Myanmar",MM,Myanmar,,21.631,99.927,171620,False
"Mansa, Zambia",ZM,Zambia,,-11.2,28.894,170965,False
"San Luis, Argentina",AR,Argentina,,-33.291,-66.325,169947,False
"Gurúè, Mozambique",MZ,Mozambique,,-15.467,36.978,168971,False
"Poços de Caldas, Brazil",BR,Brazil,,-21.788,-46.561,168641,False
"Florencia, Colombia",CO,Colombia,,1.615,-75.604,168346,False
"Porto Seguro, Brazil",BR,Brazil,,-16.45,-39.065,168326,False
"Calama, Chile",CL,Chile,,-22.457,-68.924,166334,False
"Bushehr, Iran",IR,Iran,,28.969,50.837,165377,False
"Béchar, Algeria",DZ,Algeria,,31.617,-2.217,165241,False
"Mthatha, South Africa",ZA,South Africa,,-31.589,28.784,164848,False
"Lages, Brazil",BR,Brazil,,-27.816,-50.326,164676,False
"Musoma, Tanzania",TZ,Tanzania,,-1.5,33.8,164172,False
"‘Ibrī, Oman",OM,Oman,,23.226,56.516,163473,False
"Garissa, Kenya",KE,Kenya,,-0.453,39.646,163399,False
"Geneina, Sudan",SD,Sudan,,13.453,22.447,162981,False
"Dourados, Brazil",BR,Brazil,,-22.221,-54.806,162202,False
"Criciúma, Brazil",BR,Brazil,,-28.677,-49.37,161954,False
"Kunduz, Afghanistan",AF,Afghanistan,,36.729,68.857,161902,False
"N'dalatando, Angola",AO,Angola,,-9.298,14.912,161584,False
"Coquimbo, Chile",CL,Chile,,-29.953,-71.339,161317,False
"Tacheng, China",CN,China,,46.745,82.958,161037,False
"Kalemie, DR Congo",CD,DR Congo,,-5.947,29.195,160961,False
"Chapecó, Brazil",BR,Brazil,,-27.096,-52.618,160157,False
"Tahoua, Niger",NE,Niger,,14.889,5.269,159468,False
"Tarija, Bolivia",BO,Bolivia,,-21.535,-64.73,159269,False
"Patos de Minas, Brazil",BR,Brazil,,-18.579,-46.518,159235,False
"Catamarca, Argentina",AR,Argentina,,-28.47,-65.785,159139,False
"Gweru, Zimbabwe",ZW,Zimbabwe,,-19.45,29.817,158200,False
"Itapetininga, Brazil",BR,Brazil,,-23.592,-48.053,157790,False
"Río Cuarto, Argentina",AR,Argentina,,-33.13,-64.353,157010,False
"Lampang, Thailand",TH,Thailand,,18.292,99.493,156139,False
"Nek’emtē, Ethiopia",ET,Ethiopia,,9.083,36.55,156000,False
"Tauranga, New Zealand",NZ,New Zealand,,-37.686,176.167,155200,False
"Xai-Xai, Mozambique",MZ,Mozambique,,-25.052,33.644,154356,False
"Valle de La Pascua, Venezuela",VE,Venezuela,,9.216,-66.007,153136,False
"Cairns, Australia",AU,Australia,,-16.924,145.766,153075,False
"Kokshetau, Kazakhstan",KZ,Kazakhstan,,53.284,69.394,150649,False
"Agadez, Niger",NE,Niger,,16.973,7.991,149549,False
"Arar, Saudi Arabia",SA,Saudi Arabia,,30.975,41.038,148540,False
"Shevchenko, Kazakhstan",KZ,Kazakhstan,,43.661,51.174,147443,False
"Concordia, Argentina",AR,Argentina,,-31.392,-58.017,145210,False
"Bukoba, Tanzania",TZ,Tanzania,,-1.332,31.812,144938,False
"Navoiy, Uzbekistan",UZ,Uzbekistan,,40.084,65.379,144158,False
"Çanakkale, Turkey",TR,Turkey,,40.156,26.413,143622,False
"Ghardaïa, Algeria",DZ,Algeria,,32.491,3.673,142913,False
"Kimberley, South Africa",ZA,South Africa,,-28.732,24.762,142089,False
"Punto Fijo, Venezuela",VE,Venezuela,,11.692,-70.199,141729,False
"Jahrom, Iran",IR,Iran,,28.5,53.56,141634,False
"Bondoukou, Côte d'Ivoire",CI,Côte d'Ivoire,,8.04,-2.8,141568,False
"Tobruk, Libya",LY,Libya,,32.09,23.954,141499,False
"Ghazni, Afghanistan",AF,Afghanistan,,33.554,68.421,141000,False
"Mtwara, Tanzania",TZ,Tanzania,,-10.267,40.183,140793,False
"Debre Mark’os, Ethiopia",ET,Ethiopia,,10.35,37.733,140700,False
"Ayacucho, Peru",PE,Peru,,-13.164,-74.223,140033,False
"Parnaíba, Brazil",BR,Brazil,,-2.905,-41.777,138008,False
"Bertoua, Cameroon",CM,Cameroon,,4.577,13.685,137993,False
"Irákleion, Greece",GR,Greece,,35.328,25.143,137154,False
"Cametá, Brazil",BR,Brazil,,-2.244,-49.496,134184,False
"Valdivia, Chile",CL,Chile,,-39.814,-73.246,133419,False
"Gao, Mali",ML,Mali,,16.272,-0.045,133110,False
"M'Sila, Algeria",DZ,Algeria,,35.709,4.537,132975,False
"Dunedin, New Zealand",NZ,New Zealand,,-45.874,170.504,131800,False
"Ajdabiya, Libya",LY,Libya,,30.755,20.226,131773,False
"Iranshahr, Iran",IR,Iran,,27.202,60.685,131232,False
"Abengourou, Côte d'Ivoire",CI,Côte d'Ivoire,,6.73,-3.496,130810,False
"Jīroft, Iran",IR,Iran,,28.678,57.741,130429,False
"Baidoa, Somalia",SO,Somalia,,3.114,43.65,129839,False
"Al Bayḑā’, Libya",LY,Libya,,32.763,21.755,129439,False
"Quibdó, Colombia",CO,Colombia,,5.692,-76.658,129237,False
"Guelmim, Morocco",MA,Morocco,,28.987,-10.057,129200,False
"Carnot, Central African Rep.",CF,Central African Rep.,,4.943,15.877,129032,False
"Sakakah, Saudi Arabia",SA,Saudi Arabia,,29.97,40.206,128332,False
"Jequié, Brazil",BR,Brazil,,-13.859,-40.085,127475,False
"Wau, South Sudan",SS,South Sudan,,7.701,27.99,127384,False
"Maxixe, Mozambique",MZ,Mozambique,,-23.86,35.347,126408,False
"Altamira, Brazil",BR,Brazil,,-3.203,-52.206,126279,False
"Gashua, Nigeria",NG,Nigeria,,12.874,11.041,125817,False
"Les Cayes, Haiti",HT,Haiti,,18.192,-73.749,125799,False
"Kastamonu, Turkey",TR,Turkey,,41.378,33.775,125622,False
"Ouahigouya, Burkina Faso",BF,Burkina Faso,,13.583,-2.422,124587,False
"Ji Paraná, Brazil",BR,Brazil,,-10.885,-61.952,124333,False
"Magangué, Colombia",CO,Colombia,,9.242,-74.755,123982,False
"Salvaleón de Higüey, Dominican Rep.",DO,Dominican Rep.,,18.615,-68.708,123787,False
"São Mateus, Brazil",BR,Brazil,,-18.72,-39.859,123752,False
"Uruguaiana, Brazil",BR,Brazil,,-29.755,-57.088,123480,False
"Itaituba, Brazil",BR,Brazil,,-4.276,-55.984,123314,False
"Bragança, Brazil",BR,Brazil,,-1.054,-46.766,123082,False
"Zābol, Iran",IR,Iran,,31.031,61.495,121989,False
"Mackay, Australia",AU,Australia,,-21.153,149.166,121691,False
"Mubende, Uganda",UG,Uganda,,0.558,31.395,121600,False
"Ondjiva, Angola",AO,Angola,,-17.067,15.733,121537,False
"Ekibastuz, Kazakhstan",KZ,Kazakhstan,,51.724,75.323,121470,False
"Ağrı, Turkey",TR,Turkey,,39.715,43.04,120390,False
"Īz̄eh, Iran",IR,Iran,,31.83,49.868,119399,False
"Huaraz, Peru",PE,Peru,,-9.526,-77.529,118836,False
"Queenstown, South Africa",ZA,South Africa,,-31.898,26.875,118599,False
"San Rafael, Argentina",AR,Argentina,,-34.615,-68.332,118009,False
"Jalingo, Nigeria",NG,Nigeria,,8.894,11.36,117757,False
"Ilebo, DR Congo",CD,DR Congo,,-4.331,20.586,117245,False
"Umuarama, Brazil",BR,Brazil,,-23.766,-53.325,117095,False
"Taldykorgan, Kazakhstan",KZ,Kazakhstan,,45.016,78.374,116558,False
"Makumbako, Tanzania",TZ,Tanzania,,-8.85,34.833,116232,False
"Tshilenge, DR Congo",CD,DR Congo,,-10.967,22.9,116073,False
"Kissidougou, Guinea",GN,Guinea,,9.185,-10.1,116019,False
"Tandil, Argentina",AR,Argentina,,-37.329,-59.137,115877,False
"Mendoza, Argentina",AR,Argentina,,-32.889,-68.846,114893,False
"Mary, Turkmenistan",TM,Turkmenistan,,37.594,61.83,114680,False
"Codó, Brazil",BR,Brazil,,-4.455,-43.886,114275,False
"Kamsar, Guinea",GN,Guinea,,10.65,-14.617,113350,False
"Paulo Afonso, Brazil",BR,Brazil,,-9.406,-38.215,112870,False
"Tangará da Serra, Brazil",BR,Brazil,,-14.619,-57.486,112547,False
"Itacoatiara, Brazil",BR,Brazil,,-3.143,-58.444,112520,False
"Atbara, Sudan",SD,Sudan,,17.702,33.986,112021,False
"Resende, Brazil",BR,Brazil,,-22.469,-44.447,111514,False
"Masindi, Uganda",UG,Uganda,,1.674,31.715,110500,False
"Lucapa, Angola",AO,Angola,,-8.419,20.745,110000,False
"Phalaborwa, South Africa",ZA,South Africa,,-23.943,31.141,109468,False
"San Juan, Argentina",AR,Argentina,,-31.537,-68.526,109123,False
"Handeni, Tanzania",TZ,Tanzania,,-5.433,38.017,108968,False
"Birnin Kebbi, Nigeria",NG,Nigeria,,12.454,4.197,108164,False
"An Nuhūd, Sudan",SD,Sudan,,12.7,28.433,108008,False
"Labé, Guinea",GN,Guinea,,11.318,-12.283,107571,False
"Manokwari, Indonesia",ID,Indonesia,,-0.863,134.064,107325,False
"Thohoyandou, South Africa",ZA,South Africa,,-22.946,30.485,107144,False
"Breves, Brazil",BR,Brazil,,-1.682,-50.48,106968,False
"Sirte, Libya",LY,Libya,,31.209,16.589,106705,False
"Paragominas, Brazil",BR,Brazil,,-2.996,-47.355,105550,False
"Jizan, Saudi Arabia",SA,Saudi Arabia,,16.889,42.551,105198,False
"Araguaína, Brazil",BR,Brazil,,-7.191,-48.207,105019,False
"Lavras, Brazil",BR,Brazil,,-21.245,-45.0,104761,False
"Angoche, Mozambique",MZ,Mozambique,,-16.233,39.909,104540,False
"Zhezqazghan, Kazakhstan",KZ,Kazakhstan,,47.794,67.706,104357,False
"San, Mali",ML,Mali,,13.297,-4.896,103227,False
"Tanjung Pandan, Indonesia",ID,Indonesia,,-2.734,107.635,103062,False
"Bendigo, Australia",AU,Australia,,-36.758,144.28,103034,False
"Qurayyat, Saudi Arabia",SA,Saudi Arabia,,31.332,37.343,102903,False
"Santa Rosa, Argentina",AR,Argentina,,-36.616,-64.29,102860,False
"Parintins, Brazil",BR,Brazil,,-2.628,-56.736,101956,False
"Balsas, Brazil",BR,Brazil,,-7.532,-46.036,101767,False
"Pārsābād, Iran",IR,Iran,,39.648,47.917,101661,False
"Errachidia, Morocco",MA,Morocco,,31.931,-4.427,100870,False
"Inda Silasē, Ethiopia",ET,Ethiopia,,14.103,38.283,100100,False
"Sabt Alalayah, Saudi Arabia",SA,Saudi Arabia,,19.577,41.964,100000,False
"Riberalta, Bolivia",BO,Bolivia,,-11.01,-66.053,99070,False
"Trelew, Argentina",AR,Argentina,,-43.249,-65.305,97915,False
"Gambēla, Ethiopia",ET,Ethiopia,,8.25,34.583,97600,False
"Corumbá, Brazil",BR,Brazil,,-19.009,-57.653,96520,False
"Vilhena, Brazil",BR,Brazil,,-12.741,-60.146,95832,False
"Río Gallegos, Argentina",AR,Argentina,,-51.625,-69.252,95796,False
"Novyy Urengoy, Russia",RU,Russia,,66.083,76.633,94212,False
"Türkmenbaşy, Turkmenistan",TM,Turkmenistan,,40.022,52.955,91745,False
"Lodja, DR Congo",CD,DR Congo,,-3.521,23.601,91409,False
"Wajir, Kenya",KE,Kenya,,1.747,40.057,90116,False
"Cafunfo, Angola",AO,Angola,,-8.767,17.996,90000,False
"Mulongo, DR Congo",CD,DR Congo,,-7.835,26.999,89340,False
"Sambava, Madagascar",MG,Madagascar,,-14.267,50.167,89003,False
"Guanambi, Brazil",BR,Brazil,,-14.223,-42.781,87817,False
"Kadugli, Sudan",SD,Sudan,,11.011,29.718,87666,False
"Kongolo, DR Congo",CD,DR Congo,,-5.385,27.0,86932,False
"Redenção, Brazil",BR,Brazil,,-8.029,-50.031,85597,False
"Puerto Maldonado, Peru",PE,Peru,,-12.589,-69.199,85024,False
"Rukban, Jordan",JO,Jordan,,33.314,38.703,85000,False
"Trinidad, Bolivia",BO,Bolivia,,-14.832,-64.903,84259,False
"Timbuktu, Mali",ML,Mali,,16.773,-3.007,84208,False
"Al Khārjah, Egypt",EG,Egypt,,25.451,30.547,83108,False
"Bambari, Central African Rep.",CF,Central African Rep.,,5.768,20.676,83029,False
"Lodwar, Kenya",KE,Kenya,,3.12,35.596,82970,False
"Tamanghasset, Algeria",DZ,Algeria,,22.785,5.523,81752,False
"Babamba, DR Congo",CD,DR Congo,,0.183,27.483,81740,False
"Balqash, Kazakhstan",KZ,Kazakhstan,,46.845,74.982,81364,False
"Buta, DR Congo",CD,DR Congo,,2.786,24.73,80751,False
"Tefé, Brazil",BR,Brazil,,-3.368,-64.721,79278,False
"Wa, Ghana",GH,Ghana,,10.061,-2.502,78107,False
"Nchelenge, Zambia",ZM,Zambia,,-9.345,28.734,77746,False
"Maymana, Afghanistan",AF,Afghanistan,,35.921,64.784,75900,False
"Am Timan, Chad",TD,Chad,,11.043,20.283,74691,False
"Irecê, Brazil",BR,Brazil,,-11.304,-41.856,74507,False
"Bosaso, Somalia",SO,Somalia,,11.284,49.182,74287,False
"Al Qā’im, Iraq",IQ,Iraq,,34.393,40.989,74100,False
"Fada N'gourma, Burkina Faso",BF,Burkina Faso,,12.062,0.358,73200,False
"Negēlē, Ethiopia",ET,Ethiopia,,5.317,39.583,73100,False
"Barra do Garças, Brazil",BR,Brazil,,-15.89,-52.257,72694,False
"Tabatinga, Brazil",BR,Brazil,,-4.231,-69.939,72283,False
"Upington, South Africa",ZA,South Africa,,-28.448,21.256,71373,False
"Tôlanaro, Madagascar",MG,Madagascar,,-25.032,46.983,71258,False
"Luquembo, Angola",AO,Angola,,-10.739,17.718,69420,False
"Gode, Ethiopia",ET,Ethiopia,,5.951,43.552,67900,False
"Tataouine, Tunisia",TN,Tunisia,,32.93,10.452,66924,False
"São Félix do Xingu, Brazil",BR,Brazil,,-6.645,-51.995,65418,False
"Mecheria, Algeria",DZ,Algeria,,33.545,-0.281,65043,False
"Graaff Reinet, South Africa",ZA,South Africa,,-32.252,24.531,62896,False
"Laascaanood, Somalia",SO,Somalia,,8.477,47.36,60100,False
"Néma, Mauritania",MR,Mauritania,,16.617,-7.256,60000,False
"Jacundá, Brazil",BR,Brazil,,-4.447,-49.116,59842,False
"Antsalova, Madagascar",MG,Madagascar,,-18.667,44.617,58280,False
"Manicoré, Brazil",BR,Brazil,,-5.809,-61.3,57758,False
"El Menia, Algeria",DZ,Algeria,,30.576,2.884,57344,False
"Ushuaia, Argentina",AR,Argentina,,-54.811,-68.316,56825,False
"São Gabriel da Cachoeira, Brazil",BR,Brazil,,-0.118,-67.085,56406,False
"Dongola, Sudan",SD,Sudan,,19.182,30.477,56167,False
"Kandi, Benin",BJ,Benin,,11.134,2.939,56043,False
"Beledweyne, Somalia",SO,Somalia,,4.736,45.204,55410,False
"Bossangoa, Central African Rep.",CF,Central African Rep.,,6.493,17.455,55353,False
"Zouérat, Mauritania",MR,Mauritania,,22.735,-12.471,55183,False
"Kaga-Bandoro, Central African Rep.",CF,Central African Rep.,,6.99,19.187,55047,False
"Pontes e Lacerda, Brazil",BR,Brazil,,-15.226,-59.335,54795,False
"Ad Dawādimī, Saudi Arabia",SA,Saudi Arabia,,24.508,44.392,54474,False
"Bangassou, Central African Rep.",CF,Central African Rep.,,4.741,22.818,54059,False
"Mongo, Chad",TD,Chad,,12.185,18.688,53768,False
"Eilat, Israel",IL,Israel,,29.558,34.948,52299,False
"Nioro, Mali",ML,Mali,,15.231,-9.594,51933,False
"Boende, DR Congo",CD,DR Congo,,-0.282,20.881,50794,False
"Mao, Chad",TD,Chad,,14.123,15.312,50681,False
"Moyobamba, Peru",PE,Peru,,-6.034,-76.974,50073,False
"Tabas, Iran",IR,Iran,,33.596,56.924,49993,False
"Viedma, Argentina",AR,Argentina,,-40.815,-63.0,48940,False
"Mahalapye, Botswana",BW,Botswana,,-23.104,26.814,48431,False
"Concepción, Paraguay",PY,Paraguay,,-23.4,-57.432,48123,False
"Banyo, Cameroon",CM,Cameroon,,6.75,11.817,47936,False
"Moyale, Kenya",KE,Kenya,,3.527,39.056,47850,False
"Juína, Brazil",BR,Brazil,,-11.42,-58.755,47800,False
"Chabahar, Iran",IR,Iran,,25.292,60.643,47287,False
"Dori, Burkina Faso",BF,Burkina Faso,,14.034,-0.033,46512,False
"Coyhaique, Chile",CL,Chile,,-45.575,-72.066,45787,False
"Tindouf, Algeria",DZ,Algeria,,27.671,-8.147,45610,False
"Pehuajó, Argentina",AR,Argentina,,-35.811,-61.899,44783,False
"Bluefields, Nicaragua",NI,Nicaragua,,12.013,-83.764,44373,False
"Porangatu, Brazil",BR,Brazil,,-13.441,-49.149,44317,False
"Faya-Largeau, Chad",TD,Chad,,17.926,19.104,44011,False
"Zagora, Morocco",MA,Morocco,,30.332,-5.838,43752,False
"Tarauacá, Brazil",BR,Brazil,,-8.161,-70.766,43467,False
"Mouila, Gabon",GA,Gabon,,-1.868,11.056,43342,False
"Vilankulo, Mozambique",MZ,Mozambique,,-22.0,35.317,43183,False
"Zhitikara, Kazakhstan",KZ,Kazakhstan,,52.19,61.199,43104,False
"Arkalyk, Kazakhstan",KZ,Kazakhstan,,50.25,66.904,42000,False
"Tromsø, Norway",NO,Norway,,69.649,18.955,41915,False
"Naryn, Kyrgyzstan",KG,Kyrgyzstan,,41.428,75.996,41178,False
"Basankusu, DR Congo",CD,DR Congo,,1.221,19.802,41141,False
"Paranaíba, Brazil",BR,Brazil,,-19.677,-51.191,40957,False
"Vangaindrano, Madagascar",MG,Madagascar,,-23.35,47.6,40813,False
"Ouesso, Congo",CG,Congo,,1.614,16.052,40667,False
"Antsohihy, Madagascar",MG,Madagascar,,-14.88,47.988,40512,False
"Arawa, Papua New Guinea",PG,Papua New Guinea,,-6.23,155.566,40266,False
"Chiredzi, Zimbabwe",ZW,Zimbabwe,,-21.05,31.667,40100,False
"Kidal, Mali",ML,Mali,,18.443,1.409,40030,False
"Geraldton, Australia",AU,Australia,,-28.779,114.615,38595,False
"Confresa, Brazil",BR,Brazil,,-10.644,-51.569,37541,False
"Novo Progresso, Brazil",BR,Brazil,,-7.148,-55.381,33638,False
"Mount Hagen, Papua New Guinea",PG,Papua New Guinea,,-5.857,144.231,33623,False
"Aral, Kazakhstan",KZ,Kazakhstan,,46.802,61.663,33017,False
"Carauari, Brazil",BR,Brazil,,-4.883,-66.896,30892,False
"Mitú, Colombia",CO,Colombia,,1.257,-70.236,29850,False
"Amdjarass, Chad",TD,Chad,,16.067,22.835,29793,False
"Sīwah, Egypt",EG,Egypt,,29.203,25.52,25031,False
"Mount Gambier, Australia",AU,Australia,,-37.832,140.779,25030,False
"As Sulayyil, Saudi Arabia",SA,Saudi Arabia,,20.461,45.578,24097,False
"Keetmanshoop, Namibia",NA,Namibia,,-26.577,18.134,23049,False
"Filadelfia, Paraguay",PY,Paraguay,,-22.339,-60.032,19927,False
"Barcelos, Brazil",BR,Brazil,,-0.974,-62.927,18626,False
"Mount Isa, Australia",AU,Australia,,-20.725,139.497,18317,False
"Griffith, Australia",AU,Australia,,-34.289,146.051,18154,False
"Broken Hill, Australia",AU,Australia,,-31.965,141.451,18027,False
"Kafia Kingi, South Sudan",SS,South Sudan,,9.273,24.417,16000,False
"Daru, Papua New Guinea",PG,Papua New Guinea,,-9.078,143.209,15214,False
"Lüderitz, Namibia",NA,Namibia,,-26.648,15.154,15137,False
"Ghat, Libya",LY,Libya,,24.963,10.18,14630,False
"Puerto Ayora, Ecuador",EC,Ecuador,,-0.74,-90.314,12696,False
"Newman, Australia",AU,Australia,,-23.356,119.736,12316,False
"Hadibu, Yemen",YE,Yemen,,12.649,54.019,8545,False
"Carnarvon, Australia",AU,Australia,,-24.883,113.657,7392,False
"Roma, Australia",AU,Australia,,-26.567,148.788,7105,False
"Kununurra, Australia",AU,Australia,,-15.778,128.742,6836,False
"Lorengau, Papua New Guinea",PG,Papua New Guinea,,-2.034,147.272,5806,False
"Bilma, Niger",NE,Niger,,18.685,12.916,5435,False
"Broome, Australia",AU,Australia,,-17.955,122.239,5314,False
"Hukuntsi, Botswana",BW,Botswana,,-23.999,21.78,5224,False
