AOU,english,sci,routes_w1,routes_w2,eligible,n_cells,cells_w1,cells_w2,perm_p,km,bearing,north,east,edge_hi_km,edge_lo_km,area1,area2,n1,n2,area_change,lat_shift_km,km_se,km_lo,km_hi,north_se,north_lo,north_hi,east_se,east_lo,east_hi,edge_hi_km_se,edge_hi_km_lo,edge_hi_km_hi,edge_lo_km_se,edge_lo_km_lo,edge_lo_km_hi,area_change_se,area_change_lo,area_change_hi,bearing_se,bearing_lo,bearing_hi,detectable,detectable_km
10,Western Grebe,Aechmophorus occidentalis,0,25,False,1061,0,25,,,,,,,,0.0,25.0,0,25,,,,,,,,,,,,,,,,,,,,,,,,False,False
60,Pied-billed Grebe,Podilymbus podiceps,101,85,False,1061,101,85,,378.07657735906565,284.1944526186227,92.7094894838732,-366.5335576822198,7.289944199999759,-101.00845940850007,101.0,85.0,101,85,-0.15841584158415842,82.00782733005235,,,,,,,,,,,,,,,,,,,,,,False,False
70,Common Loon,Gavia immer,91,121,False,1061,91,121,,97.66135622358964,115.5588389054983,-42.13479715031108,88.10447984372308,-128.7282275999999,-63.997537243499956,91.0,121.0,91,121,0.32967032967032966,-42.79376037649936,,,,,,,,,,,,,,,,,,,,,,False,False
470,Great Black-backed Gull,Larus marinus,32,19,False,1061,32,19,,110.757465287969,240.51224046327172,-54.51898991685884,-96.41004022123994,212.93842499999988,-346.0120086465003,32.0,19.0,32,19,-0.40625,-55.23545623413772,,,,,,,,,,,,,,,,,,,,,,False,False
510,Herring Gull,Larus argentatus,100,64,False,1061,100,64,,53.21263946319726,242.51622428713142,-24.557495947434134,-47.20714343647553,43.98763004999984,-15.950789316000177,100.0,64.0,100,64,-0.36,-24.731304539809376,,,,,,,,,,,,,,,,,,,,,,False,False
530,California Gull,Larus californicus,23,27,False,1061,23,27,,240.94328006049793,53.68866163429038,142.68002157243183,194.1547724121195,304.2539829000003,-42.85524240899983,23.0,27.0,23,27,0.17391304347826086,139.86025358625184,,,,,,,,,,,,,,,,,,,,,,False,False
540,Ring-billed Gull,Larus delawarensis,96,139,False,1061,96,139,,321.6194141062833,89.55523719074654,2.496569882877094,321.609724151632,-6.408167850000353,257.5828839150006,96.0,139.0,96,139,0.4479166666666667,-5.999012706138521,,,,,,,,,,,,,,,,,,,,,,False,False
580,Laughing Gull,Leucophaeus atricilla,25,26,False,1061,25,26,,163.15783240435601,235.3214609054089,-92.8321629030304,-134.17402060620066,-60.18448278150041,0.0,25.0,26.0,25,26,0.04,-93.79103660029867,,,,,,,,,,,,,,,,,,,,,,False,False
590,Franklin's Gull,Leucophaeus pipixcan,36,33,False,1061,36,33,,139.59433361634805,255.97609494800037,-33.827434640114184,-135.43368356306743,-38.84263739999986,-147.97112280300018,36.0,33.0,36,33,-0.08333333333333333,-35.46585729485439,,,,,,,,,,,,,,,,,,,,,,False,False
690,Forster's Tern,Sterna forsteri,21,21,False,1061,21,21,,149.99851631854634,50.25873673279722,95.89731513367272,115.3397583139408,-363.6467128035001,0.0,21.0,21.0,21,21,0.0,95.01551412563256,,,,,,,,,,,,,,,,,,,,,,False,False
700,Common Tern,Sterna hirundo,23,8,False,1061,23,8,,380.2281980551639,302.4948316748178,204.26753424510065,-320.69963680943505,179.0506368000005,585.7548334784999,23.0,8.0,23,8,-0.6521739130434783,195.9488123322251,,,,,,,,,,,,,,,,,,,,,,False,False
770,Black Tern,Chlidonias niger,99,44,False,1061,99,44,,412.8460128138817,292.607301759648,158.70336326589768,-381.1234351026086,114.92781614999971,54.52531333200032,99.0,44.0,99,44,-0.5555555555555556,146.13292210541755,,,,,,,,,,,,,,,,,,,,,,False,False
1180,Anhinga,Anhinga anhinga,16,27,False,1061,16,27,,120.64423458763787,5.186039944434583,120.15037157260478,10.905024080762216,199.88827957349977,39.75825038850003,16.0,27.0,16,27,0.6875,120.1447889178143,,,,,,,,,,,,,,,,,,,,,,False,False
1200,Double-crested Cormorant,Nannopterum auritum,47,150,False,1061,47,150,,22.64837281082426,78.64271419189714,4.460064564984221,22.204878181477504,53.57614169250026,403.90508494349996,47.0,150.0,47,150,2.1914893617021276,4.4236257292443195,,,,,,,,,,,,,,,,,,,,,,False,False
1250,American White Pelican,Pelecanus erythrorhynchos,13,46,False,1061,13,46,,287.9825814390425,60.040977742447126,143.81288372952312,249.50314965084794,391.4812008764998,0.0,13.0,46.0,13,46,2.5384615384615383,138.95188163472253,,,,,,,,,,,,,,,,,,,,,,False,False
1290,Common Merganser,Mergus merganser,33,90,False,1061,33,90,,560.9366218905018,116.1639948810033,-247.34047185670315,503.4606089453585,-324.48368924999966,-78.77089382399993,33.0,90.0,33,90,1.7272727272727273,-268.4304612356534,,,,,,,,,,,,,,,,,,,,,,False,False
1310,Hooded Merganser,Lophodytes cucullatus,8,39,False,1061,8,39,,151.166445659823,64.19647578359843,65.8007094839159,136.09394154347035,254.31447368250005,-178.45648855649972,8.0,39.0,8,39,3.875,64.30700884184013,,,,,,,,,,,,,,,,,,,,,,False,False
1320,Mallard,Anas platyrhynchos,463,614,True,1061,463,614,0.001996007984031936,193.61346541303794,104.53908060047644,-48.604783388145094,187.41331068266507,-75.50807669999998,-178.67446411499975,463.0,614.0,463,614,0.326133909287257,-51.234489799102185,34.58995399861914,134.1221650680461,262.26810040818685,12.816592667145533,-71.65907866649272,-24.858277799030407,35.846480775946134,123.0062306649097,259.6678076386219,43.77426434301811,-175.98387869999993,-15.996402894936878,49.192874795838385,-283.2187021335001,-88.50653980245018,0.03691794572598166,0.25666560102301794,0.4009570325735106,4.7520216113839036,96.22756477195733,114.733525242251,True,True
1330,American Black Duck,Anas rubripes,72,32,False,1061,72,32,,385.34342483891743,77.69944499334463,82.0935056596887,376.4972926796275,4.268776049999967,-17.588035615500427,72.0,32.0,72,32,-0.5555555555555556,71.25577265903141,,,,,,,,,,,,,,,,,,,,,,False,False
1350,Gadwall,Mareca strepera,55,77,False,1061,55,77,,125.46647431695578,253.02421992932972,-36.632124289122295,-119.9996818645517,-97.2511470000001,-43.15494629249974,55.0,77.0,55,77,0.4,-37.81276195202803,,,,,,,,,,,,,,,,,,,,,,False,False
1370,American Wigeon,Mareca americana,43,50,False,1061,43,50,,58.61435522043734,189.15997104644455,-57.86688873091178,-9.330907057295365,21.165968250000248,-397.8362508749997,43.0,50.0,43,50,0.16279069767441862,-57.87454886989888,,,,,,,,,,,,,,,,,,,,,,False,False
1390,Green-winged Teal,Anas crecca,38,43,False,1061,38,43,,262.2298676293743,311.1369320621877,172.51076247866573,-197.49567161319905,-38.84263739999986,323.92644662700036,38.0,43.0,38,43,0.13157894736842105,169.11167596868393,,,,,,,,,,,,,,,,,,,,,,False,False
1400,Blue-winged Teal,Spatula discors,166,106,True,1061,166,106,0.001996007984031936,336.78074219806456,270.6180036342023,3.6325134007074245,-336.7611515033658,23.31203174999959,-297.3060634004996,166.0,106.0,166,106,-0.3614457831325301,-5.4786139495002315,67.7599033625044,200.16087384593203,463.4785730332742,44.09686660291367,-82.63031651642048,80.29416759898676,68.23478893088763,-461.57312996955426,-191.05562193252422,62.671762900880154,2.508559199999842,213.33805982999988,295.65697577016414,-1033.6719349254372,-16.248283198874624,0.046867973091330395,-0.4581306028322723,-0.26467607313195546,7.983430001067708,251.89955694018434,283.9536448744576,False,True
1410,Cinnamon Teal,Spatula cyanoptera,35,27,False,1061,35,27,,252.48591417368905,12.591728277708,246.41318478564128,55.04252192551569,172.13541975000038,268.44772512600025,35.0,27.0,35,27,-0.22857142857142856,246.19169365389973,,,,,,,,,,,,,,,,,,,,,,False,False
1420,Northern Shoveler,Spatula clypeata,50,62,False,1061,50,62,,33.40838816857804,21.12942405707031,31.162293343697065,12.042917984598207,-17.67666914999961,322.2995859404998,50.0,62.0,50,62,0.24,31.149972903466423,,,,,,,,,,,,,,,,,,,,,,False,False
1430,Northern Pintail,Anas acuta,82,49,False,1061,82,49,,138.25545716155332,332.857206214849,123.0297034891705,-63.07347694805554,97.2511470000001,494.7277932449999,82.0,49.0,82,49,-0.4024390243902439,122.69913423867813,,,,,,,,,,,,,,,,,,,,,,False,False
1440,Wood Duck,Aix sponsa,237,368,True,1061,237,367,0.001996007984031936,162.8933841706956,345.59268136704134,157.77061317373605,-40.53009036956581,72.21514796999972,177.61708862099977,237.0,367.0,237,367,0.5485232067510548,157.6595790432406,32.99892385498565,106.51827064370087,240.79903760428618,32.52251633831551,89.86391456864918,225.40717543922236,48.96186034775953,-126.5262318451055,53.22186545484728,38.176125316446594,6.049114191224607,155.56250636246196,85.94972592019028,43.39011148604967,375.9781757563125,0.09267503841859684,0.3824627198193916,0.7260968902489456,131.37101943066295,2.6320659745344472,358.51974545547733,True,True
1460,Redhead,Aythya americana,42,43,False,1061,42,43,,80.67733767801231,255.3889603558108,-20.351327161814265,-78.06827971439377,0.0,0.0,42.0,43.0,42,43,0.023809523809523808,-20.86714860843318,,,,,,,,,,,,,,,,,,,,,,False,False
1470,Canvasback,Aythya valisineria,20,27,False,1061,20,27,,73.58622579572668,177.9799199220481,-73.5404945058312,2.5938956604845798,-122.32005975000034,96.70928264550038,20.0,27.0,20,27,0.35,-73.54104388294795,,,,,,,,,,,,,,,,,,,,,,False,False
1490,Lesser Scaup,Aythya affinis,33,29,False,1061,33,29,,158.04434468499417,262.6499145054213,-20.21887081789214,-156.74569260352462,0.0,-123.08040004050042,33.0,29.0,33,29,-0.12121212121212122,-22.472007867076098,,,,,,,,,,,,,,,,,,,,,,False,False
1500,Ring-necked Duck,Aythya collaris,15,24,False,1061,15,24,,1208.1045365995512,279.10853459632017,191.2491668694118,-1192.8706248056294,45.168520950000165,-277.83782041050006,15.0,24.0,15,24,0.6,56.74592489983697,,,,,,,,,,,,,,,,,,,,,,False,False
1670,Ruddy Duck,Oxyura jamaicensis,40,43,False,1061,40,43,,50.16092912070033,310.46088175527746,32.55086832020551,-38.164902487135535,0.0,0.0,40.0,43.0,40,43,0.075,32.428276631204795,,,,,,,,,,,,,,,,,,,,,,False,False
1720,Canada Goose,Branta canadensis,85,717,False,1061,85,716,,424.270684052637,121.13070422638816,-219.34460019485144,363.171529324441,-369.65221019999984,-429.9953015294994,85.0,716.0,85,716,7.423529411764706,-229.04244639573307,,,,,,,,,,,,,,,,,,,,,,False,False
1770,Black-bellied Whistling-Duck,Dendrocygna autumnalis,13,42,False,1061,13,42,,481.54810398002587,61.474501675177976,229.96320687660273,423.0904157857829,420.4872617084996,77.71642051949985,13.0,42.0,13,42,2.230769230769231,222.14412693191784,,,,,,,,,,,,,,,,,,,,,,False,False
1810,Trumpeter Swan,Cygnus buccinator,1,23,False,1061,1,23,,2002.4132087735904,73.15030046399812,580.4236711295022,1916.4464565083726,527.9004975195003,-75.39041015099966,1.0,23.0,1,23,22.0,286.39844233011786,,,,,,,,,,,,,,,,,,,,,,False,False
1840,White Ibis,Eudocimus albus,30,40,False,1061,30,40,,173.0520288492079,273.65510446179786,11.032126858796122,-172.70001987781734,4.002742012500063,-39.75825038850003,30.0,40.0,30,40,0.3333333333333333,9.653384784651887,,,,,,,,,,,,,,,,,,,,,,False,False
1870,White-faced Ibis,Plegadis chihi,10,26,False,1061,10,26,,934.5093886367367,314.0467542141209,649.7131024765229,-671.6998451098069,411.3386263664997,38.03625125999973,10.0,26.0,10,26,1.6,625.2693724020354,,,,,,,,,,,,,,,,,,,,,,False,False
1900,American Bittern,Botaurus lentiginosus,179,115,True,1061,179,115,0.5349301397205589,57.51059286358013,10.274842437731195,56.5883214791478,10.258175456341766,-30.616431299999988,39.32177665499977,179.0,115.0,179,115,-0.3575418994413408,56.5794375814761,43.86977890176986,30.468996283886298,203.99612605373028,24.676439722965576,12.178812642417832,103.7180815102049,89.01534154079363,-155.8398030746367,179.53532767270698,100.28132511526583,-226.7833978462497,170.47083060000057,113.6965408081171,-200.34894933899955,283.7034614617872,0.046568544776005506,-0.44106965174129353,-0.277052067920806,136.56088090740343,4.241701657645987,354.98041842252405,True,False
1940,Great Blue Heron,Ardea herodias,543,814,True,1061,542,813,0.001996007984031936,153.17080502842188,123.88124601887625,-85.3886495440762,127.16160600626971,-86.18361954299972,72.66022819649982,542.0,813.0,542,813,0.5,-86.47931453699343,34.50284215439114,90.20308716112963,226.92630042954173,20.767171004262398,-121.6650749804993,-40.421823196727956,37.83555695838971,53.413009621039066,203.8978567026839,45.858882866164706,-200.7702671940002,-5.611010894999836,34.08544142552741,31.791980392199996,162.95473328321233,0.04349224260120707,0.42330229316148127,0.5878992417279412,10.116393320373337,106.20448814192437,148.83176292730892,True,True
1960,Great Egret,Ardea alba,99,205,False,1061,99,205,,240.43503734898647,324.54202228609716,195.84424450025833,-139.47773686553546,84.76186915349976,126.83449891349997,99.0,205.0,99,205,1.0707070707070707,194.76389569208445,,,,,,,,,,,,,,,,,,,,,,False,False
1970,Snowy Egret,Egretta thula,43,51,False,1061,43,51,,463.2250780216473,268.39494304715043,-12.974871752051826,-463.04333016595655,-339.44923526849936,0.0,43.0,51.0,43,51,0.18604651162790697,-24.542385455835618,,,,,,,,,,,,,,,,,,,,,,False,False
2000,Little Blue Heron,Egretta caerulea,107,89,False,1061,107,89,,6.793954515972008,140.66946117430734,-5.255140842935549,4.305962457570559,135.5429354895003,0.0,107.0,89.0,107,89,-0.16822429906542055,-5.256071532446027,,,,,,,,,,,,,,,,,,,,,,False,False
2001,Western Cattle-Egret,Ardea ibis,124,132,True,1061,124,132,0.001996007984031936,235.6867598920001,268.27152910620055,-7.109003836737511,-235.57952129342348,26.19105933150066,0.0,124.0,132.0,124,132,0.06451612903225806,-9.94950137574781,48.36087310787456,138.02137765460728,328.6113167053601,31.085067336862533,-66.90074993963414,48.46036010758193,48.40555533108615,-324.94169380199077,-131.12642431709534,161.00922102246818,-128.66687297887515,558.3212700974997,22.126142182523115,-26.088504182999966,62.30312503852519,0.058271566062631244,-0.031275201612903224,0.1961764705882353,7.778589232415405,255.07565262067422,281.7720036438951,False,True
2010,Green Heron,Butorides virescens,595,461,True,1061,594,460,0.29740518962075846,31.785833069288213,228.4321786550425,-21.090094993296407,-23.781233716575553,20.845003882499974,-31.76831142449985,594.0,460.0,594,460,-0.2255892255892256,-21.125417849728542,16.71947537925951,11.311044248006446,75.84548052558065,14.397341341802015,-50.24728578231873,3.6500707954183533,25.698781321552985,-66.4439952699933,31.95028196094257,16.073840401119373,0.0,56.93494234049963,25.054831868030046,-80.4605580024751,2.8913035095003363,0.019851614490706274,-0.26427096495170577,-0.18541754303309718,47.25392558019782,107.09224495064538,275.5855784246229,False,False
2020,Black-crowned Night Heron,Nycticorax nycticorax,52,39,False,1061,52,39,,198.059202755442,216.07402770481522,-160.08271422518982,-116.62320696335478,75.60103571999993,-95.8187107710001,52.0,39.0,52,39,-0.25,-160.97662258833807,,,,,,,,,,,,,,,,,,,,,,False,False
2030,Yellow-crowned Night Heron,Nyctanassa violacea,35,16,False,1061,35,16,,217.46546993670546,226.0200623994432,-151.00942443353367,-156.484454010758,-234.97002408600048,81.11597413500016,35.0,16.0,35,16,-0.5428571428571428,-152.20685866554908,,,,,,,,,,,,,,,,,,,,,,False,False
2060,Sandhill Crane,Antigone canadensis,41,149,False,1061,41,149,,277.7757701448022,53.61258179638497,164.78828749637404,223.61618631832172,-5.4641223000001435,248.63563383750002,41.0,149.0,41,149,2.6341463414634148,160.9286984711006,,,,,,,,,,,,,,,,,,,,,,False,False
2120,Virginia Rail,Rallus limicola,21,24,False,1061,21,24,,926.6821712774629,286.5746125008,264.3487950975269,-888.1776630235636,282.2890118580001,-22.46570436599965,21.0,24.0,21,24,0.14285714285714285,201.55676862680767,,,,,,,,,,,,,,,,,,,,,,False,False
2140,Sora,Porzana carolina,95,94,False,1061,95,94,,113.66410975044133,288.4421408644816,35.95728271517117,-107.82672982661407,0.0,17.474183054999653,95.0,94.0,95,94,-0.010526315789473684,34.9442793582211,,,,,,,,,,,,,,,,,,,,,,False,False
2190,Common Gallinule,Gallinula galeata,24,24,False,1061,24,24,,400.2852594160093,168.041993802138,-391.5989583017085,82.9369927279656,-237.59564938199995,0.0,24.0,24.0,24,24,0.0,-391.96035618761897,,,,,,,,,,,,,,,,,,,,,,False,False
2210,American Coot,Fulica americana,104,90,False,1061,104,90,,307.9695168416667,278.99895365976874,48.171491685979866,-304.17878080569193,25.068912750000237,298.687316571,104.0,90.0,104,90,-0.1346153846153846,40.95855558051593,,,,,,,,,,,,,,,,,,,,,,False,False
2240,Wilson's Phalarope,Phalaropus tricolor,58,43,False,1061,58,43,,129.45851161204047,18.255885319609774,122.94247033602757,40.55434892190724,-32.358856949999996,308.17599734250035,58.0,43.0,58,43,-0.25862068965517243,122.80324395241043,,,,,,,,,,,,,,,,,,,,,,False,False
2250,American Avocet,Recurvirostra americana,32,40,False,1061,32,40,,124.74155432683106,342.4434664815598,118.93106544803135,-37.62787593353934,173.40971445000034,-113.46698071799968,32.0,40.0,32,40,0.25,118.82475811983977,,,,,,,,,,,,,,,,,,,,,,False,False
2260,Black-necked Stilt,Himantopus mexicanus,19,33,False,1061,19,33,,334.5571529150724,334.79806294699085,302.711546521959,-142.45774169529358,956.4531217605002,38.03625125999973,19.0,33.0,19,33,0.7368421052631579,301.5592300665967,,,,,,,,,,,,,,,,,,,,,,False,False
2280,American Woodcock,Scolopax minor,26,8,False,1061,26,8,,289.03946851008953,57.627342141064105,154.75861402705624,244.11797504694258,51.49558316700003,738.7450317134998,26.0,8.0,26,8,-0.6923076923076923,150.21599953475808,,,,,,,,,,,,,,,,,,,,,,False,False
2300,Wilson's Snipe,Gallinago delicata,244,196,True,1061,244,196,0.001996007984031936,254.97747429354692,280.33093105634464,45.725961622605354,-250.84387341692124,18.977650650000133,-100.03608137249981,244.0,196.0,244,196,-0.19672131147540983,40.33093156436277,48.86550429777951,170.4572547752845,360.3469802979771,16.28393522213019,13.68239978845524,78.40760552052456,49.45066372308809,-354.4023455963569,-164.50104649396687,40.42339922621883,0.0,145.23746044500032,69.69071015472726,-218.3650776428632,31.13869809172528,0.03362785736715934,-0.27126331974540513,-0.13324803149606296,4.247173996636011,273.8474302761183,289.6707076435763,True,True
2490,Marbled Godwit,Limosa fedoa,38,39,False,1061,38,39,,52.54960000870008,180.78867706892234,-52.54462165528263,-0.7233230105389172,-136.09378439999995,-89.95648813199976,38.0,39.0,38,39,0.02631578947368421,-52.54463039240817,,,,,,,,,,,,,,,,,,,,,,False,False
2580,Willet,Tringa semipalmata,59,63,False,1061,59,63,,105.43164760889339,290.63278871285286,37.15171620726262,-98.66905442123632,-7.289944199999759,37.75134743100014,59.0,63.0,59,63,0.06779661016949153,36.367154214326234,,,,,,,,,,,,,,,,,,,,,,False,False
2610,Upland Sandpiper,Bartramia longicauda,203,138,True,1061,203,138,0.001996007984031936,350.0732699184145,273.62140591358,22.111811531742973,-349.37424361586216,142.55346889350028,0.06538266000005304,203.0,138.0,203,138,-0.32019704433497537,13.020960317369697,44.183580926405554,274.07299255710575,442.5152381766684,29.207811736492236,-35.180357449615315,71.03779970515274,44.00993566235366,-434.5866839141586,-273.31482074250636,73.00284431478107,-77.49537959283742,213.2228990603246,53.78754670521453,-69.70147380000014,142.7831949836251,0.044320540578771855,-0.4093808748681737,-0.24218000408288243,4.757118410919632,264.05655085339475,281.8716461064015,False,True
2630,Spotted Sandpiper,Actitis macularius,226,129,True,1061,226,129,0.001996007984031936,692.5478598757813,279.89613954648587,119.02316278106808,-682.2433766187227,185.58334305000008,84.82998721050018,226.0,129.0,226,129,-0.42920353982300885,80.6189242600797,106.51472188855406,486.77894651103725,915.3962046404484,38.9361237299405,53.01954981413925,209.74124600942335,104.87525770953542,-898.3943808282334,-476.21027136221124,98.84024117678342,0.0,361.5874314412503,67.3611602489163,-17.838129849750036,211.69354026554973,0.0473797486130869,-0.5289077733860342,-0.33449246572522534,2.9097807317630826,274.72164813940805,286.45918497019454,True,True
2640,Long-billed Curlew,Numenius americanus,38,34,False,1061,38,34,,262.99335413805477,309.12140922108273,165.93979682996925,-204.0330565099999,174.64397895000022,337.52160322649985,38.0,34.0,38,34,-0.10526315789473684,162.82962707564934,,,,,,,,,,,,,,,,,,,,,,False,False
2730,Killdeer,Charadrius vociferus,983,904,True,1061,982,903,0.003992015968063872,43.057840131806934,219.0590311438555,-33.4342909212316,-27.131638126193085,-20.78604829349997,-5.8186675574997775,982.0,903.0,982,903,-0.08044806517311609,-33.48439206621395,12.79399667163683,23.123117889177145,72.76047861178441,8.00213154897457,-48.407351606331176,-19.380436439742525,16.76798428085282,-58.77870104121912,2.162549124297365,24.305572246049614,-86.72011456893766,6.21188087625007,17.180801393733674,-39.73425784334999,37.89913058977468,0.011111884851955176,-0.10272941938361249,-0.06084578031839695,18.171982688180215,176.98610354977947,242.94807467373423,True,True
2881,Gray Partridge,Perdix perdix,60,34,False,1061,60,34,,249.65183352783004,301.9499133922968,132.11018765423967,-211.8323306338505,181.93392314999997,59.02876642950035,60.0,34.0,60,34,-0.43333333333333335,128.30029857785684,,,,,,,,,,,,,,,,,,,,,,False,False
2890,Northern Bobwhite,Colinus virginianus,554,418,True,1061,553,418,0.001996007984031936,195.52567620281607,239.0443974064826,-100.57326898656869,-167.67619872815516,-77.72686173000059,-38.98081942650012,553.0,418.0,553,418,-0.244122965641953,-102.21875547637607,19.614223827251,160.98777601719286,232.15897865265345,11.7310345830022,-123.96360491014866,-79.75787741175023,19.242264501460326,-202.0244817374969,-132.41592571406193,31.51901976976401,-134.39876117850005,-10.645589689875033,26.92146994405796,-101.60545479997512,-12.222156877874905,0.01874476803137598,-0.28138834775301286,-0.21108467983243567,3.2581151590186854,232.8892163677124,245.2065780400723,True,True
2920,Mountain Quail,Oreortyx pictus,31,28,False,1061,31,28,,37.21547250550605,145.19133264822892,-30.556242504260187,21.243997689439713,-31.371378633000255,-62.06863757850065,31.0,28.0,31,28,-0.0967741935483871,-30.585654355138544,,,,,,,,,,,,,,,,,,,,,,False,False
2930,Scaled Quail,Callipepla squamata,32,21,False,1061,32,21,,119.02450228434493,279.63871607539255,19.928863824192312,-117.3442479660287,0.0,18.886837693499974,32.0,21.0,32,21,-0.34375,19.23445463070469,,,,,,,,,,,,,,,,,,,,,,False,False
2940,California Quail,Callipepla californica,57,62,False,1061,57,62,,55.22060192807564,20.933989354096866,51.57563818734643,19.729886539636368,114.64530301350001,23.596146094500618,57.0,62.0,57,62,0.08771929824561403,51.5492454430392,,,,,,,,,,,,,,,,,,,,,,False,False
3000,Ruffed Grouse,Bonasa umbellus,119,88,False,1061,119,88,,311.7696040339469,289.0807864967591,101.91779609690292,-294.6405417423647,-23.31203174999959,224.04602713500006,119.0,88.0,119,88,-0.2605042016806723,94.6014728547778,,,,,,,,,,,,,,,,,,,,,,False,False
3050,Greater Prairie-Chicken,Tympanuchus cupido,11,20,False,1061,11,20,,368.25535145234636,287.16770416060876,108.6977636308341,-351.8476944004983,-268.6295400704996,179.9266421294996,11.0,20.0,11,20,0.8181818181818182,100.17215316517114,,,,,,,,,,,,,,,,,,,,,,False,False
3080,Sharp-tailed Grouse,Tympanuchus phasianellus,32,38,False,1061,32,38,,64.21807999191262,181.8351573091976,-64.18514242435575,-2.056523720470099,-38.76702480000035,-285.102022968,32.0,38.0,32,38,0.1875,-64.18545499250662,,,,,,,,,,,,,,,,,,,,,,False,False
3091,Ring-necked Pheasant,Phasianus colchicus,413,311,True,1061,413,311,0.001996007984031936,270.7701195434649,275.0375368786094,23.77588368281422,-269.7242387934083,-5.604005610000142,-30.12739569000057,413.0,311.0,413,311,-0.2469733656174334,18.384727213392647,48.080801024273654,180.93383214820471,371.2011369152027,14.982103053976106,-3.9697083341062465,52.56545537005085,47.936473355033435,-369.0689475578482,-180.18021509862788,35.06902844847642,-60.99863311237483,76.06079924624957,38.95544326361913,-101.4421877374501,56.90569722153715,0.027534459634491595,-0.3005112212349054,-0.19763012477718359,3.192715261994694,269.1217548509836,280.4649070195178,False,True
3100,Wild Turkey,Meleagris gallopavo,55,647,False,1061,55,646,,612.9611382681042,34.28428983442433,506.4608438923367,345.28071279871983,383.6915018685002,214.3009195739999,55.0,646.0,55,646,10.745454545454546,498.98358105123873,,,,,,,,,,,,,,,,,,,,,,False,False
3120,Band-tailed Pigeon,Patagioenas fasciata,38,44,False,1061,38,44,,60.50902121050183,164.09860977799883,-58.19362305777728,16.578416186786125,-40.090278658500424,9.94605916499998,38.0,44.0,38,44,0.15789473684210525,-58.21254470584915,,,,,,,,,,,,,,,,,,,,,,False,False
3131,Rock Pigeon,Columba livia,757,748,True,1061,757,748,0.003992015968063872,59.32170704915621,335.0248811090656,53.774606988775254,-25.047087064740147,42.496060320000126,32.32320783299978,757.0,748.0,757,748,-0.011889035667107,53.73085615398904,14.524148209381048,39.2949310801913,90.77643985557785,13.147903146225783,31.539633823207364,81.02419826882576,20.80573858618042,-67.01333273722366,13.845567298221951,28.667592382677487,0.0,99.92510598262503,42.76746044802459,-31.333639049999306,132.9753890099251,0.018355768865658574,-0.05169478644170846,0.02159463699900157,97.1784818272647,5.761046269567383,356.86192506303325,True,True
3160,Mourning Dove,Zenaida macroura,1005,1035,True,1061,1004,1034,0.001996007984031936,46.65553986916333,61.414144239202756,22.32351416825581,40.96828182463564,-2.8576781415004557,4.189760883000201,1004.0,1034.0,1004,1034,0.029880478087649404,22.20998450379953,10.310568325782917,26.003891069234022,65.39723826713511,5.245567883977666,12.57353308176279,31.527517407494283,10.318053952969041,21.25326071892443,59.784919394081214,19.0939984373968,-56.58163412737525,18.701311615874772,6.300616846887185,0.0,22.593284227237557,0.0062582110411620075,0.017696519866088806,0.04049971023655235,7.093901528679186,44.381696713180936,72.82462421129144,True,True
3190,White-winged Dove,Zenaida asiatica,13,65,False,1061,13,65,,291.6898296743006,26.914363673021,260.0951771831787,132.03581158713487,152.14991985900025,79.03040071499979,13.0,65.0,13,65,4.0,259.31024839917865,,,,,,,,,,,,,,,,,,,,,,False,False
3200,Common Ground Dove,Columbina passerina,50,56,False,1061,50,56,,32.070027744519635,254.04426761762517,-8.815877056398438,-30.834509745749596,5.527937110500046,0.0,50.0,56.0,50,56,0.12,-8.859745932153817,,,,,,,,,,,,,,,,,,,,,,False,False
3210,Inca Dove,Columbina inca,20,48,False,1061,20,48,,170.64857663142215,32.22081833675958,144.36860887906596,90.98704015767099,218.33141585850035,77.71642051949985,20.0,48.0,20,48,1.4,143.99636164726795,,,,,,,,,,,,,,,,,,,,,,False,False
3250,Turkey Vulture,Cathartes aura,469,849,True,1061,468,848,0.001996007984031936,260.4098721087079,21.145868503700115,242.87518330295075,93.94118812976377,321.0183304335007,97.79224410899994,468.0,848.0,468,848,0.811965811965812,242.31853726809408,19.118226653277173,226.44974844073312,304.32834606661135,17.768121736481536,213.35346817526187,278.6251778933646,28.34887611599163,41.517497446544205,150.9632927226401,53.131211678966864,244.22395247538716,433.4927856934503,25.883139420989277,49.77376334043741,151.40832815744994,0.05645607516722242,0.7223580521317438,0.9308857548701298,5.989901276502899,9.830185261448516,32.12701866152154,True,True
3260,Black Vulture,Coragyps atratus,137,289,True,1061,137,288,0.001996007984031936,217.77241197294546,29.774283356297076,189.02393348606105,108.14238755442499,163.85203718099996,105.15751180200017,137.0,288.0,137,288,1.102189781021898,188.40086622790957,36.242233557406784,157.49039867628778,298.26181654055677,23.918117121776667,147.50631310777908,235.5522098063583,38.494135427752425,44.31960545255442,184.50857354893935,49.682952451286944,59.313141526274585,245.7999837034874,48.20605941342979,0.0,178.2774356958001,0.11194258474669468,0.8699604743083004,1.3136327292110874,24.10342527470814,16.374834586358478,40.78830903261615,True,True
3290,Mississippi Kite,Ictinia mississippiensis,28,109,False,1061,28,109,,347.579430510495,107.10228740148926,-102.21563158522628,332.20991131155813,-67.62318365249956,-89.91939348000002,28.0,109.0,28,109,2.892857142857143,-108.10867184554895,,,,,,,,,,,,,,,,,,,,,,False,False
3310,Northern Harrier,Circus hudsonius,212,192,True,1061,212,192,0.20359281437125748,89.57418474765839,344.23365060032773,86.2042016147137,-24.338656437392547,30.616431299999988,192.87684549000033,212.0,192.0,212,192,-0.09433962264150944,86.15661710070715,35.02941603533089,46.883900987979736,187.33903319379425,30.8103813616292,27.66190652587122,138.73058703853124,65.51506694126294,-153.72959658937793,109.27196494113197,56.97073262199454,-27.98110980000038,168.28448671124988,89.41673716535401,49.60109112682534,359.47389803849967,0.04799646370947618,-0.1659925306309651,0.005402280761222267,147.2690391599354,2.7666732964103122,356.3200682094097,True,True
3320,Sharp-shinned Hawk,Accipiter striatus,9,26,False,1061,9,26,,662.2667568613987,97.01612449624162,-80.89500116603347,657.3075809923863,-733.14977715,79.87700608650022,9.0,26.0,9,26,1.8888888888888888,-113.43106787106704,,,,,,,,,,,,,,,,,,,,,,False,False
3330,Cooper's Hawk,Accipiter cooperii,29,251,False,1061,29,251,,426.25097454592014,100.87729111303872,-80.43621609081718,418.59277160784563,54.75241800000039,-131.15385756900005,29.0,251.0,29,251,7.655172413793103,-91.92548659739035,,,,,,,,,,,,,,,,,,,,,,False,False
3370,Red-tailed Hawk,Buteo jamaicensis,676,891,True,1061,676,891,0.001996007984031936,114.6188562516997,100.58965978453858,-21.063960701065586,112.66672875357553,-26.38234808999934,-22.078434419999994,676.0,891.0,676,891,0.3180473372781065,-21.919958770460585,25.956872487454184,67.55957360665798,170.88396599917215,13.152355910303525,-43.77963431892204,6.565612071311993,26.65789488340606,63.103360424821496,168.3996378825518,31.588464559841274,-103.24878291000034,5.069235496500013,28.870005149239972,-83.00877990299998,27.691121023649885,0.02944369388568253,0.2625582931448853,0.3700565460735099,7.713441476873998,86.92277925276879,117.60889233134105,False,True
3390,Red-shouldered Hawk,Buteo lineatus,169,393,True,1061,168,392,0.005988023952095809,179.18274689647333,322.4023235858051,141.9690682085076,-109.32172911811145,-7.312939325999853,97.69070083500002,168.0,392.0,168,392,1.3333333333333333,141.27308385275916,40.465053404665326,110.08584492011317,263.0746609876221,33.2980011942246,74.03597356732985,214.14409693566853,57.932895396234834,-221.6186226229965,0.512556475275713,83.30129140404726,-160.08672234633812,153.87141860999986,44.52879817609449,14.880990560624918,187.0147843617376,0.15262389056000614,1.0850871839581517,1.635304054054054,56.051170437047666,14.125156224403485,351.82243965230725,True,True
3420,Swainson's Hawk,Buteo swainsoni,132,141,True,1061,132,141,0.003992015968063872,158.48002632625432,268.23732377309693,-4.874790326821307,-158.4050351587341,-168.23581109999986,-103.57356126599976,132.0,141.0,132,141,0.06818181818181818,-6.554585772078588,46.61268966005862,93.06134847964432,263.61864061872325,48.16236168981768,-102.92234441223601,80.38779991929778,49.1380382282536,-257.83352281661985,-71.77946113491211,98.14886687644712,-213.29424899999987,131.13699846108756,121.61035044208839,-422.77214049052486,0.27665316000005813,0.0611051720046786,-0.04044233567790444,0.19850653998828663,18.536237512852292,217.2156455488122,292.38768641006243,False,True
3430,Broad-winged Hawk,Buteo platypterus,180,209,True,1061,180,209,0.36127744510978044,59.11898477941346,29.41331576853173,51.498529881755765,29.03370078661053,-12.010105233000028,1.973866923000182,180.0,209.0,180,209,0.16111111111111112,51.440814863471175,34.89269699427777,22.71757307297028,149.4023645676831,36.16563530315991,-21.738105288743945,123.31516003811514,43.76640020436075,-51.77214345879959,107.80251731129721,43.43581860858429,-75.35884717226222,103.3947041085002,82.9893246141975,-146.5621987567496,164.33768523532498,0.07289643171167474,0.031048733874820832,0.2956925771099311,127.36735167984608,3.398047807209575,354.81847423739583,False,False
3480,Ferruginous Hawk,Buteo regalis,21,31,False,1061,21,31,,131.758711347613,244.54370479541822,-56.632856899334215,-118.96670767657285,0.0,-23.13823396499989,21.0,31.0,21,31,0.47619047619047616,-57.675807276249614,,,,,,,,,,,,,,,,,,,,,,False,False
3490,Golden Eagle,Aquila chrysaetos,31,39,False,1061,31,39,,25.861595376300592,67.09185842887462,10.066751276345858,23.821894008404982,44.658880906500144,0.0,31.0,39.0,31,39,0.25806451612903225,10.02799054583734,,,,,,,,,,,,,,,,,,,,,,False,False
3520,Bald Eagle,Haliaeetus leucocephalus,8,189,False,1061,8,188,,1051.6005203911257,97.7682255707752,-142.14075596943158,1041.949931608676,-526.5594747000004,1085.6624345279997,8.0,188.0,8,188,22.5,-228.36368596305476,,,,,,,,,,,,,,,,,,,,,,False,False
3550,Prairie Falcon,Falco mexicanus,9,20,False,1061,9,20,,335.4773074286703,260.9543681653813,-52.744089754454954,-331.30512340675415,0.0,23.596146094500618,9.0,20.0,9,20,1.2222222222222223,-60.62124945446689,,,,,,,,,,,,,,,,,,,,,,False,False
3570,Merlin,Falco columbarius,2,35,False,1061,2,35,,2158.913098329052,62.473212870307236,997.7703183069649,1914.513034179283,1116.5444662050002,105.11126580150017,2.0,35.0,2,35,16.5,672.0551736300228,,,,,,,,,,,,,,,,,,,,,,False,False
3600,American Kestrel,Falco sparverius,645,547,True,1061,645,547,0.001996007984031936,133.34893341196033,247.16688940601068,-51.74582107428921,-122.89958520456884,-1.998952514999422,-8.029724534999762,645.0,547.0,645,547,-0.15193798449612403,-52.831237340704604,30.143403954260453,69.10094454590829,185.6318566277839,14.393979921403492,-79.63810600902634,-21.409243855905284,33.10112635332838,-182.86929261122754,-50.61191898701641,39.13542981150091,-103.06572536137466,60.93981373725004,38.56461567934705,-68.86978134592503,88.67821265100069,0.022580861024741695,-0.19617177623261692,-0.10875883150557841,9.730527815011808,221.910983890375,260.80652265555904,True,True
3620,Crested Caracara,Caracara plancus,12,41,False,1061,12,41,,227.3946764699436,56.066421146028574,126.93886030085129,188.66601345338086,139.61395123199986,0.0,12.0,41.0,12,41,2.4166666666666665,125.37694178757273,,,,,,,,,,,,,,,,,,,,,,False,False
3640,Osprey,Pandion haliaetus,50,156,False,1061,50,155,,61.172448945554336,318.2806549455752,45.65994384690026,-40.70918861748987,-275.06974319999983,214.30752455700005,50.0,155.0,50,155,2.1,45.54040408129657,,,,,,,,,,,,,,,,,,,,,,False,False
3670,Short-eared Owl,Asio flammeus,23,13,False,1061,23,13,,229.4146648824071,157.49302089266735,-211.94081782209273,87.81900821581654,-174.64397895000022,-233.4474976680001,23.0,13.0,23,13,-0.43478260869565216,-212.56868571671595,,,,,,,,,,,,,,,,,,,,,,False,False
3680,Barred Owl,Strix varia,131,235,True,1061,130,234,0.05788423153692615,136.51786347524947,20.82173722122991,127.6020028325889,48.526857728054374,-17.772708271500008,10.877250573000092,130.0,234.0,130,234,0.8,127.45802667378713,50.98395613996717,53.80333687385817,252.59764231621958,46.66056342462354,42.368840213932245,215.33176610227613,58.210584441312285,-64.16912434964844,142.36682460075835,22.672400843490518,-64.20647181453818,10.149363655199574,53.16427680086827,-57.326424631087626,177.3124499034001,0.145602383743056,0.5552230046948358,1.0788618925831202,129.13479071943996,2.8629460085381653,357.1260844126233,True,True
3750,Great Horned Owl,Bubo virginianus,239,201,True,1061,239,201,0.017964071856287425,208.54147118889537,246.92575253073394,-81.73233416486246,-191.85768360321703,-152.9484222735007,-62.46540357749987,239.0,201.0,239,201,-0.1589958158995816,-84.15788125021996,60.937145865942,96.95095244061194,325.7788584935092,47.186692226060316,-177.7589296005944,-1.3559046264037313,69.75977237453068,-318.5838107586749,-42.3918229878386,115.7907474505373,-336.8075117163751,101.75642174958736,64.89324080190289,-199.5141489846749,34.493222736000114,0.05756770160960426,-0.2553894567731229,-0.0428591954022988,17.344605682036832,203.1079132514383,269.6870891171039,False,True
3780,Burrowing Owl,Athene cunicularia,55,30,False,1061,55,30,,54.663376498928166,205.05833430716513,-49.518297636710386,-23.15216900045727,-366.8227867080001,226.30753328399982,55.0,30.0,55,30,-0.45454545454545453,-49.55266486045526,,,,,,,,,,,,,,,,,,,,,,False,False
3850,Greater Roadrunner,Geococcyx californianus,62,73,False,1061,62,73,,57.61412471737675,91.40347568839411,-1.4111325132353625,57.596840815964306,-35.77421137500008,-70.17219559350006,62.0,73.0,62,73,0.1774193548387097,-1.5767822623169796,,,,,,,,,,,,,,,,,,,,,,False,False
3870,Yellow-billed Cuckoo,Coccyzus americanus,653,616,True,1061,652,615,0.005988023952095809,46.29427092737195,123.10593439134476,-25.285408790546718,38.778958508343905,-38.37366136799941,0.0,652.0,615.0,652,615,-0.05674846625766871,-25.377749008911856,10.777563345003587,27.526714063070205,70.12962337006016,10.171431183857884,-45.51912197329002,-6.862439524056107,13.77558817188602,12.664898735120708,65.74059699869511,30.500326298037272,-118.9724917429127,0.09143286862501894,11.991958308513356,-25.511363214750283,29.68203692002483,0.015386975040329745,-0.08757130676627621,-0.026825339551589746,16.95243196494138,97.7537383348864,158.60772602705129,True,True
3880,Black-billed Cuckoo,Coccyzus erythropthalmus,445,243,True,1061,445,243,0.027944111776447105,93.80784933356625,23.97709228073711,85.71298278199225,38.12082343290825,38.62283824349984,175.48096595400003,445.0,243.0,445,243,-0.45393258426966293,85.60348407979558,20.697449742251617,64.54141897884064,140.41149969186762,17.634451848866608,56.417808691345606,117.84229112993157,38.78934695392807,-30.951752609559172,107.68541578256867,59.893775151434596,-22.515425488237657,212.24004256349934,54.954881450571236,95.99417870490022,305.6155990335006,0.02712916544045538,-0.5066719107551487,-0.39952502303780474,124.58441339082495,1.8925771480481957,357.8131930605717,True,True
3900,Belted Kingfisher,Megaceryle alcyon,641,472,True,1061,640,472,0.001996007984031936,142.17413332094475,45.84232293092555,99.04352700215114,101.9993330592702,49.067051008499924,166.7091815864997,640.0,472.0,640,472,-0.2625,98.30980834400246,25.818994175062542,97.14779081080194,203.01965987047305,21.39063520056125,62.464994704805214,144.2549244451682,31.543768669946033,39.77730015471367,165.83470331876006,37.619502104267234,-45.82062208158727,99.45240491812554,49.368937369169316,89.46362713601191,299.5175031667873,0.024718477345743468,-0.31241392262426443,-0.21300038714672861,11.194657539853463,20.130149836246304,64.9916120639123,True,True
3920,unid. woodpecker,Woodpecker sp.,0,35,False,1061,0,35,,,,,,,,0.0,35.0,0,35,,,,,,,,,,,,,,,,,,,,,,,,False,False
3930,Hairy Woodpecker,Dryobates villosus,588,642,True,1061,588,641,0.011976047904191617,75.96497821563,4.738319967630446,75.70535746951023,6.275090892952136,25.58722600349969,183.32341586999985,588.0,641.0,588,641,0.09013605442176871,75.70249081474697,15.775818361824925,54.01950144398286,114.16555172346219,15.745224712553407,47.88827910392859,107.92942566731081,26.61192237971429,-45.175576915590334,50.617134981021465,45.932852340207354,-22.37465789999992,144.46556143424993,49.99836668251533,100.47077292813718,281.1292591274995,0.02933464969958069,0.04400480489225394,0.15462137325479933,161.6607300280024,1.2385453140885203,358.3239257831292,True,True
3940,Downy Woodpecker,Dryobates pubescens,821,862,True,1061,820,861,0.16766467065868262,28.813940818721957,316.3081245381288,20.834355164461172,-19.90409079525868,72.28820308500015,-16.310104838999855,820.0,861.0,820,861,0.05,20.80751739940583,15.125371780993447,7.11697092603777,64.25628005401082,10.302361520420844,1.7904679064843012,40.13207945312497,18.253201922553103,-54.44995948976343,13.95013703767122,31.666485469401735,5.965194212774924,126.75871479521285,22.055527660322,-77.69840581755015,0.0,0.014462728275462668,0.02330190435718174,0.07989646024055282,94.39593851168756,13.219892922977303,351.95260397554495,True,False
3960,Ladder-backed Woodpecker,Dryobates scalaris,47,55,False,1061,47,55,,39.34963365292507,323.5534526106935,31.653295281458114,-23.376538803771503,105.05434508100024,0.0,47.0,55.0,47,55,0.1702127659574468,31.62722775987835,,,,,,,,,,,,,,,,,,,,,,False,False
3970,Nuttall's Woodpecker,Dryobates nuttallii,22,26,False,1061,22,26,,16.45265294280221,117.91518917635278,-7.702541212260113,14.538247753073021,1.2117252735003825,-38.47249148400003,22.0,26.0,22,26,0.18181818181818182,-7.715403412352891,,,,,,,,,,,,,,,,,,,,,,False,False
4020,Yellow-bellied Sapsucker,Sphyrapicus varius,187,268,True,1061,187,268,0.005988023952095809,108.43974811607944,239.50455080348178,-55.02991086165805,-93.43922025593281,0.0,-43.590919648500076,187.0,268.0,187,268,0.43315508021390375,-55.72414573147192,26.391378551080397,70.93105864599889,169.36256198726986,20.116155747793318,-94.56641565079441,-14.625040556560881,40.41714849857608,-165.74578509906124,-16.665475499013805,117.21990812235548,-266.18081489999975,193.3817091522751,17.59699820316485,-80.59499164552543,-10.848795772500194,0.06202635612487814,0.30800209048827837,0.5583464877663774,19.926594843633513,189.87082342195876,265.0316170259604,True,True
4021,Red-naped Sapsucker,Sphyrapicus nuchalis,21,29,False,1061,21,29,,90.85276085900016,142.39377022624217,-71.97567379918895,55.44119891250021,0.0,0.0,21.0,29.0,21,29,0.38095238095238093,-72.22544335763668,,,,,,,,,,,,,,,,,,,,,,False,False
4030,Red-breasted Sapsucker,Sphyrapicus ruber,27,34,False,1061,27,34,,70.87419192750743,1.4903126622535865,70.8502177809013,1.8432910177225361,0.0,0.0,27.0,34.0,27,34,0.25925925925925924,70.8499152571803,,,,,,,,,,,,,,,,,,,,,,False,False
4050,Pileated Woodpecker,Dryocopus pileatus,474,686,True,1061,474,685,0.001996007984031936,123.87346949060377,35.03762582597221,101.42452514945565,71.11752345130546,84.97569713850032,23.81964804450006,474.0,685.0,474,685,0.4451476793248945,101.08696447473893,18.95743870462814,92.91166431755983,164.57054634000812,17.310805604678016,66.2864189242916,135.00404798565003,27.421348218441835,15.27334044554356,123.7550371708011,49.58605723393101,-19.48578511319994,151.37120598468772,28.428193702128016,0.0,101.42188547636256,0.04076413916364023,0.37674294268605646,0.5323816822670973,12.019856611899804,7.933508778788424,55.69708358610848,True,True
4060,Red-headed Woodpecker,Melanerpes erythrocephalus,459,409,True,1061,459,409,0.001996007984031936,115.52698870398252,157.57724290176384,-106.79252506208218,44.06633306589802,-116.07190150499973,-8.453933460000096,459.0,409.0,459,409,-0.10893246187363835,-106.91346948049618,17.41764700665052,84.97448497739825,152.9262981514408,15.342173044673011,-138.1021291667029,-81.90427366455683,19.027452224437408,10.772703145340628,85.05110338084953,43.356440351985434,-209.13537252825066,-39.201835334287495,16.629718332403392,-44.3882364463126,8.519599111275113,0.025658032057218318,-0.16044356072193333,-0.05600821474081495,8.323461670046097,142.92199376739472,173.54524483069767,True,True
4070,Acorn Woodpecker,Melanerpes formicivorus,34,34,False,1061,34,34,,48.186578745724695,309.3801703748527,30.572603146362987,-37.24597036020035,44.01201511350037,52.12257841350067,34.0,34.0,34,34,0.0,30.485143084859764,,,,,,,,,,,,,,,,,,,,,,False,False
4090,Red-bellied Woodpecker,Melanerpes carolinus,463,684,True,1061,462,683,0.001996007984031936,216.15766118373008,30.625338292409424,186.0073045352,110.11547188279044,166.07481411149982,37.29026624399991,462.0,683.0,462,683,0.47835497835497837,185.25656588770778,17.489837012109156,185.76785412077925,253.79579189856494,13.810050895260112,162.14334792607409,212.4553709024131,18.861717346808796,77.22149305036714,148.79072167978885,39.84799754916366,98.51597149983779,263.2019133594369,23.872545949193977,13.127236920000314,108.38656929003746,0.0389674058160133,0.4137978331828599,0.5567174562237003,4.077581141413827,23.0644535878983,38.687234556142926,True,True
4100,Golden-fronted Woodpecker,Melanerpes aurifrons,26,27,False,1061,26,27,,10.09239206455866,143.87435217116808,-8.151888034389481,5.95005034092521,0.0,0.0,26.0,27.0,26,27,0.038461538461538464,-8.153500398841919,,,,,,,,,,,,,,,,,,,,,,False,False
4120,(Yellow-shafted Flicker) Northern Flicker,Colaptes auratus auratus,840,784,True,1061,839,783,0.001996007984031936,56.02831126911281,32.958830808382004,47.011209833933016,30.481433916705978,-5.013259933500419,134.77395534750002,839.0,783.0,839,783,-0.066746126340882,46.94738403970419,9.312977690184974,39.34336502330987,71.49557712701007,9.931061661065556,25.677401367159728,63.75553938498991,9.152347273833808,12.981421029922215,47.93150733570159,18.74191924112565,-46.92262985865051,15.134775356925143,37.957135870475085,39.63626029991247,193.31727804348745,0.009714757383092883,-0.08484059611394076,-0.04761060452549814,10.244294902346555,15.603192502379843,55.224053719358814,True,True
4123,(unid. Red / Yellow Shafted) Northern Flicker,Colaptes auratus,0,25,False,1061,0,25,,,,,,,,0.0,25.0,0,25,,,,,,,,,,,,,,,,,,,,,,,,False,False
4130,(Red-shafted Flicker) Northern Flicker,Colaptes auratus cafer,135,124,True,1061,135,124,0.15169660678642716,50.44851006087503,265.73307142360795,-3.7535272487860194,-50.308679177203906,-21.485097899999623,6.177660615000033,135.0,124.0,135,124,-0.08148148148148149,-3.9376774060204696,27.441318971838914,9.467623195700117,115.77896419934932,19.62412234692953,-45.32884533969292,32.06752579889321,29.630842160665257,-115.41812027927924,3.9685640151904553,77.26825497904882,-209.49836110008744,79.67488693500015,47.84798077090935,-119.60053027649936,110.59102211849971,0.030293631350514848,-0.1418433909588747,-0.023068181818181818,48.21924165117001,95.04166839131557,335.53787261546995,False,False
4160,Chuck-will's-widow,Antrostomus carolinensis,193,136,True,1061,193,136,0.7265469061876247,19.920159675251888,350.5143746013471,19.647790900157045,-3.2828454473577326,53.45804148299962,1.7752281749997538,193.0,136.0,193,136,-0.29533678756476683,19.647195819017437,19.085526115023498,5.613423898226556,82.52410806675658,17.496180500359106,-13.122331754388826,53.39485507771343,32.997353030732334,-67.8928764959003,53.848745051585,26.215770825208878,12.483382843575082,112.29237872921226,54.95102738813276,-75.9389684445002,165.8688328796626,0.03802105466135077,-0.36086845119672034,-0.22413344109195402,124.76560827134024,12.318773636111972,353.6049095509473,False,False
4171,Eastern Whip-poor-will,Antrostomus vociferus,183,67,False,1061,182,67,,131.36597103836405,214.9007116518153,-107.73911402124014,-75.16183643825183,55.227520876499746,-102.15376790850016,182.0,67.0,182,67,-0.6318681318681318,-108.0932923697088,,,,,,,,,,,,,,,,,,,,,,False,False
4200,Common Nighthawk,Chordeiles minor,340,260,True,1061,340,260,0.001996007984031936,296.8110432453335,261.094646660392,-45.94714912572914,-293.23310672501026,-89.70000574500007,-55.12622223149991,340.0,260.0,340,260,-0.23529411764705882,-51.35757952102521,50.62289008246055,200.04487751566836,394.13503770217693,31.228165300507523,-98.00416051953677,21.738624908182075,52.80527125723828,-393.73739586713316,-189.64557763953974,57.86218176086716,-231.45652895400016,-0.5132372017499024,35.34659798408532,-133.21130782758758,-1.4464089927000545,0.03563662054355219,-0.3036362744713406,-0.1660408749408942,6.836935716198971,245.91105876193984,273.1299732128151,False,True
4210,Lesser Nighthawk,Chordeiles acutipennis,21,16,False,1061,21,16,,83.74310675689965,294.4188004613749,34.619670837409814,-76.25212338293858,0.0,-38.03625125999973,21.0,16.0,21,16,-0.23809523809523808,34.35123158578543,,,,,,,,,,,,,,,,,,,,,,False,False
4230,Chimney Swift,Chaetura pelagica,792,725,True,1061,791,724,0.001996007984031936,75.60494760001079,225.927302946056,-52.58857207570778,-54.31896711682269,-61.638857783999995,-12.376870820999859,791.0,724.0,791,724,-0.08470290771175727,-52.7788178984782,13.585299601425623,52.356242040316026,104.35059104231196,10.290874528504649,-75.15858456010311,-34.39138406811349,13.20670523255364,-80.53912795682179,-28.855301543773965,19.401669867702765,-102.28259287575065,-25.953885122287744,21.286914626618778,-73.22700662471244,1.0692355526999497,0.011523995785353762,-0.10933856305993711,-0.06248588709677419,7.608459628734367,208.12809616353093,239.61962607209827,True,True
4240,Vaux's Swift,Chaetura vauxi,17,23,False,1061,17,23,,112.14402616448439,133.0005763792587,-76.48286699830891,82.01617925811681,-526.5594747000004,-125.5663977749997,17.0,23.0,17,23,0.35294117647058826,-76.99440041885336,,,,,,,,,,,,,,,,,,,,,,False,False
4250,White-throated Swift,Aeronautes saxatalis,16,20,False,1061,16,20,,127.12036349599785,299.99932716475195,63.55888894207789,-110.09021051757159,-202.43853689850022,0.0,16.0,20.0,16,20,0.25,62.828399277020615,,,,,,,,,,,,,,,,,,,,,,False,False
4280,Ruby-throated Hummingbird,Archilochus colubris,422,597,True,1061,421,596,0.001996007984031936,100.81244823438293,1.4595108233485803,100.7797420367289,2.567744929021024,9.732709318500271,62.93252265300035,421.0,596.0,421,596,0.4156769596199525,100.7792350752212,16.819619933453772,70.75894033489222,138.25905214731196,16.653808368633797,65.4820842809927,133.34643425780044,24.12812020400886,-45.963568644022594,44.798931445589574,20.66384845761664,-21.778292428200157,60.611804054550085,34.37923030637088,18.89313021855006,140.28546895650013,0.05094662315941068,0.3257566785103303,0.519529440748953,168.07824013321982,0.6091481112612328,358.830218614163,True,True
4290,Black-chinned Hummingbird,Archilochus alexandri,30,46,False,1061,30,46,,237.67062621187264,322.306437223992,188.06692065189907,-145.32088604345898,44.693195683500576,29.89808936100006,30.0,46.0,30,46,0.5333333333333333,186.9618091407152,,,,,,,,,,,,,,,,,,,,,,False,False
4310,Anna's Hummingbird,Calypte anna,26,45,False,1061,26,45,,141.96262613046116,0.15714620249514155,141.962092173475,0.3893630527841557,864.7684075800004,0.0,26.0,45.0,26,45,0.7307692307692307,141.96198022004828,,,,,,,,,,,,,,,,,,,,,,False,False
4330,Rufous Hummingbird,Selasphorus rufus,30,31,False,1061,30,31,,26.985355082392477,30.164437836103673,23.33118310074458,13.55969336092583,0.0,127.71329523749931,30.0,31.0,30,31,0.03333333333333333,23.31514875327961,,,,,,,,,,,,,,,,,,,,,,False,False
4360,Calliope Hummingbird,Selasphorus calliope,11,20,False,1061,11,20,,72.11440281986347,67.53926388090667,27.5513236570114,66.64391689278277,-202.58061074999975,48.3771305114995,11.0,20.0,11,20,0.8181818181818182,27.17811028099565,,,,,,,,,,,,,,,,,,,,,,False,False
4430,Scissor-tailed Flycatcher,Tyrannus forficatus,111,132,True,1061,111,132,0.001996007984031936,71.80091893623852,37.81207999890296,56.724576419637806,44.01925022193092,2.4964389450004196,110.04857954999994,111.0,132.0,111,132,0.1891891891891892,56.62312967458634,17.029836234552196,41.371762037413326,103.05900930449965,14.063319989149331,32.37101360009657,85.91519012568682,15.278389457294136,17.288810232812516,75.84871117870406,26.116843749648574,-13.006456910999963,77.71795250861277,55.83851900888063,0.0,180.2207751435,0.04795818684739951,0.1098857458375807,0.29892241379310347,9.460574525725718,20.87960093083055,54.17192376520132,True,True
4440,Eastern Kingbird,Tyrannus tyrannus,886,829,True,1061,885,828,0.015968063872255488,35.162973613673984,267.23479682592995,-1.696373197644782,-35.122030569576204,-25.916296486499885,43.508746543499754,885.0,828.0,885,828,-0.06440677966101695,-1.7805482917254474,12.745394783032413,9.493455932865688,63.268908562089415,9.350458972958895,-18.56187308693096,17.049217363999276,13.419475743343959,-61.54496081472758,-0.7567469028564282,22.799607450731873,-67.01767405987513,13.027524749662128,28.528038261814878,1.8841686963750912,113.44296343196265,0.010170089145519567,-0.08241147905056329,-0.04512806446731233,37.3343909088999,185.16031027970283,306.7835887489281,False,True
4470,Western Kingbird,Tyrannus verticalis,227,254,True,1061,227,254,0.003992015968063872,92.22801094581732,182.03215563853382,-92.17000720712541,-3.270439490381858,-43.53840225000025,-159.15447097199984,227.0,254.0,227,254,0.11894273127753303,-92.17065008453899,22.63208297957392,50.43957836200678,136.18593164866624,22.906945830579172,-133.34567707133692,-46.640930525876435,22.33079177066246,-41.9599520174569,42.75678522496756,33.95722321234965,-123.0619708591872,0.0,74.24644235621649,-304.624210544325,-33.42202486953762,0.03263514603861437,0.05514098948987439,0.17491483669816588,14.581482307933152,160.52497255882614,212.7691645483776,True,True
4480,Cassin's Kingbird,Tyrannus vociferans,15,21,False,1061,15,21,,35.96441008818991,252.1251138878211,-11.038897525173311,-34.22837323654483,-637.6373085285003,0.0,15.0,21.0,15,21,0.4,-11.103610915345037,,,,,,,,,,,,,,,,,,,,,,False,False
4520,Great Crested Flycatcher,Myiarchus crinitus,780,768,True,1061,779,767,0.08582834331337326,18.265170881860612,247.62903172617018,-6.951758023775342,-16.89051591048787,-21.458433339000102,3.2177053125001547,779.0,767.0,779,767,-0.01540436456996149,-6.970421073018365,9.534705066522099,4.658445278204507,39.4896348026006,6.358792020200698,-18.77046419187952,5.232820641079214,9.877337395992322,-36.368535852058294,1.5052675791193662,12.989956848608148,-40.96260093161222,6.545638228499806,24.50708908004198,-31.436599226287456,64.32753481481257,0.009402347588442411,-0.031572693495464196,0.005165249489049435,37.34449770605703,166.68387750017575,290.9459308122571,False,False
4540,Ash-throated Flycatcher,Myiarchus cinerascens,86,95,False,1061,86,95,,96.76815414368018,88.5533347313613,2.443046502750107,96.73731017637635,107.97030052199987,0.0,86.0,95.0,86,95,0.10465116279069768,1.9094481968425538,,,,,,,,,,,,,,,,,,,,,,False,False
4560,Eastern Phoebe,Sayornis phoebe,670,753,True,1061,669,752,0.005988023952095809,43.99309626278933,238.4393108892878,-23.026048572235087,-37.4859120995624,-4.446243269999885,-60.681724582500124,669.0,752.0,669,752,0.12406576980568013,-23.12094953368069,13.85798328428125,20.327333815031597,71.75400469561411,10.331563592196586,-44.97738520646987,-4.133041282962869,13.857444236774226,-63.12435201032095,-12.049438567178566,20.083439141686934,-35.20037150831283,29.64065403285024,28.73711249251834,-123.51002471797429,-11.565868142587808,0.016710034918008387,0.08980339311188099,0.1533610125488926,14.75673271130769,208.15313673320674,261.5986473117806,True,True
4570,Say's Phoebe,Sayornis saya,69,99,False,1061,69,99,,61.91747137420601,324.2816705261589,50.27059717398818,-36.14748014933036,53.72408664000044,-11.823264274499994,69.0,99.0,69,99,0.43478260869565216,50.18159378971921,,,,,,,,,,,,,,,,,,,,,,False,False
4580,Black Phoebe,Sayornis nigricans,33,45,False,1061,33,45,,57.506637074444676,11.187818678840529,56.41380556842229,11.157770785427553,47.997288391499346,106.17321140999945,33.0,45.0,33,45,0.36363636363636365,56.40603204450261,,,,,,,,,,,,,,,,,,,,,,False,False
4590,Olive-sided Flycatcher,Contopus cooperi,144,82,False,1061,144,82,,660.7129506903788,264.743477889156,-60.53119903515007,-657.9343258664605,-100.79937944999969,-65.46494430000016,144.0,82.0,144,82,-0.4305555555555556,-96.7214964990018,,,,,,,,,,,,,,,,,,,,,,False,False
4610,Eastern Wood-Pewee,Contopus virens,753,736,True,1061,752,735,0.003992015968063872,32.49240529573907,260.34724859086015,-5.448211770823723,-32.03238034244146,-9.732709318500271,5.569290530999773,752.0,735.0,752,735,-0.022606382978723406,-5.516580457234369,10.75882259147841,12.539256226669378,56.197578397620354,7.716819596930517,-20.615632234770338,8.712914099101196,10.555657405671107,-55.029684240351926,-11.875862931472916,13.305853208915574,-42.920864138250025,3.7219738035375824,20.432395280802808,-7.354820922750083,60.65448180749986,0.010433135498394877,-0.04336625103371245,-0.0026656167979002623,14.336057159954152,232.74100725359742,295.1138496541836,False,True
4620,Western Wood-Pewee,Contopus sordidulus,111,126,True,1061,111,126,0.04590818363273453,77.15274362937637,113.39037176508742,-30.629150188368488,70.81243540705717,-139.99672889999994,0.0,111.0,126.0,111,126,0.13513513513513514,-30.999381003482906,29.10177456124517,31.355267658886113,151.13899037362825,34.715248712452365,-109.49065669184549,29.62338033624286,27.14251392696321,20.97952258732544,129.96197853006115,77.79909609559236,-217.0189201162503,13.758490935000035,80.50072227013965,-213.67416895650013,150.36383905199986,0.06223659349441991,0.02749275712216321,0.2618901869158879,25.127802040602596,67.77502675433098,154.92447168475812,False,True
4630,Yellow-bellied Flycatcher,Empidonax flaviventris,42,42,False,1061,42,42,,218.6647019213227,301.5416909836483,114.38762644989939,-186.3591231507038,214.55742419999945,107.93064838500028,42.0,42.0,42,42,0.0,111.45821608779352,,,,,,,,,,,,,,,,,,,,,,False,False
4641,(Pacific-slope Flycatcher) Western Flycatcher,Empidonax difficilis difficilis,43,50,False,1061,43,50,,62.023519303241294,355.0055749838381,61.78802677942998,-5.399693830578697,209.4213271499999,0.0,43.0,50.0,43,50,0.16279069767441862,61.78581547363914,,,,,,,,,,,,,,,,,,,,,,False,False
4650,Acadian Flycatcher,Empidonax virescens,290,316,True,1061,289,315,0.35728542914171657,24.474454039960268,329.63285392685054,21.116649300678546,-12.372793656498102,76.33351054349988,58.0187044079998,289.0,315.0,289,315,0.08996539792387544,21.10758978975161,11.175599374893979,9.086403871255358,52.13582366576123,13.706231417061177,-5.95890121288204,46.20534500866683,18.037150545803772,-42.139619250868236,26.389175043424423,31.359708797409965,-6.644331296662448,104.67394226021227,35.68935125009241,3.922937360999762,124.99486659449995,0.03799711997383986,0.021299274568847525,0.16739059799516073,132.90321659534584,5.686091549397462,357.5435015805901,False,True
4660,Willow Flycatcher,Empidonax traillii,289,364,True,1061,289,364,0.031936127744510975,92.70009160460619,98.29731012790813,-13.377526622794324,91.72975942930847,-31.308731369999773,47.17591316549945,289.0,364.0,289,364,0.25951557093425603,-14.003837034035145,43.92320318640469,15.158711459931995,172.58194600283719,17.979025057938355,-43.830345214664646,22.254380631959346,45.70789240774868,3.3486673240457234,169.91081055501928,56.25756056322294,-231.90398875350022,0.0,36.31194835220229,-0.0009337600124890241,129.16917776621216,0.051723949242222796,0.15273350111856823,0.3564074333970528,35.4273070408772,54.58619459144348,146.7734947202661,False,True
4661,Alder Flycatcher,Empidonax alnorum,205,253,True,1061,205,253,0.20758483033932135,46.489823553771764,209.2441215327977,-40.564515827973736,-22.711753558518996,-5.4641223000001435,-59.64388604999969,205.0,253.0,205,253,0.23414634146341465,-40.60652063859392,16.83173347657479,30.782236787210646,93.69835137050329,19.271261708443248,-75.42806977393298,0.45475580945997873,32.36330980877476,-92.09601733086511,33.25504440455355,46.67781109793486,-139.99672889999994,52.4875426424996,26.58739449682886,-90.8290297372504,0.0,0.04950457952119485,0.1338603515382899,0.32992167407061024,34.319787968846285,150.19051124145392,270.6086282289471,True,True
4665,unid. Alder Flycatcher / Willow Flycatcher,Empidonax alnorum / traillii,30,0,False,1061,30,0,,,,,,,,30.0,0.0,30,0,-1.0,,,,,,,,,,,,,,,,,,,,,,,False,False
4670,Least Flycatcher,Empidonax minimus,378,331,True,1061,378,331,0.001996007984031936,147.52644666533837,308.0823100491517,90.99326209338201,-116.1218270580773,89.20730070000043,176.8142496015004,378.0,331.0,378,331,-0.12433862433862433,89.91342673717448,28.379747708554373,96.81020335710998,199.54602657371692,13.569835087537449,67.70971219443616,116.36735193690782,28.530986136840728,-168.69995853160913,-60.480705360677504,51.37187913461871,0.0,181.09576303874996,58.03126359034338,7.534153160887272,212.1747900016502,0.02431438246401734,-0.16676509186351704,-0.07649752088265512,5.661172870327719,300.16224294144746,321.3761994668632,True,True
4680,Hammond's Flycatcher,Empidonax hammondii,37,44,False,1061,37,44,,87.99460344336595,64.86113538126364,37.38130308276062,79.65982936832103,0.0,84.65264230500011,37.0,44.0,37,44,0.1891891891891892,36.87147200534062,,,,,,,,,,,,,,,,,,,,,,False,False
4690,Dusky Flycatcher,Empidonax oberholseri,46,52,False,1061,46,52,,97.43171864473729,146.30049923642758,-81.05919098689077,54.05873985414397,0.0,65.46494430000016,46.0,52.0,46,52,0.13043478260869565,-81.28584168926878,,,,,,,,,,,,,,,,,,,,,,False,False
4691,Gray Flycatcher,Empidonax wrightii,10,21,False,1061,10,21,,24.809100954792715,126.64782553198131,-14.808423088673216,19.904825942769424,0.0,-159.6922211114997,10.0,21.0,10,21,1.1,-14.834772989631558,,,,,,,,,,,,,,,,,,,,,,False,False
4740,Horned Lark,Eremophila alpestris,574,444,True,1061,574,444,0.001996007984031936,155.37114614691876,270.3451153534822,0.9358567810686974,-155.36832761889573,33.77117800349958,45.07359377850012,574.0,444.0,574,444,-0.2264808362369338,-0.7523543747797178,32.4455973797472,86.86212756235554,214.62529317353517,15.352638562002438,-30.01178490011617,29.697208701758733,32.66279411952844,-214.51689133529112,-86.54409363573951,29.71826504742012,-33.66393042600014,88.04335341611284,66.81275717256608,-85.96937902454961,186.24332985299992,0.022209670821954446,-0.27576019626458115,-0.18612120402529167,6.284254126488866,258.0059797686048,281.89839670597735,False,True
4750,Black-billed Magpie,Pica hudsonia,129,108,True,1061,129,108,0.001996007984031936,201.47153080658686,326.1071527922066,167.23787257894762,-112.3488838432192,122.32005975000034,111.95171533350037,129.0,108.0,129,108,-0.16279069767441862,166.2126701307803,44.80273767534704,125.86040774504642,302.6570457325347,34.87649335274566,103.29911012232218,232.40633898955164,46.757436040733076,-219.68897024258763,-37.22176718490951,63.41764980920383,0.0,203.22554175000062,71.69690486748958,-0.1401257150999834,265.86535663091234,0.047635695824482245,-0.26476631748589846,-0.06931383792048927,10.546386814383983,305.6275509817871,346.031764061015,True,True
4770,Blue Jay,Cyanocitta cristata,840,856,True,1061,839,855,0.01996007984031936,22.102629301829694,256.6659087522455,-5.097501596501358,-21.506782640082793,10.643329651500174,-40.94681374349995,839.0,855.0,839,855,0.01907032181168057,-5.128384545639358,8.119336579174055,8.06280194271028,39.81869689020654,5.702099343312247,-15.707147979836597,5.164354294363804,8.622817770792695,-38.45017529176751,-5.251230908021546,18.55890833672486,-0.06927948877472706,60.25932285423701,21.360900866253644,-76.17480191999994,0.0,0.006545057901985194,0.008146434640654062,0.03297322487713947,18.795695642387727,213.81109132904774,288.1615480486689,False,True
4780,Steller's Jay,Cyanocitta stelleri,61,68,False,1061,61,68,,78.81392574092318,29.68612513144825,68.46971386745078,39.0324630737694,119.19770415000002,149.7461619464997,61.0,68.0,61,68,0.11475409836065574,68.36091934241904,,,,,,,,,,,,,,,,,,,,,,False,False
4812,California Scrub-Jay,Aphelocoma californica,46,47,False,1061,46,47,,33.362702601088934,349.7173827595804,32.8268722019887,-5.955366175392406,88.23534520500037,0.0,46.0,47.0,46,47,0.021739130434782608,32.824562195346786,,,,,,,,,,,,,,,,,,,,,,False,False
4840,Canada Jay,Perisoreus canadensis,49,42,False,1061,49,42,,205.23427563827727,282.00664321483197,42.69388106075637,-200.74446546975673,0.0,21.056407816499856,49.0,42.0,49,42,-0.14285714285714285,39.029117131675314,,,,,,,,,,,,,,,,,,,,,,False,False
4860,Common Raven,Corvus corax,228,455,True,1061,228,455,0.001996007984031936,315.4840579204322,100.6463006264475,-58.28429123168199,310.05343442310567,-19.4013035999995,109.37117961000007,228.0,455.0,228,455,0.9956140350877193,-65.82564656500992,69.72233406289568,180.89726671437793,437.0514743065067,27.090255189919798,-102.85172859498063,10.858361805292292,71.84428773456362,172.71544870552043,436.4329482970345,60.68483852811102,-126.99347440500011,114.18700726125,118.06563010071713,-47.59174521517442,437.8282025748749,0.0913489981824132,0.8184796543194981,1.1836283643892338,6.275221615718439,88.70521954801947,115.27444195824947,True,True
4870,Chihuahuan Raven,Corvus cryptoleucus,20,20,False,1061,20,20,,45.34292780792036,270.10674876850453,0.08447915264854658,-45.342849110604476,0.0,0.0,20.0,20.0,20,20,0.0,-0.021998285963693753,,,,,,,,,,,,,,,,,,,,,,False,False
4880,American Crow,Corvus brachyrhynchos,975,974,True,1061,974,973,0.5788423153692615,8.046952730460507,278.35235850130675,1.1689035499565208,-7.961602397580832,0.0,13.35031632899995,974.0,973.0,974,973,-0.001026694045174538,1.1645335675980615,7.399129982794546,1.9204404058305176,28.908212188823178,3.4212589023133892,-4.659761669403714,7.910046141968009,11.033172223649661,-28.66134741074691,14.622306441145412,5.051259997509676,-0.1070212956751096,10.058735838374483,13.337541097374425,-15.680062015537612,36.47843377290004,0.005780065840102872,-0.012508836397509018,0.00836259660330156,87.4541292938431,31.288449928860732,339.51060894609043,False,False
4881,unid. American Crow / Fish Crow,Corvus brachyrhynchos / ossifragus,0,32,False,1061,0,32,,,,,,,,0.0,32.0,0,32,,,,,,,,,,,,,,,,,,,,,,,,False,False
4900,Fish Crow,Corvus ossifragus,120,227,True,1061,119,226,0.001996007984031936,152.08290896218773,307.57262075202084,92.73506193505663,-120.53804165616052,127.51196557050022,214.29413667900002,119.0,226.0,119,226,0.8991596638655462,91.90527681081431,30.014659793162128,109.77322827330916,221.86462630595906,29.39874423804247,32.21667263770029,144.05970528717557,43.96706655110914,-213.11483465677665,-41.47190387147512,44.33865875151888,60.958128109724925,209.29611046050042,79.58672882085101,13.150143090000157,276.58582308787516,0.1314202158184054,0.6612395459976105,1.168927507447865,26.536596739162075,278.52662404359637,338.0273854038303,True,True
4910,Clark's Nutcracker,Nucifraga columbiana,24,24,False,1061,24,24,,11.910000493277883,347.45219622449486,11.62553113863828,-2.5874963757329486,0.0,0.0,24.0,24.0,24,24,0.0,11.625023499790986,,,,,,,,,,,,,,,,,,,,,,False,False
4930,European Starling,Sturnus vulgaris,1020,994,True,1061,1019,993,0.08383233532934131,19.889644817994704,130.322487826204,-12.870371704092376,15.164151911151572,-20.78604829349997,-12.952627411499817,1019.0,993.0,1019,993,-0.02551521099116781,-12.886116571741733,8.395063943837414,5.773867868168887,36.727283641102744,6.879756326185949,-25.68269141229161,1.192287369707249,9.65266451654129,-3.7839003334991466,32.09010936618252,21.40559710729392,-68.09445030149992,0.0,23.736398853098812,-77.02766479012493,14.457583907549997,0.007535170552599588,-0.03988521211155862,-0.011789652413966177,33.49690315508831,91.45123152932372,198.07806106088603,False,True
4940,Bobolink,Dolichonyx oryzivorus,427,391,True,1061,427,391,0.059880239520958084,45.26909634662883,279.9326331395112,7.808473084466378,-44.59056886976805,0.0,-16.203713463000152,427.0,391.0,427,391,-0.08430913348946135,7.655931394694283,23.353803413475003,7.260976271711904,94.38277937693111,10.670316336038592,-13.824833206360438,28.100630927694283,24.083546088034833,-92.94834764821026,-0.6156082599695426,29.843009569267068,-79.49097040499959,55.05225531750028,31.04691210453379,-77.65690561965016,45.7868107399501,0.022901884970756365,-0.12225661136464558,-0.035434418945057236,33.195472130235046,192.34802783098417,311.4965530395878,False,False
4950,Brown-headed Cowbird,Molothrus ater,1025,1004,True,1061,1024,1003,0.001996007984031936,69.1260926371488,232.3236650867952,-42.249880681665175,-54.711646526719825,-29.70181906650005,-39.45737895749991,1024.0,1003.0,1024,1003,-0.0205078125,-42.453428943924955,11.466075516124961,46.90923361646283,91.7689689455863,6.563888979724966,-55.41646360012389,-31.333048771283288,12.383115323386116,-80.6324294318142,-29.70023213493044,22.405329669176155,-83.16607634999963,0.0,22.536843328193225,-102.34838417737524,-14.861056077000086,0.007531954752111162,-0.03509115253888145,-0.0049447482408632734,6.892951270014184,216.88709661937494,242.63291795889694,True,True
4970,Yellow-headed Blackbird,Xanthocephalus xanthocephalus,126,114,True,1061,126,114,0.011976047904191617,136.45678740370667,250.33585572896976,-45.918530389108795,-128.49880698062879,0.0,-346.5976282335002,126.0,114.0,126,114,-0.09523809523809523,-47.23980196027455,48.06363385309284,54.67800646253563,232.6380233511497,26.9041360788264,-102.01517855992287,-1.7503140601323373,51.30016909711123,-231.4369277496754,-39.264352653564295,35.97120270681846,-122.32005975000034,41.69103631874958,180.68153204739963,-595.5945457454998,0.0,0.04714093021846666,-0.1795258620689655,-0.008178370442867625,15.172990582230122,213.23768434838667,269.3956697149786,False,True
4980,Red-winged Blackbird,Agelaius phoeniceus,1039,1019,True,1061,1038,1018,0.8263473053892215,3.957521292995316,48.483233873227164,2.6232001779733034,2.9632407277830377,-0.526397129999903,19.19615994450009,1038.0,1018.0,1038,1018,-0.019267822736030827,2.622597596706043,5.0379526400023895,2.3675808796920235,19.9450683466769,4.7352259094236695,-5.09793979076576,12.631736742134112,8.48891297264544,-14.454436577675134,19.226444046411164,12.859607994569616,-43.65693750993806,16.32360113212489,18.243504795635417,0.0,60.58030973872484,0.005021095649920279,-0.029859702376545495,-0.01059433015507555,116.91511603362041,6.508807685159105,351.5195609121473,False,False
5010,Eastern Meadowlark,Sturnella magna,749,636,True,1061,748,635,0.001996007984031936,147.73867631475815,252.3492449209295,-44.79645708906379,-140.78350013941457,-11.177543789999778,-22.40344628550016,748.0,635.0,748,635,-0.15106951871657753,-46.05422352936991,16.444366940030488,112.46594826829204,176.85338863921402,8.9405535297552,-59.11738777451364,-25.77372965505736,15.734544758954412,-168.1319594202771,-107.43055308028075,14.689377248470507,-50.71753118092536,0.3172801991622909,25.822075738758777,-71.60404248900028,23.18751920283748,0.017142002644643793,-0.17872334314640625,-0.10842837101831986,2.996126389880324,247.8676376760401,259.39829751762863,True,True
5011,Western Meadowlark,Sturnella neglecta,390,290,True,1061,390,290,0.001996007984031936,237.57996876923212,267.4008572653455,-10.77378626520641,-237.33555799732363,66.42455714999977,113.5618300529996,390.0,290.0,390,290,-0.2564102564102564,-14.872187667227978,32.233456307825726,179.13567211337835,294.74396523925935,19.653340796284986,-44.53089379071205,28.931789298609115,32.35931505231084,-293.8104479149786,-176.95084627034345,57.7907618573608,16.29551605499975,227.0412165191627,86.021818109023,-82.26389377158799,254.08616088082454,0.023576245377665107,-0.3032992021276596,-0.21389122933718502,4.902861171609012,258.2178381279062,277.7280911718571,False,True
5060,Orchard Oriole,Icterus spurius,476,544,True,1061,475,543,0.001996007984031936,144.11573163885183,29.365323429366526,125.59841030053327,70.67095185279773,-13.815867554999882,69.72383511449995,475.0,543.0,475,543,0.1431578947368421,125.29228376039806,18.688717406921715,115.38675642831546,187.15774722886536,15.221221848729206,98.79682958374772,161.07484817678,19.38764693380949,27.892669165684783,107.79019859250707,55.13020133537795,-94.01937413006237,120.24167619869974,30.617797253535752,16.513054617150058,133.41899479072467,0.028230251542307568,0.09403846651652818,0.19894246227820475,6.3929816397797365,13.010800027911987,40.76916083772529,True,True
5070,Baltimore Oriole,Icterus galbula,651,610,True,1061,651,610,0.5389221556886228,11.88716781748038,273.18936098743177,0.6613557496707011,-11.868755928627008,-17.82686023649997,96.89465583000025,651.0,610.0,651,610,-0.0629800307219662,0.651403285683433,9.993933734776387,2.9240158012601563,38.264466779459354,9.729516764131276,-19.13915386214587,18.295210118493355,12.599995034012736,-37.45627720192438,8.549065047866543,33.445519155261174,-86.50545345540017,38.00263645552471,37.24998834481435,28.81666794825036,155.86630416787438,0.014552291226704837,-0.09801052320895438,-0.037887703900014474,86.77063311654176,12.032157820147717,351.3461948476719,False,False
5080,Bullock's Oriole,Icterus bullockii,129,131,True,1061,129,131,0.2554890219560878,65.00163416678919,314.7881695867617,45.79285064651448,-46.13271370751035,0.0,-75.71831308650003,129.0,131.0,129,131,0.015503875968992248,45.65744741165487,44.02162408894965,13.813083997336634,173.39643229583731,37.80018664343284,-23.01419035507428,123.81675284231329,45.097148032701696,-147.5476753432599,37.40286102499809,91.6698240656484,-178.69370085000017,232.84272390828733,103.3896181041135,-273.999444067125,103.02560954122477,0.052741622838664334,-0.07828847481021395,0.12751673840267816,84.97056688809072,26.489005966866465,349.71548786707393,False,False
5090,Rusty Blackbird,Euphagus carolinus,21,3,False,1061,21,3,,339.630305938958,271.48912432058853,8.8260394871447,-339.5156045591448,0.0,-23.057284005000426,21.0,3.0,21,3,-0.8571428571428571,-0.5366698774425613,,,,,,,,,,,,,,,,,,,,,,False,False
5100,Brewer's Blackbird,Euphagus cyanocephalus,229,214,True,1061,229,214,0.10778443113772455,59.03114798497528,257.8993470216266,-12.374682215628217,-57.719525920491286,0.0,-74.17140160499949,229.0,214.0,229,214,-0.06550218340611354,-12.636670614300218,33.49627628740812,10.837700051308298,137.5877998496026,13.484688248965176,-37.07520919890465,13.071453170107842,38.98089519602224,-135.240288692812,15.106484214200112,24.179494771961558,-49.41394604999983,30.616431299999988,53.813394028461275,-126.95129814149962,115.68038390999982,0.02926300515468068,-0.11425703488764423,0.0,42.61432633200914,84.50740636349406,287.2613285102279,False,False
5110,Common Grackle,Quiscalus quiscula,902,901,True,1061,901,900,0.2215568862275449,14.489564591471453,227.31815368856985,-9.82286392924228,-10.651705322530013,-42.09286724999967,-27.811815412500195,901.0,900.0,901,900,-0.0011098779134295228,-9.830478828582219,7.225039790218858,3.7327023575306075,33.09440538812083,6.223682705224942,-21.522517730084182,2.4792161579501215,9.250178062429885,-29.13528009670429,5.075802100163771,21.387015242011277,-77.59689590204985,0.0,19.73350352881379,-64.24631381700006,1.2133401028873552,0.006368357985830488,-0.013291632059800664,0.012163297254113362,37.29832230257082,145.81506527160104,280.8162693420268,False,True
5120,Great-tailed Grackle,Quiscalus mexicanus,65,92,False,1061,65,92,,268.86339940228345,314.71372554193755,189.16286653205438,-191.0626532410978,361.6307696924997,18.886837693499974,65.0,92.0,65,92,0.4153846153846154,187.2837955623008,,,,,,,,,,,,,,,,,,,,,,False,False
5130,Boat-tailed Grackle,Quiscalus major,19,20,False,1061,19,20,,87.00171984121933,256.0669315173626,-20.948992323373716,-84.44192664763901,-48.168373018499736,0.0,19.0,20.0,19,20,0.05263157894736842,-21.289934417361003,,,,,,,,,,,,,,,,,,,,,,False,False
5140,Evening Grosbeak,Coccothraustes vespertinus,100,69,False,1061,100,69,,556.9423285779278,273.8424047748198,37.322018697510394,-555.6904032661956,248.3885029499998,-38.54400098850057,100.0,69.0,100,69,-0.31,10.356397039075341,,,,,,,,,,,,,,,,,,,,,,False,False
5170,Purple Finch,Haemorhous purpureus,288,262,True,1061,288,262,0.5808383233532934,30.221008966387558,0.9141953881652967,30.217162140432514,0.48217748318329784,59.7521121434995,39.21661954350027,288.0,262.0,288,262,-0.09027777777777778,30.217121763276925,25.83869399128144,16.60223929495268,117.51778707696427,16.13175730790158,1.5749671439757211,62.46506825032618,49.34910321365034,-82.47602724018208,105.60867632471738,64.78046923855597,-18.631313251425084,195.2662814864997,41.33712662053074,0.0,122.18753365717546,0.03133079809509762,-0.1439235940318085,-0.029132674967797274,133.6792495710501,7.139737498502096,354.0867539527652,False,False
5180,Cassin's Finch,Haemorhous cassinii,35,44,False,1061,35,44,,119.26541486177317,107.63705919031429,-36.13579342700356,113.65933140552865,-93.73849694999996,0.0,35.0,44.0,35,44,0.2571428571428571,-37.08550549904872,,,,,,,,,,,,,,,,,,,,,,False,False
5190,House Finch,Haemorhous mexicanus,223,764,True,1061,223,763,0.001996007984031936,441.0299300239778,108.87959155190583,-142.7086443212552,417.30281812245676,32.98625249849979,20.261219012999824,223.0,763.0,223,763,2.42152466367713,-154.46765588041217,81.8346296771514,290.37216742023077,602.0283276223793,34.503925628927306,-207.53023889176438,-67.28438815990948,91.24626759701816,229.09929953892154,588.3801303475309,146.7071723341177,-281.8993067415,210.23561730858762,52.89430258198366,-100.60661513385008,120.21782125736269,0.20097291362967173,2.094025984251968,2.8206388158408626,7.520350294864521,97.92519351363967,126.59195690762908,True,True
5210,Red Crossbill,Loxia curvirostra,45,54,False,1061,45,54,,324.43501595144875,68.48970524541704,118.9600668346179,301.83866895101437,-21.485097899999623,178.9127883584998,45.0,54.0,45,54,0.2,111.35251979251412,,,,,,,,,,,,,,,,,,,,,,False,False
5290,American Goldfinch,Spinus tristis,815,845,True,1061,814,844,0.19560878243512975,23.468644037421896,251.06467027250852,-7.615592164497457,-22.19864880886364,5.763514837499574,-13.577554430999992,814.0,844.0,814,844,0.036855036855036855,-7.650824792772499,13.087413796696376,7.048014038943395,54.678338602395634,7.780740472028713,-23.544788604214524,7.35785760527261,17.696702998184787,-54.50148770146637,12.659555023424295,18.271456574099123,-16.326409639837244,55.643102737425146,21.299289035457548,-59.50144553298767,23.685048442912297,0.01052024161613288,0.01846180489768852,0.05765721543958907,38.33247257488707,137.01372128071546,285.03318820247347,False,False
5300,Lesser Goldfinch,Spinus psaltria,69,74,False,1061,69,74,,21.725962985638226,39.77380503165881,16.698055770926132,13.89936693250318,79.71600684599997,-273.28700936250004,69.0,74.0,69,74,0.07246376811594203,16.68666177901311,,,,,,,,,,,,,,,,,,,,,,False,False
5330,Pine Siskin,Spinus pinus,124,91,False,1061,124,91,,43.9832070426241,12.596330635164577,42.924563373363654,9.59189037470852,9.798503399999602,-19.14581084850032,124.0,91.0,124,91,-0.2661290322580645,42.91650127642928,,,,,,,,,,,,,,,,,,,,,,False,False
5380,Chestnut-collared Longspur,Calcarius ornatus,34,19,False,1061,34,19,,37.029314090481904,265.9960434790771,-2.585585175143297,-36.93893408469769,-80.97553484999959,42.34148815049993,34.0,19.0,34,19,-0.4411764705882353,-2.7009096144796936,,,,,,,,,,,,,,,,,,,,,,False,False
5400,Vesper Sparrow,Pooecetes gramineus,455,304,True,1061,455,304,0.001996007984031936,479.21439864195986,275.41795529398263,45.2475658001881,-477.07347196729864,67.81560660000044,10.939041634500049,455.0,304.0,455,304,-0.33186813186813185,27.77895102476594,44.06164009130051,391.1345128922704,559.7673179328431,15.66011042949369,9.941397432209001,70.99660417371685,43.704658093051236,-557.5224635249817,-389.47102363555496,53.99228297889993,7.972959487499918,199.75928225400025,28.83117750583129,-46.152873853536875,69.11709681712483,0.02584257056411994,-0.3826504651604329,-0.283577790769654,1.7578180441221052,271.2823464080981,278.32397522114246,True,True
5420,Savannah Sparrow,Passerculus sandwichensis,431,412,True,1061,431,412,0.3153692614770459,31.651344006669678,279.59116337922933,5.27364174233493,-31.208913473590314,4.4366805000003255,17.751147561000085,431.0,412.0,431,412,-0.04408352668213457,5.1962633433443495,23.054070281482762,5.782189674609862,85.89744701915653,10.23583556405911,-14.530846955583542,21.14700036759626,28.929239902378526,-85.87546318936708,24.564946775305863,23.736773972368596,-0.007199876250013682,81.32465935125053,26.957075499263293,-38.17665718650031,64.67012355195052,0.02435760842457231,-0.08179080497872067,0.014522395656599985,71.94877196866281,56.23303469179375,329.0787787242821,False,False
5450,Baird's Sparrow,Centronyx bairdii,22,13,False,1061,22,13,,48.124250759178715,208.7000834236615,-42.21196828543206,-23.11045747279771,0.0,-78.94342398599983,22.0,13.0,22,13,-0.4090909090909091,-42.258988682784874,,,,,,,,,,,,,,,,,,,,,,False,False
5460,Grasshopper Sparrow,Ammodramus savannarum,552,396,True,1061,551,395,0.001996007984031936,196.3077650087509,250.36221463503347,-65.97369315999207,-184.88972500807657,65.65341982499993,-88.13210064750031,551.0,395.0,551,395,-0.2831215970961887,-68.2481682876585,33.04510597448204,134.67773784939516,251.90715327987277,18.36737954599221,-102.70179216211415,-31.378167945397756,33.57669968744995,-242.22940716338422,-120.37905053419678,38.29806258280144,-24.759408139199966,120.29534057362541,60.25647331392816,-214.2157781184753,13.710351561637529,0.025066400677614155,-0.3364078908209685,-0.2405736690904592,5.7633903485495575,237.8313892187465,260.802756473667,True,True
5470,Henslow's Sparrow,Centronyx henslowii,56,37,False,1061,56,37,,576.7200807175603,248.79650187652382,-208.58897885262576,-537.6771237500143,-6.5829997485002885,-166.80460913550007,56.0,37.0,56,37,-0.3392857142857143,-228.54205875298473,,,,,,,,,,,,,,,,,,,,,,False,False
5480,LeConte's Sparrow,Ammospiza leconteii,27,37,False,1061,27,37,,170.6395534815777,118.36003757057875,-81.05558980434218,150.1594105404734,0.0,56.05918163999974,27.0,37.0,27,37,0.37037037037037035,-83.16377493018108,,,,,,,,,,,,,,,,,,,,,,False,False
5520,Lark Sparrow,Chondestes grammacus,255,274,True,1061,255,274,0.015968063872255488,97.89921849962276,12.856601050906647,95.44488669381587,21.783722979360753,24.42879649350033,57.18297390750004,255.0,274.0,255,274,0.07450980392156863,95.4151660689069,22.47104477505469,65.83872399808268,143.76391222913537,22.776332685291685,50.40655014185185,135.6687105541633,39.18538974647371,-48.29643521718055,101.46638292058071,64.46351875180544,0.0,207.9104503541627,40.77808946059831,0.0,123.83698332993752,0.04242164536396696,-0.011506288388417664,0.1557705806057832,145.2599845629364,1.4926925324475107,357.42908323832324,True,True
5540,White-crowned Sparrow,Zonotrichia leucophrys,37,36,False,1061,37,36,,54.37328144897885,242.02022298189775,-25.5097627690644,-48.01776482715458,-384.90927615000015,0.0,37.0,36.0,37,36,-0.02702702702702703,-25.689564919249136,,,,,,,,,,,,,,,,,,,,,,False,False
5580,White-throated Sparrow,Zonotrichia albicollis,194,166,True,1061,194,166,0.001996007984031936,126.96034646131474,309.76168539111507,81.20330345633494,-97.5958661079221,58.394054250000394,16.293870369000548,194.0,166.0,194,166,-0.14432989690721648,80.41839234278963,35.89553301956033,68.56540104515742,210.000341178605,17.51445955146943,48.85144361096096,118.38769230236616,35.127181848550855,-176.93145162236573,-31.543792238720698,100.12698236001931,0.0,306.61687665,25.570878760280202,0.0,93.08750276463695,0.03192389153253277,-0.21109804340853203,-0.08618587047939445,8.106651512318749,299.5476014989525,333.9544365067597,True,True
5600,Chipping Sparrow,Spizella passerina,822,863,True,1061,821,862,0.40119760479041916,19.089909315041197,242.88898594848277,-8.69957760450843,-16.99240969255485,4.180287069000101,18.082953440999848,821.0,862.0,821,862,0.049939098660170524,-8.719957602496416,13.182315789378565,4.525776305768273,56.88468621604582,8.571502829943881,-26.211353746977185,6.690708038820169,18.160799280453606,-56.65958586463325,15.932262470925389,24.412291964170812,-56.565157252274815,46.28384015849985,28.6747786270609,-11.825466213487845,99.7582831819871,0.012867280356883525,0.02272322392571799,0.07588490816593724,50.60097487045363,109.64446130205623,283.077630880171,False,False
5610,Clay-colored Sparrow,Spizella pallida,114,134,True,1061,114,134,0.8802395209580839,15.212790880548155,134.17421822354805,-10.600918302443972,10.910982426903525,-97.2511470000001,-33.41098403999991,114.0,134.0,114,134,0.17543859649122806,-10.611157373229167,32.008019339800754,6.1000245390937335,129.4493471130802,18.51411679923582,-41.18074566717252,33.854271412135226,52.53577349438066,-88.94202669743659,119.08317012319216,45.063167055294585,-139.99672889999994,4.139956642500553,47.83902087456827,-106.02428794650024,18.425474905162403,0.05213653009765445,0.07491071428571429,0.2815710147196993,80.75579435135751,71.9134898355727,317.3098437674384,False,False
5620,Brewer's Sparrow,Spizella breweri,55,54,False,1061,55,54,,94.83832032126892,90.20781434576838,-0.3439820602129261,94.83769650145379,-1.3479836264998935,-53.76900942000001,55.0,54.0,55,54,-0.01818181818181818,-0.9871508766571379,,,,,,,,,,,,,,,,,,,,,,False,False
5630,Field Sparrow,Spizella pusilla,686,612,True,1061,685,611,0.001996007984031936,47.74054860894992,235.59816817417192,-26.973094072642784,-39.39050872522304,-39.4442023499996,9.681982159500034,685.0,611.0,685,611,-0.10802919708029197,-27.074106548482664,16.28327413491177,20.664997906044913,80.61621070614392,10.03204678952066,-44.94951762507971,-9.074359383759148,17.148018369852213,-72.71502541207946,-10.641555117364588,18.8782846164175,-80.10824276069965,-2.9069736648750912,28.655986269575738,-8.20448888253769,91.92265452326205,0.014709571902652614,-0.13776467394582856,-0.07766556219524547,16.735888376989177,202.2638696828887,258.3864929269474,True,True
5670,(Slate-colored Junco) Dark-eyed Junco,Junco hyemalis hyemalis,143,146,True,1061,143,146,0.06387225548902195,86.05208924653905,164.85628685531378,-83.0638100642441,22.48033632545349,-43.98763004999984,-230.07304076399993,143.0,146.0,143,146,0.02097902097902098,-83.1024813036986,30.258183804078723,45.30712685713793,156.32445964134126,25.79289849070464,-132.3707170930287,-33.82884342497715,43.52712043464907,-67.83201482836206,108.16832097767455,100.99576595967686,-264.59589696750004,169.80912722418688,128.37049370950731,-326.44664794349956,76.10090172300029,0.05346890446813834,-0.08726837195559495,0.11950385408750414,27.407630095704796,131.57274444525953,227.80367570398144,True,True
5671,(Oregon Junco) Dark-eyed Junco,Junco hyemalis oreganus,77,72,False,1061,77,72,,38.254795130359845,237.45823977846936,-20.577796534382593,-32.24877734512357,0.0,0.0,77.0,72.0,77,72,-0.06493506493506493,-20.65580824234243,,,,,,,,,,,,,,,,,,,,,,False,False
5730,Black-throated Sparrow,Amphispiza bilineata,35,31,False,1061,35,31,,124.65146441264172,281.93651968060135,25.78139239021799,-121.95616994083446,0.0,18.886837693499974,35.0,31.0,35,31,-0.11428571428571428,25.019606315942305,,,,,,,,,,,,,,,,,,,,,,False,False
5750,Bachman's Sparrow,Peucaea aestivalis,48,25,False,1061,48,25,,140.56323304262506,115.84811038807965,-61.28373240653705,126.50030286809309,-139.18501651949998,33.53562251549992,48.0,25.0,48,25,-0.4791666666666667,-62.044843416463095,,,,,,,,,,,,,,,,,,,,,,False,False
5780,Cassin's Sparrow,Peucaea cassinii,54,61,False,1061,54,61,,9.314137685853096,309.3467169515274,5.905271559852515,-7.202841705564958,-2.90407981499992,18.886837693499974,54.0,61.0,54,61,0.12962962962962962,5.902598226663503,,,,,,,,,,,,,,,,,,,,,,False,False
5800,Rufous-crowned Sparrow,Aimophila ruficeps,26,30,False,1061,26,30,,361.8675194639789,289.2842781383161,119.50870345263031,-341.56371505487,140.01663280499946,0.0,26.0,30.0,26,30,0.15384615384615385,113.38667170716099,,,,,,,,,,,,,,,,,,,,,,False,False
5810,Song Sparrow,Melospiza melodia,726,756,True,1061,725,755,0.05389221556886228,31.50289953079939,227.69685540007399,-21.20312438130057,-23.299360405786633,-8.346218863499944,-48.44310250499933,725.0,755.0,725,755,0.041379310344827586,-21.24336424555013,10.626308488205169,16.032353229593422,55.999840263652665,6.81808939609752,-33.26169113890227,-8.020894709972136,16.27561718823786,-52.1718727430568,10.73069824899954,21.245412917307895,-70.59723625710006,0.0,29.6401198116412,-98.7572943944995,1.204944880387172,0.01251382805673939,0.014730645175781426,0.06295323173935892,27.17855057119206,158.0710701583418,257.7025319529794,True,True
5830,Lincoln's Sparrow,Melospiza lincolnii,57,69,False,1061,57,69,,503.260941772885,271.0873764201754,9.550463165699913,-503.17031328115115,28.364732550000298,20.219142824999945,57.0,69.0,57,69,0.21052631578947367,-13.450243177748122,,,,,,,,,,,,,,,,,,,,,,False,False
5840,Swamp Sparrow,Melospiza georgiana,240,268,True,1061,240,268,0.003992015968063872,123.63645453944274,295.51960977509026,53.265055618866796,-111.57422077255443,167.42519955000014,-11.215094341499308,240.0,268.0,240,268,0.11666666666666667,52.29628112604023,32.992905338378186,70.94608969385206,188.17655659020184,18.388338684806307,21.32704124809243,89.32375067575333,31.14095985198947,-168.14930378683988,-58.54594420490713,93.85374696280782,38.412799784099846,410.52086108617533,37.97140156701806,-90.75680636084991,72.68828074908775,0.052666731876613256,0.03158111248706509,0.23781889437389309,7.03201166505397,281.95607795612614,309.0015990602786,True,True
5850,Fox Sparrow,Passerella iliaca,22,25,False,1061,22,25,,357.3253889933511,93.71996514038204,-23.18328390330835,356.57252974213856,-107.48108699999996,-65.46494430000016,22.0,25.0,22,25,0.13636363636363635,-32.79834388605648,,,,,,,,,,,,,,,,,,,,,,False,False
5870,Eastern Towhee,Pipilo erythrophthalmus,598,578,True,1061,597,577,0.001996007984031936,84.2487594323228,235.3512677708169,-47.8990970451147,-69.30750297152599,-80.34972938999942,-14.52715973099999,597.0,577.0,597,577,-0.03350083752093802,-48.20835110674571,12.495736130547707,60.88667154867719,107.18767913872298,8.764094537191008,-64.42700511863765,-31.669287366136214,13.226182132291987,-94.50708864614663,-47.45056029632865,24.79449795223046,-117.89557456162557,-20.848800913762613,18.464035516266364,-64.34249026432505,0.0,0.015945616788652334,-0.06661164557951513,-0.003574767211672399,6.752530028353965,221.58699150682196,246.92217246281234,True,True
5880,Spotted Towhee,Pipilo maculatus,94,121,False,1061,94,121,,35.15091568074608,83.68073522470559,3.8690088476710978,34.937338818684566,-33.11609490000017,75.02812572150005,94.0,121.0,94,121,0.2872340425531915,3.7815710257599764,,,,,,,,,,,,,,,,,,,,,,False,False
5900,Green-tailed Towhee,Pipilo chlorurus,35,36,False,1061,35,36,,73.02471543939286,78.60806264925486,14.423797605057565,71.58605400252648,0.0,-53.76900942000001,35.0,36.0,35,36,0.02857142857142857,14.0764378219697,,,,,,,,,,,,,,,,,,,,,,False,False
5910,Canyon Towhee,Melozone fusca,18,21,False,1061,18,21,,45.07365456923555,266.1879240079103,-2.99668592702031,-44.97392811042379,-133.93037447999936,81.29003878799982,18.0,21.0,18,21,0.16666666666666666,-3.0963121532292015,,,,,,,,,,,,,,,,,,,,,,False,False
5911,California Towhee,Melozone crissalis,32,32,False,1061,32,32,,2.9357662198995538,159.0465285126478,-2.7416273481685054,1.0498584579255648,0.0,0.0,32.0,32.0,32,32,0.0,-2.741693635782951,,,,,,,,,,,,,,,,,,,,,,False,False
5930,Northern Cardinal,Cardinalis cardinalis,709,778,True,1061,708,777,0.001996007984031936,65.8453271342772,26.470056638263088,58.9425920661426,29.349240977311226,96.3814130685,18.9264675915001,708.0,777.0,708,777,0.09745762711864407,58.88806043235377,10.752993991453787,44.8995745922121,87.8465433876253,7.817354427139578,43.38177131243094,72.41853767284324,11.554893897056843,5.31791613604004,54.12277504060465,25.243829526794098,47.956173206287374,136.71033287624985,14.295438820943431,0.0,41.80813299337523,0.01213657886184262,0.07502739307718562,0.12024911745999224,24.649904572304212,8.574561943561523,38.659619933951184,True,True
5940,Pyrrhuloxia,Cardinalis sinuatus,23,27,False,1061,23,27,,29.469997057575963,346.11571018125306,28.608951945030785,-7.0716755567867375,36.15909062849984,0.0,23.0,27.0,23,27,0.17391304347826086,28.60666286082459,,,,,,,,,,,,,,,,,,,,,,False,False
5950,Rose-breasted Grosbeak,Pheucticus ludovicianus,441,465,True,1061,441,465,0.001996007984031936,45.34018739280502,231.58294394824696,-28.173533066180013,-35.524422970451425,-12.931166776500273,-25.40105221499995,441.0,465.0,441,465,0.05442176870748299,-28.268090004218443,12.752180517025364,23.712628898944246,72.43493551189539,9.382100003027634,-45.00883350288492,-12.019844707203454,16.03992160169291,-65.9044375943911,-7.082951624600645,38.55576705159517,-115.57845367739998,26.28281216373748,18.598918590637115,-62.099806092975044,13.520377962000236,0.02051709873061436,0.013478661650763597,0.09450315474395969,17.847388318712834,192.6564755250283,256.08194192822197,True,True
5960,Black-headed Grosbeak,Pheucticus melanocephalus,97,110,False,1061,97,110,,85.17631849456174,337.098394874497,78.46225294209837,-33.146343622444924,93.30498100350067,-13.650086929500638,97.0,110.0,97,110,0.13402061855670103,78.38528845045951,,,,,,,,,,,,,,,,,,,,,,False,False
5970,Blue Grosbeak,Passerina caerulea,358,430,True,1061,357,429,0.005988023952095809,69.57372564522592,313.897453305634,48.24032026299794,-50.13356960241867,-2.287181074500334,-27.317197813499934,357.0,429.0,357,429,0.20168067226890757,48.09597626844254,18.094063395731254,41.49084762949636,106.65166490148758,12.22574527099315,27.238066014261168,72.84378789003631,22.434927677432874,-90.24057744738545,-13.380376057907768,50.618318384979126,-94.8006101849624,106.00785860726306,23.698725557442348,-54.23847276408729,40.5885662484749,0.029506752150275335,0.14967081283032624,0.2598941520906839,39.656591794995094,290.0403121543177,341.3091580624986,True,True
5980,Indigo Bunting,Passerina cyanea,738,751,True,1061,737,750,0.564870259481038,8.995971717052,302.19463161178015,4.793026641947026,-7.6127789107254085,0.0,18.68651990100007,737.0,750.0,737,750,0.017639077340569877,4.789219398371942,6.844187788984491,2.0307671557002087,28.096910120109325,7.0648047504152105,-7.692268395173035,18.556034239879402,10.96719823810441,-26.43209675793858,15.921881224773674,13.471256974642307,-30.905463243375,29.568051481499626,20.78994967795895,-15.168579748875151,63.33558534686265,0.00980905103007152,-0.0026026951325022673,0.03637291280148423,117.44605696214762,8.780326538067532,353.6922567141396,False,False
5990,Lazuli Bunting,Passerina amoena,69,87,False,1061,69,87,,97.62436538215432,241.03914446239122,-47.27088600638381,-85.41650924990928,-19.4013035999995,0.0,69.0,87.0,69,87,0.2608695652173913,-47.801569340804065,,,,,,,,,,,,,,,,,,,,,,False,False
6010,Painted Bunting,Passerina ciris,98,112,False,1061,98,112,,68.55744952002401,13.726516010066632,66.59940826050689,16.267842636347538,43.34486735249982,51.28535790000009,98.0,112.0,98,112,0.14285714285714285,66.58604173195185,,,,,,,,,,,,,,,,,,,,,,False,False
6040,Dickcissel,Spiza americana,373,390,True,1061,373,390,0.3013972055888224,22.414636890148213,298.0009119530069,10.523349613048508,-19.79078219370687,27.661201784999637,0.0,373.0,390.0,373,390,0.045576407506702415,10.498446544269287,12.265130811132057,3.144693487710618,53.02811566628649,14.288275024415222,-15.278678439548539,39.55573972361897,14.06374329383084,-49.03556474906955,7.1938890594734595,32.87073386389208,-0.03423082477500247,127.75900305419975,34.8417429556131,-73.48537682482504,98.43157171496256,0.024297551061701353,-0.007833926111716452,0.09411764705882356,76.898496332035,12.134094460766303,352.44014406614747,False,False
6050,Lark Bunting,Calamospiza melanocorys,78,51,False,1061,78,51,,135.86524724767017,229.1065812894973,-88.9447259630863,-102.70443580012515,-6.925335794999855,-241.24533615,78.0,51.0,78,51,-0.34615384615384615,-89.69823055163366,,,,,,,,,,,,,,,,,,,,,,False,False
6070,Western Tanager,Piranga ludoviciana,88,98,False,1061,88,98,,42.586654785245,93.3205193483351,-2.466685463465982,42.515157633742305,0.0,0.0,88.0,98.0,88,98,0.11363636363636363,-2.599746867663554,,,,,,,,,,,,,,,,,,,,,,False,False
6080,Scarlet Tanager,Piranga olivacea,459,481,True,1061,458,480,0.001996007984031936,61.727277976049194,227.27365502661152,-41.881804819081204,-45.34502477040711,-51.601340731499434,-68.09770831500006,458.0,480.0,458,480,0.048034934497816595,-42.02350351163271,16.061853765332593,30.650781774614124,93.10616908563085,12.621683832006472,-64.33830699744723,-18.24866245172122,15.009320579981614,-73.39109470248124,-18.69010559269341,22.335874793220693,-85.52063325487445,0.0,30.957621506497752,-118.63082175446283,-6.395845220100062,0.02054485483827049,0.006435051882436029,0.09413437412879844,11.098056469463714,204.1792111727388,245.92787090513718,True,True
6100,Summer Tanager,Piranga rubra,297,312,True,1061,296,311,0.001996007984031936,99.6968162111542,275.7030134548781,9.90708042147374,-99.20335135550164,-5.985426698999789,10.877250573000092,296.0,311.0,296,311,0.05067567567567568,9.36081691772875,21.296501307550823,65.57772414752978,144.5435908471245,12.195883238783285,-12.306645514091292,35.27201552184271,21.48433700488256,-140.91861252590422,-63.341989019221316,17.22406583213845,-19.920843612337382,39.3874853943376,26.51284076722784,-37.09025868555001,73.08104233814996,0.0270006635931106,0.006749650135572466,0.10543212997977311,7.109703011792262,263.35020328483125,290.9420842204171,False,True
6110,Purple Martin,Progne subis,591,473,True,1061,590,472,0.001996007984031936,197.41656741719115,220.1746031414177,-150.84245719279673,-127.35719139030061,-53.711188019999824,-55.63174806000004,590.0,472.0,590,472,-0.2,-151.83795042006506,21.36343816780533,155.69124869218442,239.35065722147456,20.978663779250265,-191.63737820627728,-103.5380589364983,27.68422714793089,-175.86684302582458,-74.87379581460613,44.80163577274882,-159.6876534988877,37.129180827375414,31.404368963177706,-129.50600743631244,-11.573976203999845,0.02407342539698069,-0.24694484437131498,-0.14767129164573917,8.037896376216837,205.6911953200229,234.62674923746903,True,True
6120,Cliff Swallow,Petrochelidon pyrrhonota,459,582,True,1061,459,582,0.001996007984031936,318.730724109913,202.50593124500176,-294.4561641982658,-122.00345018594109,-128.68973189099958,-109.02944401650001,459.0,582.0,459,582,0.2679738562091503,-295.5129390918032,28.206046488464366,266.74187366439133,373.84504614610677,20.9349752659179,-331.224614749452,-250.6160105062988,46.596021061044006,-213.72202765057276,-32.916202498387364,35.56875340594157,-194.8704656487748,-51.42199626191203,67.9755623186803,-224.15951886772532,0.03247060792501243,0.04594822943629762,0.17889542907842204,0.34889414414414416,7.69077776108254,186.82910159847597,216.55173760617592,True,True
6121,Cave Swallow,Petrochelidon fulva,1,32,False,1061,1,32,,489.2606956747072,90.70090247583863,-5.985004182578394,489.22408777270255,402.4552689359999,-417.2927183144999,1.0,32.0,1,32,31.0,-16.932354054455644,,,,,,,,,,,,,,,,,,,,,,False,False
6130,Barn Swallow,Hirundo rustica,998,999,True,1061,997,998,0.001996007984031936,53.07003267218559,169.7768894899582,-52.22749813963202,9.418959916125543,-25.58722600349969,-80.77538385000005,997.0,998.0,997,998,0.0010030090270812437,-52.23354998618022,8.296856789857546,39.53857553900488,71.57945560395709,7.647311068765831,-67.13446140607458,-38.72352619368496,12.924678925618963,-20.816293512690628,31.826805049070828,20.505806295153295,-79.5599985930746,-3.0140841945380545,28.080197692212753,-130.2892191483755,-20.257541516362338,0.007915383526313801,-0.014978475695059805,0.014016486244308825,13.18569983315126,148.52780531825573,200.22288951370945,True,True
6140,Tree Swallow,Tachycineta bicolor,476,712,True,1061,476,711,0.001996007984031936,208.83219670182507,168.60178193333968,-204.71346640708882,41.270849893156765,-123.0150284999997,-252.56220727499962,476.0,711.0,476,711,0.49369747899159666,-204.84269700699807,19.650596394661083,174.51534100851458,251.42716984948606,16.011860169243615,-237.85435214955703,-174.36894132572814,36.52421218001196,-27.776161566873647,107.40468645625171,53.14709046821598,-244.10541054374954,-52.381740600000064,43.90862564274968,-331.5720599879624,-161.2669861065378,0.04452281989746336,0.4162029746626144,0.5938282989977729,9.38875238705004,152.7057510915395,188.1803792478303,True,True
6150,Violet-green Swallow,Tachycineta thalassina,84,87,False,1061,84,87,,56.67350010623839,59.34621519591997,28.89493805310003,48.754160532197815,-25.921778399999948,-65.08206655650007,84.0,87.0,84,87,0.03571428571428571,28.72299620978105,,,,,,,,,,,,,,,,,,,,,,False,False
6160,Bank Swallow,Riparia riparia,335,181,True,1061,335,181,0.001996007984031936,379.67163458464654,266.67754687882444,-22.003965871241196,-379.03347555870926,-23.713445699999802,-33.89587207649984,335.0,181.0,335,181,-0.4597014925373134,-33.22435493397366,77.34137153946514,251.53840509334506,531.2563768452628,29.891477699598003,-80.98080530254211,33.30261710985795,78.17118737115918,-531.2555124957853,-248.4122443000987,71.98289068579304,-196.32490987016254,106.94420779533779,75.21133448014291,-223.2924708514499,90.5992138571629,0.03670606303768224,-0.5215209038812191,-0.3858542510121457,5.112973829421636,253.43404133085653,274.7797836576922,False,True
6170,Northern Rough-winged Swallow,Stelgidopteryx serripennis,649,599,True,1061,649,599,0.013972055888223553,73.0499566333362,110.79174910409324,-25.93071396083665,68.29270998879434,-35.20143481050018,5.7355937730003825,649.0,599.0,649,599,-0.07704160246533127,-26.241885852167044,26.557875286415708,28.847218273983692,133.40094873243464,16.762314418562916,-60.74615333366261,5.907884623978186,30.20342130591202,0.7013775913698633,126.74889908261723,46.72800933152848,-149.56578975712483,31.647078295875374,30.63900285836412,-29.130488314987506,93.37339928699986,0.027101030390865307,-0.13657541506739265,-0.028533894449499535,21.695707873101497,85.54689494821685,177.9297141416848,False,True
6190,Cedar Waxwing,Bombycilla cedrorum,483,689,True,1061,483,688,0.001996007984031936,158.4805649853964,230.11740538817176,-101.62036136354372,-121.61164267632125,-16.295627249999747,-203.76682789049988,483.0,688.0,483,688,0.4244306418219462,-102.7243490476348,21.00051025890076,120.09135987392108,205.2743244411071,13.775082408787446,-127.89118525367451,-76.60581709933257,29.406420665486433,-178.63583549041104,-63.23869263191372,35.36634428421534,-107.1208744113373,26.07389315999999,38.57643052724649,-263.85603712807506,-119.092862276325,0.03757777061858794,0.36028637770897837,0.5087531273945918,8.951028624139846,211.72171961727602,244.94544165751876,True,True
6220,Loggerhead Shrike,Lanius ludovicianus,415,221,True,1061,415,221,0.001996007984031936,297.8818360001409,264.9373721145518,-26.286461628728546,-296.71975019175284,182.87054087399952,-127.6795920330001,415.0,221.0,415,221,-0.4674698795180723,-31.4914255765595,46.49905213161559,215.76163541625547,392.3701573624062,34.05972490066459,-88.42018414143342,35.30584374286034,47.85230059311512,-387.8013812352978,-204.85434823959693,107.2464323241585,17.437092850799598,464.96703777063794,50.89329732234468,-254.82932098785014,-66.2069299098374,0.027515323896388773,-0.5211207222180253,-0.41960282077824307,7.077002039181877,250.16214746601798,277.38028306403623,False,True
6240,Red-eyed Vireo,Vireo olivaceus,761,792,True,1061,760,791,0.05389221556886228,33.94704196988907,208.7436988512524,-29.764075492926292,-16.324872696495817,-27.47072474999938,0.0,760.0,791.0,760,791,0.04078947368421053,-29.782266016102064,8.696186918101658,23.448797708201766,54.894031593819825,8.199050159128378,-46.965377485221815,-12.2343094601627,16.170025699681247,-47.2003723459496,14.54580299777839,29.392401095071364,-105.04939690350008,-1.4208955779372583,18.115610028131496,-41.100611439824995,42.87601363500001,0.013556128072705466,0.015806664671462037,0.0666358227136432,24.611825228588124,154.84831803731007,249.49765996834654,True,True
6260,Philadelphia Vireo,Vireo philadelphicus,16,23,False,1061,16,23,,306.8634306706236,304.2429273784162,172.67293888331852,-253.6714829466299,445.73516504999975,40.158074250000226,16.0,23.0,16,23,0.4375,167.03350114878967,,,,,,,,,,,,,,,,,,,,,,False,False
6270,Warbling Vireo,Vireo gilvus,581,630,True,1061,581,630,0.249500998003992,27.99168828883991,120.2531786230075,-14.102825568099986,24.17943184310423,-21.14706509999978,11.443344317999323,581.0,630.0,581,630,0.08433734939759036,-14.14596269597053,17.669351450927948,5.591990941666227,73.30440973936734,10.39990601283761,-34.94897192239159,4.45413885618643,23.387082377194076,-19.255206731184067,70.74507502395753,34.20321788035803,-128.24498719541234,0.0,25.305768953306362,-40.807914231261876,60.94708477830035,0.022706580885795333,0.04172950398457823,0.13084529117180577,49.07618274544503,72.46179171231593,262.72232190200134,False,False
6280,Yellow-throated Vireo,Vireo flavifrons,409,474,True,1061,408,473,0.001996007984031936,137.7853532607001,251.65932346326636,-43.35642265760268,-130.78617735644406,0.10341135000043056,10.03012258499988,408.0,473.0,408,473,0.15931372549019607,-44.44712807628235,18.722387704625486,103.17194725637907,171.17711805285919,16.189049133132645,-74.3634627893353,-11.25012639785073,19.26650754483496,-166.58943691981676,-89.919248364208,24.43094432704612,-41.68266917298753,61.09170805316252,29.149838504024995,-82.5674372184376,35.5265264584123,0.03856500813681127,0.0915498357064622,0.23401506771791278,7.0999868918257425,237.5748719048463,265.07320965927795,True,True
6290,Blue-headed Vireo,Vireo solitarius,144,228,True,1061,144,228,0.003992015968063872,106.00068024327581,262.70559822515986,-13.458661774672466,-105.14280115762644,27.08154224999989,-7.917439823999928,144.0,228.0,144,228,0.5833333333333334,-14.284604660933999,34.15606880207712,47.48850048876405,186.53635679924702,23.474806848348614,-55.12461089430858,34.859749355873774,35.82161016503871,-186.41921029955114,-38.51381731023588,42.779753628847146,-7.41991836757516,153.2645996962498,92.27540261068927,-255.72853410378735,137.95377429960018,0.0974760003851624,0.43182897139379184,0.7837925373134329,14.898145241139428,223.97319051004177,286.1603795442031,False,True
6291,Cassin's Vireo,Vireo cassinii,51,53,False,1061,51,53,,30.21841015969096,39.206374131244786,23.415465518893264,19.101525779707615,0.0,4.519365102000308,51.0,53.0,51,53,0.0392156862745098,23.387995159660022,,,,,,,,,,,,,,,,,,,,,,False,False
6310,White-eyed Vireo,Vireo griseus,329,352,True,1061,328,351,0.001996007984031936,149.2574826093325,253.1035442417841,-43.38064338499259,-142.81427062580016,0.0,-53.26577420850017,328.0,351.0,328,351,0.0701219512195122,-44.52478770850976,25.504910192212222,100.93196060030722,206.59471314072672,13.04614303498818,-67.21878380878903,-18.9724826912996,23.674210688237384,-197.16713587128027,-98.53156520733921,18.367830660115615,-36.05310205638771,40.72422359250011,35.53090226524175,-123.75850801466248,0.0,0.029514375741423994,0.012305810397553517,0.12654320987654322,3.5727243008284226,247.09569659252324,260.87923620729435,True,True
6320,Hutton's Vireo,Vireo huttoni,26,34,False,1061,26,34,,90.5284499434827,349.1918298475014,88.92252239817009,-16.976020131838663,10.028565854999464,-52.12257841350067,26.0,34.0,26,34,0.3076923076923077,88.90318217114732,,,,,,,,,,,,,,,,,,,,,,False,False
6330,Bell's Vireo,Vireo bellii,102,127,True,1061,102,127,0.5588822355289421,36.366751460722114,352.582379701228,36.06241654451351,-4.694968027146944,1.412954864999879,40.54615591949989,102.0,127.0,102,127,0.24509803921568626,36.061084846686946,26.918239986358323,11.664185089070097,112.40858821365602,38.30078956500199,-47.75168199073804,95.45788514785889,32.48602578335379,-67.30759285363877,59.16533286284995,76.47899380657945,-179.01196178906295,111.84466874096258,116.32250173853751,-111.28853250821219,384.94014554992503,0.10285050569271892,0.06164856406480119,0.4617469879518073,135.78913409021973,4.451310334931185,355.0229710958727,False,False
6360,Black-and-white Warbler,Mniotilta varia,342,364,True,1061,341,363,0.001996007984031936,106.0309015596023,267.83133091814375,-4.012355505524701,-105.95495783038828,51.49558316700003,-44.41566408299984,341.0,363.0,341,363,0.06451612903225806,-4.8021464287872835,24.499878499884584,58.72096942897101,157.52671416501576,20.649871016353405,-47.186689610200816,34.77504731314098,24.50419883289766,-154.87365165386908,-56.55526346400075,39.27261457292724,0.0,141.96450761876252,42.544847778974756,-129.54629977852434,35.76289756173701,0.03538254558148213,0.002939280296645879,0.14011081335870537,11.452789591623448,248.311225704271,292.8151578565621,False,True
6370,Prothonotary Warbler,Protonotaria citrea,131,112,True,1061,130,111,0.003992015968063872,124.20026667370759,357.278261685328,124.06016015805403,-5.897703229059827,43.99341219000025,51.31633682699986,130.0,111.0,130,111,-0.14615384615384616,124.05815263115397,27.202170189844303,78.16420784156676,182.66315775468976,26.577096752301536,77.07110746365936,181.97186206450294,36.7512593161832,-80.8104188622654,68.57969323633557,36.35511716026239,-16.845924911288066,112.45990428225042,36.80053218061803,0.0,130.32916873199977,0.0632364591623355,-0.2524212893553223,-0.02348604151753755,167.4769310923154,1.0764771252268788,359.3076282421497,True,True
6380,Swainson's Warbler,Limnothlypis swainsonii,18,45,False,1061,18,45,,73.89209567571216,95.70302479130885,-7.342826105775045,73.52635383404339,-178.94370056849996,-4.062731714999906,18.0,45.0,18,45,1.5,-7.622742669079658,,,,,,,,,,,,,,,,,,,,,,False,False
6390,Worm-eating Warbler,Helmitheros vermivorum,90,122,False,1061,90,122,,56.57063630067935,61.97601413524859,26.579212930623676,49.937784606971775,-1.754501426999701,198.63442251450005,90.0,122.0,90,122,0.35555555555555557,26.42531842539127,,,,,,,,,,,,,,,,,,,,,,False,False
6410,Blue-winged Warbler,Vermivora cyanoptera,130,155,True,1061,130,155,0.005988023952095809,136.59831316804184,339.1487986392985,127.65221208614139,-48.62110560105777,110.17256197500018,252.6835654979996,130.0,155.0,130,155,0.19230769230769232,127.49106649609273,26.432183257276094,94.67339870779631,201.84388106237145,26.041365059925223,82.82491649192451,184.67209663430097,41.8785629045841,-123.74973185980764,37.66659926193227,37.74019652692142,60.1924143208501,214.4071897474506,84.79575333800719,42.74373912086244,349.11079007253744,0.0884014029685703,0.04792900777489818,0.3846491228070176,105.42522487282862,2.2025186723788237,358.5681265733351,True,True
6420,Golden-winged Warbler,Vermivora chrysoptera,93,40,False,1061,93,40,,583.3001633774732,307.2969582130398,353.4484990040578,-464.018576296214,40.44311151300019,279.72747935999985,93.0,40.0,93,40,-0.5698924731182796,337.0419858081429,,,,,,,,,,,,,,,,,,,,,,False,False
6450,Nashville Warbler,Leiothlypis ruficapilla,186,162,True,1061,186,162,0.0499001996007984,142.44534573394296,290.6656533319463,50.27095912828507,-133.2798078839583,60.85591154999963,-0.6967478700004066,186.0,162.0,186,162,-0.12903225806451613,48.80070649237395,67.15112449071702,34.87260912250817,288.5737079115535,17.84731929728165,17.843516746469138,89.62847265842359,72.19419489145888,-274.61759036104735,3.2086561911456353,52.580358933568434,0.0,192.3040505783245,33.10519617197313,-71.60028604391287,32.48892229747543,0.038354505496499235,-0.20638371290545202,-0.05522282500166411,49.83794297095946,50.63697938694512,326.8841311349903,True,True
6460,Orange-crowned Warbler,Leiothlypis celata,65,67,False,1061,65,67,,42.76896059046656,31.932071216347538,36.29698022655406,22.621079028685298,164.45851695000025,84.66409538999964,65.0,67.0,65,67,0.03076923076923077,36.25825813679382,,,,,,,,,,,,,,,,,,,,,,False,False
6470,Tennessee Warbler,Leiothlypis peregrina,55,38,False,1061,55,38,,613.2618020132603,291.1719040532099,221.490137438735,-571.8672545494466,3.254677649999644,126.88906229999999,55.0,38.0,55,38,-0.3090909090909091,190.99405565033976,,,,,,,,,,,,,,,,,,,,,,False,False
6480,Northern Parula,Setophaga americana,260,433,True,1061,259,432,0.001996007984031936,84.43593132171088,312.7748425389062,57.34205134634657,-61.978348199654604,2.4937702650000464,47.63543762250006,259.0,432.0,259,432,0.667953667953668,57.0999490163945,18.239687681389807,60.01816008254788,128.9379451588162,24.713205695243282,12.827911032973502,106.10043984322346,27.307124264360148,-110.62458743941173,-5.712511411411966,27.75959632088054,-35.34992906130034,71.24336899706269,28.322933507029504,0.0,108.16976322495015,0.07025075885460491,0.527615193026152,0.820460729746444,37.02276902298054,276.6793855237491,354.0982298045212,True,True
6500,Cape May Warbler,Setophaga tigrina,37,34,False,1061,37,34,,373.44050813244166,286.40770633434425,105.48592066243069,-358.232513399071,63.91377405000001,62.858911563000525,37.0,34.0,37,34,-0.08108108108108109,94.54225630400322,,,,,,,,,,,,,,,,,,,,,,False,False
6520,Yellow Warbler,Setophaga petechia,701,679,True,1061,701,679,0.001996007984031936,71.39267001631897,300.27975911065414,35.997796301009515,-61.65283443224679,12.75295454999955,144.14277902849975,701.0,679.0,701,679,-0.03138373751783167,35.712210007141245,18.577804244568174,37.665174718198024,110.79496207073002,11.429240311872507,14.402944475259147,58.184892221303656,20.14874910732418,-102.79034913298474,-20.42401455197385,19.711335197439148,-16.38347129999998,60.01671315543747,35.811501545620644,82.07179829336185,211.68681991773738,0.01977677420150229,-0.06754583784165216,7.163323782236586e-05,11.944137786867454,283.53238192201366,331.03351594730486,True,True
6540,Black-throated Blue Warbler,Setophaga caerulescens,102,137,True,1061,102,137,0.3333333333333333,41.094792577844395,250.9825387755141,-13.390996715927482,-38.851810562315805,8.335177199999693,-2.2089998700000426,102.0,137.0,102,137,0.3431372549019608,-13.504344218674023,28.99857679250823,8.897039193870887,107.49338516172485,22.2423484792376,-48.79012175923803,33.81890004672315,35.31624517118432,-102.60631268836806,23.026261959826893,45.74882072138446,-108.36477840588765,90.106979445,75.93460267146514,-79.73398624353726,254.5949538964123,0.0911112101371107,0.1902815934065934,0.5404146141215107,60.97749568999295,61.70239448561624,338.54463615604504,False,False
6550,(Myrtle Warbler) Yellow-rumped Warbler,Setophaga coronata coronata,150,173,True,1061,150,173,0.041916167664670656,75.01998049863666,252.55096925586926,-22.495286685666468,-71.56786674860095,56.46815684999982,-47.31272749349993,150.0,173.0,150,173,0.15333333333333332,-22.901517513133804,28.742079907231822,30.84357993787147,138.80984016904824,21.140474757435594,-64.19853196417884,22.6990971549875,34.95011825944441,-138.04128137312048,-13.739936128130536,77.4599394142018,-77.32367838956253,175.9087775969998,25.88310025163365,-97.4115124289997,0.0,0.04839788591083921,0.07171733880305688,0.2556819438301636,21.964739038650393,197.78539150938073,279.8237633871003,False,True
6560,(Audubon's Warbler) Yellow-rumped Warbler,Setophaga coronata audoboni,68,66,False,1061,68,66,,43.46228200515431,56.25228703995066,24.144907641182705,36.138530574641756,0.0,0.0,68.0,66.0,68,66,-0.029411764705882353,24.0445091568716,,,,,,,,,,,,,,,,,,,,,,False,False
6570,Magnolia Warbler,Setophaga magnolia,136,161,True,1061,136,161,0.0499001996007984,80.3666388996525,232.46838371576195,-48.95928531159337,-63.7321349854619,-99.99543959999971,-200.91899050649988,136.0,161.0,136,161,0.18382352941176472,-49.27717090277906,26.84540763522598,46.344424877224114,154.0604966150485,25.38528515436409,-99.9643919927317,0.9933695925680667,41.65225773955557,-151.96263357763675,19.149024208636067,71.12155050046172,-134.33392337400005,107.91430272000005,86.73985562886176,-268.93775565326285,0.0,0.06656824614273496,0.07049825174825175,0.31755133245958933,26.662284524167674,167.36813490556324,270.3707082238211,False,True
6580,Cerulean Warbler,Setophaga cerulea,72,49,False,1061,72,49,,105.9629091035347,61.2509377200393,50.965448756060816,92.901351652047,93.21310057499988,47.8443952664998,72.0,49.0,72,49,-0.3194444444444444,50.4101689223724,,,,,,,,,,,,,,,,,,,,,,False,False
6590,Chestnut-sided Warbler,Setophaga pensylvanica,276,285,True,1061,276,285,0.02594810379241517,42.87198506303881,284.62728726959443,10.8264711228165,-41.482461670834375,31.74689526750043,53.25879116249955,276.0,285.0,276,285,0.03260869565217391,10.695546562628397,15.553932357278905,15.809990187934885,75.51271583084186,11.752301212967824,-11.714461953154176,33.8162009932377,15.974766218952382,-73.33228367481858,-13.382522575242772,34.54128528585098,0.0,110.26853604742503,61.65719275400154,-45.883667144699935,197.55530283825019,0.03190477629546602,-0.019895165987186953,0.10453835823401045,18.273358807906558,250.81005183373705,319.7669744533902,False,True
6600,Bay-breasted Warbler,Setophaga castanea,38,27,False,1061,38,27,,64.05998278690099,23.572114768271774,58.71465552973942,25.617779386240553,-43.98763004999984,189.30296035349963,38.0,27.0,38,27,-0.2894736842105263,58.65993084646721,,,,,,,,,,,,,,,,,,,,,,False,False
6620,Blackburnian Warbler,Setophaga fusca,144,174,True,1061,144,174,0.20159680638722555,49.42648979540881,240.450755621283,-24.375732575310874,-42.99769243706667,33.17836410000018,-178.72261154999987,144.0,174.0,144,174,0.20833333333333334,-24.518224022301784,26.491707741265518,12.092764990069515,121.5317002645113,18.097039157841643,-53.12307225981358,13.955302117349175,32.55509378458407,-116.64328256510603,7.741584561679417,66.56391146914949,-13.066997028749679,211.72862339999986,80.59821794923012,-243.916251447487,77.73575177025066,0.0626426012993132,0.11716748768472907,0.3684303844718178,35.2951184932888,165.43464693071184,289.21089212778384,False,False
6630,Yellow-throated Warbler,Setophaga dominica,124,164,True,1061,124,163,0.003992015968063872,118.55449974058872,348.76512293647664,116.28260896203311,-23.098144118611554,75.86259971849974,77.60851689150026,124.0,163.0,124,163,0.31451612903225806,116.25267017782299,23.606756327837157,80.50542402132936,170.5736556842435,25.670993662955663,70.34596806219214,164.88253214988336,35.6403645027432,-97.1319668434322,44.444901380318214,38.388904261851756,16.71754722592502,157.83161741549972,49.97497390904759,0.0,223.02739197900004,0.08650606329349918,0.14614963503649636,0.5087492091110408,136.4959845543271,1.6977917832700016,359.19963054464364,True,True
6650,Black-throated Gray Warbler,Setophaga nigrescens,38,43,False,1061,38,43,,85.77353135898917,121.54590624715786,-44.87512867029678,73.09802670808432,-14.802912211500088,-159.6922211114997,38.0,43.0,38,43,0.13157894736842105,-45.2415134465568,,,,,,,,,,,,,,,,,,,,,,False,False
6670,Black-throated Green Warbler,Setophaga virens,185,222,True,1061,185,222,0.003992015968063872,64.35204956387108,230.40353996764279,-41.01647659428828,-49.586640649081296,-15.708517649999852,-143.80465727250044,185.0,222.0,185,222,0.2,-41.20082263160754,20.67844198477346,20.513177274005393,99.58843561312929,14.395994835906631,-66.89387586060673,-12.805571202422882,20.14789438193975,-88.91618364916786,-7.410486245557354,17.89862794113417,-63.52986358293755,0.0,110.15366985412756,-355.19047315919994,19.208024450999684,0.045356563023424765,0.1164423774195348,0.3001219512195122,13.788052335745634,192.36158583834867,249.90752221659835,True,True
6690,Hermit Warbler,Setophaga occidentalis,19,25,False,1061,19,25,,13.11170821280887,97.37338606212592,-1.68269042588862,13.003285938118193,131.39586236700043,0.0,19.0,25.0,19,25,0.3157894736842105,-1.6941917875380081,,,,,,,,,,,,,,,,,,,,,,False,False
6710,Pine Warbler,Setophaga pinus,231,367,True,1061,230,366,0.001996007984031936,238.21101945122058,24.79039861727057,216.25933941093533,99.88186975390313,28.397979855000106,49.81365871649991,230.0,366.0,230,366,0.591304347826087,215.63997938488515,28.726584360086072,189.84593831287378,294.13367959695995,24.86238800738839,167.69741050502384,268.62124413903075,25.879274804314697,58.03758909389752,159.23740292120303,20.90529684360459,-10.928656021500354,72.87426022432462,34.74222392100815,4.04808788947491,117.14268628203735,0.06833951240120541,0.4775241675617616,0.7407423629829291,5.106035032483859,15.16190178661482,34.425213422660505,True,True
6720,Palm Warbler,Setophaga palmarum,10,22,False,1061,10,22,,59.07608568008302,25.00773025035619,53.5377475360607,24.973856090831006,-70.38011912399996,42.49984095000006,10.0,22.0,10,22,1.2,53.48610667216444,,,,,,,,,,,,,,,,,,,,,,False,False
6730,Prairie Warbler,Setophaga discolor,284,249,True,1061,283,248,0.18363273453093812,37.98803317597757,27.166281356935087,33.797391729559735,17.344364412046342,79.8866800514995,18.912434782500053,283.0,248.0,283,248,-0.12367491166077739,33.77931733334754,21.550381295006314,13.800628289462711,93.27206176038035,18.928796952697404,-0.2670918926298257,72.39712588077745,27.658478780424034,-35.231120755825046,70.26587248217407,28.764729345411375,27.470411180099784,138.2161152731623,33.48166360173159,-30.312135063000138,112.91185747170006,0.03682424605127093,-0.19946142930856553,-0.052774025401952855,127.08372634817442,6.000791051112709,353.6690707959695,False,False
6740,Ovenbird,Seiurus aurocapilla,450,481,True,1061,449,480,0.03992015968063872,36.09808602539206,213.28420470425107,-30.176508494874483,-19.81035460953119,-27.29177863650035,-28.843593817500125,449.0,480.0,449,480,0.06904231625835189,-30.20458659514551,13.487787663869764,19.423245730879376,69.80777905499397,12.776424260254814,-63.2499631158088,-5.241946166060835,16.778698480183557,-52.509909225990455,11.860148158579095,30.916244189650513,-112.12434779489979,0.0,41.261023666388354,-121.68000743062439,44.4564373435874,0.021160818933430227,0.03151130676989897,0.11120495495495497,25.821949339104883,154.18731254789463,256.1009641509536,True,True
6750,Northern Waterthrush,Parkesia noveboracensis,122,129,True,1061,122,129,0.001996007984031936,266.8637678523079,287.2088597452422,78.95318361482659,-254.9169774444495,107.09190450000047,41.05719702000008,122.0,129.0,122,129,0.05737704918032787,73.58587943186106,61.18016820612783,166.39094184143633,397.8127390535958,29.383627045355485,21.684775754776908,135.386377384287,58.257407087219896,-376.680733134769,-154.17196295514862,108.3834266493357,-20.08768253625011,356.2169111463373,41.66145239071053,-20.385279274500185,140.32149474656276,0.07565363422163661,-0.08116292569659443,0.21677884615384618,5.162516120046685,275.5681331610183,295.27780774863237,True,True
6760,Louisiana Waterthrush,Parkesia motacilla,160,205,True,1061,159,204,0.21357285429141717,52.255072998423046,293.4064161934417,20.758362326013117,-47.955010662207975,-28.57132174050001,56.27441068200008,159.0,204.0,159,204,0.2830188679245283,20.615279087462643,26.495243555338604,22.94203787754581,127.12894066060443,23.099989193670236,-26.98574020551973,62.65085550452506,37.382966036022985,-125.83658617312012,23.784045185980645,40.05556371186509,-102.13949047049977,37.01157376770029,56.80810137655484,-88.45844685300027,161.42392255972473,0.07958125991353009,0.14793906810035842,0.4828649798477385,85.13374648303919,11.659875768128199,348.18594947507336,False,False
6770,Kentucky Warbler,Geothlypis formosa,239,194,True,1061,238,193,0.001996007984031936,163.3709012233009,250.67352383392875,-54.067678882073146,-154.16464402326028,-8.87521795650023,15.78497533200015,238.0,193.0,238,193,-0.18907563025210083,-55.445082981959885,26.66767886746136,120.9309805556914,225.0490699151739,16.28559549644711,-86.83523477716231,-28.0308429808489,25.271760668919338,-210.01095378727456,-111.56665157136635,21.638788720690012,-66.99838506322553,19.803277138837984,33.43641338191944,-60.51734445802483,78.85435011930005,0.037245619369645315,-0.2634356930770433,-0.11750857293590078,4.823276693697036,241.8381446760212,259.2830054123934,True,True
6780,Connecticut Warbler,Oporornis agilis,24,7,False,1061,24,7,,100.59318883681834,239.94924173154624,-50.373750868359686,-87.0716651030186,209.3512742999998,21.300814426499848,24.0,7.0,24,7,-0.7083333333333334,-51.036666455935794,,,,,,,,,,,,,,,,,,,,,,False,False
6790,Mourning Warbler,Geothlypis philadelphia,141,149,True,1061,141,149,0.20159680638722555,68.27952026558594,145.7043310829593,-56.408503641242426,38.47302437623668,-71.39942145000026,3.456118512000029,141.0,149.0,141,149,0.05673758865248227,-56.52711423887243,33.852000719084145,22.906019833645917,156.1079205105018,24.797684529751805,-97.39347748040844,-9.203883560107222,45.367189618768066,-45.83796985142347,124.2921588570071,125.04301160361626,-394.72112295000005,16.944728062499824,38.21470633721768,-37.796709431250335,55.39193296953766,0.05849536747628341,-0.03430870909284724,0.17889844062375052,36.37146463222274,109.23590297918886,247.07001210934834,True,True
6800,MacGillivray's Warbler,Geothlypis tolmiei,61,61,False,1061,61,61,,14.15639385437849,154.09364848408086,-12.733808660126195,6.1849497950735355,0.0,0.0,61.0,61.0,61,61,0.0,-12.736773533665856,,,,,,,,,,,,,,,,,,,,,,False,False
6810,Common Yellowthroat,Geothlypis trichas,895,904,True,1061,894,903,0.001996007984031936,52.238414402812296,289.8354386346524,17.7255288390331,-49.139165303213616,15.57680717249976,20.788883765999923,894.0,903.0,894,903,0.010067114093959731,17.55801604686489,15.223741840517617,23.538090999715923,87.22336868817145,6.438939641782026,5.245740526867224,30.20555726486715,15.505565282991494,-81.79770651142121,-19.76128722848578,19.064431191998512,0.0,65.38815497891216,19.467516448990622,-32.11703645771272,49.240541617312694,0.008847672293794427,-0.007743792064831348,0.026125922009118726,8.75709377477702,276.5132902671607,313.0284671727444,True,True
6830,Yellow-breasted Chat,Icteria virens,424,372,True,1061,423,371,0.001996007984031936,130.7074840847376,238.67248178877486,-67.9586682626283,-111.65153739976878,-45.481901818500305,-19.769637037499876,423.0,371.0,423,371,-0.12293144208037825,-68.71041597197043,26.63114807235261,88.00671893555996,190.34835173307934,16.269317400406095,-101.7022543082025,-36.46711787124947,31.781834370932494,-172.03864462978208,-51.973368798815756,90.76563942701311,-289.62600488639964,78.27392055892503,23.08738089423835,-79.19437275382516,4.735300232249937,0.025823037448997648,-0.17435294117647057,-0.07252640756908971,10.47217719499651,215.98142770811256,255.79986274787953,True,True
6840,Hooded Warbler,Setophaga citrina,156,233,True,1061,155,232,0.001996007984031936,146.01534913457593,8.255043671787519,144.50244782019445,20.964845739095892,142.2270003734997,22.38060683249991,155.0,232.0,155,232,0.4967741935483871,144.47690410431034,24.965667696976443,99.38753723737462,195.7374261781413,23.244812591708083,98.34396615408302,185.95452423392624,24.95441146175595,-28.272148783446855,69.01526727502544,62.51386631455974,66.31129948275031,305.86412875409985,20.65224753786191,0.2646774585002471,80.40002622434973,0.0770345504277433,0.3474518328763169,0.6434185606060606,138.61158119534363,1.2191471378401928,358.21258765010566,True,True
6850,Wilson's Warbler,Cardellina pusilla,84,78,False,1061,84,78,,304.4341861703871,269.27300579455164,-3.8626920261357323,-304.4096800687145,218.30358375000023,0.0,84.0,78.0,84,78,-0.07142857142857142,-11.624792780339426,,,,,,,,,,,,,,,,,,,,,,False,False
6860,Canada Warbler,Cardellina canadensis,144,85,False,1061,144,85,,188.13590696171417,272.8893264186724,9.483345710013953,-187.89674196869709,31.74689526750043,-185.05483321499997,144.0,85.0,144,85,-0.4097222222222222,6.732558495717931,,,,,,,,,,,,,,,,,,,,,,False,False
6870,American Redstart,Setophaga ruticilla,410,443,True,1061,409,442,0.00998003992015968,75.49436854682963,295.7471680364235,32.7948094102263,-67.99926586391555,35.77187627999965,81.97695702000031,409.0,442.0,409,442,0.08068459657701711,32.452431632184286,27.61936638431715,29.871733685259258,141.6533275492176,19.709226955653158,-6.275364923262681,73.14663040154574,27.74737725374258,-118.91939019268135,-22.351400162013615,58.95174962511151,-33.42981685916265,195.18983492399968,87.83919371815244,-20.82848336336198,314.54355983636276,0.03042104064149338,0.020898379130283588,0.13771451031813728,22.972667074053533,261.0787178853786,330.40953485015183,False,True
6882,House Sparrow,Passer domesticus,981,897,True,1061,980,896,0.001996007984031936,60.98774351875636,269.7829695702112,-0.23101465147589295,-60.98730598854496,18.646400744999756,41.01013929599967,980.0,896.0,980,896,-0.08571428571428572,-0.482136649898624,15.749165274011578,32.41221765474157,94.40531638203781,8.907392824060802,-15.734972233467586,20.532729567248964,15.77641371690233,-93.51448400494479,-31.528592758922997,20.88488341918603,-43.33530541646261,50.81701845937526,23.20903919963831,3.9053065597872725,102.34794773700023,0.009805054040417416,-0.10355782800092676,-0.06312888201163737,8.826356325522738,252.63958316678423,287.77487253571553,False,True
7000,Sprague's Pipit,Anthus spragueii,20,16,False,1061,20,16,,57.41924273333277,241.19943258492353,-27.662429450636793,-50.31659202447967,-136.09378439999995,15.839171775000239,20.0,16.0,20,16,-0.2,-27.897294064105548,,,,,,,,,,,,,,,,,,,,,,False,False
7020,Sage Thrasher,Oreoscoptes montanus,35,32,False,1061,35,32,,21.393780415826416,25.390970270254456,19.32720286709071,9.17349823213144,-120.32218582650009,0.0,35.0,32.0,35,32,-0.08571428571428572,19.321232473786083,,,,,,,,,,,,,,,,,,,,,,False,False
7030,Northern Mockingbird,Mimus polyglottos,576,595,True,1061,575,594,0.5329341317365269,14.741240319714532,5.096665732706015,14.682956946714286,1.3095577362270387,17.962518136500368,1.7752281749997538,575.0,594.0,575,594,0.03304347826086956,14.682843460465314,10.457596745335529,3.8592201213923993,47.26680929274262,8.78903149606529,-2.4156726515387397,31.88326349030704,18.106018610878152,-29.44097732093396,33.921228480245325,28.37321842221588,-38.672949104212464,72.2109031008753,8.549534174836374,0.0,29.5900903305,0.014908400312001266,0.005233136699419064,0.05991051845783898,138.02772902988676,5.895020817512426,349.5134843735539,False,False
7040,Gray Catbird,Dumetella carolinensis,786,770,True,1061,785,769,0.05588822355289421,27.36889182250257,325.53540336470894,22.564994910650004,-15.487970954072305,12.794241253500077,-11.228248709999754,785.0,769.0,785,769,-0.02038216560509554,22.548269550965784,10.238005140829399,10.590796617022564,53.67684317820249,8.47973401619234,6.64183352555202,37.771328860818926,12.765164620476238,-43.73383096409312,5.912130280989375,29.398038419431657,-27.47910885300033,83.64089929308768,22.458001249370763,-57.324376697175,31.717094173537212,0.011052847287129337,-0.039452786492727585,0.0013077250130821632,90.08765832917493,5.769018840878242,357.77465196224125,True,True
7050,Brown Thrasher,Toxostoma rufum,804,729,True,1061,803,728,0.001996007984031936,105.50719332781513,247.74423637219564,-39.95997582259703,-97.64716163908923,-10.643329651500174,-49.02042694499944,803.0,728.0,803,728,-0.09339975093399751,-40.5936402774684,15.016996729464983,81.51812498842482,137.6983870654711,8.782062774544798,-57.80495591065416,-24.488947469568433,14.560945083042744,-128.56148425617832,-71.94308829596595,21.58983844259998,-60.6954012895123,28.069797820049487,29.065584039486083,-106.23635376873796,-3.235062851999944,0.011405532088415327,-0.11278498666019887,-0.07042985953363312,4.340701999333257,240.33609418580426,255.90081710671842,True,True
7070,Curve-billed Thrasher,Toxostoma curvirostre,25,29,False,1061,25,29,,59.021548371994804,354.4034102937794,58.74020483510938,-5.755997581402767,122.90597956350055,0.0,25.0,29.0,25,29,0.16,58.73861348154885,,,,,,,,,,,,,,,,,,,,,,False,False
7130,Cactus Wren,Campylorhynchus brunneicapillus,31,28,False,1061,31,28,,10.283837032666833,280.9170262314696,1.9476274836099732,-10.097725055651736,0.0,39.68016925950012,31.0,28.0,31,28,-0.0967741935483871,1.9428822468303082,,,,,,,,,,,,,,,,,,,,,,False,False
7150,Rock Wren,Salpinctes obsoletus,69,64,False,1061,69,64,,24.96119251266404,189.96747501405287,-24.584432487855985,-4.320510491171928,0.0,-19.829704576500628,69.0,64.0,69,64,-0.07246376811594203,-24.585671452119794,,,,,,,,,,,,,,,,,,,,,,False,False
7180,Carolina Wren,Thryothorus ludovicianus,410,542,True,1061,409,541,0.001996007984031936,140.3335047003077,27.138489672229184,124.88370946280122,64.0121211356251,196.1610454124997,41.853075232499876,409.0,541.0,409,541,0.32273838630806845,124.64059945946144,18.559558230778723,113.13764701379931,181.20060876196243,13.14866284525835,100.59494339312532,154.43195346449198,18.96380463744714,32.895768673164,101.66809126425548,22.370434490531633,145.81163445266228,228.79880833319953,20.117237230629232,0.0,68.25059032050025,0.03342830639116881,0.26045467040518994,0.3904793342542185,5.5298995798363,16.846828372220177,36.67727214980778,True,True
7190,Bewick's Wren,Thryomanes bewickii,171,121,True,1061,171,121,0.001996007984031936,507.4377657670121,262.84432740648737,-63.20930877094708,-503.4855205577575,386.84291272199954,-75.71831308650003,171.0,121.0,171,121,-0.29239766081871343,-78.21229914365205,83.65502648798287,358.5130666237419,659.9442868812284,32.49797596701686,-129.44028023199806,0.6123584162523846,86.04006461432147,-657.8323567740397,-348.42248337928044,193.17221963229878,0.0,699.4651580602876,98.27514639612068,-330.5028327748876,0.0,0.04542955454951064,-0.3744209364506902,-0.19991329479768785,4.4634232433230006,251.98905825703727,270.058794858022,False,True
7210,Northern House Wren,Troglodytes aedon,684,731,True,1061,684,730,0.007984031936127744,53.38100081303947,256.37892914283503,-12.571201217448197,-51.87963133785889,0.0,-79.27505195399988,684.0,730.0,684,730,0.06725146198830409,-12.767035479898734,18.133054693509756,20.668038628343535,89.63357763674645,9.432836041812765,-29.666579103630973,5.006814926359452,20.618994783998843,-88.87468405913923,-11.842564142465909,21.074010852247156,-44.906556649499585,45.877121373037554,31.486980550350857,-141.44956746558776,-20.723100248024902,0.015884993900253587,0.03810993760059974,0.09838039288533879,18.10079842066541,205.3415632390806,274.2638603973245,False,True
7221,Pacific Wren,Troglodytes pacificus,29,36,False,1061,29,36,,73.56226906285828,176.81414535040733,-73.44857968908856,4.088223493396971,0.0,0.0,29.0,36.0,29,36,0.2413793103448276,-73.44984728349273,,,,,,,,,,,,,,,,,,,,,,False,False
7222,Winter Wren,Troglodytes hiemalis,124,160,True,1061,124,160,0.003992015968063872,75.40413898802812,198.77853217859365,-71.39037225984745,-24.27342013656636,-22.510438114500165,-134.15065177500023,124.0,160.0,124,160,0.2903225806451613,-71.43653401366619,16.324620125635676,54.10592177589237,119.17909287198889,14.661840014459234,-100.65174936266953,-46.94906534491526,27.789313240983393,-78.00980878674535,26.733517988184396,28.744455333445334,-101.42690843249946,32.07719167537549,77.94584080927265,-200.88401634315017,217.64186230499988,0.07123794378003402,0.1857010582010582,0.43144909688013144,19.302700893428355,159.72282456283838,231.6046984636349,True,True
7240,Sedge Wren,Cistothorus stellaris,122,126,True,1061,122,126,0.003992015968063872,127.00908473506385,272.1429106668057,4.749139927181352,-126.9202634538342,0.0,-49.04246579399942,122.0,126.0,122,126,0.03278688524590164,3.4772752446290487,31.298659591602156,63.73294102163235,185.3180800765074,22.39915753315837,-36.990096327455944,49.080923109023274,31.248194207820536,-180.26920850473442,-60.35334854553822,29.906059950500662,-77.61057955874993,54.096589889999656,70.98457391242358,-124.00733851773732,167.38225826490034,0.07890168376298069,-0.10330841638981172,0.1835043457267021,10.629016863794693,250.86413198720544,289.0868441256515,False,True
7250,Marsh Wren,Cistothorus palustris,92,99,False,1061,92,99,,286.0404436335432,285.73886566687963,77.58944575376536,-275.3162060280827,18.977650650000133,10.670772577500099,92.0,99.0,92,99,0.07608695652173914,71.46625842011214,,,,,,,,,,,,,,,,,,,,,,False,False
7260,Brown Creeper,Certhia americana,96,170,False,1061,96,170,,323.1614241256192,79.52305866664739,58.76360877835743,317.7737313344866,199.89199348650052,84.65264230500011,96.0,170.0,96,170,0.7708333333333334,50.79559281967603,,,,,,,,,,,,,,,,,,,,,,False,False
7270,White-breasted Nuthatch,Sitta carolinensis,556,703,True,1061,556,702,0.003992015968063872,68.68566093469488,229.72451507428795,-44.40276578654156,-52.403381651773245,24.986539493999942,-142.6885041015005,556.0,702.0,556,702,0.26258992805755393,-44.59249130005943,17.91363645850365,38.15231120402226,106.55695390956544,12.4026460190231,-65.42242243380345,-20.390602676214627,21.686424069970624,-97.43309071872004,-13.395807904510605,23.44918514489752,-17.29402491599989,70.98507552149984,43.15917524102843,-222.14929256966175,-49.191564111637156,0.027358264812618698,0.21131504224184944,0.31505877843087143,14.73599782373314,198.4162808285606,254.43150535101736,True,True
7280,Red-breasted Nuthatch,Sitta canadensis,194,291,True,1061,194,291,0.0998003992015968,100.44095400279996,129.81622195153955,-64.31507436231318,77.148923847081,-21.10147515000032,0.0,194.0,291.0,194,291,0.5,-64.8068669020922,47.721655381321796,34.09312236344567,209.75306097042366,16.998666450926123,-97.0028724540192,-29.318475966074825,62.23800953272904,-28.056377069178012,199.69496533828254,58.001314621664676,-105.99635576249982,138.76204741874957,33.22479733798597,-78.77089382399993,63.117398517862306,0.06596780264587462,0.3802916474919466,0.6252709537572255,28.25734576611207,107.55220234624254,215.83026526347973,True,True
7290,Brown-headed Nuthatch,Sitta pusilla,91,103,False,1061,91,103,,46.48326005935391,16.961241969621824,44.46134578679748,13.56031697905151,35.36823842999952,39.67485413850003,91.0,103.0,91,103,0.13186813186813187,44.45191547141435,,,,,,,,,,,,,,,,,,,,,,False,False
7310,Tufted Titmouse,Baeolophus bicolor,521,606,True,1061,520,605,0.001996007984031936,139.28921281519447,48.71192508429067,91.90933124285307,104.66212131028135,158.0432770980002,13.127236920000314,520.0,605.0,520,605,0.16346153846153846,91.23308483296827,15.344779667580426,111.48043037692138,168.1868174163475,10.510934751248792,72.54191093943138,111.49106023977114,14.537037686192132,78.33884606716121,132.16140433439728,23.00313808511451,109.08360154124954,204.19687205111302,18.96649929203655,0.25806052203774105,75.18585666296242,0.021422216010876873,0.1218143208432669,0.20287681242244138,3.9032702938698614,39.86910548288556,55.490470833727116,True,True
7320,Black-crested Titmouse,Baeolophus atricristatus,26,28,False,1061,26,28,,47.3598874037952,174.33242342605274,-47.128374051709976,4.677103178492909,-41.433681050999716,-40.99414945500006,26.0,28.0,26,28,0.07692307692307693,-47.129344464533375,,,,,,,,,,,,,,,,,,,,,,False,False
7330,Oak Titmouse,Baeolophus inornatus,31,32,False,1061,31,32,,31.328957009182886,19.438039313458432,29.543266754447888,10.425878224819414,9.143753881500137,0.0,31.0,32.0,31,32,0.03225806451612903,29.536520833122097,,,,,,,,,,,,,,,,,,,,,,False,False
7350,Black-capped Chickadee,Poecile atricapillus,513,522,True,1061,513,522,0.2634730538922156,24.786294271271004,311.58232656617537,16.450552355264048,-18.54021873950678,5.468570099999975,-9.81936358200003,513.0,522.0,513,522,0.017543859649122806,16.423954494767397,15.608935816263747,8.266532643279888,69.10496347843839,7.369768880040966,2.6284433046040854,31.66434359526976,22.439549528403976,-63.084010688579454,24.53254878220353,24.502280365534016,-8.621226337499587,75.92786200991199,16.01883946777145,-39.8763394785001,19.674305950162886,0.017309045278975574,-0.011391266934380653,0.051998802395209605,108.0995164409109,5.471019715797457,353.3178140452204,True,False
7360,Carolina Chickadee,Poecile carolinensis,352,364,True,1061,351,363,0.2714570858283433,13.653873309593596,328.54633420002546,11.647606234041,-7.124712300939709,30.934760346000278,0.0,351.0,363.0,351,363,0.03418803418803419,11.644724539722136,6.31467700960745,5.815797426501755,29.05722443205318,6.678056188076379,-0.7084868015426854,24.04056119320825,9.947097554795958,-27.616103953233527,10.720013954792462,13.420879600662277,2.4552678842999605,49.693472488800204,16.339358848517282,-41.853075232499876,38.58392694318753,0.01290828348489331,0.008521523497688751,0.059990984132072454,134.22474947810588,2.3528044028297606,354.6268337853369,False,True
7380,Mountain Chickadee,Poecile gambeli,54,57,False,1061,54,57,,48.99817004123335,25.688935257893604,44.15522771714634,21.239974873727355,0.0,9.94605916499998,54.0,57.0,54,57,0.05555555555555555,44.122406958975304,,,,,,,,,,,,,,,,,,,,,,False,False
7400,Boreal Chickadee,Poecile hudsonicus,33,22,False,1061,33,22,,351.50623967282263,304.88326323341215,201.02862350045893,-288.3472369599517,150.2133254999995,133.6046954445001,33.0,22.0,33,22,-0.3333333333333333,193.7769560618005,,,,,,,,,,,,,,,,,,,,,,False,False
7410,Chestnut-backed Chickadee,Poecile rufescens,26,30,False,1061,26,30,,124.59929036151225,33.485194712624775,103.91934868785196,68.74410612470774,138.59900774999952,84.33518057999969,26.0,30.0,26,30,0.15384615384615385,103.5639156579859,,,,,,,,,,,,,,,,,,,,,,False,False
7420,Wrentit,Chamaea fasciata,33,34,False,1061,33,34,,4.121620174672631,309.2530086120812,2.607938642742472,-3.1916154060223176,0.0,0.0,33.0,34.0,33,34,0.030303030303030304,2.607287739441134,,,,,,,,,,,,,,,,,,,,,,False,False
7430,Bushtit,Psaltriparus minimus,46,52,False,1061,46,52,,35.222294921657145,135.30444250173377,-25.037909598668918,24.773234396765343,0.0,-47.302542031499414,46.0,52.0,46,52,0.13043478260869565,-25.077140388516714,,,,,,,,,,,,,,,,,,,,,,False,False
7460,Verdin,Auriparus flaviceps,23,27,False,1061,23,27,,91.42132582466458,272.0299364283652,3.2382953824878977,-91.36395491962485,15.836503094999866,-40.99414945500006,23.0,27.0,23,27,0.17391304347826086,2.848824319579432,,,,,,,,,,,,,,,,,,,,,,False,False
7480,Golden-crowned Kinglet,Regulus satrapa,81,133,False,1061,81,133,,765.4441956461923,91.16575802962222,-15.572894896816532,765.2857646611355,-124.63736354999952,-3.1280376645003414,81.0,133.0,81,133,0.6419753086419753,-65.96671534776345,,,,,,,,,,,,,,,,,,,,,,False,False
7490,Ruby-crowned Kinglet,Corthylio calendula,119,89,False,1061,119,89,,270.27907338794046,294.91884394290065,113.8777920946674,-245.11757582655596,184.47472889999977,82.83038976450034,119.0,89.0,119,89,-0.25210084033613445,108.50164131101829,,,,,,,,,,,,,,,,,,,,,,False,False
7510,Blue-gray Gnatcatcher,Polioptila caerulea,375,550,True,1061,374,549,0.001996007984031936,112.90085158835026,326.0862235891303,93.69395039037313,-62.99242771651994,226.8557357535001,11.879995963499688,374.0,549.0,374,549,0.4679144385026738,93.45479423850081,20.96154264744232,82.38338986989211,160.621450511646,15.441818157472293,67.64736810337683,121.96896314661825,30.476627731431037,-126.50601364884898,-3.754988546773562,38.81137882133448,149.32264882421222,306.64374525382476,20.94804635738102,-40.608760928400145,47.661041661187575,0.0433346609241168,0.3813650478201465,0.5431498402706004,26.366288411930892,306.0107941746025,356.16375798772737,True,True
7540,Townsend's Solitaire,Myadestes townsendi,31,39,False,1061,31,39,,51.35628144417932,327.7008084463994,43.409891809609945,-27.441737132545313,166.60569239999995,-12.684958807499774,31.0,39.0,31,39,0.25806451612903225,43.35446934374028,,,,,,,,,,,,,,,,,,,,,,False,False
7550,Wood Thrush,Hylocichla mustelina,619,617,True,1061,618,616,0.003992015968063872,48.32582587141442,266.87208141281076,-2.6369163167711522,-48.25383009143019,-24.985516500000628,20.056509018000344,618.0,616.0,618,616,-0.003236245954692557,-2.7901739306987166,11.453354856877707,30.31471491271575,73.92568883999468,8.347677616607259,-16.481539162570183,14.251726180098634,11.606441935754468,-73.83044530640939,-28.418545520520663,16.76846153711932,-67.98696532267476,-4.683523114462647,18.37504574706227,0.0,67.49199912735037,0.01581704156306286,-0.03003731837595515,0.02459627076321789,11.22375310496298,250.24162695559463,289.1184787517938,False,True
7560,Veery,Catharus fuscescens,326,310,True,1061,326,310,0.06387225548902195,73.37386259406973,118.59866877060068,-35.12197382073563,64.42181825211848,-152.9894198700002,34.30921725000043,326.0,310.0,326,310,-0.049079754601226995,-35.44612207584694,33.99105427847975,14.425116835305731,152.25844169509466,16.79161705997076,-67.9739275313502,-4.3268768000622435,34.437139798724466,4.441283895869198,136.33923129820985,74.86505067396651,-277.1021098125001,-4.873804446262912,50.03175457874297,-97.23264971175011,93.46239865305067,0.023417256183446228,-0.09706168831168831,-0.009034121560870346,23.890534195358725,101.1178942794545,169.19386301364167,True,True
7580,Swainson's Thrush,Catharus ustulatus,136,126,True,1061,136,126,0.5089820359281437,54.60422782906524,275.25934252333303,5.005241459185666,-54.374343717820736,-38.76702480000035,28.21221748799964,136.0,126.0,136,126,-0.07352941176470588,4.742612356945971,51.437468405254435,16.893125346225272,202.50662468639192,25.248741499866174,-44.918839316638056,51.746338633037276,75.86773248238478,-200.44335885923695,76.93010820007235,73.01052892354434,-153.93518894250005,114.05207212874978,98.4696699928175,-207.83303166937444,208.38878678126252,0.045556758956626704,-0.1643452380952381,0.014037982565379902,82.09069305773903,42.083801330306606,327.8768857708757,False,False
7590,Hermit Thrush,Catharus guttatus,225,254,True,1061,225,254,0.2215568862275449,72.55839433168218,120.12814677991247,-36.419647412814726,62.75611420665039,-30.359570849999837,3.1280376645003414,225.0,254.0,225,254,0.1288888888888889,-36.737248086446854,44.78745076023391,17.867484605513567,175.86412845054642,18.418891852602556,-71.28319801108965,4.81990723293331,56.53423041608911,-46.31106287604341,169.74033829080713,106.77139108053696,-280.02014460000044,200.8304014500004,20.705348650684172,-38.32916112900004,60.7503093805124,0.04545190535623301,0.04841690880119974,0.21327342570997396,45.037322478961414,102.13646118491977,272.94223906660613,False,False
7610,American Robin,Turdus migratorius,955,962,True,1061,954,961,0.017964071856287425,21.51680163723139,282.99970521640546,4.8401193488970975,-20.965352307662165,-3.0430735650005833,3.8691634589994752,954.0,961.0,954,961,0.007337526205450734,4.808996010601428,7.795990296098834,6.695076072274351,39.90933556208693,5.170916096640222,-4.60184349207731,15.53005501809951,8.762411194684113,-39.46282473591494,-3.520483227246211,6.376727011774865,-19.737056902500143,0.0,10.584696304247633,-13.721671490625104,33.49952250277563,0.00609726980204466,-0.005205396464225693,0.01877053226159695,36.7967867701623,253.38065570572294,331.94002902249537,False,True
7630,Varied Thrush,Ixoreus naevius,19,21,False,1061,19,21,,110.23013116153899,179.21051213203896,-110.21966688728368,1.5188308484856992,-40.22034345000024,0.0,19.0,21.0,19,21,0.10526315789473684,-110.2197917455328,,,,,,,,,,,,,,,,,,,,,,False,False
7660,Eastern Bluebird,Sialia sialis,617,768,True,1061,616,767,0.001996007984031936,82.39640141221535,22.86520146141845,75.92182152864488,32.016308054732335,61.85930187149965,18.473325727500203,616.0,767.0,616,767,0.24512987012987014,75.85563282806162,12.50812690344193,61.54599456752208,108.41846526184297,10.59500930740318,53.26808620079465,96.29878595750692,15.03806926728728,3.4858106116672527,59.962905956175895,24.504433272856208,25.658246250000047,113.9724537288748,16.432275570500803,-15.021429845624962,49.641102423674766,0.021105657774166762,0.2070049858624888,0.2852644782899811,46.738985962307716,6.3072125328884745,46.53766045839091,True,True
7670,Western Bluebird,Sialia mexicana,43,53,False,1061,43,53,,64.24336412738934,29.574833574453407,55.873212056289816,31.707948670912256,527.2114888215002,0.0,43.0,53.0,43,53,0.23255813953488372,55.80869147679393,,,,,,,,,,,,,,,,,,,,,,False,False
7680,Mountain Bluebird,Sialia currucoides,61,66,False,1061,61,66,,22.05193101377766,205.40294593533417,-19.919801195509518,-9.45987218559462,0.0,53.76900942000001,61.0,66.0,61,66,0.08196721311475409,-19.926684200313606,,,,,,,,,,,,,,,,,,,,,,False,False
22860,Eurasian Collared-Dove,Streptopelia decaocto,0,425,False,1061,0,425,,,,,,,,0.0,425.0,0,425,,,,,,,,,,,,,,,,,,,,,,,,False,False
